rS,rD,rR,dS,dD_ratio,dR,alpha0,alpha1,beta,eta,N_on,hwidth,S0,R0,T,N_off,dD,D0,Theta
0.0010851711064048747,0.00022160945603371489,0.0005490564896092151,0.4622738893659418,0.0071495091684090385,0.1456400698046819,0.00022822509578211133,0.09463434447787755,0.059680603354436854,0.009043683800593259,0.5133319573983299,0.15646461022495922,0.4248994421935851,0.09728248246360544,1944.617063190125,0.3568673471733707,0.003305031410337907,0.0,0.15153472472259985
0.0007033436730960498,0.00026539055829084764,0.0015204658414978986,0.1547545824418457,0.23264104714200345,0.115391267435682,5.4748470134616125e-05,0.7052586444451134,0.3517819234776738,0.0005966317836023192,0.5497778097837992,0.0665590961052631,0.24267946364187126,0.09281146777114557,1647.0037221019938,0.4832187136785361,0.03600226810929449,0.0,0.001696027407275761
0.0005851595553621029,0.0001394066742930682,0.0008432152961819469,0.230827492318335,0.0051306385033462925,0.10469026564630708,9.47556771146994e-06,0.7222324397072512,0.2221753123717422,0.0006588673840926466,0.6906754586411319,0.1572106429881071,0.3085243625345796,0.0860509210065282,1297.5927241629488,0.5334648156530248,0.00118429241971932,0.0,0.002965529234815407
0.000978073893162437,0.0003438972683190746,0.0020889169952803596,0.6493510978226417,0.23239078382627473,0.11522797651404038,8.769677206446104e-06,0.2535524509136256,0.214986347661578,0.01824864563714459,0.5623980817625153,0.10239873210470718,0.47220244896617636,0.03551745649950917,1979.109615299971,0.4599993496578081,0.1509032106014557,0.0,0.08488281156285701
0.0006329596370535888,0.0002913915075590281,0.0006394544527345338,0.4831639933379251,0.2442030186866494,0.1378012620303311,1.712838252922199e-06,0.43739776572073447,0.030657777261964572,0.0006518603331890895,0.6654865998278151,0.22452544094614035,0.5085966883850346,0.07500232042413227,1339.5469009574817,0.44096115888167475,0.11799010569381746,0.0,0.02126247860760007
0.0006473578744568059,0.0001572826072801003,0.0010486473237180318,0.7480759175350404,0.18111466763997883,0.03455775664365112,0.0001863304537236508,0.603366075852737,0.06549766936290065,0.0002556227630997655,0.5278882701547069,0.13728704499341865,0.571864934436695,0.023991797943740102,921.8854330717531,0.3906012251612882,0.13548752117383106,0.0,0.003902776474128345
0.0009175570723545862,2.6900349814019097e-05,0.0006060474312028595,0.21921254408981455,0.20795367353351626,0.010789484979171447,2.74405109317871e-05,0.9478861115239539,0.021450377759476183,0.007323602574865516,0.6857021394235058,0.2255196482887043,0.38286357377375285,0.09037807465863498,1659.7164029471517,0.4601824911348015,0.045586053828104836,0.0,0.3414206806511904
0.0005556999347845668,0.0004564829875803589,0.0010388285129607885,0.5820727792821376,0.0358816844499486,0.011177713012294576,7.955857408901692e-07,0.34147100575508577,0.09683107003774534,0.025612679254652108,0.6247180556080051,0.23686987824014533,0.3385219349418101,0.08441994446793914,963.2217696854091,0.38784817736785976,0.020885751793106245,0.0,0.26450889414594025
0.0011119870005921425,2.0392107423914406e-05,0.0005487192357618159,0.27117641330627507,0.20608893220048907,0.0033899629350009697,0.00027940019950156475,0.79677975454026,0.33412888881217817,0.001201074158764725,0.6932843604268095,0.10134012164116314,0.21144377730011965,0.0513553945449156,1394.1766454715278,0.5919442387856464,0.05588645745624873,0.0,0.0035946432618697557
0.0015790522753056523,0.00034225538616655053,0.0019798663011541644,0.7861994715102004,0.01283921212754839,0.09578407018448797,1.241343063107666e-05,0.9368644587020646,0.47643806472999567,0.035086468535012384,0.5925979789235588,0.21797951081447947,0.3358404149738706,0.031730297939924726,850.584871771044,0.37461846810907934,0.0100941817892859,0.0,0.07364329412868469
0.0012924383399112445,0.00015284697848582402,0.0011523370474141692,0.3281030859021536,0.003927643361199471,0.10627978640121111,0.00020400497600802443,0.8388475811417533,0.04463349311304408,0.012259202306491399,0.6693995239019966,0.1507915893671014,0.4136765268514399,0.03181473706357725,1354.1828162272234,0.5186079345348953,0.0012886719071326534,0.0,0.27466374355783196
0.0014298883411405592,3.833018779549396e-05,0.0009803423087788154,0.5842370537506784,0.23583687564006975,0.0697982854143082,2.691881070257097e-05,0.49382716226403617,0.08951055325744423,0.002910880832456605,0.6610810321610812,0.15543303710276823,0.33405327224650516,0.039990865383637844,1687.1740946274658,0.5056479950583129,0.13778464138971946,0.0,0.032519973640253635
0.0016497944889809538,0.00047932696342754935,0.000505958267151428,0.097898004312699,0.015507324019239514,0.10270315788498084,1.6133354046643988e-05,0.7765703948871276,0.08241138710643398,0.001463770047129094,0.5822216765378031,0.21951541393996793,0.21938802848410918,0.0353990302961077,1054.8027654725056,0.36270626259783517,0.0015181360737139308,0.0,0.01776174505155023
0.0015117113755716688,6.792678941198869e-05,0.0021779264732812685,0.24696007435261658,0.23599014630545984,0.12348920649755825,5.056344646202614e-06,0.35571572470930146,0.2747523477130961,0.0018102817571249707,0.5270810634301472,0.1299766909211667,0.2888278831059473,0.046397463937139914,1539.0592880357685,0.39710437250898045,0.05828014407808123,0.0,0.006588776300522522
0.0008075193630586031,7.573213492347617e-05,0.001273812929253755,0.633992141546764,0.003846854641887696,0.07904382169628091,4.204143322722846e-05,0.5788835949565757,0.02431381620752813,0.0007315474471622366,0.7205149604966709,0.10333062119141632,0.5116145631101312,0.012787287532730025,1028.2603055577638,0.6171843393052545,0.00243887561262949,0.0,0.030087726291841112
0.0005591243222108417,0.00034698996227592796,0.0010310046020726893,0.5293260052804303,0.08998374027466778,0.07067461425811015,4.898033927017009e-07,0.30895914158911714,0.11182893687558089,0.00863140398849013,0.7276415806992573,0.1525269744417388,0.49722557070140283,0.07410888931340354,1733.4731503348248,0.5751146062575185,0.047630733779781664,0.0,0.07718399396118103
0.001784763847816413,6.69071568492223e-05,0.0010646844364894218,0.08485550466450512,0.0781739601768772,0.011928957248571716,7.248976838152669e-05,0.6236499195134946,0.20407642775994228,0.00040874677632794435,0.6844077987363566,0.13829701962488822,0.3141569702780328,0.006844471694077826,1868.6985393205098,0.5461107791114683,0.00663349084243184,0.0,0.0020029102861833627
0.0011266201842984537,0.0003408986668138381,0.0007872357243509209,0.5213824141333476,0.1701370007921095,0.10772844208671999,1.0822536437488937e-06,0.6852095070484688,0.03276857434926945,0.00029310497689867684,0.7179008689170099,0.12418712372577,0.43431942406674307,0.07744857425382237,1306.3697537490443,0.5937137451912399,0.08870644020639733,0.0,0.008944697250926066
0.0008986261713354504,9.107964483444409e-05,0.001319144943128788,0.09838719450705183,0.18491613083403705,0.11252226981939631,8.33426862498064e-05,0.4098640201698092,0.48560129785631484,0.019305872731606,0.6982381429896116,0.2043970201571716,0.31321431589107085,0.07563085838606673,941.4114470296972,0.49384112283244,0.018193379331859848,0.0,0.039756633305618634
0.0006515109799572827,0.00023599746444022624,0.000950761505668,0.2723269338465205,0.17347482828458546,0.031613803803625294,4.3463223250632174e-05,0.8268544903265646,0.4531259677199823,0.0011292555835531477,0.7282855587465824,0.10436081806162482,0.49564360360890386,0.01948601612268263,1428.1539271040133,0.6239247406849576,0.04724186808629281,0.0,0.0024921449309896807
0.0009574610789046906,0.0002541689343234939,0.000941640762743183,0.3296267971010714,0.1932468575678965,0.10591621348989476,6.541753082414157e-07,0.9994607050115447,0.21045968422049902,0.00790213854187138,0.5363748489929109,0.17845623085308698,0.4729645843375473,0.06395575547661941,1281.923294214582,0.3579186181398239,0.06369934270995266,0.0,0.03754704171081191
0.0009223112427959539,0.0001643295141979623,0.0007951838005944179,0.2066601405188685,0.09811617987068501,0.134360700686909,4.46262905454554e-05,0.9268156820725888,0.3645408018311609,0.000801838214664244,0.5281929314466453,0.10538454771527522,0.5159303975729802,0.09911847704279748,1696.168694120283,0.42280838373137003,0.02027670351925034,0.0,0.002199584273245824
0.0018917818878572946,0.00010504948622947167,0.0005690008930277398,0.3324988801114046,0.22728936896791022,0.029845363378528306,5.345905641178382e-05,0.318069352344412,0.17250538861623635,0.00011538240473171434,0.5357204939876541,0.23386611566286208,0.30335026027805284,0.02914992914477851,1371.9856570741122,0.301854378324792,0.07557346064305799,0.0,0.0006688626115233971
0.0015621723682216911,0.00034000177015378725,0.00216184168281183,0.29960703885545686,0.07747774121302571,0.12895873116049358,4.5398401430416457e-05,0.9375377959678669,0.020293486906285803,0.07639467438257926,0.6167898045039131,0.06684705191177531,0.4187163778398598,0.043364910349719545,1129.2074588355426,0.5499427525921378,0.023212876622044024,0.0,3.764492259776037
0.0008932990065693072,0.0002070640654785067,0.0007494193790498347,0.14624359963756234,0.09718626569878554,0.08944628284526215,0.00048081212741555896,0.11743040120121916,0.2797206364888017,0.030772905940398377,0.7044526931203015,0.20661935391042835,0.23374489826933353,0.03645057940560986,1894.5624315194027,0.4978333392098731,0.01421286933112295,0.0,0.11001299842112414
0.0005795738085496392,7.488432568345084e-05,0.0014068852250896228,0.6018967986473117,0.17784161314768612,0.031959545354327955,9.688215766451709e-07,0.8298842381257598,0.03418960182924876,0.04216853590510814,0.5946414439631181,0.11489198210934792,0.5794120400524361,0.058509888560386074,1612.7106319045756,0.4797494618537702,0.10704229761986594,0.0,1.2333731207432053
0.000619500105483698,3.8780240187764166e-05,0.0011065140438469643,0.42188502164304487,0.037890739265632016,0.11927505235399895,2.2469877680357624e-07,0.23271695060837164,0.1718684435503526,0.05746439902369271,0.6196520052529927,0.1842190000983328,0.49253089857672433,0.047047473346918035,1864.5605669684703,0.4354330051546599,0.015985535355152132,0.0,0.3343510759545411
0.0006458112665315464,5.0608497604033594e-05,0.0007149819267743877,0.2848889912208763,0.016375555177335747,0.08497572153388668,0.0003391118868234354,0.9264133195548282,0.06968504934179805,0.014873029721255747,0.5740600531843744,0.22851268409112824,0.39995521869589357,0.029990126694814167,1963.681388774506,0.3455473690932461,0.004665215395152979,0.0,0.21343214737934757
0.0006762691253777274,2.1499116014036362e-05,0.0010037367514701434,0.5139341117082319,0.12537474794503295,0.13788904249336123,0.0002438030154066577,0.4782092503559218,0.029584681217060458,0.007205779834034255,0.6295837555597723,0.13926064624129258,0.31476052824350476,0.07680928259119679,1699.2631829771608,0.4903231093184797,0.06443435971577398,0.0,0.24356455900829282
0.0006241714726989506,0.00023333359840802526,0.0010850963537098206,0.17871047885027774,0.006186290356466087,0.04661935428802677,3.8295449671215754e-07,0.9071645649494576,0.03174886343311824,0.00022996807464590026,0.6089700288675306,0.2432876831325136,0.2963982339841914,0.05747264156374085,1093.6320493147032,0.365682345735017,0.0011055549119109098,0.0,0.007243348258130505
0.0008595113371546773,0.00010075377847785525,0.0011376977545024653,0.19615591990492692,0.10310585472761535,0.09614528296582782,8.710991829301002e-07,0.5490748688028504,0.08383114117637164,0.00015942163501150852,0.6205087774938441,0.19218187756020794,0.5547103587702984,0.0219887271316618,824.2918862663809,0.4283268999336362,0.020224823781679148,0.0,0.0019016994493263866
0.001192897045839713,0.00015821947077813503,0.0014346903127586217,0.23749949535318393,0.12040097014402876,0.012985113450082426,1.1493343836323726e-06,0.37730685749551407,0.1864616741447114,0.005245815671791538,0.5829667778494292,0.15952618302068006,0.3785158878798798,0.0899824348727249,1893.1284789488757,0.42344059482874913,0.028595169649240595,0.0,0.028133479417975744
0.0014141173710268972,4.2049191106294774e-05,0.0017563675337849511,0.16360412575166142,0.005512698985076015,0.03797276447089227,2.667286760149776e-07,0.7324223808843314,0.12521981516611366,0.009109258196000822,0.5931268593139735,0.11962427283773906,0.43324927856474615,0.0404707432655933,1323.668239566603,0.4735025864762344,0.0009019002979854325,0.0,0.072746139929345
0.0011107052570028567,3.105475870837851e-05,0.0024187618498878183,0.38648384472697833,0.2952537427806664,0.054949592046010874,0.00023654504426055435,0.7810414683955931,0.02946184755809123,0.06812316149271055,0.6439235780319128,0.14762660203092137,0.4199951327469179,0.09758448515957739,1221.193425235215,0.49629697600099143,0.11411080167990227,0.0,2.312250151942749
0.0005128175327873402,0.00029679659908005,0.000521117405522346,0.3971850692620812,0.23774176212827922,0.007649064262768044,2.0970464268983043e-06,0.8012595094857763,0.06304091912656756,0.00023798217483116845,0.5376565395883844,0.14573562952443164,0.4982834016479968,0.07824157697227205,1972.2768197390294,0.3919209100639528,0.09442747825740981,0.0,0.0037750429106747393
0.0006798224090206942,8.611968393911966e-05,0.002012251013789042,0.6198612810704619,0.10834485483008137,0.07292443565348788,0.0002843952572619686,0.27925111342275527,0.02206928098233147,0.0004867560557070749,0.69990012220725,0.09891653847626665,0.41906339765280476,0.08774367254018715,1466.601262866308,0.6009835837309833,0.06715878051236746,0.0,0.022055818497066976
0.0008168329727770677,0.0002120299682273704,0.001738482963165862,0.3095603902344348,0.0429109405130609,0.006287196805764964,9.247886104157614e-06,0.46355305440883615,0.048596465419849494,0.02057343115944189,0.5996339075774787,0.05911486609635932,0.5186299438681339,0.039068930858961556,1851.62573534243,0.5405190414811194,0.013283527490549752,0.0,0.4233524183641257
0.0006215417295062262,4.422214787413238e-05,0.0020322927391967995,0.6463263409025877,0.21527148288163725,0.09313846130879616,1.381351207832912e-07,0.4746052666199231,0.04517749750619045,0.0018277968942143428,0.7182705800296634,0.22523912802591728,0.5472334004517243,0.018735749338174738,1790.314157937292,0.4930314520037461,0.13913562983156263,0.0,0.04045812617141728
0.0008356121205794081,3.213358128260133e-05,0.002266892087128396,0.7353872033550505,0.1484855672979032,0.13427883172119953,2.8235615081931147e-07,0.7666981769955411,0.0281468580962705,0.069662643182669,0.5172902160777401,0.10685918368101907,0.25377848404969106,0.04327283903827866,1672.8856739354273,0.41043103239672096,0.10919438607379317,0.0,2.4749704902906875
0.0008651748128751765,2.1908249438001793e-05,0.0011578944393078538,0.3018823815879554,0.09656326285581297,0.09408162747769186,1.9147831599626022e-05,0.5679917574015374,0.04744594713013188,0.0021752680128470526,0.7130784948222313,0.0769077392875856,0.2644047270481627,0.008238189498519587,923.2647395670431,0.6361707555346456,0.02915074776481657,0.0,0.04584728821791372
0.0008513859124093601,0.00047555264423004433,0.0006115633137020819,0.10953542069881697,0.09873180651470032,0.12186320920137471,2.5487718947477207e-05,0.5728568688796488,0.4182272354377973,0.0008288921265864817,0.5194950799927595,0.1903999251835118,0.22383710479970115,0.0855724353518966,1181.36598971847,0.32909515480924767,0.010814629962941897,0.0,0.00198191809703355
0.001025174310771606,8.308596982469067e-05,0.0013641215145244472,0.256710480654527,0.12763712858360504,0.07385227764858586,3.4952109855952867e-06,0.4148886748858609,0.2573598366648472,0.058530422020092676,0.7290048407766694,0.18326623924937635,0.553716770645574,0.0385793715310387,1292.668639865347,0.545738601527293,0.03276578862806092,0.0,0.22742640335257625
0.0005677027952941555,0.00025935748026970556,0.0010142289161774536,0.29936732767889374,0.03652876332220282,0.08961597443983453,1.8470628426454775e-07,0.8497146818212558,0.2549094694496962,0.0006395984335949862,0.6148436095807047,0.1528299243610669,0.2219488543087156,0.09988869877367053,1134.2465791669779,0.4620136852196378,0.010935518259182646,0.0,0.0025091199435460926
0.000891176980317065,2.2979625428489724e-05,0.0006192844350850944,0.11618732184579571,0.13559799117889162,0.08621913338261053,2.708865890364215e-05,0.12377641037358542,0.11046395016580571,0.00012096156174083281,0.5675027280494355,0.2412640018058927,0.4313956901115868,0.06689781703269977,1713.675852229143,0.3262387262435428,0.01575476744274525,0.0,0.0010950320132429652
0.0015151822430354432,0.0004473159343644088,0.0011358750926023994,0.7686080352907374,0.2793694709648795,0.10757687396582018,4.436371199283994e-05,0.07114323891988135,0.43336517869909985,0.015561322596681313,0.5484828452173869,0.06930944693996323,0.30485023337519757,0.050770650885339164,1882.6780767470873,0.47917339827742367,0.21472562019852875,0.0,0.03590810559213403
0.00121524026175388,2.0504166095830207e-05,0.0005421866446966388,0.1991327450486326,0.25885662015933397,0.030718592131845964,1.269228046102012e-07,0.5593477197011311,0.29918048004577336,0.0022476646084272646,0.7197060133990284,0.17216881839024373,0.5295052260749112,0.037041041307338325,1794.3644300600783,0.5475371950087846,0.05154682934633938,0.0,0.007512738157527461
0.0007894589063634129,2.0701668874251417e-05,0.0009032026806559975,0.23336398535982755,0.0891457611710572,0.08519745353530234,0.00022300848292619124,0.34056487111834305,0.40980378547118157,0.002018213853282321,0.5825940596006858,0.07141324764236695,0.5496991973797085,0.08906015313202262,1737.0674613782041,0.5111808119583188,0.020803410104813277,0.0,0.004924829698588148
0.0010466794482577862,4.9162655284617924e-05,0.0006909610351709811,0.7594208166418089,0.14352553124247006,0.11226432563494884,0.0004874938946771817,0.9093363894802056,0.06850554832592941,0.029473815126287856,0.7102445368966918,0.2114949495879519,0.337756531396712,0.04398307297143476,1445.3070615881477,0.49874958730873986,0.10899627614510607,0.0,0.4302398250439518
0.0015589003291409495,0.00010543760558062509,0.0013741588813988603,0.09593258681670447,0.11542725376932331,0.14821101943987572,2.2562442559643377e-05,0.6748076868594097,0.1883693115392553,0.04294442795661183,0.634918949820394,0.13020895421107326,0.4507691677508331,0.007918944944877505,1805.9638652162168,0.5047099956093207,0.011073235043239387,0.0,0.22797995918598668
0.0017662769027228528,0.00011062410874444439,0.0013794499372308303,0.5049591950293613,0.00368484312777287,0.1330016271298726,0.000498242668923775,0.7853297862939653,0.02279309366490331,0.0013485346764295076,0.726860441709916,0.19220721388374917,0.5037628600704143,0.01343202466014988,1302.488286594462,0.5346532278261669,0.0018606954196096622,0.0,0.05916417912615234
0.001075577409680759,0.0001716200163531079,0.002432522116433104,0.27342976308435585,0.17660947952059403,0.10972231328977013,6.468566745514055e-06,0.28477799440530227,0.04510145603670881,0.0032585013255036557,0.556295530686159,0.22181159745425333,0.45349153839867273,0.041303658227731944,1501.3134045012248,0.3344839332319057,0.04829028814376742,0.0,0.07224825120615859
0.0007069499417668553,0.00011449184998084527,0.002400543391411786,0.22817200149482064,0.09626288375405855,0.09345548379751333,2.5426308431167236e-07,0.6935505024794661,0.026557360210368915,0.06926345820814962,0.5607503704636033,0.13298628925965672,0.5208976470269435,0.06796637002719567,1400.786796723838,0.4277640812039466,0.021964494855826792,0.0,2.608070141741978
0.001820700008805957,0.0002342701640734165,0.001372099366276101,0.1942493207659789,0.21143206202310857,0.13882932674332887,9.77720448169953e-07,0.19139161126754295,0.06144839900095441,0.00030107123617961783,0.7472740112032126,0.16526773229044478,0.42693420797191467,0.02660328778751544,1792.646855274703,0.5820062789127678,0.041070534436139165,0.0,0.004899578200156877
0.0016806091011211338,2.197506425225997e-05,0.000871827083866238,0.2969905641168397,0.16374244774459265,0.1360941590802391,2.7555053094700047e-05,0.11552403254085694,0.07201774055434039,0.0002915308762306607,0.7071954515005408,0.20249636939969518,0.47140515373765113,0.08291375484384128,1524.7718510360883,0.5046990821008456,0.04862996192553872,0.0,0.00404804252378188
0.0008315400954889142,2.6124093094149088e-05,0.002298710190270211,0.2312921496249397,0.27458010635012803,0.1136694323852402,1.1625005705108536e-07,0.6616894430969423,0.07517349969196399,0.00817923759419049,0.7250415274870504,0.08715417440847775,0.5382662002127594,0.07904132225813545,1709.411202442016,0.6378873530785727,0.06350822304196567,0.0,0.10880479993224056
0.0013337500265564323,0.00030548741947757557,0.0008344065224019997,0.5789187068587945,0.14405020776753544,0.05632313709653254,3.9320094655221074e-06,0.4562611111052253,0.22876574244408546,0.018904014242105673,0.5589955361770034,0.18633553070962716,0.5298542352399538,0.07816732890239166,1901.5040006729898,0.3726600054673762,0.0833933600035223,0.0,0.08263481253853452
0.001722037583297187,0.00027101742573814366,0.0005562467547479122,0.3599893741864048,0.10995611427856476,0.035721984958311,4.257762364102194e-05,0.40099447288153295,0.041785968818062215,0.012150618067193301,0.7383967684580641,0.16085357996692867,0.5108383461232862,0.011729344271292207,1300.9854755134004,0.5775431884911355,0.03958303276710934,0.0,0.2907822508578796
0.0013457280913168914,0.00036339613730946153,0.002163546131560778,0.7205571046311054,0.23050331322318612,0.027343387358298343,1.9083068714771727e-05,0.20231150763355754,0.08758594277988585,0.00953061860533617,0.6860613893785616,0.23657547365331,0.21970072045837027,0.03663882175177107,1662.4538147212502,0.44948591572525165,0.1660907999839758,0.0,0.10881447756163082
0.001577355593376733,4.293985852365831e-05,0.0005132813992519285,0.3186934968123192,0.06211058973459801,0.10098978348542471,6.168987974492008e-07,0.5188591365604004,0.07612525704174107,0.004287957349651787,0.675454451200205,0.0744729057411975,0.30058161627174584,0.03113936411489393,956.4280531162143,0.6009815454590075,0.019794241031594374,0.0,0.0563276567631241
0.001957876078049509,3.578743817207714e-05,0.002013457810670169,0.35204876732421725,0.052186723485640914,0.034701883762465,0.00018277725889977024,0.8455082864801624,0.08818234006959144,0.002497225274343335,0.6344778659633167,0.1370949586201199,0.3682745341260184,0.07869303980968125,1835.9209877314472,0.4973829073431968,0.018372271673809663,0.0,0.0283188819028003
0.0010409189257888129,5.924778532256086e-05,0.0022194401441165347,0.15034852156197642,0.16023157377950947,0.11331924540706081,1.2340838023203964e-07,0.2966427942392234,0.039880597909024935,0.011631030526858346,0.556072052775346,0.15743982694850006,0.20906862657923098,0.059836589711652295,1883.753705119014,0.39863222582684593,0.024090580225297996,0.0,0.29164634275019874
0.0018777536844041367,7.979030533290342e-05,0.0006112151450111692,0.317649762657579,0.06602621486963907,0.0028709062183960793,1.587241981998261e-05,0.41228209671105687,0.0648055311918526,0.002074645607999905,0.5254955937667403,0.19736098967026788,0.27432488426932633,0.020007830120108712,825.7176162001866,0.3281346040964724,0.020973211482519162,0.0,0.03201340332907773
0.001068970395091453,0.00031156187588336553,0.0008145051169015278,0.4402315432688437,0.10137847515966995,0.1200901038236627,4.800518652100847e-05,0.5659848744455334,0.1296180864129729,0.0006218002377464131,0.6912483770973877,0.11756717697085958,0.4132562386083536,0.086274518993134,1071.7013019585627,0.5736812001265281,0.044630002573783634,0.0,0.0047971718681705505
0.0013636946072849401,0.00016744069409364693,0.001862722628416204,0.14444459222910677,0.009665698320506644,0.04153564527821019,2.2860934621096002e-05,0.9319821017673398,0.16282644474458857,0.05611052875022092,0.5711559417387505,0.11836622587956828,0.5376289581737306,0.012608469507491279,1788.1637719318032,0.4527897158591822,0.0013961578525151443,0.0,0.34460329118059746
0.0008998067313689877,5.2126925789462875e-05,0.001422112247415468,0.07783849324789158,0.2224556569743796,0.0037060056552736973,2.5512921997507154e-06,0.5612076692335103,0.43943666451014274,0.0576215843589777,0.7068359726605695,0.15046511932556988,0.49561071156623243,0.09853082665184984,1420.322120898958,0.5563708533349996,0.01731561315335553,0.0,0.13112602796403147
0.001927664287297724,0.0002226083765272086,0.0017320891876833363,0.34030735121697747,0.29919029056636826,0.010653816677568182,0.0003303380012485698,0.8023531037152459,0.08798878169556967,0.00977136535448003,0.7053158870803943,0.21677863139351855,0.43420219383505526,0.052365695874604226,896.113754166084,0.4885372556868757,0.10181665529247862,0.0,0.11105239970576872
0.0005160974442049802,0.00012919635177917842,0.0011221029162375733,0.7957105502939885,0.22840634688408604,0.06786056477874193,7.912849373969699e-07,0.07747115924328604,0.3890654263885882,0.00022631998163789375,0.5536495264163642,0.19392473618520312,0.40472902010247824,0.0808418480954708,1672.1313778328386,0.3597247902311611,0.18174533996977574,0.0,0.0005817016015497901
0.0005574828773365185,0.00011229187406765507,0.0005704611232812762,0.620138003520821,0.08390406142178242,0.13171957012289917,4.76678916294765e-06,0.6918665448609304,0.35884028105592136,0.05148357271457453,0.578822199702048,0.12017227423815902,0.5708023170628815,0.04575866854125557,1768.5730188130947,0.45864992546388894,0.05203209713739249,0.0,0.14347211122196
0.001612404697040722,0.0002857466874221561,0.0011498911520256706,0.4709377692191274,0.18269347298419708,0.006138206953779908,6.734282204609052e-06,0.4763381973806495,0.04709621341980989,0.0016001879337391492,0.5815533813000362,0.08529434346390657,0.49437045208831815,0.09098557302485843,1940.5387903264661,0.4962590378361296,0.08603725661807268,0.0,0.033976997672302646
0.001863883025152033,0.0003684142852991908,0.0011540353176709484,0.11897497803168228,0.24860810987956355,0.1413856390577896,1.0676699251247112e-06,0.7628492283265971,0.041482679128892544,0.017016617583508184,0.736980684954986,0.10931536530743194,0.3606096808964795,0.04378732011580806,1824.27937819215,0.6276653196475541,0.02957814441141913,0.0,0.41021018750103266
0.0019355234154529817,0.0001384577942433197,0.0022820942312541765,0.3560361574617997,0.1576040391994845,0.12439692965576696,0.0004841628356186784,0.9878201094516884,0.06523563972710128,0.01632811651544707,0.7253312090539504,0.11205093235659253,0.5366871491853695,0.04620431995053677,1927.6804373251596,0.613280276697358,0.056112736517043314,0.0,0.2502944185686244
0.0008458630761590716,0.00010039853322701876,0.0016671011208682337,0.544341305184551,0.05032255550095766,0.00650383384689637,0.00040019436431753896,0.7817788258317113,0.14284008433869022,0.0007828461871007807,0.6742206766436956,0.05676943154506896,0.39634878532582957,0.0672345795273827,1384.1549676211969,0.6174512450986266,0.027392645541613303,0.0,0.005480577743461441
0.0007872340628329079,0.00019140445099186405,0.0012780518687698077,0.09301874512244464,0.16708293358744933,0.05892495744333904,2.884880248703243e-05,0.3419014568034358,0.023721316844618534,0.0023105648019544783,0.5731087582150005,0.1253104414509928,0.5085359283094472,0.012535708224463649,1964.277566400763,0.4477983167640077,0.015541844813681293,0.0,0.09740457568563095
0.0016246870698971739,0.00012320490574247613,0.0018275080084090589,0.3061599367060385,0.032228252756996846,0.08539440826829812,1.9363285614065328e-05,0.9719490535808641,0.21140582794927232,0.030083941391534676,0.7446240923591874,0.1591331070559403,0.5678933311326388,0.016711395337832276,1974.5863627727035,0.5854909853032471,0.009866999824228366,0.0,0.1423042197245075
0.0008097043124694446,3.526651211707193e-05,0.0020555273629739154,0.578537747205531,0.07029055993077096,0.14349608247728138,1.4102831437076842e-05,0.2665429065385459,0.0426149755826096,0.0006078478938704366,0.5043132441909572,0.09019256149434564,0.4823002317541592,0.044987788055470254,891.9990432473345,0.4141206826966116,0.040665742192163595,0.0,0.014263715643626657
0.001311265205697861,0.000424808463162061,0.0017438497733267698,0.055497383671577805,0.26116734359737775,0.08242041934040546,1.4841625941243476e-05,0.20954193147907374,0.26927913876153986,0.006767197602869733,0.5739661578607979,0.24002336863728085,0.49736642909428247,0.025867270283706254,807.6546611366371,0.333942789223517,0.014494104270110462,0.0,0.02513079042807852
0.0011263755401757802,0.00036441701105508883,0.002273381005584597,0.5058652631684507,0.05299728311572311,0.040813622627898574,2.1429270669893058e-07,0.3336732812100133,0.17783083553775658,0.009176545152037367,0.7185646937461527,0.19755237691673155,0.3733250910304956,0.06541071903565762,1880.3485309427454,0.5210123168294212,0.026809484570548162,0.0,0.05160266566980745
0.0015582895638049882,0.00011253960994252715,0.0011785895445412793,0.36169577570896255,0.16102922950891443,0.11739266979636036,9.514550918972305e-07,0.2838110877613311,0.02005267817188144,0.004200037868028453,0.7238801703832555,0.054866435713809676,0.325854247866607,0.039792281068890364,1514.6764603772754,0.6690137346694458,0.058243592079043366,0.0,0.20945022066518235
0.0007624766105216626,5.6652191906167646e-05,0.0022296345144560284,0.38504671391978634,0.27472018411284665,0.09232025080102207,6.617243782815138e-05,0.186638922641922,0.05899314521610869,0.00015486293530287345,0.6971274437163868,0.13076880676999747,0.5008328224827757,0.08914900101033049,1135.1191486035498,0.5663586369463893,0.1057801041400903,0.0,0.0026251005050767578
0.0019287383074727798,0.0004134327120941503,0.000643125335408727,0.22915648282674894,0.20480150600635627,0.11279117254468132,3.7180232883025655e-05,0.3527788035487997,0.06136308087514707,0.0008989543706934673,0.707462069651509,0.1001969077968014,0.5474248445592536,0.0818370456426659,1607.9049258280188,0.6072651618547076,0.0469315927940379,0.0,0.014649759397226693
0.0019909670224283883,0.0001785514711123712,0.001504750375491621,0.26465351317012187,0.2805630750798622,0.039331526665099883,0.0002316696270336956,0.20486093446746645,0.22356777430623506,0.0008067910376282237,0.5818916043231631,0.09644432768224173,0.34281830498252763,0.02485179687002245,1959.2275140921442,0.48544727664092135,0.0742520034856982,0.0,0.003608708992750943
0.0015476485130748905,0.00030354069852818,0.0024473467415752014,0.24535111794398656,0.06338411543398013,0.04757097531623796,1.274547599964506e-07,0.9619057020571581,0.02238590278621744,0.0016203744344192173,0.5515048059619335,0.15348230789546594,0.37797939564125227,0.06359657855230755,919.9304089165898,0.3980224980664676,0.01555136358161772,0.0,0.07238369834326494
0.0015099246956128596,4.605307748049384e-05,0.001732722325654238,0.7547018444126067,0.04097846237159814,0.09656819378297754,1.0293475946500213e-05,0.5674699390676584,0.2398805362872004,0.01472002373646353,0.5800454557055318,0.11352705445106087,0.45623613078800734,0.04040737032980838,1786.7468194020526,0.4665184012544709,0.030926521133037718,0.0,0.06136397710416893
0.0010078051107497367,0.00015040393394398963,0.002249167424096498,0.6928648117437107,0.06359410255335557,0.14523295278756815,4.572241872536069e-06,0.3222571243768831,0.3218334361405766,0.00030056702528674667,0.6586238217245656,0.12484411052562516,0.288952526871906,0.08861499072725222,1268.8298771490215,0.5337797111989404,0.04406211589364094,0.0,0.0009339210645455099
0.0012990640446586157,0.00030088511338179856,0.0005389342092536054,0.721200050569771,0.1141267089682747,0.06030934241937601,0.0003024111563658692,0.39483014126889754,0.037503250192215724,0.002291925673406152,0.5613663638974417,0.21945271848242948,0.30099539376563117,0.08114085434705294,1477.300831703284,0.3419136454150122,0.08230818827928126,0.0,0.061112721208410624
0.0009740426018412592,4.827435766970626e-05,0.0008934538626494131,0.4802373711790961,0.06395510008376183,0.11765419369334823,0.0002668243902525805,0.36832768278902656,0.02470191424814572,0.00012973614788897465,0.6914569931367558,0.16555470670523,0.32126811966345337,0.022405072549502383,1710.4763862015966,0.5259022864315258,0.03071362913772177,0.0,0.005252068588114115
0.0006173412971971791,0.00035160705842749736,0.0016829148606483945,0.644025791414174,0.04500620565626885,0.13420315900957094,1.4317237553149662e-05,0.15483549428358395,0.4383648498968018,0.015629098833081556,0.6673900954869476,0.2256573355908708,0.3187528385594411,0.02869606427221891,1944.3423961193985,0.4417327598960768,0.028985157216327623,0.0,0.03565317528711734
0.0008541055888674977,0.0003650175362505532,0.002407331859399766,0.4295039590183896,0.15337734480359747,0.061433841006309366,0.000567828253977813,0.04994541944583462,0.028276249469756584,0.02592863297881046,0.5348562242615525,0.12802202397225598,0.5739459160644363,0.04424621082798768,1550.8009391399478,0.40683420028929657,0.06587617681687374,0.0,0.9169756762311401
0.000528860758351681,0.00018480843139082094,0.000993164048064591,0.21772915490967037,0.24923944898801378,0.025049591405138714,3.995037655921139e-06,0.1457095726307808,0.049436521462468366,0.015456932165259835,0.5022326137380643,0.2257372915181976,0.4628201145298561,0.09719931997647963,954.5702701120091,0.27649532221986667,0.05426669459831214,0.0,0.3126622122269375
0.0013803521545648673,2.922693294843752e-05,0.0005297284083073503,0.17244999253185678,0.013771601493553323,0.09782869343836297,2.8765065170437935e-07,0.5061774369975337,0.3988601722264723,0.06575186730623252,0.7024374583294231,0.05730765343196279,0.5385945940678905,0.09270254221778934,1016.2515077202851,0.6451298048974603,0.002374912574714978,0.0,0.16484941812866363
0.0017707409358594572,5.1715597123422995e-05,0.001699429221332715,0.0867888064892329,0.21668889289112603,0.057673258457452685,2.1734004897165053e-05,0.4132880358595657,0.18323111957200325,0.00012397955479153463,0.6484606916416288,0.16391912673449763,0.2154667212961527,0.08718821564406977,1422.502272475491,0.4845415649071312,0.01880617039349405,0.0,0.0006766293579449266
0.00197909642864123,3.382494451463282e-05,0.0011465696380572586,0.618513793275473,0.27031320716215873,0.007952258265154498,6.260605730953077e-05,0.7132557104277302,0.027340457464273903,0.000190833043807874,0.6569564524059075,0.11791048385540581,0.32710132959689775,0.05479098754736637,1380.557100476928,0.5390459685505017,0.16719244713432554,0.0,0.0069798774968282
0.0015516881106554822,3.636849973371401e-05,0.0018095254179719515,0.6864261746298872,0.05874286022138724,0.09689940051129874,1.4686177945921681e-06,0.6779557309076615,0.020254063963468853,0.018515004228570327,0.6444471738102815,0.08092796404965373,0.46480695524183785,0.02463746654923889,959.2220648894317,0.5635192097606277,0.040322636828585015,0.0,0.9141377385775431
0.0005246532919397205,0.0002644973633520822,0.0013443270753617075,0.4904929154804816,0.15856577089824828,0.0331715500506823,4.241353000236653e-07,0.975481811793798,0.02091092533960433,0.03602541659389034,0.5110231484695075,0.2497473202638158,0.3250984931203702,0.04078620518305411,1153.6286158572993,0.2612758282056917,0.07777538726329189,0.0,1.7228035588487256
0.0011739764429962484,0.00019098570734218755,0.0016985487164988202,0.45811013507474,0.10157839792812126,0.10919456497245976,0.0003469903761859263,0.8491132730879061,0.08572010265753945,0.0003616236745167024,0.573608529515124,0.24263959845807964,0.5419146960793881,0.09956443248027488,1919.6653949612823,0.33096893105704434,0.04653409359552732,0.0,0.004218656573026118
0.0011098000414844242,0.00013627667288897166,0.0010935875616685663,0.05934041416451306,0.08669906381385888,0.09873733819570357,0.000168606192255425,0.18325502912657085,0.2857406627597668,0.002949731707752379,0.7350903002252037,0.14647688410298954,0.22758130825612163,0.08472936397452517,1124.8466025483397,0.5886134161222142,0.0051447583543899325,0.0,0.010323107951325542
0.0019490864983974121,2.318765172681033e-05,0.0013977644658657651,0.6702725234324103,0.0452791999600459,0.021948222402304172,0.00014745455038127494,0.47188236269418626,0.028026863572588424,0.08840988683835493,0.5986852670314075,0.09756694312772086,0.44720765468971624,0.070919284243571,939.5262520272325,0.5011183239036866,0.03034940361622066,0.0,3.1544695184809735
0.001226720952786784,0.00012512675329737644,0.0007340466443223373,0.685387503624453,0.23061169936950043,0.027044818433565387,7.549951328295905e-07,0.48712266411520905,0.043321756333328645,0.0004294085440391049,0.5551787471172152,0.11296300757031708,0.3477851954864605,0.0532455152674035,1767.3064703380546,0.4422157395468981,0.15805837693745475,0.0,0.009912076064855866
0.0006559833867547023,0.0002438952563903944,0.0007080051367385087,0.533230305228631,0.2616993965911363,0.12972881199615155,1.5667456498890397e-05,0.9129937030997206,0.03269723036547585,0.0034404752629221763,0.5146343209406463,0.11735884642021721,0.2541660836927629,0.057437918286402705,1531.8459866064209,0.3972754745204291,0.13954604912244015,0.0,0.10522222293649935
0.0005230388703011905,0.00012781348924096076,0.0007044532941254321,0.570615704917631,0.10956246731205452,0.07746437256794587,3.305692199451706e-06,0.635068341102538,0.05982335433836706,0.0025200928774191363,0.5460754713940381,0.12737639643355586,0.38924723842335984,0.07555902275677492,1943.248182228701,0.41869907496048225,0.0625180645177829,0.0,0.0421255696089061
0.0014148272969929938,0.00010296923928016774,0.0005426556420039513,0.40360537921436523,0.2524383654357618,0.07756443925843602,2.2083004933695158e-07,0.7982643031763467,0.18009207985249737,0.009946394832549539,0.5406108848767023,0.20817399131017417,0.34250996767187236,0.09427705830040138,828.4912519329962,0.3324368935665281,0.10188548220995515,0.0,0.055229496159387104
0.0005364742345590063,9.074911940485431e-05,0.0018299443246774442,0.47864079539534377,0.1844425535930593,0.13525208556089674,1.4546249964177582e-06,0.7527282439402079,0.4578069326358037,0.00022856484971835536,0.7357517469938857,0.203493853289964,0.3878268635064892,0.014643327502642474,1536.6473206153612,0.5322578937039217,0.08828173055653023,0.0,0.0004992603506513173
0.0010316924462129447,0.0001448075086269995,0.0005200185991525506,0.3527237546178523,0.27625178009991996,0.020096600152171473,0.000841136512384682,0.6462603844942316,0.28439907923947877,0.0005759308378039251,0.5966075206764332,0.200589440219686,0.24078052651482224,0.09502201184219718,1087.7746192840914,0.3960180804567472,0.09744056509670906,0.0,0.0020250798256592154
0.001586700434815703,0.0003557670093143248,0.0013852560648967692,0.7396011646294262,0.28418664258098986,0.10349503283048773,2.8859328155615173e-07,0.5951859356123148,0.30294170580270385,0.010140775270640176,0.5145459477121123,0.22372751153440862,0.527693504278842,0.04863573441414021,1606.1003430759165,0.29081843617770364,0.21018477182502657,0.0,0.03347434531594186
0.0007391636404096943,9.505602215311896e-05,0.0007030420284814589,0.34431407586234014,0.09696001553017237,0.05266488111963288,1.4212969267079357e-07,0.5582420777440484,0.42706506018539125,0.0017621822933978472,0.5409494481812417,0.22622482774025032,0.4528506017978939,0.038977770215367545,1482.8840809921453,0.31472462044099137,0.03338469814286945,0.0,0.004126261915767294
0.001396097850025299,0.00015871832549474492,0.0006450848939668724,0.640082357405344,0.08300080942501481,0.028586715878260092,6.771035214925829e-06,0.07478145935848143,0.1343444763690273,0.0009913687077418743,0.679761541805163,0.23257816589753671,0.3570097987640748,0.016163574823369862,1331.3123414961763,0.4471833759076263,0.05312735376331518,0.0,0.007379303820565795
0.0015941905586579093,2.9922242946976067e-05,0.0009156088390534406,0.32655945892133525,0.22555624143356037,0.1105050878243884,8.847682165183371e-07,0.7041933930729704,0.0232222508110671,0.0003137433801043467,0.6686783319871049,0.10479099291340378,0.31269245400005874,0.04122455141177381,1627.6189679437882,0.5638873390737011,0.07365752415887354,0.0,0.013510463850249394
0.0008269650833777407,0.0003305725961121295,0.000704343754767397,0.7779206992635134,0.09203714476545001,0.10422144682023296,2.5255816387014334e-05,0.7021580512336667,0.10343510777536508,0.0001464423005814662,0.5940232655745479,0.1188644623912302,0.5543430196906077,0.05044492171908116,1085.4954927037816,0.47515880318331766,0.07159760001415608,0.0,0.001415789123548862
0.0006683748060057111,2.246960804865224e-05,0.0013078275760138485,0.774138831680343,0.21617274131974873,0.08152303191279431,0.0002031973776264759,0.08194122860835579,0.10620500043709166,0.0070487741863002554,0.5355542418958011,0.19105945190247287,0.2097817522435799,0.057604614192606395,1711.3766998352842,0.3444947899933283,0.1673477134064073,0.0,0.06636951327424033
0.001322198361115211,0.00013404569791238474,0.0023309307432546394,0.1294508504403037,0.1860290047229055,0.09103972731685829,1.2043759923261565e-05,0.45169085496853156,0.09086230477546549,0.005155549477284538,0.5135376378746439,0.05704487842367852,0.3307949969549642,0.09053741951673787,750.2083089983204,0.4564927594509654,0.02408161286794339,0.0,0.05674024547390341
0.0005553748292210626,0.00015125799304427655,0.002189720075120046,0.4490026441742558,0.07097189705393306,0.059463703488301906,0.00025729848152323924,0.6722880324486078,0.0966541110048201,0.001679096130126956,0.6275536648352875,0.23268005509654277,0.43914124926702275,0.07207439958797512,1982.5339915018403,0.39487360973874475,0.03186656943927902,0.0,0.017372216377254973
0.0006263916386946741,0.00029265737238941286,0.0011805932798335925,0.4791222779425672,0.2489936678024985,0.049040954697375724,2.2364635980090166e-06,0.8764884214088389,0.10411701367188131,0.024688345452764025,0.7194044914705229,0.18378764312519885,0.28289916295994955,0.06507116609121785,1256.4743873687505,0.5356168483453241,0.11929841331080791,0.0,0.2371211445861087
0.0006448202655912748,4.985113969237743e-05,0.0005084718427409826,0.16478577618406906,0.15726577547792514,0.12671543269119115,8.26886157867721e-05,0.3840583714484681,0.49103359340335173,0.0020334043098307756,0.6787526605349951,0.08434624060939964,0.3638388131874736,0.040561914924852394,1244.054511125459,0.5944064199255954,0.02591516287931943,0.0,0.004141069648081018
0.0007131168694001846,4.657392429564996e-05,0.002345238894035707,0.05568867472182066,0.008414342555415004,0.045293147533392523,0.0005733934048565221,0.9580948454947704,0.2292422996803803,0.0001158206923189697,0.5286434018883064,0.17901965585707869,0.22329629103645465,0.04189686450071638,1409.9099976474654,0.3496237460312277,0.0004685835855664794,0.0,0.0005052326402258746
0.0005105104213121591,3.5999371644123555e-05,0.001511309369931315,0.557733343421725,0.006058291992385249,0.043243930504835916,0.0001690993620443745,0.7615489205937774,0.03871500122243816,0.01332286935158826,0.6387005022088286,0.21977080013986433,0.35950161187287205,0.02026633432161119,1389.6589455260373,0.41892970206896424,0.0033789114483380885,0.0,0.344126796614091
0.0009425457999195736,2.135515203333462e-05,0.0007352769687086693,0.2705504420982131,0.1122303588204163,0.09202537564130518,8.614337788393923e-06,0.440318243465912,0.09168800194573887,0.09799311320195281,0.7386860289546593,0.21868378814102934,0.3172084541919741,0.061413892923750754,995.3024911058571,0.52000224081363,0.030363973195704722,0.0,1.0687670264637823
0.0005983792421492754,0.000213963013824054,0.0010881708294991183,0.6323047340750129,0.10689046182270635,0.1239634127088018,0.0003801177647416183,0.9198291209110443,0.09817097579539483,0.050157134628637794,0.6067309458956103,0.18956450960624144,0.5738773401844433,0.07841246832585505,1199.7451144844347,0.41716643628936884,0.06758734503796165,0.0,0.5109161258942142
0.0011748367092640078,0.0002765748439700176,0.0009653531896587852,0.328953406193662,0.21769149141272062,0.11293929979807582,6.8063281659726996e-06,0.5754906097731555,0.04160148586944344,0.0008366281108700573,0.6896030803175878,0.14660966998047886,0.4090540465313377,0.07131075250239174,961.411885506098,0.5429934103371089,0.07161035759959276,0.0,0.0201105343567684
0.0007148546318031308,0.00047150815658305765,0.0013413780698785065,0.3371981459779276,0.21481578941990834,0.015821538662748446,8.356850213695331e-05,0.6558280931098923,0.03655526579589006,0.0004315513423473904,0.5237305616607734,0.09618811891258207,0.22371668882125084,0.03524470510923196,1668.1496776285285,0.4275424427481913,0.072435485919178,0.0,0.011805449446243942
0.0009368260869687916,0.00018708763945316396,0.0011716059190750312,0.46583875623553556,0.26915224033892715,0.03545430749203813,2.961741654970607e-07,0.5244135713784901,0.08353904575500747,0.0009717707060586351,0.6423285535363148,0.11006068519593257,0.45298052612618744,0.053645708037254825,1677.5459763687459,0.5322678683403822,0.12538154487749376,0.0,0.011632532994314047
0.0008032545088860892,0.00031429050973208955,0.0019597904411764178,0.5272129913843712,0.17886037428678198,0.14435057003071985,0.0002648925638166073,0.038358796617889844,0.03365653025214177,0.0012247294492721656,0.671196593105148,0.1703928475823509,0.46353044511210534,0.07194778803462756,1117.7992726362422,0.5008037455227972,0.09429751296786258,0.0,0.036389058530304934
0.0016058307851404242,0.0001831789921729124,0.0011309234553957112,0.6579268645778023,0.043052101362373967,0.06853068055638405,6.048232384499251e-06,0.03746395391483211,0.021692648625051398,0.0005834164882628223,0.6056380052934103,0.09830567225043156,0.2345629368488301,0.018146229315951605,1930.5070744667503,0.5073323330429788,0.028325134062832432,0.0,0.02689466364144549
0.000967630413134523,0.00031636841692747895,0.0020581516499943234,0.07186905279086434,0.10759868957472633,0.031913466509316056,1.0336856278583046e-06,0.16954922710644818,0.0336118360954188,0.0027575765302097596,0.6486378464324439,0.08262250032797941,0.3989717085250707,0.007171971992035594,1233.6482178613605,0.5660153461044646,0.007733015901273831,0.0,0.0820418296216079
0.0014415499086845817,2.2285027944549694e-05,0.0015574283778796978,0.48978110212966974,0.26885984990269995,0.09912685548014552,7.226932380717962e-05,0.3604416345952967,0.06674237427653255,0.0001060935102247267,0.6623667670828819,0.08058265877032503,0.2681123092243731,0.07493245979695003,868.7959731964908,0.5817841083125569,0.13168247360376195,0.0,0.001589597483978488
0.0018285269463446134,4.768594888234532e-05,0.0010557784655738627,0.5037851056804808,0.17148796407072162,0.01663770576162576,0.00027563394390430276,0.34922450317364745,0.0333778584663893,0.000507305514349586,0.614243047261535,0.22711361639221633,0.4842577699536877,0.0664368223177073,1404.9715321280842,0.38712943086931867,0.086393082102299,0.0,0.015198863487914615
0.0012008006212857155,7.012895810010464e-05,0.0005958708407898608,0.6671989990326002,0.15237471133874372,0.06907170355518548,1.465769847589343e-07,0.9405721773958576,0.11796492428142054,0.00010448116947375968,0.6354956812058965,0.1219094563982197,0.3763719323750978,0.014363816521149486,1870.4380160784983,0.5135862248076768,0.1016642548830912,0.0,0.0008856969146566515
0.0009049094195799271,6.461688109434762e-05,0.0009250993655009035,0.44250751451537823,0.29154631981728724,0.09042299979885753,1.1186967408166291e-05,0.5221620998739788,0.037157515803368395,0.004459395916553434,0.6753221590315017,0.2013388176789505,0.3826654193665804,0.010218847356798136,1877.6783945839165,0.4739833413525512,0.12901143734845333,0.0,0.12001329529540783
0.001080166669124759,0.0002221514376111803,0.0005452924371095721,0.49107054987587145,0.12510675644864125,0.007094463268981961,2.2436115037281357e-06,0.33790985495215964,0.05856047140742496,0.003049853540812771,0.5069358435995025,0.11497192427024938,0.40734897131187414,0.0772300384403323,932.074644587897,0.3919639193292531,0.06143624368242098,0.0,0.05208041307580861
0.000733549879774423,0.0003507416481532715,0.0008068627227885375,0.7039129153345542,0.08227745546351696,0.03509484521988078,0.0005988916675822928,0.2592024909170236,0.45683004851983827,0.00022337303351849472,0.7223401495298007,0.1738434330469433,0.30568000742058116,0.0554664079884862,1307.6307754295785,0.5484967164828575,0.05791616354163317,0.0,0.0004889630930413601
0.0009453212074648802,0.0002244125946541689,0.0011973687083950025,0.06150631714628659,0.2597988468975918,0.13576190883978112,0.0007285425874521316,0.2616008574066545,0.04675579943166123,0.0004755264047594837,0.6357815117476863,0.17706455823939182,0.293831186548684,0.02976284301560087,1769.995598071664,0.45871695350829444,0.015979270271522836,0.0,0.010170426140494467
0.0007051795679206277,7.968007964768978e-05,0.001209911230454248,0.12964172405012497,0.15318764121679793,0.06542072675033565,4.656205529580062e-06,0.354711945880451,0.04617025573756866,0.005346640642110502,0.5873292171489414,0.053143930941146875,0.3311450052513999,0.008653846998303103,1669.141652811411,0.5341852862077945,0.01985950991051767,0.0,0.11580270797070655
0.0011200626821088867,2.094468806464921e-05,0.0011961209325182605,0.5465013581470263,0.19477833958715626,0.0635469883606657,4.602252812367596e-06,0.34376889512788844,0.04132908781839099,0.00030787985214981794,0.5468798995183917,0.07465729649431116,0.5132585704047239,0.031208938939210198,1443.7639928410654,0.4722226030240805,0.10644662712200359,0.0,0.007449471265920726
0.0006957992072325855,0.0002537090773235341,0.0016936608558910872,0.6510573902335919,0.2201979463496422,0.00853106655282966,5.063783831431275e-07,0.8313536052801643,0.035290677717601325,0.0075831817120252856,0.7489398579392762,0.19292313060534377,0.2649583594997805,0.0852090654816845,1041.5609042519495,0.5560167273339325,0.14336150028519454,0.0,0.21487775816340168
0.001350030650513118,7.333864488590173e-05,0.0006660002719497016,0.22297518072753691,0.11485218356726642,0.09141046349178249,4.713282777836491e-07,0.05170315083126571,0.06160414224211447,0.0010437543413470834,0.5378055846017434,0.19537502910065924,0.4258257876139333,0.016505381951031548,1126.425082404643,0.3424305555010842,0.025609186387863477,0.0,0.016942924669658677
0.0008802334891439378,0.00026505740225443795,0.0013218140978526968,0.2296614923984796,0.07886095512768039,0.10014320965041539,4.411732905204072e-07,0.4534933855315255,0.059901247159191956,0.024777583841420713,0.6783903094582937,0.05768380460565142,0.30420010648487866,0.0217634271781311,1406.3127970410005,0.6207065048526423,0.01811132464659261,0.0,0.41364053365320536
0.0015720817346558712,3.279235785785995e-05,0.0005428329739302351,0.7447253137016079,0.05938110447068706,0.08797675054130355,3.27394639429815e-06,0.37682237774092675,0.06568083286178357,0.0012182256420749445,0.61268016371433,0.08049931634251485,0.4280098060528835,0.06513355024749665,1283.2172489182876,0.5321808473718151,0.044222611654880374,0.0,0.018547658258818607
0.0011652521695934795,0.00024427436477264893,0.0015511749876257002,0.4860929820605174,0.2311090910314157,0.13325064844049858,1.7373402670820757e-06,0.7620005823188156,0.04067595736968627,0.0013451460119592445,0.6503986237202704,0.12924789725505229,0.2554628636744082,0.0424322064026267,1887.0652878804083,0.5211507264652181,0.11234050724075642,0.0,0.03306980582494448
0.0005739329754639609,0.0004236904419421048,0.0022045226962827975,0.614531685908106,0.20367045656191948,0.10532916994369976,0.00017838211408850634,0.12943168515202746,0.20558043617223842,0.02708341225955432,0.6587053003425469,0.1925534513276405,0.24045109159352177,0.059553040952818916,1848.0396035134074,0.4661518490149064,0.12516194904067005,0.0,0.13174119465756665
0.0014007330187756043,9.958286836015056e-05,0.0009018254030168424,0.47546072713464865,0.09944784843827993,0.10621594274303496,1.4937921433449338e-07,0.42971124856563275,0.07792682157227333,0.00019560345531584186,0.5607102001997106,0.23129215279094079,0.505598802461344,0.013581203046161523,1054.3241030715187,0.32941804740876984,0.047283546330440906,0.0,0.0025100915367686234
0.0012227560846784715,5.2427497297822196e-05,0.001068775454118215,0.7259268178384546,0.1882317598348364,0.015919295970525223,9.280201832946311e-07,0.9659139553429454,0.035223319117724396,0.00014438559569860678,0.5040343147300883,0.1641286696136539,0.36013869218545563,0.03528149612113883,776.2337328466219,0.3399056451164344,0.136642482433035,0.0,0.004099147931404109
0.0005938809211754164,0.00019297335447368365,0.0007054403088206591,0.28395237989833655,0.026278605666603373,0.10981858894788915,1.367498998994478e-07,0.7924265333760202,0.058151025295190874,0.001157462450459182,0.672523361316135,0.07274327905137734,0.5462404118582536,0.03475868968876664,1432.165163381688,0.5997800822647577,0.007461872619441941,0.0,0.019904420336246502
0.0005761563843482072,2.308348539373262e-05,0.0007607127479012875,0.6739999471074113,0.020022872101564223,0.1369008194587651,2.7965635721315597e-07,0.6318243593327957,0.13596868914871083,0.0003040245679052998,0.6878018186915944,0.056104431198303946,0.3225415113943933,0.0908865977032981,1719.4545730348827,0.6316973874932904,0.013495414737392747,0.0,0.002235989548834908
0.0008001032981786271,2.9389052124514936e-05,0.0024721079822993984,0.5595513585314822,0.049837237338614886,0.10574669476156749,4.808988135601979e-05,0.5834914444136563,0.33828564809669115,0.00022537908572047642,0.5823085766364567,0.13611467920983877,0.36660082384437087,0.03729111843948176,937.6952485307563,0.44619389742661797,0.02788649385827787,0.0,0.00066623898172605
0.0007320461778361874,0.0004152552735277896,0.0008077957563179584,0.19036905728808035,0.13453843386002587,0.04270986962535882,2.711284123609184e-06,0.7308663012843325,0.02724107650131124,0.003876958560187835,0.5809937843380044,0.2284307784465634,0.2593399575804758,0.07094726813191456,1589.5507079358808,0.352563005891441,0.025611954822947872,0.0,0.14232031395680048
0.0006914104822667955,3.9907527537078395e-05,0.0007722923199178505,0.2123375597923679,0.04392776460636609,0.11357421285262363,1.6612350147652968e-05,0.16762445494577388,0.03728163784991343,0.00031992267923983055,0.7084153043583592,0.24697612010130338,0.47436321950093796,0.0708042499475239,1533.9561340888522,0.4614391842570558,0.009327514343649323,0.0,0.008581239926415235
0.0005551019783082735,4.781510841501255e-05,0.0009425585475855241,0.6404502926226536,0.2571812837303102,0.018966458177878846,1.6498870598054627e-06,0.14265026056725733,0.39542504943899615,0.03357170907496789,0.7202573235739446,0.22272472285208778,0.5335496916314533,0.06856119233844321,1756.6288600834753,0.4975326007218568,0.16471182842214688,0.0,0.08490030948367407
0.0007119350715818459,0.00020461428560926344,0.0008005322787019101,0.7932221207868508,0.13178650714128493,0.10600932839872061,4.004614203630123e-05,0.2370100924515148,0.28469438222977045,0.0017467450750301968,0.6206310659685675,0.20171894840475352,0.5615531737434725,0.08114836159970958,1916.9441660757077,0.418912117563814,0.10453597268570149,0.0,0.006135509458772664
0.0008043047661774603,2.103792487573692e-05,0.0005113091648153904,0.11724032377210473,0.10908375225783194,0.05310127873726627,1.3490850561638363e-05,0.371245240377126,0.044095630607638735,0.000363095203606906,0.7046360204460802,0.1128946492030127,0.464277451586597,0.08079330636174231,1134.771995610618,0.5917413712430675,0.012789014432984278,0.0,0.008234267173491938
0.000704076617568206,0.0002933537305568013,0.0005179390817227907,0.09342188273916407,0.1413732868501062,0.08357653627793211,7.778283574108178e-07,0.26982002593817406,0.08629464439472245,0.00011140875020481155,0.7034542395352339,0.21816695648826556,0.25586983078654285,0.07897681009388251,1095.8735866608936,0.48528728304696833,0.013207358626560828,0.0,0.001291027397890581
0.0007629505942155863,6.042835104062326e-05,0.001143724402520918,0.531579982924379,0.19693653498095018,0.020832619200090413,4.0017190081108045e-07,0.7326646170955937,0.26041469598593486,0.011063689197464617,0.6012916779825827,0.18812341309750014,0.26421747460931677,0.04806778996011408,1853.840754281303,0.4131682648850825,0.10468751990235987,0.0,0.042484888019000945
0.0005809264380365517,0.00032233030511189095,0.001002107984751781,0.3204567683797805,0.05839661352728555,0.023147650256767294,1.956782137028193e-06,0.37379574616754335,0.07743518156055385,0.0027869708687406443,0.5041387053878816,0.19018487749988705,0.5575785901354577,0.028272924865618217,1949.308956718267,0.3139538278879946,0.0187135900552769,0.0,0.03599101613213433
0.0007076617548968037,0.0002250766297011528,0.0005078891467410222,0.5601965466755765,0.11108036741854764,0.03292725651523735,4.246520719588176e-06,0.6410442972592489,0.04200793694146604,0.00030862877868153654,0.7078895262985554,0.13389861069319475,0.207159021999263,0.09752995462810236,1101.37177461365,0.5739909156053606,0.06222683823132461,0.0,0.00734691587238813
0.0017607045668618635,0.0001997083104454904,0.0010858103068076895,0.7664185288121762,0.237160078299078,0.13492621739200122,9.930100637608396e-05,0.29835125618996305,0.12115386657513372,0.001649264472118054,0.5699812221937821,0.11028454352552558,0.30457892829411604,0.07528920474508406,1559.4160297546168,0.45969667866825653,0.18176387830295987,0.0,0.013612974300702657
0.0007155082514150944,0.00028390418914225635,0.0005888253819107506,0.18158456460204025,0.18166380891819078,0.05758752929567318,0.00047441235307926413,0.4633668878292922,0.08919565621959334,0.0002852725366200706,0.5527101904307532,0.1792516278347825,0.21535671587993568,0.06826629637807927,1188.1680263954236,0.3734585625959707,0.032987343646357914,0.0,0.0031982783546964434
0.001780834051507872,0.0001271494675981104,0.0009160162064644291,0.7628987388061005,0.08267214751712701,0.025967313668072076,7.637856648004105e-07,0.7891700175881142,0.09262899836654241,0.007853723126062926,0.5351324920917689,0.056434869067805565,0.5348295150623423,0.04602630472688772,1506.5541702399,0.47869762302396335,0.06307047707520809,0.0,0.08478687305874712
0.0007568224566397734,0.0002500559242163861,0.000630504661335727,0.7865521385340108,0.07617416532058639,0.05665923238428606,1.4651287536859467e-06,0.29639568965706803,0.020127670236990636,0.005528971816766754,0.7215268728580783,0.11652101633341169,0.4949086481931459,0.02754573378940004,1095.0419082794108,0.6050058565246665,0.05991495263395051,0.0,0.2746950715938106
0.0014053635905479222,3.800139863228706e-05,0.0006850134736616127,0.06262487038248532,0.16756110357334553,0.1320683541137371,1.3234723362614612e-05,0.30928517781097875,0.4429529286220511,0.000467158549627712,0.5751755054208554,0.15731471136653435,0.2608606883069594,0.09862157407221599,998.6464729906625,0.417860794054321,0.01049349239242696,0.0,0.0010546460344690808
0.0006205756951573386,0.0003091775683582972,0.0019124252917066603,0.4052447881493889,0.23465147866601485,0.06151625992804018,3.1473645874749476e-07,0.8912546542042422,0.15055226049301254,0.016664379401364875,0.5307398332483217,0.1276565344996361,0.39089435168123576,0.011073355628676024,1877.2052965601558,0.40308329874868565,0.09509128876095004,0.0,0.11068833737065213
0.0011791106471823248,4.437711719136812e-05,0.0017531070491546485,0.6506803576451481,0.18853590392554262,0.06274029475246598,9.600864733920545e-06,0.45122030236935634,0.12746335448300228,0.011793956567830024,0.5441678394078309,0.1930674097178503,0.22906665896479922,0.02944340677833022,1436.9534676017304,0.35110042968998056,0.12267660939522335,0.0,0.09252821421236637
0.0005603146687501767,6.070859411132793e-05,0.0009876561087441133,0.18768308351990304,0.19434240446960058,0.040895544156538295,3.8180260274051014e-07,0.17820446132755804,0.08890368111991709,0.03573129304423535,0.5203361054373139,0.2206736712465815,0.25583156743591356,0.09508170074328291,1254.2595207318461,0.2996624341907324,0.036474781729526826,0.0,0.40191016383269274
0.0005497653591983596,5.455950770439698e-05,0.0006178166889583811,0.24349908773411072,0.2345225824851817,0.0673781384427904,1.5681869823732557e-07,0.24000665073877603,0.22177900532248443,0.052089650857488984,0.691328855360952,0.19431534653358834,0.5668604672162691,0.05398305404237238,1772.9328629934548,0.49701350882736367,0.05710603488818948,0.0,0.23487187518830496
0.001460982388546073,0.00011601879342212446,0.0014176904221667689,0.09914907344347473,0.2453348232220705,0.1101205848969966,0.0009211960708661048,0.862145713325403,0.10463437949958361,0.053514132452808935,0.6401275997664146,0.18930041775124273,0.3949564531936144,0.058050450848886194,1022.0955664655912,0.4508271820151719,0.02432472040588696,0.0,0.5114392870559518
0.0005061274962045498,0.00010966736795263125,0.0005917016245983707,0.639174287177634,0.2580723312262592,0.14649468134084448,0.00010741971312152935,0.9037132132904522,0.15175135818808852,0.00015939890063711268,0.5969270880786172,0.2088789760083724,0.5593886836095536,0.050604576998606,1859.2305204925954,0.38804811207024476,0.1649531983518145,0.0,0.0010503952158342161
0.000568288731668928,0.0002531402305638297,0.0007290428148839926,0.7967826795443126,0.16473569569010216,0.031021429261244033,1.1802535869302678e-05,0.9954643167173126,0.025699763195623403,0.0793391063331237,0.7223888343554509,0.1468234178021524,0.21356379965770478,0.0324998336847296,774.0324514907354,0.5755654165532984,0.13125854902855608,0.0,3.0871532056231135
0.000638349506265908,2.9590454682464337e-05,0.001953186186921626,0.7762337693407679,0.16914225120276238,0.001575553826332543,0.0002550985514194945,0.9239904244235303,0.08015106696899647,0.0025994783155038797,0.5070850387747372,0.1059913318399914,0.3767809179744446,0.07669794240118022,1694.3806341934596,0.4010937069347458,0.13129392720590327,0.0,0.03243223594901604
0.0006388717604502567,8.4145064158893e-05,0.001474899342116909,0.7315469928718558,0.22785243024302715,0.034252635403158135,2.6789732744869857e-05,0.2496207759926968,0.022908023026123384,0.00019493072530542708,0.732293779052135,0.10659531637034723,0.36707220762956694,0.021820820480839984,1140.4080080403792,0.6256984626817877,0.1666847601628308,0.0,0.008509277517450368
0.0005780661913660335,2.2261799728559155e-05,0.0019312856614585282,0.5633984196940169,0.12483257298510031,0.09850430352064381,1.0202742897042396e-05,0.8771130091132063,0.31041361436344206,0.04803137403504205,0.5856240086287279,0.1602191208416235,0.2190881754574751,0.05964232543767516,919.0064921785815,0.4254048877871044,0.07033047434614355,0.0,0.15473346468240082
0.0014813541364347908,8.36695239548764e-05,0.0005417106476861021,0.4649458471097277,0.08482616980220402,0.07190963061181671,1.4453692010893227e-05,0.32457523622683576,0.03222175149710306,0.0017565735029820993,0.5774843058735708,0.23154554878194372,0.3115019081237861,0.026439618878610186,1101.9783886594748,0.3459387570916271,0.03943957537575935,0.0,0.05451514648854599
0.0018980894434917693,5.502840728427316e-05,0.0019047946451075338,0.6334864734834891,0.019508855522791985,0.09822811889870497,1.2845128369701972e-07,0.47963691326496555,0.09465582203269463,0.03055360209820378,0.6885117603368898,0.21732802499415643,0.41720380224015124,0.04901696203688477,1049.6580172591232,0.47118373534273333,0.012358596086832385,0.0,0.3227862950432188
0.0007501637259399009,7.400209605359173e-05,0.001179485204048598,0.32212759058674284,0.11932516346722237,0.068096614326614,5.9707615434965015e-06,0.3138483102460273,0.3780257704788429,0.0028796491061213627,0.531651670000725,0.23954172736594825,0.20496022051495613,0.0582013643071726,953.7813749588175,0.29210994263477674,0.03843792740406557,0.0,0.007617599991856981
0.0006298196350959655,2.083558448936874e-05,0.000580186868452218,0.5516242068548911,0.009320616764289604,0.00023622090032358943,4.201439116533822e-07,0.010613346441536603,0.3017726216638348,0.00015646155360147848,0.5408549159106377,0.18138740729195324,0.4486884851683357,0.07662279981409487,991.8330461236252,0.3594675086186845,0.005141477829999654,0.0,0.0005184749787400254
0.0018720978031965332,0.00022965715015804239,0.0015158727123121662,0.7069858988610995,0.01739819317420024,0.08711736355203045,2.1701284563459766e-06,0.5931699730093385,0.27920941394835463,0.0011932414602774555,0.5670670276574307,0.09447109685577881,0.2327413983977655,0.029663615002011652,1473.5464721303838,0.47259593080165185,0.012300277239821003,0.0,0.004273643368264687
0.0011077610928422927,4.54309570034538e-05,0.0013862874512371249,0.171727000113579,0.1189747120047089,0.05506466930046533,2.4935047078053435e-05,0.4574972027535695,0.05131723847149432,0.00012771374718053874,0.6995565757934499,0.14490001461550372,0.34873411866402926,0.007748221220256517,1976.601957445489,0.5546565611779462,0.02043117038194567,0.0,0.0024887104408683474
0.0008761766458971476,0.00017761373985556122,0.0018184071737191872,0.2463893007114703,0.2808926513463549,0.1478739474023194,0.00023992608015900276,0.7780643466450944,0.1749250952526038,0.0007646161430091646,0.6038240202661378,0.07026097360263785,0.23318610968740053,0.027829283795272785,1706.5555650006354,0.5335630466635,0.06920894394021922,0.0,0.004371106054880271
0.0005152291719206016,5.3943447743411786e-05,0.0011153677730976535,0.7617103122109431,0.27876760835493153,0.11883853433063775,1.719380894174221e-06,0.8136852571739512,0.24086836288354796,0.0012443579892962198,0.6228850462471449,0.07066361562965431,0.4820345718826672,0.06219807128261408,1637.2628370065104,0.5522214306174906,0.2123401619943328,0.0,0.005166132963247757
0.0012094955012883423,0.0003881721126277634,0.0016379962933803169,0.6750572264826654,0.296906872390836,0.025876599533212214,8.45606426569286e-06,0.3863439804935344,0.3747786599823377,0.00032602179687946906,0.7081418614338914,0.08193315420114256,0.29758736022455023,0.07126360162922384,1461.8546208159353,0.6262087072327488,0.20042912979980043,0.0,0.0008699049110609274
0.0005081401545393853,8.518095413096206e-05,0.0014327548422154932,0.36817539508594077,0.25147370096439475,0.06196787457451629,8.812049083085063e-05,0.20589973811664924,0.044509500340170066,0.03420050181001611,0.6095270983216365,0.17916342464864693,0.20166391629966895,0.040671944576748977,1429.1427786846443,0.4303636736729896,0.09258642920628976,0.0,0.7683865590185017
0.0005385978732922715,0.0004181110319325533,0.0011666141897671088,0.5567323907185734,0.16926806141026954,0.06006315922012754,0.0007833803462281217,0.8821043012266822,0.034507028918254176,0.032444793990277734,0.7169480630159304,0.17863921368069335,0.3676695091461866,0.006475317291944968,1843.8361991844856,0.538308849335237,0.09423701250123766,0.0,0.9402372504204347
0.0007827180495235067,0.00022000080129603726,0.0007670435085309373,0.14015035696931405,0.22235748248432718,0.1263996180289939,2.5038980277433855e-07,0.6408728256140785,0.08405566505095471,0.00022401430872048142,0.6163661631627302,0.062205635588376836,0.2008735801750068,0.009030163602566527,1247.879626426189,0.5541605275743533,0.03116348054497645,0.0,0.0026650709215694564
0.0005908605425323037,0.0004371649542427461,0.0006432499412115268,0.052689260791458865,0.28379224786307733,0.0546400603930382,1.982078720228882e-07,0.8124548295777381,0.060983015445043934,0.0973453844514632,0.6854658870832977,0.061156413805546525,0.2044404879570531,0.014467503438550043,897.4153077938746,0.6243094732777512,0.014952803758252016,0.0,1.5962704326942956
0.0012523143609118749,0.0004509782299699814,0.0012823133250962656,0.4508639639255729,0.11140903163182737,0.13125038752856352,0.00021132592677667797,0.15447644389338813,0.0766393974346002,0.0018365782474274422,0.6637290426419997,0.12467721025828328,0.33054361873007454,0.007826903966461584,1009.2779700600876,0.5390518323837165,0.05023031761863522,0.0,0.023963892056884657
0.0006098184432525364,0.00010406536373220672,0.0008029672080714375,0.0818993879206065,0.014775767624355802,0.07057107186313089,0.0009032130956387307,0.8004407225500321,0.2542430184204664,0.003764482135421335,0.7308614711673178,0.10750542923853647,0.4271728698414507,0.08496367738492794,1172.8888059008596,0.6233560419287814,0.0012101263244918541,0.0,0.014806629337587727
0.0016904402755911995,0.00010993447400287162,0.002492805580059752,0.6628214643576748,0.0011091565161366935,0.03219039339547719,7.59894604094369e-05,0.03947106500791402,0.06070676400580245,0.00562391562519747,0.684287516092638,0.14320957252727073,0.3859436533448928,0.08193639961325694,962.9264786186009,0.5410779435653673,0.0007351727462275801,0.0,0.09264067550462626
0.0008432637215610454,2.9179344370154977e-05,0.002128543721074421,0.5912897249538198,0.10070589016778178,0.07044854740614528,1.584898456184164e-07,0.6562195127280177,0.3323786483429431,0.008579768317915843,0.5013512968204857,0.22676743203074679,0.4259478498739845,0.04919675154978768,967.7536399725649,0.27458386478973895,0.059546358098537276,0.0,0.02581323547914357
0.0005883164352769485,0.00018951786786387484,0.0005028711617076677,0.5772864562411497,0.2679112255666887,0.08051214538822227,0.00030535102988513016,0.13853222631314593,0.02620407017600344,0.0029915300525528658,0.6149894486772352,0.051749850510550026,0.47245594877691743,0.08787319722540782,887.7212226191177,0.5632395981666851,0.15466152199461705,0.0,0.11416280113966341
0.0018050124257753656,5.1199379036406613e-05,0.0019941329272174704,0.6352078058267911,0.09762053822803629,0.14739273231064462,0.00013504282862561977,0.5163365401883842,0.16816967129322824,0.023471548432924264,0.5263978159579946,0.058187123922245024,0.4184477478500036,0.04349598358616593,1914.5640004503075,0.4682106920357496,0.06200932789146132,0.0,0.13957063870332606
0.001972238971085995,5.6367722465309505e-05,0.000872107120135607,0.13570747211761158,0.07279277914793242,0.05477214983899421,1.4226741233401983e-06,0.5547188978328647,0.07537822497141806,0.006340409848315277,0.5663079592894867,0.09330698506224036,0.5702924569966586,0.014832977701627108,905.0317664570939,0.4730009742272464,0.009878524046581497,0.0,0.0841146080412405
0.0019526260111511695,2.791626257219033e-05,0.0024285607279750385,0.21895027269024786,0.15408200488501428,0.036887773404488025,7.679729684985818e-07,0.8081302699588122,0.10161831614797394,0.0022716080611283377,0.741516526982275,0.13916709618899076,0.41255764665163014,0.09445251209149379,765.4863208320738,0.6023494307932842,0.03373629698623398,0.0,0.022354317088077717
0.0015615614537397237,0.0002443942245458532,0.0007499640730634922,0.7410966839538626,0.007946797273055417,0.0017074870285748462,0.0001596288252178074,0.2229669718456883,0.30404800953666417,0.036422143317703645,0.5156872411488057,0.16141754893170757,0.2996754140079484,0.09615075258941992,1600.5912104795525,0.35426969221709814,0.005889345107114968,0.0,0.1197907638770831
0.001567712660258973,3.9145517344605285e-05,0.0007006555964446195,0.7580775320069109,0.024520632666489482,0.07886967194404695,4.784258330878846e-07,0.2997974584707244,0.18749021773948396,0.0002275192437283716,0.5936121605382537,0.07593655804370722,0.26359404562666217,0.09541345748034798,1898.210678879792,0.5176756024945465,0.018588540695060385,0.0,0.0012134992773036705
0.0005768112309036244,2.755415463682806e-05,0.0014656630070579788,0.30518617836176637,0.1754955850683449,0.12285952386449821,1.6573991510129643e-06,0.31429155721549,0.2872192480233904,0.0008204780492761384,0.5180155172086741,0.09605221597426172,0.5345910569234407,0.018507871341082276,1552.521971801209,0.4219633012344124,0.05355882692637045,0.0,0.0028566262704278122
0.0015713256366910924,0.00015227494888845402,0.0006474543359566861,0.07838957025489837,0.03313941230591169,0.14265941656636308,3.72515194616206e-06,0.018618762499485134,0.4067774384083377,0.0945330246150278,0.5058242806348108,0.07494610599563778,0.2906585346564089,0.06655590118695377,1489.494117954188,0.430878174639173,0.0025977842891603082,0.0,0.23239495529772272
0.000571087770633594,0.00032788592161786247,0.002398374396735093,0.3218492529554017,0.17192261885386542,0.11026514390794033,5.963104026717897e-05,0.7638349495076462,0.035649742706300835,0.015392170220838554,0.7055445496746791,0.14132799461717915,0.34996022225339274,0.07782413772976952,909.8798509909793,0.5642165550574999,0.05533316644425284,0.0,0.4317610465704174
0.0009711702293461774,3.902655838461395e-05,0.0010517573673690928,0.1387670887909816,0.12403959100874416,0.14021070491067608,3.9082174561594386e-07,0.9322658573093601,0.27695451038842683,0.0026074339868460434,0.6511115641477556,0.1753251097191575,0.377467084876455,0.024787986258576294,1565.7536907577587,0.4757864544285981,0.017212612939107443,0.0,0.00941466518522892
0.0005999280993446572,2.6357292344753384e-05,0.0008461530166853561,0.5874601549416665,0.11190722647905085,0.1004588762951359,2.0408418943478523e-05,0.7081215932183484,0.0687025692594806,0.0012860865546205668,0.6345024464505263,0.22652917138282136,0.5424201138420647,0.07578115043348081,874.2866931173395,0.407973275067705,0.06574103660647537,0.0,0.018719628224720192
0.0011064403402463003,0.00013178054624794696,0.001211803450303637,0.3102077829118853,0.28851788367184716,0.05994627694639596,2.5188401332150883e-07,0.21002508433247447,0.0739059822810478,0.007022012963613281,0.5585575625243848,0.12203452065804687,0.396965996387324,0.009848346471412892,1450.0408010964916,0.43652304186633795,0.08950049302427293,0.0,0.09501278173815683
0.001331012149965841,0.00036128225782812174,0.0008378307293512253,0.3855240855123293,0.15294349517601655,0.05703411625077274,2.017742245294704e-07,0.46617260227762514,0.03935161605607101,0.0005004171428305262,0.5450522589907267,0.12777982269205618,0.5559772748685086,0.07457839027188835,1862.6469493579978,0.41727243629867056,0.05896340111279313,0.0,0.01271655888585353
0.0009217636913903503,0.0002202681960610976,0.0005343998714770208,0.51075569794245,0.14381983460148226,0.12174483213906276,0.00048226833301990695,0.7524275538851604,0.07030301424288021,0.00012860647825100463,0.5169284767855902,0.21631477735905025,0.3292184288960669,0.018208492747895166,1690.5257470824663,0.3006136994265399,0.07345679999984779,0.0,0.0018293167033592585
0.0010840657856029457,2.541766187161485e-05,0.0021584310553911766,0.5153327298776366,0.26612926081572946,0.021318076462776937,3.314094438672284e-06,0.2588713356478439,0.06820969342173575,0.08158147122088005,0.7382681831230827,0.14736150429536493,0.5263329041216773,0.06301398165756844,1989.4842512306898,0.5909066788277177,0.1371451184764874,0.0,1.1960392596469764
0.0005904735740585916,0.0002558589163376069,0.0005776048793173071,0.12463398179897114,0.021962808570927816,0.018182583439963994,3.223841342063187e-05,0.7505918074447979,0.09393964952103119,0.05943696099441677,0.6145168676491979,0.19317257224218665,0.36169320885821094,0.04703593166158723,1574.8227058169987,0.42134429540701124,0.0027373122836833047,0.0,0.6327143149614374
0.0016133095738068523,0.00015699819914992408,0.0012513621184390533,0.7063320978024328,0.1170131282949984,0.01776336152155864,0.0003861728315836774,0.30419950881410307,0.1321587511546335,0.04015697925683201,0.6448845590433456,0.1378347489117942,0.34046021809316046,0.08380193427914809,1961.2590509810334,0.5070498101315515,0.08265012837903142,0.0,0.3038541065649598
0.0015761701168950043,8.129654970708816e-05,0.0006548183368754534,0.6075958097863228,0.06263160789419288,0.018472681307403357,3.4387625671148524e-06,0.6063779107619586,0.0968672022243469,0.0001917708259897968,0.619056230421616,0.19260661446831467,0.5618218526306686,0.09939884675823367,1225.3988326929812,0.4264496159533013,0.03805470251669157,0.0,0.001979729171341717
0.0011889233542046456,2.4246682014712732e-05,0.0015379838579899132,0.7532011161819064,0.29560178293806944,0.11259338261216668,0.00043241013289876593,0.6294584376113075,0.04704553653115685,0.0008776614480638766,0.5814714413562568,0.24741016527969273,0.5125426139302252,0.023546430731722082,1280.2100633160414,0.3340612760765641,0.2226475928543155,0.0,0.018655573148424566
0.0008858512300032561,0.00037246816645963024,0.0011896785624958405,0.37476357410925937,0.107790334151992,0.021105147118131214,3.794938505548317e-07,0.6485009026204798,0.13121005405330957,0.026448957185982672,0.6164624886993562,0.2472683181772804,0.5193827153436561,0.060173789499563674,1881.315051416126,0.36919417052207576,0.04039589088123188,0.0,0.20157721431344489
0.000603025632279963,0.0003539568779190014,0.001251130112559573,0.47831665234881016,0.13913624434394967,0.05850257620081941,1.4448935434574668e-07,0.8520772006614441,0.4728323982452186,0.003425226048146029,0.5811041211982285,0.15859816729945445,0.3063677548200473,0.08979762457226363,958.5274475727649,0.4225059538987741,0.06655118261498408,0.0,0.007244059545957023
0.0011450790796663963,5.8115942663343063e-05,0.001866402694020852,0.4209870602715162,0.15192388946359317,0.05036488407551102,6.922589891450947e-05,0.8201746041895511,0.13328574161216641,0.011117178518135488,0.6066113480218798,0.23843984214050473,0.3093654925803437,0.01927157253064602,1745.0580321176462,0.36817150588137504,0.06395799161029286,0.0,0.08340861058104886
0.0007475734865352695,4.36303944397487e-05,0.0005669516995175047,0.6693887840317959,0.03235921954363365,0.06690536331062091,0.0006318704905501521,0.9922465316930766,0.1111435199146079,0.0007007391355395838,0.5224417852122268,0.19923055608855872,0.5329316021623933,0.01581262763878812,1116.8445439042328,0.3232112291236681,0.02166089862253085,0.0,0.0063048132367767825
0.000636604262977463,4.021969286724181e-05,0.0024862553539238006,0.14250474316218342,0.083673408685894,0.014394507212749118,8.447468007840747e-05,0.3019034533276946,0.025246773224540647,0.0005717637785637513,0.5737924616786345,0.15316099307434533,0.4442837460437782,0.033790515128824146,1527.0984919469493,0.4206314686042892,0.011923857614287731,0.0,0.0226470041727146
0.0019858843191421288,0.00013835128307039085,0.0024348844088638707,0.7709433975315162,0.1475171093263758,0.005100305914091429,3.443756600352382e-07,0.20354487381585087,0.03604661049139716,0.030452474475072506,0.6812935550451394,0.11816459336639797,0.2250040322879463,0.027718996587894933,786.7383911458826,0.5631289616787415,0.11372734145810427,0.0,0.8448082651859946
0.0008474106444115117,0.0002716481760832073,0.001403773929577707,0.15437477764157265,0.24817598942224495,0.062995256625745,3.973595553572429e-07,0.2952266692251559,0.05226975003309369,0.0011659791002144539,0.6300653547098896,0.059471578415988775,0.5200149783508359,0.07177620930268004,1549.8997399898612,0.5705937762939007,0.03831211318303635,0.0,0.02230695764713308
0.0012843245026481103,0.0003866839687714497,0.0019166262195714678,0.5492653034665614,0.10433919756487318,0.11299260927633831,0.00030340597374986614,0.682336114565844,0.0892506812448265,0.0002735012316971933,0.714479887535206,0.10862349758909551,0.49911435631437756,0.057968130894716606,1666.789170499473,0.6058563899461105,0.05730990101392758,0.0,0.003064416180162737
0.0010923112494028696,0.00029057174560408075,0.0022259815622611688,0.46451187095775276,0.2987130187727514,0.11865230013071038,4.563950863338371e-05,0.8527443072557731,0.12042850078065459,0.0010254578510425513,0.6186095783145912,0.12323407318374016,0.23331226449700712,0.059407822144974295,1503.5696434519095,0.49537550513085105,0.13875574322956907,0.0,0.008515076118985275
0.0007881139670994033,0.000209855156772495,0.0008646301168932967,0.5977268569079468,0.22640549690906148,0.1249238043168422,2.3661709554401208e-07,0.03243181586330906,0.021253712994830486,0.00014674057942322847,0.62728439795579,0.19409771069462362,0.26557432044266716,0.08051250521430639,1375.5864445366335,0.43318668726116644,0.1353286460541352,0.0,0.0069042326608494235
0.0010586030936534478,2.0601357554824264e-05,0.00215488834237249,0.6048831204807169,0.13161368595762232,0.1227080691744504,0.00011599137514283365,0.8590555309741824,0.3091298407393134,0.00398288837637549,0.5332316345719788,0.15456227953457857,0.5701100620046513,0.03203959318057196,839.3251205435386,0.3786693550374002,0.0796108970600157,0.0,0.012884192502574434
0.000759318468339806,0.00012544855245509852,0.0010872794629411733,0.2255284633472054,0.20502357217782724,0.06510566473725413,1.4071061547042728e-07,0.8711229995998859,0.15635407678466773,0.00043386437306941147,0.6579354956459336,0.1425947516714186,0.5765169070444807,0.05320637067752241,800.3464102085003,0.515340743974515,0.04623865118322023,0.0,0.002774883661440651
0.0019101497799846375,0.00010836645606521271,0.001690458794383084,0.2507885089971912,0.2950395769042086,0.06174372202121925,1.927469088175775e-06,0.4081486371818179,0.335104991820811,0.0017067808017658152,0.6125005458602366,0.05294649153138748,0.2519529505358826,0.09705607067695544,812.6396864804569,0.5595540543288491,0.07399253558696861,0.0,0.005093271790706339
0.000513160542258528,3.975486666789368e-05,0.0012287356743197343,0.2500457125628956,0.22337726893198354,0.14087378737630626,2.9080935180769313e-05,0.37917609510932565,0.14547855398994833,0.00021357743326170205,0.6515943147255683,0.16921016381815004,0.3051600565286553,0.09030120931405444,1892.5775053743919,0.48238415090741826,0.055854528380451386,0.0,0.0014681025306070813
0.000765856930471688,0.00023110987160084476,0.0019293070115456534,0.78214452835597,0.18741861571407759,0.007450642209429333,1.9116299527417813e-06,0.09888701927756428,0.2640774839144268,0.00026785320005750536,0.5835994454785383,0.1271163466937087,0.244686746121398,0.07411657058316343,994.2494822081376,0.45648309878482957,0.14658844479281602,0.0,0.0010142977586998748
0.0012586384305100673,3.2621683638992263e-05,0.0006811941207047849,0.6217395779483827,0.18204643925923134,0.11442095125599118,2.563417797237208e-05,0.49723699657939713,0.07442066383350071,0.004321432332540836,0.5077764555395521,0.14778348929056478,0.5262128376306184,0.07676725598222994,1673.5671599858185,0.3599929662489873,0.11318547631204039,0.0,0.058067640221660166
0.0012735078171040558,2.7092991915943067e-05,0.0016350576943399424,0.24900982536439314,0.24913660328512166,0.09430859618637803,5.689757921320815e-06,0.5959318042642768,0.08820471545188865,0.000999945690203704,0.6880125559899771,0.17143404221048908,0.5566230261715588,0.021539131476163053,1779.8678424768436,0.516578513779488,0.06203746207590624,0.0,0.011336646630294106
0.0009188868362020079,5.970789627905475e-05,0.0021724304633077614,0.7429981429281952,0.034293462695350746,0.09690085301340019,1.9201406675435718e-07,0.12119762050775572,0.07863773601939601,0.006595395735121477,0.6426390264187333,0.2056652918922532,0.3790587199593989,0.07350897883696939,1656.3056603609994,0.4369737345264801,0.025479979097222945,0.0,0.0838706207601745
0.0010941060552993895,5.0150094470367245e-05,0.0016168527509007238,0.4308822278442121,0.2899619857505499,0.05918808319162655,2.9711403174245844e-06,0.9426107494409628,0.11388201134197155,0.00011945833145969314,0.6888668350180766,0.21287011700677883,0.32059605400529667,0.05576422497725132,1754.3872645523543,0.4759967180112977,0.12493946641032862,0.0,0.0010489657677451507
0.0012131242180019243,0.00017930675353873443,0.0006754778741740541,0.22716001182916257,0.12239979013058337,0.12149119210845225,0.00035073096167804655,0.7711591249400932,0.05449315215267211,0.0003128171091488796,0.5872272987007515,0.13327341134470733,0.5437579373195356,0.036555835797730196,1330.238740533417,0.4539538873560442,0.027804337773950333,0.0,0.005740484754349825
0.0006211046824123989,0.00011988867214568281,0.0009663354424699248,0.14502180110810298,0.2395686656859092,0.07485147584373093,7.61497513591643e-06,0.7793226842717479,0.15482839264544865,0.0002943608434051391,0.6434119534774406,0.09186775008075199,0.36290338475284967,0.019784965480107327,1975.3010691807067,0.5515442033966886,0.03474267938683554,0.0,0.0019012071260031398
0.0006625179152869361,0.00033889948473860834,0.0009367124788740627,0.29366476774765626,0.09457133678663776,0.015371473021600062,3.406471415722517e-05,0.8653752260715819,0.05431959696695491,0.042534390017671446,0.5459457428969461,0.21436169417932754,0.4638756845231313,0.057916896769833075,905.6925463950712,0.33158404871761854,0.02777226965303336,0.0,0.7830394994194647
0.0007258222694140494,8.788511119880306e-05,0.0006920107372919242,0.5030847703277369,0.17723348512863552,0.10999431893799823,0.0008838978125844308,0.3809091703418636,0.05235561666955111,0.0001610157421708897,0.5914611517823188,0.21354530816923012,0.49713098287483615,0.05242895688429141,1092.0349319370625,0.3779158436130887,0.08916346716032397,0.0,0.0030754244226968096
0.0011071736970206226,0.0001246793124045209,0.0020988929648616136,0.7948214250517636,0.12967644625167785,0.00810703438147202,1.6365436531474708e-07,0.3064528348010704,0.04501542118799691,0.03967186996796366,0.6667217612925915,0.1816649547378838,0.21850583564804385,0.015597385660419932,1981.0421523051175,0.48505680655470773,0.10306961780540701,0.0,0.8812950966799334
0.0005482009614838285,3.361928547372916e-05,0.0013399819963432998,0.5321993825600974,0.2511320407874132,0.052384984370863745,0.0003347819359789821,0.5724524366652727,0.24494183430177177,0.00016177779441548686,0.6915063093888016,0.2452173467125076,0.3842501527796306,0.08536601486364946,1610.9018594319368,0.44628896267629403,0.13365231704811847,0.0,0.0006604743321068395
0.0009197276641803697,0.0004365671392176528,0.002037238965520446,0.6699743361499811,0.1563537317615626,0.12198454243220934,0.00070226886720493,0.2971998331755634,0.0217644055367704,0.06335283031142636,0.68105164491628,0.1536736573112783,0.390317582944431,0.08403306082960531,1860.5033877005685,0.5273779876050018,0.10475298764152512,0.0,2.9108458857005486
0.0019838006540474507,6.006366713815477e-05,0.0007887695930103481,0.06847756641137015,0.10494023614739016,0.10160106991153318,0.00033125283232840106,0.8949992970902133,0.045435085946412546,0.033011313197088915,0.7064851009248954,0.20049750156987034,0.4684707122239571,0.0644961989625294,1386.9417068100877,0.505987599355025,0.007186051990007776,0.0,0.7265599373141588
0.0005455773376080014,0.0003476797187736589,0.001017100613501137,0.15227098719961085,0.23001336223742921,0.020107443264545322,4.276833838427586e-07,0.12482112197120143,0.14993525848023603,0.04058788995345152,0.7374910524068667,0.14525245653093516,0.43475184823002877,0.08304620461836619,1641.5746185718056,0.5922385958759315,0.03502436173699504,0.0,0.27070277108170443
0.0019759616014562056,0.0001753882912911041,0.001970900870531285,0.5827358119408126,0.194528289370872,0.014986211785332942,3.8793541453337633e-07,0.612111763927948,0.3625913047363239,0.0001863931277718495,0.7266098636726993,0.1017045807021791,0.5189992751194645,0.04840362629540786,1121.2224742641463,0.6249052829705202,0.11335860065199244,0.0,0.0005140584601370803
0.0007449431684201791,9.441023907888584e-05,0.0007625399866772945,0.22637116929073797,0.1371928206131893,0.054561508530186494,8.953086051915751e-05,0.7546862978119105,0.05398969538155484,0.01871531069349659,0.6584831199458056,0.2286541412120327,0.35936717108923855,0.08805648858087321,1397.0451673418768,0.42982897873377285,0.03105649922050212,0.0,0.3466459768152448
0.0005178450654503729,2.6502929012605022e-05,0.0009563676081712493,0.5955260498069312,0.2695572956544124,0.095068454538434,8.194097925590108e-05,0.4020866368509359,0.08600314161033061,0.004370777490232573,0.7431062130470425,0.1876848805730295,0.27810141976474245,0.02638436922226096,894.5072718070054,0.5554213324740129,0.16052839147771128,0.0,0.05082113755839309
0.0008329946182666981,7.27879295233317e-05,0.0006169027372760877,0.7813667093051219,0.07999904457346711,0.11662394257221637,2.6665971363539185e-06,0.2575456686235663,0.04049697946717704,0.07570413260936815,0.6432464509053878,0.09564785932244661,0.30991643012527137,0.08313856796073134,1536.2157400352685,0.5475985915829412,0.06250859020592377,0.0,1.8693772623394453
0.0007529606564597219,0.0001851722246323786,0.0008669044840073647,0.6554454246188819,0.14721458006439073,0.0009661884483718225,0.00018788766054297695,0.9639921152050857,0.1418141343700184,0.021781287472085655,0.5952129569255754,0.13502532822241392,0.47052224378155766,0.05028135919502097,816.3252578622752,0.4601876287031615,0.09649112294039497,0.0,0.15359038482902124
0.0013922250583682692,0.0001807526965102689,0.0008326972998291276,0.10167493242617681,0.19468115025842478,0.12921255416007518,0.00012649377315158595,0.9325874746377849,0.06218347299049057,0.00018719310387528234,0.62872017260081,0.22738161888567865,0.3383979541499229,0.05052950532100825,1692.5235900348544,0.4013385537151314,0.019794192797175713,0.0,0.0030103353008911053
0.0013294594085072095,2.6884391736062668e-05,0.0007077744935456215,0.2829400048002596,0.03143453067365701,0.005641835711119579,0.000274315690324046,0.1404219333400544,0.20476527046767862,0.01977365091729862,0.6849102886102941,0.12641606785549023,0.5177693617593297,0.06343407762774499,1788.96268333323,0.5584942207548039,0.008894086259698421,0.0,0.09656740555728083
0.0012576610242506525,5.3444767212404066e-05,0.0009625177435740514,0.2762806704443334,0.0015574617309437333,0.03227110170365167,3.703267753691892e-07,0.3469939605660307,0.495745656321621,0.049678142665250655,0.5425072656171736,0.05842411925716697,0.28223681627928043,0.060440403411885134,851.0566287034271,0.4840831463600066,0.00043029657121652665,0.0,0.10020893180155543
0.0010289778063344958,0.00011910760791233813,0.0017133103285927676,0.45403504867022637,0.12852630772667947,0.05961922312282095,0.00017539039047010282,0.3811057266901428,0.13255489727252878,0.0028645433229048545,0.6362824373218892,0.07950453653073315,0.4803403585393728,0.0815389830730524,1298.2588986664741,0.556777900791156,0.058355448384087405,0.0,0.02161024135543964
0.001505449387503154,0.0001085226029648962,0.0007906649658156631,0.36523896158482455,0.033734948963344925,0.008553320062055838,1.777975458405576e-05,0.9769534525088557,0.03431367238260705,0.0003927101431171994,0.6064724546739295,0.14715798451817907,0.28203035189421777,0.04802090263584247,1513.6727972449055,0.45931447015575044,0.012321317728489154,0.0,0.011444713312477064
0.0018102835800709706,0.00018599332971635065,0.001026593345517651,0.2503684632193594,0.07870094662808985,0.07624199207319143,1.079391435044973e-06,0.8041835265160637,0.02603943319879632,0.0002711603727877039,0.6453161752779472,0.06344194792711273,0.5443132847311376,0.024500736388511975,805.8381493094205,0.5818742273508344,0.01970423506118368,0.0,0.010413451426440356
0.0015976170958906769,0.00016627705330318543,0.000583078877818279,0.4444223199770065,0.00578711971959515,0.0223663985508889,4.298500508946497e-06,0.28761542036727106,0.04216273300399237,0.0010117007239616236,0.5017113387113896,0.10517594554289322,0.2550374384984956,0.0562310991959372,897.9717007853078,0.3965353931684964,0.00257192517176716,0.0,0.023995141013886036
0.001853936937063532,0.000150710041637228,0.000678790888116664,0.32847284518241415,0.23353886162751183,0.1020052556251622,2.1671419347809083e-06,0.11756395751046224,0.14072772135093564,0.0557131910632122,0.7127570785473645,0.1956669036709508,0.48972036514839473,0.03497269641003405,1987.6778090598623,0.5170901748764136,0.07671117433945093,0.0,0.3958935064704065
0.0012376788521986787,2.741549474434664e-05,0.0017578254655936875,0.7008066493126498,0.05477459328558725,0.09670230547141566,2.3569162812632474e-07,0.44571242682627177,0.16298352563353055,0.01933588544721831,0.542379566334664,0.1482301787363894,0.5642063687601315,0.04765245733938801,761.3193797790065,0.39414938759827456,0.038386399187935565,0.0,0.11863705470880025
0.0017627859463113377,0.00023001347542194337,0.0014398891584957167,0.0974865094914368,0.12502612399107718,0.04465195208370806,0.0001723037675005226,0.053390068148702556,0.1746044926253459,0.0004218603830920196,0.6109334128693904,0.1796180534871168,0.47079922360168375,0.046084614811123366,1059.1956359821315,0.4313153593822736,0.0121883604231337,0.0,0.00241609122851849
0.001693053126324284,0.00031717842340332053,0.0008437506408336536,0.4587776099949584,0.27134676467720137,0.032489045179041845,6.039697797492192e-05,0.491355428096788,0.054170756771978176,0.0017352235382787494,0.6154162088740109,0.10882358234022443,0.38395857328573146,0.08507529099262047,1391.3731239415356,0.5065926265337866,0.12448782017847085,0.0,0.032032477330579914
0.0016669060326321222,2.3376451389683225e-05,0.0014604727086931788,0.3091753045751689,0.25691969610064397,0.13653442654367637,0.0006342948378854624,0.9790269422880911,0.10180681379535057,0.0002637568902853861,0.5185495275559668,0.1101202671490386,0.2176083783168985,0.0725683820469708,1730.2636613496325,0.40842926040692823,0.07943322529327643,0.0,0.0025907587169517296
0.001737855112552126,4.19657034507172e-05,0.0005394972176896702,0.7570972524296058,0.24280993679509108,0.12300125536900237,1.3264298008206617e-06,0.26946763863475837,0.07344479456867602,0.007243103105608132,0.5099106450185117,0.1847915474516474,0.4033006060574779,0.09398004234099146,1097.7719644476365,0.3251190975668643,0.1838307360101697,0.0,0.09861969317424293
0.0006996555934406927,2.5948179421104662e-05,0.0005325314805132104,0.7305339980215237,0.1662793952432204,0.000695817558546824,8.164353688877038e-06,0.6582096668055333,0.03352807786871127,0.0006601489161467722,0.5415756311149887,0.22725203225207996,0.5674363757717098,0.03239368210960727,1119.7187659989106,0.3143235988629088,0.12147275139563095,0.0,0.019689435187181713
0.0011848177454693433,0.0003834792493876674,0.0005147301368999689,0.731806761223085,0.1984348351365473,0.14175295917078,7.57130821682138e-07,0.3978980464322588,0.15289723280020784,0.00018804507147900928,0.5113519397157008,0.24148564931829603,0.27005596732955184,0.06268131072630087,1051.7199790399086,0.2698662903974048,0.1452159540151135,0.0,0.001229878841069213
0.0009935820452465032,6.305604139817397e-05,0.0009963516791990999,0.3791942675620236,0.068169818534398,0.016741028131073643,3.286041868564723e-05,0.5472823843306482,0.4570360267894957,0.003098110893022402,0.736340908605249,0.09102115882364178,0.25851294277050946,0.08144944126067859,1190.4270817150452,0.6453197497816072,0.025849604408987113,0.0,0.006778701702763901
0.0008742359468105928,7.29871749317379e-05,0.0009722654398838912,0.12444364770719683,0.2873526195472264,0.1376788200744273,4.9629739926306046e-05,0.04866454606710541,0.06626430404478748,0.004087132629038608,0.7382141804861212,0.078461226454974,0.28518969252374254,0.0989068143803544,1104.2923257978464,0.6597529540311472,0.035759208154675204,0.0,0.06167925081166098
0.001325824186132571,6.846983334627247e-05,0.0005696890862517173,0.06594653262367296,0.20097708497159314,0.09145592587231073,2.1105202368595535e-07,0.5430937062760405,0.09250065646526723,0.00013275048792247217,0.6874607854981305,0.17005207401618566,0.4336746339346672,0.0657296990373937,1210.6934869840056,0.5174087114819448,0.01325374189068986,0.0,0.0014351302249656815
0.001214403783104978,5.742045970963394e-05,0.0005165051652202176,0.23448677306993448,0.028598365418938065,0.02771951159238591,8.524038992174508e-06,0.06402783595284114,0.1083751142787791,0.011907941695449798,0.6054574797818184,0.21760798983268226,0.5682551488785333,0.04050487860405224,1484.64483193858,0.38784948994913615,0.006705938422161592,0.0,0.10987708547940593
0.0014923902775020896,3.30131327874925e-05,0.0005320132669215119,0.059869971568176354,0.18290725290075385,0.1328553720224066,1.623135470668032e-05,0.11182330573739742,0.04872029909799005,0.012102710210877103,0.5959476014662551,0.08308013012667133,0.28856366084761603,0.030927938590680677,999.5092796643081,0.5128674713395838,0.010950652030781376,0.0,0.24841206714546626
0.0013644363863533594,0.00016031814149464646,0.001068391498433515,0.6519264417382409,0.20885113981598408,0.14792032220213758,1.6860894541518594e-06,0.378187958015732,0.051682556506694226,0.00015349079402124117,0.5575031886805301,0.23296557732895096,0.2597090818008488,0.05205301913933453,1034.539529756388,0.3245376113515791,0.13615558043321035,0.0,0.002969876190264701
0.0005350550072019746,7.541904035455327e-05,0.0005161694882358467,0.26993199253258154,0.013472593761987079,0.0058960788731987615,4.826757358049787e-07,0.4321886446150373,0.4471610653812313,0.0015361331311695425,0.7294823601686619,0.24547085613777947,0.2767030620440068,0.07911815305022102,1620.9752041593756,0.4840115040308824,0.003636684078755201,0.0,0.0034353016174605857
0.00072856026976683,2.1014270970684644e-05,0.0005092636040954698,0.4814400579045451,0.22072399520803193,0.1428592284298057,8.411788147149322e-06,0.3539461524664179,0.08186234869222357,0.010189003322880315,0.5534330105914569,0.08751853546540328,0.2257922139457955,0.09286590985600246,1142.6236933618486,0.4659144751260536,0.10626537303387742,0.0,0.12446507442863301
0.0009861292985135063,3.0469810428293575e-05,0.0005681345453137427,0.27938096754625397,0.11791021683595711,0.0698732808740372,1.477042534348051e-05,0.08450829464043641,0.05501408300992818,0.0002401095856291599,0.6969366819412093,0.2026451858850229,0.3338124263796096,0.013499087103504372,1950.1374344721148,0.4942914960561864,0.0329418704632183,0.0,0.004364511275882364
0.0011280406265395042,2.9289952292216044e-05,0.002206569452799499,0.6550703968460347,0.10232960891178897,0.08381509244535669,0.0007274931483753193,0.142052969124066,0.46515951814509027,0.0037833046030329477,0.6633884161353084,0.17724231415754715,0.2917264752433373,0.04071370403389971,1397.9208291235364,0.48614610197776126,0.06703309751894514,0.0,0.008133348787786985
0.0005002823096386469,9.189916935679708e-05,0.0010868525764019103,0.4742023596436046,0.25631832669742477,0.024798477609299572,0.00027842635233654305,0.6675907490127824,0.2282634543997468,0.03322459259126769,0.6790200904971788,0.12504518252599756,0.5298279523406353,0.08220714197031108,882.2619693517898,0.5539749079711813,0.12154675533981915,0.0,0.14555370976329424
0.0008208333034918902,0.00027599061574413633,0.0009502091501993183,0.7015786601773102,0.2129137271488012,0.00042222423452407097,0.00014671779610337746,0.9394926284573577,0.0383835665668516,0.0011206102099312895,0.7263454589813831,0.17774689314665132,0.2722368848528277,0.07251541819496181,1831.8819955277143,0.5485985658347319,0.14937572742641334,0.0,0.02919505168910121
0.0011718221623823557,3.184725944212113e-05,0.0007814316139907656,0.7124372443309273,0.035421867022677134,0.06506357135469283,3.4811912056081997e-06,0.7113282416181073,0.13558096795143953,0.018460405971819506,0.6974951323158345,0.05303622863458014,0.34946348370561,0.02401664593331514,1184.3780221477946,0.6444589036812544,0.025235857330692644,0.0,0.1361577974456665
0.0007567279250915657,0.00031658339752805166,0.0006586439329048645,0.23245641471012363,0.09611886128753049,0.0736548109551274,0.0009543351977009378,0.5878470772557274,0.04228469786885865,0.002155328644658375,0.5632286738005365,0.17294160360619643,0.30911628557295245,0.08961825191948426,1172.0531600115055,0.3902870701943401,0.022343445880919036,0.0,0.05097183504403627
0.0007665606070456068,2.6042013352257446e-05,0.0019676029485593415,0.13524499504388954,0.2893963404059982,0.10613286728602632,1.1518564939671404e-07,0.7100801023535162,0.09512123685950512,0.00010375616279780386,0.7467175563027044,0.23981211401057384,0.3410269941016244,0.04388063161156334,1746.7654181047246,0.5069054422921306,0.039139406623929,0.0,0.0010907781082688465
0.0009699384918952458,2.3982778008870254e-05,0.0014252080292312935,0.6416883567822531,0.2592786929550596,0.003955186271551463,1.1367505896011148e-05,0.967632821415313,0.2171787811798235,0.0012673775410696538,0.5233450386769668,0.23500936671540734,0.5273076089005496,0.051020991297660086,1089.860747070353,0.28833567196155946,0.16637611843098254,0.0,0.005835641650554564
0.0018442720534239487,0.0004573101382127953,0.001418913158170393,0.07615890328757999,0.11839085215667541,0.05395282152054382,2.7477375166647804e-06,0.49987397314285126,0.3684314709079797,0.0010675502734535003,0.565037006738414,0.09581219158548417,0.388080832524184,0.01131903089218685,837.0184550113619,0.4692248151529298,0.009016517459534423,0.0,0.002897554518951868
0.0006012142639112138,0.0003607817409629786,0.0008543985146376973,0.4757126237343709,0.10372405451486791,0.05233789662979128,6.595181497203798e-07,0.8091921674779652,0.02929152054349261,0.002022565336159698,0.5166490342995894,0.23670566594361758,0.2163174305711779,0.013548213713434749,1468.9588077221329,0.27994336835597183,0.04934284211763473,0.0,0.06904951667348762
0.001408322397605605,2.2961170244119294e-05,0.0010121569536546116,0.6058630209350592,0.2765286927078964,0.051284248955268,0.0003737850099752905,0.37576291967911435,0.11893086106740561,0.006304531508208424,0.5221902918671477,0.17138789884726496,0.5069046933907195,0.05633293680874454,1735.3321330024714,0.35080239301988275,0.16753850913922877,0.0,0.05301005518353431
0.001954560420290708,8.999754702485281e-05,0.0012031590508087557,0.3511969423783747,0.17679419682886655,0.14625947462239194,3.1562593627500677e-07,0.84107962794013,0.04569148104061772,0.00011889856651823677,0.6670344481025495,0.22631943290419576,0.21098051957278122,0.09873044133320359,1030.2113152075017,0.44071501519835377,0.06208958135653848,0.0,0.0026022042580003298
0.0006287148829605725,0.0003362297325986785,0.0017358896945105485,0.480962291228021,0.18937735973752154,0.0245374041817922,0.0009049481980566216,0.6374455468739303,0.08499135804534823,0.09652857315273365,0.7390309307977244,0.08454877757512258,0.5048153097289616,0.07735032071160595,1776.9279418098595,0.6544821532226018,0.09108336884607153,0.0,1.135745743717021
0.001140969183712557,0.00016811687440074634,0.001094841129138653,0.785315026533125,0.21522528918909933,0.0904639920107395,5.372544737311413e-05,0.5478691663294695,0.05117491834595034,0.021629384231641076,0.7428263628466889,0.11713196729313688,0.3539774590973046,0.08682763744535564,842.9491226466677,0.625694395553552,0.16901965369013705,0.0,0.422655959808731
0.0008952561206964328,4.395693454490145e-05,0.001828062615979443,0.4829094311982128,0.08572585080638169,0.0898647375152779,3.912596115360358e-07,0.9465035758769681,0.26082675453969684,0.00011115713654828937,0.5509785684558983,0.22231168259753914,0.29498215481208107,0.04222732663440728,1885.0735522437406,0.3286668858583592,0.041397821851892634,0.0,0.0004261722948800165
0.0017047503920745645,3.419802826774707e-05,0.0012022604371118109,0.631851373864788,0.011334907800057992,0.12584678381621917,0.00012481567688289898,0.32085436478385004,0.04492631819118087,0.00019658933986362175,0.5216090797535275,0.0659849400322444,0.4080908220547945,0.028366158294830367,1741.601803197646,0.45562413972128313,0.007161977066097344,0.0,0.004375816843638272
0.0013126288209004318,0.00012205850234240521,0.0009604288640530496,0.5613537550446316,0.14100959316482736,0.10813833512734729,0.0005905288040315303,0.7025090032555155,0.050519752322093374,0.004031373827761461,0.704364096642876,0.2040789899787811,0.29444475057223196,0.09491116880041657,1571.2045589385289,0.500285106664095,0.07915626462039166,0.0,0.07979797292075114
0.0014112257207832641,0.00017395605167284646,0.0013565356500577178,0.5921675431433219,0.1033181113681083,0.05447051617990003,2.0654095403778326e-06,0.7761733697202955,0.21673260547228698,0.033334084985302014,0.5259727194261238,0.06799886804838186,0.3816255760479413,0.07491757551465211,1326.4690171041327,0.45797385137774194,0.061181632171060804,0.0,0.15380281574460355
0.0011031006455674015,0.00012209726225426363,0.0005610813154294041,0.6893761911244093,0.14788790569542876,0.14580271007203802,6.020844837565163e-05,0.5888837996701417,0.30086408623789773,0.004120946441186979,0.5500249087604941,0.17223964667474367,0.3175147554932996,0.08782622504650582,1655.378530584067,0.3777852620857505,0.10195040114168051,0.0,0.013697036734150066
0.001883977129393138,2.904448508996652e-05,0.0012587705466114278,0.10600115738439796,0.2797701291971419,0.09918828364479816,3.4669360598423296e-05,0.9654498117800178,0.06658327973076945,0.022450956786483102,0.6821647333468526,0.15675511201177156,0.5194027179357391,0.042025600090553054,1029.0185006536008,0.525409621335081,0.029655957496479587,0.0,0.33718610553976763
0.0016603848532745265,0.00022367065541115173,0.0023218651013744347,0.5782996738214747,0.19295792609567233,0.053848836509537874,1.4367060420068648e-06,0.0661018104403334,0.07358072949030466,0.0001800780711176571,0.529082673139678,0.12294848722496102,0.3719874271009941,0.010867732455043903,1377.762576149453,0.40613418591471706,0.11158750572239554,0.0,0.0024473537074864832
0.0006319673210880104,2.1769758092714734e-05,0.002356649079984809,0.27901198884573675,0.17940021979157086,0.12984761808686235,9.459513586680664e-05,0.07926846309682345,0.1893562202577871,0.014436834476309451,0.6440743447175216,0.22141944444368228,0.3437042942942098,0.05261420409208973,838.4588973379191,0.4226549002738393,0.05005481212340849,0.0,0.07624167010017063
0.0007724173239141405,0.0004102728668262209,0.0009699236951502977,0.4251980834189408,0.0331971248390541,0.07509042775010406,3.120883733563801e-06,0.29859591257043694,0.0377421416036156,0.0012201480287609388,0.5861323653071576,0.14559919689581124,0.3653734211648321,0.07768664777001566,1650.4151337638557,0.4405331684113464,0.014115353856585116,0.0,0.03232853189878477
0.0009305179389321891,0.0001228308571654117,0.0010978768184251402,0.3199617284162832,0.15521524934261363,0.08826325673432467,6.952325980838169e-07,0.08047609080159218,0.031799031215541104,0.0040005828943712705,0.6544473295741648,0.10915235003748748,0.23721304405667704,0.082070380386911,1657.4147934304006,0.5452949795366774,0.04966293945622702,0.0,0.1258083262742945
0.0014192155015339762,0.0003904014422349819,0.0005022573566712292,0.5629725501775895,0.02257239956340128,0.11353385292614292,6.926021720501702e-07,0.26794062310583033,0.07776101149509496,0.02257119687132914,0.6063369048008531,0.11890653882082541,0.4884977540137911,0.09347190147355026,1055.3410488921218,0.4874303659800277,0.012707641345835527,0.0,0.2902636737531751
0.0008241546854118987,0.00014197134024404606,0.0015922562466525803,0.5936149802928458,0.04006792965259537,0.127363928994792,6.1749053885677285e-06,0.2030258525556692,0.2792623707748542,0.08318400000928228,0.5109548744571276,0.13477874023139097,0.28793325066431846,0.07852975411904034,1853.2018557740082,0.37617613422573665,0.02378492327110053,0.0,0.29787042120453294
0.0011141408817672103,8.534428925511704e-05,0.0016208995584754136,0.5869967331983345,0.22321473396175157,0.029367354774220842,4.797059071642889e-07,0.1901902477550633,0.11324985045632499,0.016191609769146,0.5464183810178688,0.2077913223498506,0.40555765121373855,0.08447969875771323,1949.4635553326243,0.3386270586680182,0.13102631963728348,0.0,0.14297246048364826
0.000702969858129725,3.2278019337045005e-05,0.0005901276824101392,0.5473784544425856,0.17974298209285464,0.12807208167238518,4.546111398218079e-06,0.8725732956478027,0.27153095420408285,0.00014495175422849887,0.6853323483449937,0.09071389004231104,0.49390453085511826,0.09084971022981983,1726.7995836141013,0.5946184583026827,0.0983874357348881,0.0,0.0005338314176863719
0.0009818449639246532,0.0004661073064379803,0.0013080654694841033,0.4958127828281307,0.21242477872463278,0.0761409356109059,3.0285385175207344e-07,0.9603075555384248,0.03380131469027188,0.004668753943497854,0.5957562260042558,0.17942530677569246,0.40216682559921174,0.03489210335811981,1495.7985771631838,0.41633091922856336,0.10532292068111007,0.0,0.13812344242460886
0.0013383307529533553,0.00022932519835246862,0.0006147543370546207,0.4900453335447478,0.25021526696870194,0.00442885358655063,1.6097211138701062e-07,0.14715007695608168,0.32316337793352534,0.0001200586954896436,0.5667888025706189,0.2025755570524191,0.40252159841780794,0.08366067138900873,862.9245940778737,0.36421324551819984,0.12261682395966565,0.0,0.00037151083225259407
0.0017192045234088007,5.897530192801259e-05,0.0022933123919161936,0.16692881656900183,0.0893510768282916,0.05917004617116959,0.00024615363574395074,0.902342977169988,0.38888233169841935,0.0012359236781554954,0.5816488575307117,0.20383228799878156,0.3630345220523898,0.051067241535977914,1938.863481586019,0.37781656953193016,0.014915269514112678,0.0,0.0031781430458865945
0.0005007354032787361,4.073282982480786e-05,0.0011989200752646886,0.195652852828042,0.1748325524116063,0.07177817586764648,0.0009398417041091695,0.7715066894510072,0.09858782170729656,0.0014856789577051771,0.53842778479895,0.0876903960558895,0.4937221411778031,0.05340585601613439,1006.7681799868494,0.4507373887430605,0.03420648764653895,0.0,0.015069599185547487
0.0005275902464584724,0.00010114994123759049,0.0015790873294113071,0.464120301509697,0.01582998923165323,0.012870676601160553,7.61594297182227e-07,0.2798641226384015,0.36649082543599,0.002765405407399393,0.6816925508530665,0.13082645042971902,0.421342898137559,0.09332635851693048,1394.9126538896837,0.5508661004233475,0.007347019375090154,0.0,0.007545633384163362
0.000564790668274184,0.00010214956896228477,0.0012959326050090458,0.0972288874539656,0.2435071991115151,0.12595387141603254,1.4482475618635108e-07,0.69236115473893,0.0531339875039784,0.014914802562534739,0.5880969023567204,0.23912262004108814,0.5430600359782005,0.044089656766853245,1752.226062815742,0.34897428231563227,0.023675934056643894,0.0,0.2807017365564366
0.0011379329208167025,0.00043331410639136346,0.0011240807048081755,0.28794118493879983,0.24588521694622706,0.043379384199558134,0.0003340200364716511,0.7014758938560688,0.33199730296443775,0.024264510871696548,0.6601990734422855,0.05800250364463395,0.42740293555370545,0.09773650310023795,1263.393040388352,0.6021965697976515,0.07080048072643048,0.0,0.0730864698448941
0.0008903071314380283,0.0004982871662428553,0.0007918231677633108,0.33973139191012713,0.18831016885358307,0.05594079437779677,0.00010656494165337626,0.7661825646567302,0.07060672127985892,0.018955369217897755,0.5724348476754866,0.06458491015956727,0.22671032527929205,0.09466232710579121,1863.8413314185411,0.5078499375159193,0.06397487577545885,0.0,0.2684640905894169
0.0015024184687466946,0.00014890724021377255,0.002039267127405622,0.715079702881685,0.1735912001316565,0.1431819639466607,5.10940927246471e-05,0.24365450098365843,0.024351350057752484,0.0009233249447287841,0.5256663082156251,0.24168485897452835,0.40289124623157024,0.08276150577588332,1580.1660800747236,0.28398144924109675,0.12413154381302004,0.0,0.037916786647926935
0.0007917339370168564,6.574522788775356e-05,0.0018074621653526729,0.5184875916213192,0.2972390618756103,0.07599604674272316,8.56292017536466e-05,0.9593712113810258,0.047203750663374316,0.000848289117371735,0.7258335000608946,0.2193497727201994,0.5310210447656323,0.008019537433105689,1878.9692626317612,0.5064837273406952,0.15411476532766544,0.0,0.017970799045634478
0.0006295190291042766,0.0003192423220763705,0.0005692400319216969,0.23546822460508415,0.12165128032292763,0.12554188278822231,7.880858216160376e-07,0.6652610762320972,0.12265681688209455,0.035334536311087544,0.5870081211761666,0.12219829761184156,0.44460481715965194,0.07123725859636465,1699.8108292056636,0.4648098235643251,0.028645010998575176,0.0,0.2880764168619615
0.0015088218324996636,0.00020569384132758882,0.0005097070613697681,0.7087353737814144,0.20915882159793112,0.1337957426814289,1.002509682804138e-06,0.1907649555357,0.07123970791919769,0.04595212505341705,0.637664688117931,0.2009609818575066,0.28957822211111567,0.07719969692047297,980.2405257257876,0.4367037062604244,0.14823825560488987,0.0,0.6450352815249804
0.0008580433781580187,8.91817508505379e-05,0.002127376943751142,0.58837530314728,0.08833210586255422,0.11556688073655247,1.5485813544376117e-05,0.7068571146775358,0.28223643275141447,0.0026370560042580315,0.6837056142512397,0.11701934617507317,0.42519195706056,0.08462184712834532,1973.0383611798368,0.5666862680761665,0.05197242956451797,0.0,0.009343428764849337
0.0007357993049532461,2.9142298297452274e-05,0.001005816431140289,0.7595642022454396,0.1998794398476927,0.12400427737320883,0.0001838863865884322,0.818019195243365,0.029280829697293627,0.006574875925182462,0.5988710554038642,0.12230209810438786,0.35036357846558513,0.020128707359626966,1253.737215027407,0.47656895729947635,0.15182126727317805,0.0,0.22454541053494004
0.0006228045786465996,2.4879712494032107e-05,0.0008034083470690958,0.16662259600052348,0.20537202972170351,0.10119539395596937,4.310665376107479e-06,0.9943043728335427,0.3699021829768424,0.016547613993988557,0.6242354268680308,0.22537192192432826,0.29532141711806736,0.09698032732613389,1753.2745641043034,0.39886350494370254,0.034219620738126906,0.0,0.04473510770014708
0.0007191882327276931,4.274097568091272e-05,0.0014726277591028296,0.5633505805554877,0.027782406688717273,0.13196773276216167,2.5177215988215526e-05,0.38977978848921563,0.039601849700998976,0.04613984889864103,0.6708988410725463,0.15177274204780233,0.32875153229116594,0.03223392648052172,793.8638717479006,0.5191260990247439,0.01565123493731754,0.0,1.1650932783949515
0.0011785171434285,0.0001668884860190071,0.0011149505726504943,0.6812241377958144,0.11502344672958206,0.02546062757445234,0.0004436693520943882,0.46514233797882426,0.3650540465987867,0.00013968310220276392,0.5471994884458018,0.18007451786924372,0.20925651175942583,0.07725399815100222,1512.8924981303376,0.3671249705765581,0.07835674832466233,0.0,0.00038263677256612604
0.0018064378176672659,8.049503683342533e-05,0.0006481110186544066,0.29225961641764114,0.27516480157585893,0.11079702714935087,2.146699926848604e-05,0.80619399564186,0.42890758560398506,0.03138535416187329,0.622352593503635,0.07245972536557646,0.3004282020759379,0.04412489917197897,956.1154359046423,0.5498928681380586,0.08041955936019687,0.0,0.07317509695632131
0.001904463619149874,0.0001724782858883166,0.0005282629877468578,0.1565320421116294,0.022903646767369962,0.04730569255331158,1.5309610762263762e-07,0.2240699277260241,0.04330307346609557,0.06441695069524675,0.5496481656734443,0.06055365126160866,0.43959539469587405,0.08642993998576741,1765.3529333397087,0.48909451441183566,0.00358515460029984,0.0,1.487583802698957
0.0011252168727555155,0.00017362435609359479,0.0008963408163855601,0.3943860388500864,0.0016628541624020506,0.13279719119142272,3.7016302185449406e-05,0.2730660605441951,0.1664501971730606,0.06505233235828185,0.582407904589714,0.20739222874963076,0.26466462340562663,0.05757092534842726,1796.4434549371354,0.3750156758400833,0.0006558064662951229,0.0,0.39082159987257953
0.0014037896665945694,0.0003690978763190722,0.0011214834183972567,0.6450348765360799,0.022158888944099307,0.11807588189207698,2.606147967305233e-07,0.36258194641719105,0.1412038178971845,0.0004361308415711917,0.579963998858279,0.1593222229714097,0.5578257917233074,0.03185479317058779,1373.3906900399993,0.4206417758868693,0.014293256194233803,0.0,0.0030886618227897633
0.0014735803750075183,0.00011681801569968545,0.0005289447954810778,0.7230850338137035,0.12904546049845028,0.011362590203134371,4.746387226098747e-05,0.2927124309384263,0.11529953399308118,0.026855376433275787,0.5463606101266174,0.1513416482591466,0.5755710299436876,0.0715596211355508,1002.6351360513005,0.3950189618674708,0.09331084116802686,0.0,0.2329183432336102
0.0014289739195098466,5.9927034506542525e-05,0.0006950089493814507,0.7204614261531871,0.018219989941831514,0.11640977370773668,0.0003879122184228136,0.05977675292620865,0.14023558039666384,0.00048251819119568676,0.5504378513184933,0.13144837150121313,0.2564702898087937,0.049596522384780274,1444.520488326317,0.4189894798172802,0.013126799937988657,0.0,0.0034407686682000264
0.00142196846835306,0.00042133870705079004,0.0005984027070509702,0.6068646631794168,0.2480178226934067,0.03395337045296916,2.443385380420388e-07,0.618822309342978,0.12484478493638271,0.006027815772507083,0.6394410825282146,0.19091972721334421,0.4448611058371579,0.09537921927758312,1337.9971598071809,0.4485213553148704,0.15051325243132657,0.0,0.048282479525105386
0.0007540275463089539,3.129805684448355e-05,0.0014298664513417586,0.5666634549954246,0.15356730046244862,0.10730497329161548,0.00020570448212526158,0.36988025146021986,0.03834983222882067,0.005186302875992872,0.6718349822211955,0.1807583049882276,0.49050541650122653,0.03494320066913134,1413.3906730016754,0.49107667723296794,0.0870209770543716,0.0,0.13523665097275867
0.000521195136548317,2.9959509923056056e-05,0.0009194875395023158,0.16792334915113144,0.2522343846208266,0.13871698026570267,5.790102862051006e-07,0.7426260490094276,0.022633296924174744,0.0006262692100175339,0.6162047972374621,0.18507133153207656,0.4947937306335151,0.005103236700905283,1984.7967373830581,0.4311334657053856,0.04235604263660384,0.0,0.027670259976513296
0.000631079934791998,5.731055322745798e-05,0.0011081692123726418,0.7218772689523126,0.19816169515905716,0.005790165836782982,0.00011470535577520717,0.48072273221254375,0.09636116131198877,0.00020080047310461384,0.7187266126476957,0.22930750863734628,0.39620079373223527,0.031960333345212394,798.9458812351652,0.4894191040103494,0.14304842331238088,0.0,0.0020838320166615847
0.0007585001699336752,0.00028836295980844747,0.0006988305021176044,0.6398127929858207,0.12941830538766005,0.038961067343836496,5.214640829955517e-05,0.9287569303699594,0.3227107450000935,0.04428174224609143,0.5555138908513579,0.15210735014703572,0.36430538156295367,0.02142213375353353,1894.2623073365316,0.40340654070432225,0.08280348743357067,0.0,0.13721805961582903
0.0005277896490789116,3.6917221141056204e-05,0.002071836071845821,0.14781680063008473,0.10249858133552696,0.06252372188780132,7.0796594831761115e-06,0.27396844564121836,0.06719241570665815,0.008160379910770633,0.5645224018369432,0.18113672767516736,0.20021285428349578,0.006032019661105972,1026.785995855718,0.3833856741617759,0.015151012362140113,0.0,0.12144793165937647
0.0016206360971211268,3.2442346432037766e-05,0.002392953148680702,0.47231173192974224,0.2020333610634896,0.014161455062789631,3.2001947697833105e-06,0.49805997839701793,0.0557763976178006,0.00020782169942538695,0.6920935806892152,0.11076142286502173,0.2399790763258846,0.04137145781641983,1583.4336004362717,0.5813321578241935,0.09542272667148373,0.0,0.003725979236763442
0.0011853476467904931,5.3153827065542115e-05,0.0007021619576384757,0.34353529239656894,0.17271926883451247,0.07645359260404068,0.00024958105113983783,0.014267276167238434,0.3900184669975209,0.002188612438961477,0.560106035358102,0.12937687969359918,0.5733704810966738,0.08493991590521947,1729.2933097934847,0.4307291556645028,0.05933516452158584,0.0,0.005611561051993439
0.0011424402471065928,3.93499638510809e-05,0.0005842897211686685,0.31156772750987777,0.17378773746084544,0.04797244154885325,5.20926276431324e-06,0.009866890603773928,0.08375904138395103,0.013538431759119698,0.7405895805863731,0.15166464390612294,0.24406144664754598,0.019212035304081727,1922.8493929198887,0.5889249366802503,0.05414665042975887,0.0,0.16163546687526656
0.001160503186367931,0.00013675517010977478,0.0006023393145107341,0.7197582378866605,0.19678803512402712,0.08221453958150836,0.0004939223851546451,0.8035405489039138,0.19731450277033877,0.014375734815843214,0.6318275712844252,0.20376879078092186,0.4750827904221623,0.04418276001914374,972.4799764047059,0.4280587805035034,0.14163980939804802,0.0,0.07285695989906851
0.0011574181555937184,0.00011109067274189241,0.0018893329104924903,0.39567021948410336,0.15215456535697205,0.033837440062293576,1.576261300409483e-07,0.15978481791698676,0.02970985058834662,0.04821980503653696,0.5596365760002949,0.12348818424140982,0.33927607849832775,0.05113835654091436,1748.9788121893912,0.4361483917588851,0.06020303027030148,0.0,1.6230241513045736
0.001347391703380231,0.00027413421752948286,0.0012476457311677356,0.5642507715177547,0.2803349391740857,0.07752723081271987,6.250480737235827e-06,0.8707986478343611,0.042856910483827865,0.013049909811941074,0.5929992114289818,0.24337833767659067,0.4725855943704559,0.04846744543360654,1993.7192692762083,0.34962087375239115,0.1581792057123607,0.0,0.30449954662190315
0.0013360618104177539,0.0003898222037407129,0.0013453975772115768,0.15727034839363369,0.2839861170466113,0.13542866407230647,0.0002222457950246154,0.8809216603753254,0.07686319502450237,0.0010358116835599404,0.7287838386330954,0.15903181749605472,0.36605581947875143,0.06186685999787414,1867.0133764993682,0.5697520211370406,0.044662595566875796,0.0,0.013476042509418786
0.0018484092440133604,9.346450969928987e-05,0.0005207150987259426,0.05606856858009037,0.021532590517662282,0.02381647500300095,0.0007898531264715538,0.347061467097289,0.07402314810933687,0.07125019732377029,0.6617507016378665,0.08890163914272306,0.5461789209524543,0.05617374938209449,755.2776608454875,0.5728490624951434,0.0012073015281465513,0.0,0.9625394102197496
0.0005744441704877948,0.00028632671410786545,0.0015075421989309316,0.6904897686547247,0.20034276286899694,0.041980855903643845,0.0007931625885022139,0.024344220645437134,0.02127244634197718,0.007981071626220691,0.7498628124587623,0.20820094877208722,0.3460714278559276,0.00503242845767594,1203.885925234701,0.541661863686675,0.13833462798506205,0.0,0.3751835354484615
0.001732867419418984,4.951775135106183e-05,0.0023357200981054494,0.5371497708252638,0.17802894731285582,0.002687095349614265,3.68898472734111e-05,0.428364967247144,0.03578383290973828,0.03676477298324537,0.5454043388765134,0.09990629473484262,0.4491156026446663,0.05442688329780081,1556.5433519539913,0.44549804414167077,0.09562820824936347,0.0,1.0274129402510186
0.0008781163243200302,7.256230967759895e-05,0.0021031796980108906,0.178360631621858,0.019349792806863466,0.07247606693340017,1.9703532890295516e-07,0.2062933688851317,0.02252628736856193,0.00024044992362514642,0.6967426276429222,0.10576959777117784,0.2966032298070714,0.09026243400379934,1839.7569648095716,0.5909730298717444,0.0034512412667842525,0.0,0.010674192319890335
0.0016280377176705067,0.0003340701294525089,0.0005398991280493733,0.15641398193185405,0.27368101187451305,0.07804082576373043,1.9702543353804784e-06,0.26617379579801453,0.06804646195617045,0.0007713682078059057,0.6710407217165665,0.1505350766690059,0.3692081215088657,0.08928732487864052,900.8815533446805,0.5205056450475606,0.04280753684643162,0.0,0.011335904698509576
0.0005322920741428354,0.00020259505537587825,0.0008596163411446959,0.4931747617141737,0.1892035951896235,0.013977490685199353,2.4203390583823678e-05,0.7740598424517687,0.2108178107072381,0.08723728991323072,0.6899461376217073,0.0832128634726318,0.45882737102021276,0.08544382498159968,1248.1679780520844,0.6067332741490755,0.09331043797310755,0.0,0.4138041734736389
0.001004760626810763,9.162189266844648e-05,0.001871613472205507,0.5458295044647034,0.04457950318762897,0.08731748617408917,0.00025076677934191184,0.6069756396764313,0.04865141526082805,0.005461201993018185,0.7481195949014945,0.11041846848233394,0.5111606219877396,0.01100087517061368,1476.6283536351452,0.6377011264191605,0.024332808134186184,0.0,0.11225165729999434
0.0006876242710767029,0.0004886712006414306,0.0010818219765941011,0.27356732785008864,0.17240634281615982,0.013897223913150304,5.189913427325058e-06,0.13641880514386878,0.09040593388639065,0.009200519675957461,0.6807103637177305,0.13138321872145675,0.4560811840539739,0.0630765366214295,1418.2472776029913,0.5493271449962738,0.04716474250862317,0.0,0.1017689799822141
0.0005821253746608651,3.531267062059086e-05,0.001954558056760011,0.4416237151346543,0.20768915811651154,0.09224855805058695,7.217774182616684e-07,0.605096724000294,0.23030732093192482,0.002407985011676032,0.5960576918655602,0.16698669461325316,0.3429110319155262,0.07296105546302126,1849.5317704368254,0.4290709972523071,0.09172045760060246,0.0,0.010455529602499238
0.000652723532630123,4.7391979769996655e-05,0.0018936806634252243,0.15814518705404668,0.020599848052371313,0.009784612604072249,0.00014114233375991356,0.24679508090713023,0.022639405421393553,0.02875084922115598,0.6839807932229194,0.09232102491916523,0.43287958041624386,0.06333476443528596,773.1742493263552,0.5916597683037541,0.0032577668235272005,0.0,1.269947186598253
0.0007430583751119142,0.00017079592564340663,0.0006499725809241638,0.09004522821344374,0.1476300503496209,0.07307253751108717,0.000718455272046524,0.9300229401829185,0.45206378975330336,0.0001459739764767296,0.670141920419013,0.1475854877770018,0.28543140619128626,0.013635374218217422,1667.9002859492775,0.5225564326420111,0.013293381574893804,0.0,0.0003229057044281059
0.0010304924346950033,3.175682462644889e-05,0.0008635739893641569,0.38227890601625475,0.006897620958355644,0.02349509596822999,5.897428503327796e-07,0.6696037005530228,0.3690291438792394,0.000510509547595159,0.6216495184199154,0.05205819267704786,0.2803242578132267,0.05843908947282415,1924.652472944119,0.5695913257428676,0.0026368149940749863,0.0,0.0013833854481753818
0.0010874548509720143,0.0004230177134927125,0.0020062035769294532,0.2660963333121448,0.009528284305435243,0.05437700687696043,1.5400984294539883e-07,0.8238861487928381,0.12834396990689337,0.027598140265457885,0.741939302441388,0.094830347149815,0.45032706250839494,0.011899781048096282,1179.9168320529307,0.647108955291573,0.0025354415164319743,0.0,0.2150326212090747
0.0013266829831884445,0.0002750774166864147,0.0011484217497302008,0.7554728527731011,0.18189362710492812,0.05578275146649234,8.27842831100217e-06,0.32429603394875955,0.2832458825617514,0.0023345925520936255,0.7482123697214149,0.20614496889154887,0.5094668367590671,0.017667971220266924,1857.0768138157282,0.542067400829866,0.1374156973702067,0.0,0.008242282397819685
0.0006917128995364459,2.417850052240544e-05,0.0006037972408359454,0.5833821679971527,0.09416943870580184,0.14209504144673674,8.666048946350258e-05,0.3458292123025904,0.18696352507258818,0.00033413612597120934,0.6207962562480067,0.07876926606728296,0.48324596911715106,0.019150360597006845,830.8575894867945,0.5420269901807238,0.05493677131126566,0.0,0.0017871727966269448
0.0010052280088436553,3.891664851815386e-05,0.0017267404194799645,0.7987425159696018,0.10799751054095398,0.1411657166429416,1.477417886125418e-06,0.20942477990808073,0.1175302554004734,0.0033981558240310204,0.6174377402759558,0.1740054441707456,0.23197550641848536,0.08392324645079832,1258.96127669969,0.4434322961052102,0.08626220328793517,0.0,0.028913030201900957
0.001481897541765814,0.00011998181613491817,0.0013925461368918112,0.527882778895428,0.0072847154536024505,0.09112543325102254,5.652458038629829e-07,0.5528518349369408,0.0369384491089661,0.027748467227778212,0.6245265707023413,0.14186187980849518,0.5758301589073709,0.01315914633627691,840.1571405617505,0.4826646908938461,0.00384547583711013,0.0,0.7512082368678225
0.0007808901135434493,0.00010678000376452122,0.00132075863574274,0.13908384674399304,0.18774974271634284,0.019794508155920952,8.700028582096927e-07,0.06284900838439997,0.1928012312382964,0.005503807684798138,0.6744541483268952,0.213758372360266,0.3569081763705534,0.025053768422378605,1770.6705408529933,0.4606957759666292,0.026112956442183952,0.0,0.02854653805605422
0.0016584548998800418,2.8617992010176997e-05,0.0010784306476979565,0.2211297391714971,0.20579319264680926,0.05742892965344992,1.6139375668704515e-06,0.6333347718062143,0.1744728766346677,0.014241340376834383,0.5662218851417473,0.08162863923925909,0.25289614873207517,0.0982724298410969,1625.8525029176196,0.4845932459024882,0.04550699501325858,0.0,0.08162495312468891
0.0012495275668012275,0.00011081704723557926,0.0022131773864529007,0.47960806474683476,0.14980286649517047,0.07694522322241665,1.158576278035648e-05,0.08436989939984589,0.0718399370674744,0.017516025458979165,0.5452693160748209,0.22832766883468741,0.3809893029799312,0.019052312025589112,1937.23938638978,0.31694164724013346,0.07184666289327717,0.0,0.24382016708237852
0.0010437015784213837,0.00022548535633907848,0.002030161385691352,0.38169957702747936,0.048405545699333336,0.09398323346033666,2.433876083126544e-05,0.5181745710982741,0.1413828439689832,0.0009976401343083285,0.5722148515591812,0.19009073244743863,0.25606567688807824,0.04996051757369592,1518.3238820162082,0.38212411911174254,0.018476376319219858,0.0,0.0070563026340536225
0.0008087870937070582,0.00026401946932717125,0.001858529139368214,0.5675581659645768,0.21810189791268614,0.044174737512428834,1.930137391704575e-05,0.07805793820398751,0.04120051191687157,0.00018949479784470535,0.5901960820244169,0.10450864473392428,0.5645777253431365,0.06430507661101798,957.7704036076502,0.4856874372904926,0.12378551317271749,0.0,0.004599331149744948
0.001973756414053619,0.0004587093430982959,0.0008288503107825562,0.6029891302607028,0.16398315360954152,0.11950373825220503,0.00047859908468472594,0.5512738097157845,0.3720959593475694,0.08036716256234054,0.7443517012355315,0.07315556888086414,0.34720393427740825,0.006351264305241365,1105.445196784232,0.6711961323546674,0.09888005917242466,0.0,0.2159850451030315
0.0018035853101777322,3.0634545174892086e-05,0.0010699825592061674,0.12372735858270047,0.13303973515087494,0.08667248175737977,2.3091102290868283e-06,0.03603611442946971,0.040100585423531974,0.030194057903147064,0.604371902214765,0.07323688487708083,0.27628603910903726,0.07793299767332038,1336.7265826642222,0.5311350173376842,0.016460655016759803,0.0,0.7529580325136219
0.0019006981896094132,8.511776205208732e-05,0.0015359908203072283,0.6139352054531443,0.04788897556698055,0.07639854421813717,3.677493260630168e-07,0.17582550520551452,0.04190070671731318,0.00013751316763974304,0.5235587864145249,0.18120777304397012,0.24060874305059407,0.04625679123326068,1629.0231842761732,0.3423510133705548,0.029400728053654814,0.0,0.0032818818204544326
0.0011800956680258377,7.45623770720438e-05,0.0009387238586152896,0.29271973512391103,0.25748899097090444,0.07329901577083471,3.7361007927713734e-06,0.5174751196877138,0.041347415088137544,0.00022248131712978458,0.7214410215418162,0.1764405281443333,0.2004567285718311,0.03330751406620055,933.1245301653316,0.5450004933974829,0.07537210923432627,0.0,0.0053807793463155045
0.0017313510144833383,0.0001411650410998017,0.0006219927830170527,0.08168421787127109,0.16161943812963578,0.07941544778628261,2.9232449587763888e-06,0.32147901432886866,0.05236813526129528,0.05242768992999138,0.6590125920384535,0.12906758358325443,0.37030532260738885,0.09928667105372176,760.3376312508547,0.5299450084551991,0.013201757396413586,0.0,1.0011372310356088
0.0006532583603474097,3.6928059552303264e-05,0.0007784250582906987,0.6618097423092804,0.0385794887153666,0.12167039323557985,2.5647110573873227e-06,0.3441585303320632,0.2635638932461708,0.00275387785248208,0.5326642971965652,0.1749963635952329,0.4495397882679345,0.04103199201240713,1186.3275070973864,0.35766793360133226,0.02553228148514056,0.0,0.010448615774202183
0.0017014334640893085,0.0002573101814615789,0.001958453284741911,0.5490351771409206,0.024150411448768314,0.1263731905386299,2.210838938961185e-06,0.4545645614916122,0.09388609856531409,0.00023579486295971256,0.5628830605706969,0.11176665877231375,0.4428480528336345,0.03319153369899862,1896.8231946258632,0.4511164017983832,0.01325942542780063,0.0,0.0025114992162090567
0.001672978934978851,4.303802839506095e-05,0.000955626649871003,0.15554513928748276,0.20456024431905584,0.11728924827735981,0.0008014143038451777,0.23533418669059944,0.1990044936299,0.000205913493121141,0.5472744901794848,0.24600044246817626,0.3240893999060451,0.0847936445829318,1700.5587514378285,0.30127404771130856,0.03181835169528904,0.0,0.0010347178064435574
0.0010506901094595338,8.738079740890791e-05,0.0008114258415942842,0.6919958300089151,0.11965237388663089,0.06917041841977757,0.00012806676830504738,0.8942596587212579,0.09023747313909274,0.00047166802079939493,0.6374698043660789,0.15665797659212805,0.4359643510595458,0.022619144579660938,1675.7420419177167,0.4808118277739509,0.08279894378021617,0.0,0.00522696396952918
0.000610648999503053,0.000157975520962237,0.0017915282195419793,0.42945298010844674,0.05728556154984169,0.11896966359286884,1.1897576470471061e-05,0.9130883625418427,0.3414866550544391,0.007546614356576062,0.596629346361176,0.07058711880405341,0.42299815908023863,0.018984645532223676,1064.0788608730932,0.5260422275571226,0.024601455124765366,0.0,0.02209929508189126
0.0007964566214547371,3.4076619631325826e-05,0.0008892559321298928,0.09458601107530668,0.2606772417452743,0.14913098306834618,0.000185847889537954,0.01914611507032931,0.03047131570522971,0.02361456645398548,0.6415835464619581,0.06026894322407976,0.4968642942919976,0.08735160157651656,1455.3768398964269,0.5813146032378784,0.02465642047479891,0.0,0.7749769219821571
0.00199646631587014,0.00020930781909517867,0.002253137804287314,0.08066433994960315,0.10517192189432732,0.12059001268095569,2.5320834987332154e-07,0.9671448404455661,0.4501396317160154,0.0006378966724522053,0.6574387172555219,0.14459130444091875,0.2024020082587637,0.023893832273811658,1616.1404296699393,0.5128474128146032,0.008483623660837129,0.0,0.001417108442596857
0.000523575997206435,2.7283110620468822e-05,0.0005458929922401729,0.5138738033498788,0.23834957902595252,0.040505298414975174,0.0002069909978702936,0.5770535232864972,0.09116264317170453,0.02822626048702429,0.578667662497449,0.16649611998923486,0.3637195753534569,0.07001372706821182,1380.851476476859,0.4121715425082142,0.12248160470090871,0.0,0.30962529721588067
0.0005649144761995094,0.000181931515479385,0.001796624037696161,0.18299992617569893,0.22382993475024957,0.05953864071364123,1.518874340407271e-06,0.4684303445520143,0.07826097279000072,0.08345448644137712,0.6747633317973641,0.14833915282333926,0.564744028889042,0.09034379268407226,1686.6245304938707,0.5264241789740249,0.04096086153520718,0.0,1.0663614757934619
0.0007057031207039853,4.9310267452934996e-05,0.0021790498400824495,0.2649915059513397,0.14994760974605653,0.09629784537974558,7.326197649523136e-05,0.9832652881764476,0.0316604960761225,0.000979585502815261,0.5844891994318735,0.1751331124484306,0.5123057991764848,0.017495332342617832,879.0754904654686,0.4093560869834429,0.0397348429204113,0.0,0.030940308088035242
0.0009692586489093562,2.0723184590652305e-05,0.000642139175917826,0.19676260624287262,0.23847985068641334,0.0010857070232099346,7.957306278585138e-05,0.8467694153099153,0.10574751437447322,0.0037121113942994947,0.66519057635104,0.24182878359618631,0.2600108575657751,0.03451570440268434,1175.5433538308362,0.42336179275485364,0.0469239169574698,0.0,0.03510353331950822
0.0011660607235939708,5.422878422240683e-05,0.0015264197947960426,0.45268563976324405,0.2663517782857686,0.053649836210933353,0.0009738734735869457,0.7004572369830624,0.3704794512828268,0.08479821221714783,0.7096165477252961,0.09412393290304208,0.410811168765884,0.0177249609636456,872.8973684594944,0.615492614822254,0.1205736251553709,0.0,0.22888776131449254
0.0005977115612652948,0.00029766908355387527,0.0009182112675797877,0.36670487104109367,0.24670637566340073,0.08181222742358166,0.00012924169054115826,0.5300979294103934,0.26958714498345426,0.00025125918231365586,0.5890158907346068,0.2466182492787813,0.47266252133708253,0.04033368791828185,1295.7156535779136,0.3423976414558255,0.09046842967266297,0.0,0.0009320147009571867
0.0011960677603269241,2.144945146577194e-05,0.0009265849088598087,0.7043247545368998,0.22971765844019448,0.14185248249052013,0.00010000378801203893,0.6234791452289822,0.18131059473847225,0.007092719559717316,0.583799327179759,0.09730352707566908,0.4524490917717579,0.03965820472274614,1802.7588413536173,0.48649580010408994,0.16179583339368137,0.0,0.039119167690934244
0.0012382432925885864,0.0003217307152168871,0.00147187814036432,0.6265367616270974,0.28268819571491277,0.14688321084002143,3.16205826996358e-06,0.6111034653212435,0.09334352954319668,0.0030167844795029237,0.6068344212375032,0.13007846474559498,0.35425106581407007,0.047435061476077914,751.2451363441111,0.4767559564919082,0.17711454669342855,0.0,0.03231916014175191
0.000716484138799054,3.611887301867171e-05,0.0007438899503790747,0.3712402470262131,0.2013231018941528,0.10257963206367902,0.00019397946304392427,0.4135754926843138,0.252273378626551,0.0005051296885433536,0.5481565462367377,0.15785457148453141,0.35669509356948736,0.08056410822811373,1807.6413149141576,0.3903019747522063,0.07473923807926876,0.0,0.002002310712661896
0.0010623347344866333,6.584516870166682e-05,0.001722180887381218,0.3271363757439415,0.29981145728127334,0.13305432118332738,0.00021591147833008,0.6478322332122698,0.3809393653023294,0.0002572057451454243,0.7359981177469028,0.24757976908573515,0.3235254966362052,0.06816613501214576,1698.6771737949323,0.4884183486611677,0.0980792335415053,0.0,0.0006751881495400063
0.0007376874985316789,0.0004946561719121921,0.0005039984062007677,0.41625315446848926,0.09354305034028909,0.013804716643780553,3.1727712969915473e-06,0.5447020882040112,0.4861954264881592,0.00019799417749112095,0.7121528245530075,0.18657019473165198,0.29028980418814476,0.08266898147052779,1508.0408694883454,0.5255826298213555,0.03893758978275002,0.0,0.00040723167414645126
0.0014883628250267125,0.00014281504568766401,0.0014481589452413246,0.4488579599334013,0.28207594767245714,0.010308178797464733,0.00019021563752783278,0.4291137168179314,0.07852643269347354,0.06216947188991084,0.6141018414425798,0.2292134215122259,0.482942006136879,0.044715818023547405,1487.1228184236693,0.38488841993035394,0.12661203441853996,0.0,0.7917012113944895
0.0016696169788577863,0.0004629663533926308,0.0005244218915420923,0.3024959043112956,0.12205627966801681,0.048863001366962824,5.101035589535984e-06,0.23675819288142025,0.047923474900675674,0.09960069325840194,0.5543478155289101,0.07777972851215659,0.34513734685878683,0.09480922171320326,808.5290114463505,0.4765680870167535,0.03692152469504915,0.0,2.078327864680732
0.0006110857256933488,0.00020475977347037886,0.0008184901164905636,0.19749267344967236,0.08346514081154142,0.09468418099112356,0.0005508809246697673,0.16610138082177656,0.4455918338683894,0.0007381721705873488,0.5174216288458888,0.08882061874011887,0.3861551740686503,0.05369496066965665,1216.2699775619187,0.42860101010576995,0.016483753798724674,0.0,0.0016566106343981525
0.0008189092978690692,3.708894923595035e-05,0.0010676527866997122,0.41198044657544397,0.0992176455893326,0.05204790522775561,0.00012445833164528354,0.913884700314261,0.08049672119732909,0.07032513017756951,0.5981069345851648,0.16807030396714284,0.23476954540306194,0.07319622681822378,889.6687956787765,0.430036630618022,0.040875729938057374,0.0,0.8736396853379281
0.001281793628884807,2.3767917816032297e-05,0.0020238346837436138,0.3935643649860347,0.2744620745420326,0.027516563782939905,0.0001427915893180118,0.4387818729901085,0.10517388648753136,0.00015589709156025498,0.6706085466965223,0.09546297356408387,0.5479692656560093,0.049111869743741834,1977.208041526147,0.5751455731324384,0.10801849207988477,0.0,0.0014822794589675736
0.0005703450618763939,5.777810297860814e-05,0.0012214835335546907,0.473431439628678,0.13118745333638002,0.09393931467664816,2.6096491875103254e-07,0.008526133893798696,0.1870600693868302,0.0013131757662355518,0.5321869409364817,0.19358983958875953,0.44152912241516573,0.098242172556654,973.7799439196439,0.33859710134772214,0.06210826489426241,0.0,0.007020075265341502
0.0010515776904925433,0.0003573354075260945,0.00073737013222344,0.7132359807851738,0.1482122810288099,0.014180653186752726,1.265074140858545e-05,0.3675831861744385,0.039720093001749224,0.001530396631783035,0.6713177139410036,0.16219020111865948,0.2666521725908954,0.06677861634288719,1243.2493495141541,0.5091275128223441,0.10571033162399104,0.0,0.03852953294232313
0.000853013941362641,0.00043514794941022723,0.0006142451546538608,0.6858944313916,0.0923328452951043,0.09070182940237163,0.0005345726213597648,0.9004085737419874,0.027039965224946186,0.010280070153820481,0.6094688133356312,0.2320888218191301,0.32911974976142533,0.04117947649889033,895.4995529098472,0.3773799915165011,0.06333058442245414,0.0,0.3801805981738625
0.0006857857854997507,4.190928825062363e-05,0.002208746056568159,0.6870592192452704,0.15971379539542782,0.04948231952816626,0.000370393146546634,0.7217033734632311,0.25901688556712954,0.0029745140704112356,0.6107585119100064,0.07397140373151928,0.36933511392897894,0.012274955008781162,1576.7420690911777,0.5367871081784872,0.1097328355670815,0.0,0.011483861617355172
0.0011418343934195775,4.1021396597671905e-05,0.0016287112588590216,0.5877684033856955,0.2716071041424024,0.04865794030603003,1.7362329831454325e-05,0.3941909459457485,0.1456409529661786,0.00018829773295241732,0.6835416526956615,0.1136035617041194,0.5657682359083638,0.06135711823168856,760.8267612415469,0.5699380909915421,0.1596420739499922,0.0,0.0012928900087336333
0.0010646873422144282,6.374021489185791e-05,0.0014496761448604613,0.2899279917500675,0.013971487553432088,0.12724543559665383,1.5127530758178574e-05,0.40575585859840674,0.04118833358319279,0.0010529556255983888,0.690774282653586,0.13119799426511,0.5408713619541342,0.060511556623764985,1524.1689219456848,0.559576288388476,0.004050725328127629,0.0,0.02556441433765738
0.0015009522078813819,2.7137088779885127e-05,0.0009082541655920831,0.12076327695759509,0.2590155248373147,0.00780822191147364,2.570019891570426e-07,0.36432216584570953,0.20464609577052364,0.00034589166202060714,0.6706260360235359,0.22873656038437684,0.25396052753857223,0.035170606747714946,825.366771778466,0.44188947563915904,0.03127956356224549,0.0,0.0016901942874515757
0.0005097718419575915,0.00015960401329455677,0.002126581142493156,0.484685069240773,0.13899235631434237,0.02949562139429513,3.216936863891359e-07,0.5664840331167919,0.07286122424411391,0.0019064025631341003,0.6029697700975296,0.1696820047998216,0.49983323725603485,0.00878991452705355,1740.007672084635,0.433287765297708,0.06736751984415522,0.0,0.026164843960717676
0.0005517707824624365,0.0003927374200978918,0.0020910108118596294,0.36795945883029846,0.282929638009639,0.05088750953535329,6.66797402491308e-07,0.5454133576226807,0.336890606598745,0.00013013744981194063,0.710030891965129,0.08806978205800768,0.2205134558219543,0.014824568079682746,1017.3788349965062,0.6219611099071214,0.104106636489079,0.0,0.00038628993288299487
0.0009592458338369342,0.0004265833159730214,0.000990593635352893,0.5043584300113814,0.2252292306046388,0.0029436097230978943,2.6117216268546868e-05,0.71657095683108,0.04303266162628221,0.00651074756906513,0.7305305406691722,0.20290857201267315,0.4578388468817345,0.07753172587496723,1005.4265521627085,0.5276219686564991,0.113596261140427,0.0,0.15129781247573793
0.001874505474808153,0.0004806949364445018,0.002337448409780929,0.6741310242278102,0.07260419443282115,0.012179539002031241,7.536167412295074e-05,0.548348243211372,0.037678451907658415,0.0183188350397375,0.6104861176590459,0.24496647562860147,0.2322055060318064,0.0367593231837882,1651.212886548955,0.36551964203044446,0.0489447399562328,0.0,0.48618863335024826
0.0012438164255509365,0.00011121847602940801,0.0005136130568092655,0.30008069742900373,0.28460645258895545,0.10162845365656371,1.3339561833347812e-05,0.3156494266734175,0.11974991143442565,0.0007548316196180931,0.7212285529490452,0.23285669419668414,0.20665307699381333,0.059137204550372496,1334.4845266076914,0.48837185875236105,0.08540490278568844,0.0,0.006303400232838039
0.0009298916570584191,4.49132149147954e-05,0.0010181623830586859,0.6517995644858832,0.26102324206011557,0.015132527505093172,0.0004579920952485499,0.09843163825549478,0.028876322182697204,0.014044095856975792,0.7246496248904001,0.10497368485892167,0.4274382759352838,0.07275705390829744,1396.1183273666034,0.6196759400314784,0.1701348354954766,0.0,0.48635334403461755
0.0007816410280276465,8.419641034360896e-05,0.0005593355497819036,0.6995364640001122,0.1300425932552156,0.1380724184764096,3.8990654934771774e-06,0.759401431916978,0.10928434346852202,0.003538741908782956,0.6887170341759433,0.15712066197190336,0.2835621844755866,0.018876121062569282,1288.7242016514847,0.53159637220404,0.09096953585515836,0.0,0.032381051086263296
0.0007534699294032476,2.453475784171548e-05,0.0005880884035786803,0.17940020727385636,0.28036184725210456,0.001444218160305344,0.00010226391447873043,0.8440455754298907,0.02950980820337143,0.007263754625667488,0.6352724602608557,0.0682926938351656,0.23769493640510467,0.014526004378769171,902.3558589613338,0.5669797664256901,0.05029697350870881,0.0,0.24614713100160443
0.0006234741790230589,2.0353448791346486e-05,0.002308805469222015,0.23358236790915238,0.14877584136215885,0.004281019770452806,2.723538960571645e-05,0.9842886009984886,0.13158099229049264,0.0002482946804652209,0.5843487176044199,0.20961112261203763,0.34319357108891313,0.03449250127594505,1311.6314660265054,0.37473759499238224,0.03475141331304948,0.0,0.001887010244740048
0.0012196034825789925,0.00028020836006688825,0.001125022868525015,0.5617043958795405,0.17851951933495275,0.09561447662090485,5.337042860938095e-05,0.35667811055539334,0.021982052652590386,0.02286663778970763,0.604249389202331,0.2344014122363549,0.4811390020485807,0.06176757538095188,1516.8749973016797,0.36984797696597604,0.10027519876074557,0.0,1.0402412436680706
0.001224726459830653,0.00040272567466056623,0.001577235689307308,0.4224420177301695,0.11817114259633404,0.08652039090764034,0.00010167195864873184,0.47305703335721805,0.07625729784141631,0.001086906011308541,0.7006124510297601,0.12305509717615257,0.5431682683860706,0.03808348578578782,1743.2745725561044,0.5775573538536075,0.049920455915874934,0.0,0.014253140906839587
0.0017302502938591649,5.282896942702207e-05,0.0005404089350276307,0.7376717377932229,0.119477747543931,0.07214476152747093,6.53119465808514e-05,0.6914629132792509,0.1584302523744183,0.0053446982358656865,0.7439696367959154,0.07213292557261299,0.4617408428251915,0.03617303610190927,1481.2930358263297,0.6718367112233025,0.08813535765835155,0.0,0.03373533877377509
0.0007766408544585487,0.00011205159829346925,0.0015346651233928742,0.7491237349302932,0.25560800886101975,0.026339945291365033,4.1263825696275617e-07,0.0026187347773855684,0.04237810930500961,0.001772251660630284,0.5568203112947665,0.12350727424264651,0.3409119291387598,0.04522928840666197,1053.4495276839434,0.43331303705212,0.1914820262760626,0.0,0.041819979458611246
0.0011340151523689629,0.00013653904663056454,0.0006092736107143953,0.7181519260415139,0.15145567299083762,0.04501459558599025,6.35366874447551e-06,0.1198406643549519,0.49857175772028794,0.03257278863029532,0.7345603913728802,0.0879735471155634,0.33537435888131456,0.024932999181975824,753.3461431176746,0.6465868442573168,0.10876818326828373,0.0,0.06533219767448104
0.0013619295209986325,0.0002052376144434014,0.001289656782610679,0.1922591434002952,0.2052515871944958,0.05386538504998826,9.622984376006366e-07,0.42572750656686437,0.03668931648552722,0.00011295009290178259,0.5065850620200236,0.10009937769790504,0.3995536299612088,0.03312407665717842,1388.9922109884772,0.40648568432211857,0.03946149433556476,0.0,0.0030785553867251204
0.0015729111030379495,0.00013329196666311613,0.0016224714642471252,0.3046946390576057,0.1010171285844241,0.0756054873426099,1.0855570155265173e-07,0.5501532983177438,0.15847685329809777,0.0007227084716246892,0.5327966079380381,0.18346241035832034,0.20254925021560882,0.03297625101276177,1456.1365118829522,0.34933419757971773,0.030779377532666845,0.0,0.004560340873662237
0.000849069236821694,2.4082719904831566e-05,0.0013886522731464315,0.5378243834229446,0.2909692490728608,0.01860957130619461,4.219203488637397e-05,0.48818552653261127,0.11656549471359437,0.00036927789446805225,0.5389604882747888,0.10706475618903338,0.2611511274545947,0.009969492871099363,1112.8835007621894,0.43189573208575543,0.15649035697764857,0.0,0.0031679863357109354
0.0006418925176527934,4.509518977833589e-05,0.0021526938814288962,0.1524956482225799,0.2666433400727445,0.012456779793487792,2.391835553509214e-05,0.5839047383662398,0.03931192939279767,0.0005903230348405714,0.6381309786404104,0.09695177648551162,0.45137462779267745,0.07315158612345472,1011.3905220737981,0.5411792021548987,0.04066194898862699,0.0,0.015016384185629015
0.0014375926869578401,0.0002898671780881814,0.0023717541655816263,0.13594574526754702,0.21172068298435928,0.13446877066257584,1.208889924682969e-07,0.06690492582700365,0.02394018934152178,0.00020152153080406414,0.6160627957871275,0.2041962693392228,0.3888682393944277,0.006734703504399215,1106.4009490867686,0.4118665264479047,0.028782526036862783,0.0,0.008417708311711049
0.0009262409039665882,8.078637630267603e-05,0.0017886751117435007,0.13168213156347003,0.15555949070363675,0.14248530077324104,2.7775464568129772e-05,0.5982243721057532,0.055282852267333954,0.0007734917273791588,0.6781663351514412,0.11874778524960683,0.5642662134365963,0.01932822790376831,890.0204185423868,0.5594185499018344,0.02048440532078269,0.0,0.01399153074878893
0.000566876058046048,6.936023926392347e-05,0.0005291136499762826,0.6077416495284172,0.11075724660564988,0.13116790351760035,3.5479685114844203e-07,0.5996281853673014,0.03782229784560879,0.0005596039967860605,0.681934110155377,0.1237830057655196,0.44904928305535763,0.028480967973366293,1368.2475580325165,0.5581511043898574,0.06731179174934335,0.0,0.014795610755072913
0.0005088330006678461,0.0003598781300513071,0.0019442533133830994,0.498062960679915,0.2595343662055199,0.1277402253465042,0.0004564279748957872,0.19987969633677738,0.3847086030221634,0.0002534152096087205,0.6301702986945859,0.1244493584594134,0.5514894670611523,0.0720102303000313,1898.7691016726935,0.5057209402351724,0.12926445483050653,0.0,0.0006587198924535645
0.0006499416249011112,0.00031468026744012757,0.0005114566583285843,0.16586910647952322,0.08247339219493112,0.13572605275105717,5.448263598775556e-05,0.9109218842137325,0.41994293378363395,0.003155550295664068,0.6847228236463397,0.23416270659857713,0.3232522818127157,0.09846434368838589,1232.569287417159,0.4505601170477626,0.013679787871708508,0.0,0.0075142359635223515
0.001367746509899966,4.17016396358888e-05,0.0009546821347612453,0.5436042319952699,0.1288082727930691,0.004561866896411577,5.692228640570386e-07,0.054043522279595364,0.16070535246323123,0.017819581134885958,0.6320148260303831,0.06396303933183806,0.22951102503269802,0.09630365252203486,1115.232643099781,0.5680517866985451,0.07002072220631354,0.0,0.11088355715447007
0.0011584608123801493,0.00011324142018854387,0.0011922139506483976,0.6614981378908976,0.09024406465698566,0.042232595780970945,0.0001026618348018122,0.9246670797350016,0.12764063438698128,0.0003974904636390571,0.7335975893246178,0.12287018625984839,0.41709103699113564,0.02616877756349022,1061.791044704622,0.6107274030647695,0.05969628072630178,0.0,0.003114137324278288
0.0008496448266602979,0.00010195824164781192,0.001972958289017704,0.6606281663694933,0.18080569250743242,0.13092150497797797,5.451319533541792e-07,0.3066108878088657,0.05869052904708689,0.08120772580641505,0.6028295104455297,0.1954884437576377,0.32892794607187525,0.06319163585774437,1355.3591768659853,0.407341066687892,0.1194453331103515,0.0,1.3836598020996338
0.0012640589961572222,0.00036761060934187187,0.0017063460009146929,0.09111895084676212,0.07982362149243034,0.12515485283404337,4.0631290871114547e-07,0.20164801828746184,0.037325750981947084,0.0064719055203953735,0.5990759688885341,0.08242715903700384,0.5351238887318008,0.09639653996608989,1159.618430956239,0.5166488098515303,0.007273444643179305,0.0,0.17338982740161252
0.0005620372888736809,4.567173616431769e-05,0.0006067925857839317,0.376648642871027,0.2790086482583423,0.06753691786599189,8.30821319359026e-05,0.9934877956852958,0.056243188902478224,0.07676343112916119,0.5591127892064088,0.05343973368605096,0.5149260668052311,0.07447042264708857,1314.3156574941315,0.5056730555203579,0.10508822871578437,0.0,1.364848484360722
0.001301082339277476,0.000135824595732312,0.000632257735023244,0.4878263058289067,0.16881944552872272,0.01589229257842337,2.304019371500063e-07,0.5559607072328966,0.023980203390492904,0.01710141484706317,0.6369915077272887,0.22222331428588948,0.27127954433132884,0.09184797376387925,1272.517409618085,0.41476819344139926,0.08235456646436114,0.0,0.7131471976523405
0.0005250452653835154,2.2663409543566377e-05,0.0006627758857895462,0.10048586006396279,0.008815692055959558,0.05566607690692932,1.65798172528973e-07,0.29498429249866837,0.2028084463755007,0.009862595387820519,0.6242550294614969,0.21562619963099955,0.5735533566133284,0.07213221874539462,1658.295090359326,0.40862882983049736,0.0008858523983021406,0.0,0.04863010177376874
0.0007023705203494606,9.146770236032466e-05,0.0012993482983359823,0.5097449805568454,0.2371451383179546,0.07923431202505674,5.531454483118898e-05,0.05056090640885556,0.4239981306250156,0.002826236934630741,0.7153060838488415,0.10227118494814309,0.308928199784961,0.066006961314239,1015.8033426502667,0.6130348989006984,0.12088354392103617,0.0,0.006665682536063509
0.0005987621095773526,2.165450483657315e-05,0.0010792402346911794,0.06768123672867038,0.008384925578300157,0.0802551761859789,3.0600263122982765e-07,0.9691545728461118,0.02511519345186784,0.017262678193620012,0.7027202116314999,0.13246131241924747,0.28481142554128724,0.05289418948870208,787.1458374211825,0.5702588992122524,0.0005675021330172164,0.0,0.6873400448498704
0.0014634862122440639,0.00027347259262002,0.0017600031440682085,0.5199210868576538,0.28192737687702946,0.1082922766459212,3.90302518581221e-05,0.6752708102508022,0.08126686388512876,0.00035528555170184686,0.5253635818252561,0.05826348856152386,0.5140597494972596,0.04865728506181723,870.855144998498,0.46710009326373225,0.14657998820083254,0.0,0.004371837852683048
0.0010070716576728697,8.383780471230156e-05,0.000562325323920879,0.20229720469552642,0.19878398985745913,0.14158237633743767,3.5129839034318106e-05,0.24645571664437874,0.020458939937759425,0.0001479361576526325,0.744216050103214,0.24987349396088077,0.31594079208835335,0.014115557674202788,865.5143236020435,0.49434255614233324,0.040213445486387854,0.0,0.00723088088154551
0.0009338259887467958,2.5561345573321035e-05,0.001528604133488052,0.4711724634807765,0.006552114870380241,0.07015977561601996,5.562578338030762e-05,0.7948236015260505,0.08421785787478042,0.00844687503929332,0.6047746232590208,0.19650037898501688,0.4548866709441263,0.03794982905798376,1795.508020893694,0.4082742442740039,0.003087176104486087,0.0,0.10029790892868092
0.0016178771713585404,0.00017405157695730533,0.0008162460047653167,0.34129465689457833,0.03912231108033152,0.028305555732203183,0.00031971540377413477,0.40322350414688823,0.29461247794574474,0.0016674580769027445,0.7281736621742165,0.16860761596275947,0.40417419232648616,0.09337419971134053,1027.7141986470335,0.5595660462114571,0.013352235737084706,0.0,0.005659835213122984
0.001430063427768607,0.00011726498469841827,0.0008799588778491952,0.6247212573607382,0.0033835559555251663,0.09928853869638733,1.1738551663362669e-06,0.070760152242366,0.22641117972353994,0.0003299375064503178,0.5949852024747719,0.08276041064761627,0.2591392442096506,0.06218082154741375,877.2529062079702,0.5122247918271556,0.002113779330886096,0.0,0.001457249182011193
0.0006126825697776228,2.664794925367319e-05,0.0021603345640828176,0.098786809777413,0.2622174306002303,0.012948609200568712,4.5098091042423e-05,0.9480723049084991,0.1545059076368546,0.0004226586888891093,0.7426009226042447,0.2142690334247308,0.4979034669312731,0.051119653863046656,1419.7623427338826,0.5283318891795139,0.025903623437026943,0.0,0.0027355503446671557
0.0012866288023825033,0.00023799468666742753,0.001252402396004117,0.18538488076647203,0.19108468634382703,0.1215906014518226,6.745896938035192e-07,0.7604961639714587,0.05812158447781647,0.00037831732300981587,0.5812249453285441,0.24247013020524183,0.3674397628233337,0.056798737079922924,1415.8908772246182,0.33875481512330224,0.03542421179414908,0.0,0.006509067610746399
0.0016706863122032344,3.766036142820555e-05,0.0013834328977643372,0.4340440631049755,0.19524197349138103,0.13317291161251096,9.890981925179621e-07,0.6626366724193473,0.21185026530048381,0.02099012238999064,0.7209129763641242,0.1123182710904169,0.3146058008244377,0.03710373825819478,1453.695302702725,0.6085947052737073,0.08474361946283294,0.0,0.09907999105037092
0.0018521580310512705,4.862218405933992e-05,0.0007643877911041717,0.22450774205782092,0.0722241733647148,0.03829373481525894,3.7963497736667826e-06,0.3026989298931006,0.3004884365543762,0.04557109889613746,0.6022918630822017,0.06183767355926062,0.2010470754987544,0.014141516616833202,1610.3042277501002,0.5404541895229411,0.01621488608410473,0.0,0.15165674732342302
0.0006887898508202308,0.00016553799991819265,0.0017816746100370576,0.5998998827035137,0.026871091512889876,0.1393660557914947,5.14874996927836e-05,0.23923179937576242,0.09907366654067404,0.0002338941923267487,0.6778103588649028,0.2296559498677832,0.4547389942686352,0.03480502974858364,979.3097886270623,0.4481544089971196,0.01611996464669802,0.0,0.0023608109045881024
0.0011939487284679928,0.00019005436074977195,0.0007804269472489879,0.5048195694705325,0.018857563229770224,0.13565723074883254,1.8426865886724852e-07,0.10288988051690225,0.25443610298705427,0.04002268739629107,0.6626586630463293,0.1793206807521731,0.42141843346373786,0.056738698130937563,1404.1886434362636,0.48333798229415614,0.00951966695091595,0.0,0.15729956136895962
0.0007986410136709076,2.2703356004681507e-05,0.0005069850630266381,0.4138589650715862,0.0008393248660039686,0.035646658623649255,9.907139422530982e-06,0.41860808769653246,0.2995336736402424,0.0010730189681329625,0.6341600455802191,0.10143082814413927,0.301720811108829,0.005503395202038547,1019.7713925050957,0.5327292174360798,0.00034736212040325024,0.0,0.003582298294186855
0.0012165190182076803,3.713151376622158e-05,0.0009992313198169363,0.4221339348323501,0.14047226816523795,0.029604686242879028,9.383657481844842e-05,0.012126802523594599,0.04776521083363524,0.00036542434606555066,0.5487912428769477,0.19326699385388924,0.5173090748019458,0.09946313881031268,1872.2742603990423,0.35552424902305846,0.05929811129541696,0.0,0.007650428830688352
0.0013629879682138784,2.7444211153495703e-05,0.002082162641805005,0.4799325866527593,0.06197420513704748,0.1379352696458088,4.922393760622912e-05,0.5308441807493425,0.25579901961306095,0.016602315479429086,0.6738105766241995,0.13202629600074278,0.5638698788901482,0.05458348104534666,1865.2786357942412,0.5417842806234567,0.02974344057717192,0.0,0.06490374945354709
0.0005867427856033323,2.8544381948424386e-05,0.0015478267903877223,0.11191389617932761,0.12729875619868886,0.03664756262851082,0.00016478573254109582,0.5608257868833824,0.027802574730803473,0.000655523691428204,0.6472069474608187,0.16459031076819122,0.3420889997497065,0.08672431375168496,1205.02945289722,0.48261663669262755,0.014246499784977601,0.0,0.0235778052131958
0.0006944939836718908,3.998297338136922e-05,0.0024502391286830715,0.5175259531146653,0.13807982414761702,0.0985714253158548,2.0345650329783912e-07,0.27295668415810886,0.15970808525430427,0.026991059989265712,0.6075771629463869,0.0722701938821649,0.33993148622759317,0.008138208200035336,1971.1651779142273,0.5353069690642219,0.07145989259790088,0.0,0.1690024643792308
0.0015137191520068032,4.901079834577191e-05,0.0024423108268729564,0.4244548767519795,0.19564706676638483,0.0458185963606926,0.0002131627553469265,0.741688353035101,0.1270866624913255,0.011217817356749588,0.6321353338283074,0.22460670842683184,0.4016457842364082,0.05017826931630663,1260.1252584737222,0.4075286254014756,0.08304335161121218,0.0,0.08826903733910928
0.0008222432331030026,0.0002876077854192434,0.0007825423550644308,0.39203537620799106,0.23186304734145763,0.015176094392928384,3.976742153453154e-06,0.3907899908307126,0.020976531439996303,0.00019344256466519532,0.6919292834187528,0.1958702808017429,0.5561185097262262,0.09247284248613516,1811.578992035443,0.4960590026170099,0.09089851699323959,0.0,0.00922185658856617
0.0012475101671293037,0.00011009798746184989,0.001127336388264241,0.25153349389313706,0.23781720750642443,0.0008561864917264733,0.00037212096202353276,0.26141015121069866,0.21340447593188222,0.00028312089431334694,0.6581049129710392,0.16376108987765797,0.5320057274074395,0.02533090356831236,844.841405770906,0.49434382309338126,0.05981899311200012,0.0,0.0013266867673558914
0.0015915872708227629,0.00015215337246500202,0.0008556881736321226,0.41451359507106034,0.23374907561303496,0.09944684404836716,0.000770277320595864,0.5460979647896832,0.2161069105681248,0.032697766155939556,0.5302079206197918,0.21611776473088268,0.35543931039955745,0.041703933148138854,943.1494157964157,0.31409015588890915,0.09689216967689623,0.0,0.15130365831421214
0.0008066736795466754,7.561943458280661e-05,0.001566925504555158,0.6011513085680945,0.006978964456095361,0.021424568279749017,8.962505928341841e-05,0.6341087776069003,0.1007729550980495,0.01637876573577791,0.5968712798765866,0.23991189130297402,0.23063439211706543,0.0810086070459919,1271.1416638285377,0.3569593885736126,0.004195413615231946,0.0,0.16253136290229647
0.000818073596045793,5.232883219727732e-05,0.0013589699716440907,0.6039913598578088,0.2973023604807126,0.0072637956436731555,2.422693327492977e-05,0.863581791613681,0.28667439343767576,0.0008674233659240894,0.5323766618306864,0.2377062979407269,0.45312174494803725,0.012165192909023067,1807.1234026413806,0.29467036388995954,0.1795680569956821,0.0,0.003025813905184632
0.001565081421430147,7.982759053746247e-05,0.0013772013962944389,0.3906794952462076,0.10416110412683201,0.0967597069510925,0.0008189659637748191,0.8349808460185392,0.17072985846302602,0.00017136490657304325,0.6660025088247848,0.15591091290445536,0.46647327253279147,0.07220201888537539,1993.892075250672,0.5100915959203295,0.0406936075845584,0.0,0.0010037196077811706
0.001054721148235327,7.443288053857753e-05,0.0011569664631875028,0.12028195177355396,0.04937411018568849,0.10721668296854377,1.191187385476118e-06,0.8633918272633114,0.025591917492456866,0.01922353842265938,0.703287335145812,0.1640297861791955,0.5585686281318128,0.028186264900759397,1141.2804939929717,0.5392575489666165,0.005938814340217122,0.0,0.7511566270220064
0.0007790337064569606,0.00018232843523015454,0.0010755978403026844,0.2631119668873428,0.13071544506524607,0.1043086233600509,8.068129048654102e-07,0.7889662076661776,0.48100623672971204,0.02891773789943137,0.6493279044939917,0.13644036678742053,0.3609621379656133,0.07259992320261693,788.1932365332104,0.5128875377065711,0.034392797853671296,0.0,0.060119257696196735
0.0006034245780973356,2.8978550043427542e-05,0.0009234605442114387,0.406177658937819,0.28900301062834194,0.014625364754103864,1.5524860330070886e-05,0.9453594973040149,0.29531057652220366,0.004834078753192948,0.654290467623665,0.05502933004147491,0.33961859067728406,0.011390547690954458,1961.1576989462312,0.5992611375821901,0.11738656628300155,0.0,0.016369473826920267
0.0016420279719836686,0.00013114120751346869,0.0005498626219473943,0.5052719939449498,0.14355127330594816,0.13408268153713004,6.274247185694289e-06,0.4611263572095834,0.021085977804415568,0.02427027138222592,0.5878829335132336,0.09120770245071416,0.4437436476535104,0.042713184478399314,1617.427729234903,0.49667523106251943,0.07253243809663287,0.0,1.1510147457872946
0.0009724404997379057,4.876568454097644e-05,0.0008675551863862504,0.07662158572821433,0.05561671003079403,0.13157840378277716,0.0009329335570572114,0.29132871527516274,0.2631717655592452,0.0001161912340855067,0.7129268808316355,0.21995798818561058,0.31730837259503475,0.046369958803184334,1910.1820704579243,0.4929688926460249,0.0042614405155457225,0.0,0.00044150341826600597
0.0007740061304466923,6.963456894208757e-05,0.0012872025865816236,0.37812983398072664,0.056336015629733394,0.11371823225437344,1.5928916224030413e-06,0.302210371898774,0.046972533628844564,0.000872087912053044,0.7228047274417461,0.1456194838247627,0.4600006724146071,0.006926302357820067,1967.414050084088,0.5771852436169833,0.021302328237206708,0.0,0.018565911707975623
0.0008113064001961195,3.5374400434785317e-05,0.000884845830006875,0.07408370789679333,0.08447480366325141,0.04306481786954495,2.0833871659424708e-07,0.6473438335493195,0.199354639164566,0.003994340547267162,0.6189433738537844,0.18177177388870114,0.2521959550476757,0.03423043432014801,1757.1745358061762,0.43717159996508326,0.006258206679227285,0.0,0.02003635613400428
0.001634728737849987,6.334810034640648e-05,0.0016425491944513887,0.3893466279760962,0.07364988370323525,0.11769219664586028,0.00036507205522919814,0.1286163828537496,0.024687803381040332,0.0026621716750315494,0.63036235092887,0.146280549935075,0.41214653014050745,0.022317480573874667,1040.2518575261822,0.48408180099379505,0.028675333870686284,0.0,0.10783347687692767
0.0014061804272461123,4.5367026307718124e-05,0.0008204619022889986,0.22483491099904013,0.06093255123826368,0.013454319740471513,2.5119438986805603e-06,0.6422323255199109,0.126164371287017,0.00018544317725516896,0.6455846142684534,0.20081726406232764,0.5531482943183627,0.08460110708094382,1091.632859805975,0.44476735020612573,0.013699764734599468,0.0,0.001469853773798753
0.0009314366470346226,5.07608761458766e-05,0.0018912704276758522,0.5118590360014754,0.20829595809229567,0.02848901917654685,1.1448306265545958e-07,0.16465441309055767,0.29347137831379894,0.0002447864450935615,0.731661083128586,0.19450867240758274,0.2782849309181929,0.08088046352448156,1659.2755663920789,0.5371524107210033,0.10661816831212619,0.0,0.0008341067074412268
0.0009397464318687153,8.046409208980396e-05,0.0015248881246988947,0.7528655503127418,0.26525733930708006,0.12524202302908644,0.0001339522231307521,0.5092889175741242,0.20041075133403632,0.0019194219464774708,0.5430841823939618,0.13777054802104977,0.4334144430940531,0.03075349084174788,1862.3648749375773,0.40531363437291207,0.19970311273191851,0.0,0.009577440001101827
0.0011805122140940575,6.868296368832305e-05,0.0010376874869223436,0.3328638005662564,0.16437276713628834,0.11203499414008275,8.947283529225364e-07,0.4465907943983542,0.37995747371750643,0.0984162323687386,0.6134726800236056,0.1638584697195976,0.31790387855369173,0.01960776341766661,1716.4208864199252,0.44961421030400794,0.054713743978577194,0.0,0.25901907233415766
0.0011593673525780407,3.722663792103457e-05,0.0015185331973327078,0.4715315514874738,0.07302583073145835,0.12106068506140778,2.923095743537568e-07,0.9088240068617651,0.027285839024661796,0.004755919448493272,0.6870844466217404,0.15978538979945794,0.3560077943517923,0.016590072418164785,1422.170646974741,0.5272990568222824,0.0344339832634662,0.0,0.17429991594521696
0.0006370023742523842,3.073664941791946e-05,0.0008736047882719486,0.5551575713759738,0.163822772462117,0.14009504627625302,1.393655216528543e-07,0.02030176156988751,0.09776021572659661,0.021903966354732282,0.619273150007123,0.07739791852104796,0.48731413693936393,0.018654509949485858,1105.874139678239,0.5418752314860751,0.09094745249614762,0.0,0.2240580812136352
0.0013668125935074685,9.646674179712757e-05,0.0006834464698306781,0.37296132971844687,0.12687938629517043,0.1190499546658236,3.201182514513396e-05,0.6765073476970737,0.04558703146972681,0.001520512997206678,0.5794431755433669,0.24513335058854574,0.29256072721189275,0.015483020166531719,829.5531886613943,0.33430982495482114,0.047321104626507245,0.0,0.03335406908906565
0.0015857697402654961,7.354738354340489e-05,0.0015458476004257585,0.16723214903183825,0.056562115026128346,0.14393601514075036,2.8380441414597545e-07,0.8366506651150739,0.24428101068441818,0.006376110902933901,0.6952223877560424,0.05576651280066519,0.30209217370351815,0.03136070369443974,764.9980557743363,0.6394558749553771,0.009459004049605473,0.0,0.026101541356282797
0.0010315534053244929,6.425396134599215e-05,0.0014080427337259693,0.4993359145755688,0.11833711220207595,0.03303537729128171,0.00025298266173673497,0.21702623159521536,0.39061874620714765,0.0008833753233993564,0.5434545137659932,0.1579372303696538,0.3065966968874693,0.07954991915594513,1193.816124596421,0.3855172833963394,0.059089970149655294,0.0,0.002261477033493156
0.0013018980439518078,0.00039599121029695725,0.0006181266891593061,0.2889343986578854,0.14174870792807848,0.0344394221303085,1.1379471517237026e-07,0.7991822988853904,0.1953248117926739,0.012664611503000148,0.6009921151253377,0.2266965993689523,0.29613296892330015,0.005817376468463376,780.4548551642132,0.37429551575638537,0.04095607768573158,0.0,0.06483872369703296
0.0009510260847080909,3.551369148942697e-05,0.0024948190373934457,0.23760940045868956,0.29024263658927063,0.07199087909268839,0.00017965958326364618,0.3081415614522782,0.053973009876508035,0.005300189257823709,0.7310528206471807,0.21657401351653754,0.4871134528613658,0.0503827619514382,1019.3458046040173,0.5144788071306432,0.0689643788675259,0.0,0.09820073532957882
0.0019441781984169224,0.0001314784996324405,0.0016158637294936104,0.5726629299658501,0.21214559495200044,0.05354544583165912,1.3846876877296064e-06,0.8969048897103151,0.030195047825871027,0.00702568740097395,0.5535044275037289,0.17196746991242431,0.4667840171790956,0.01156897665386257,1868.0003616965676,0.38153695759130457,0.12148791798456103,0.0,0.23267680983616004
0.0009389406123786085,2.455817924811081e-05,0.00215668015759476,0.4037705908781073,0.231536397705883,0.0749406458182,6.303753659704491e-06,0.6879207067380196,0.11557589335005558,0.04445555908793306,0.5553322891843202,0.18282958420441625,0.322188804937853,0.032785113485570117,795.7226720575346,0.37250270497990395,0.09348758811149283,0.0,0.38464387165311653
0.0011460005101830732,0.00016402821470112757,0.0010618831561927597,0.1769674643968645,0.009847725456341057,0.13547497946012793,0.0002852501893872781,0.39674159874935244,0.3965608106672058,0.0005158864613048563,0.5309002026428835,0.18616871205410845,0.23362746190239914,0.03573081189102251,1269.638244638396,0.34473149058877506,0.0017427270040851323,0.0,0.001300901267669106
0.0018580032787256337,0.00017019143355693207,0.0007189274326836031,0.2051668083343643,0.10210858581842193,0.10154457314722205,4.6896632083219625e-07,0.2977866583317528,0.050705338072058646,0.005119740733058897,0.5691434078365625,0.15031243231784014,0.24497581256010043,0.0782920128090464,1033.8243724096442,0.41883097551872234,0.02094929265590116,0.0,0.10097044862974985
0.0006547186460303424,0.00032389219061071525,0.0009212668562126057,0.5961255304705454,0.24713187322225583,0.1363941202109567,3.129414174992623e-07,0.08219803900474182,0.021331046856468364,0.01791317293841328,0.6564407426541319,0.1763168506763984,0.3144497200161249,0.0402661004858594,1070.333636779098,0.4801238919777335,0.14732161902079682,0.0,0.8397699868621938
0.0009811867151644027,4.431753443516087e-05,0.0006898077287374228,0.5217530257796769,0.14115754416197523,0.1050728413514904,0.0005715008764566404,0.6687183845903293,0.06507319548476123,0.054036921866858344,0.665317640643186,0.17255214091609894,0.565952871096703,0.057746581314249264,1488.5314928992798,0.49276549972708705,0.07364937577813895,0.0,0.8304021565916899
0.0019660101527631435,4.077301256913936e-05,0.0005000699703355842,0.6156440208498746,0.05600012640363806,0.1382412063183605,0.00013467737776681502,0.004035434983024856,0.14625059129585855,0.0008468515939941365,0.6746197589129254,0.12618901359382573,0.5486305064629509,0.08874428050036548,1352.0569566315587,0.5484307453190996,0.03447614298723696,0.0,0.005790414838603919
0.0007598632177746306,0.00016783972670429326,0.002173988333605291,0.5987309864495179,0.07580554848466664,0.11007479558642348,0.0003774713325634023,0.8434102236081138,0.06888914089188804,0.0016356272324409209,0.5250928602705437,0.10974831295280743,0.5769864512894771,0.027638837941693542,836.6667761267208,0.4153445473177363,0.04538713082257122,0.0,0.02374288910073376
0.0017236507732189606,0.0001697439817342451,0.0013625207202549595,0.46522871435153274,0.20839147578126718,0.070032433036389,1.7626889730696227e-06,0.9725634023848867,0.02788001666050769,0.0001763884607735718,0.5197659827552705,0.08967336642263606,0.2269596016993517,0.08384051090199707,1402.3876561574418,0.43009261633263446,0.0969496983595375,0.0,0.006326698542595484
0.0005898383923212037,0.0003104779473572509,0.002231447994524478,0.3250898779244445,0.0014045131570294422,0.09975693099387055,0.00042100539894855574,0.40290634748634774,0.024995492556119648,0.02585214120093626,0.5439824641496396,0.24813938556596882,0.5457446318300638,0.06457823968665806,1988.4412998961604,0.29584307858367076,0.0004565930107619775,0.0,1.0342721249798648
0.0016026523453784361,0.00033659992109983815,0.001207131790016588,0.050464302117582,0.008871005641015691,0.0768576911293537,4.177647121483712e-05,0.9120564889180146,0.15536052649905188,0.04421227101344731,0.6430532824888507,0.09526009408635254,0.2701575726247766,0.08465923587475636,1390.021106548777,0.5477931884024982,0.00044766910875499,0.0,0.2845785349067874
0.0011816780453636538,2.3388630233242818e-05,0.0010637725967682361,0.14641008846843173,0.29411777963330615,0.1099009746799073,0.00018051215913272945,0.47527515216447574,0.06495683974536258,0.004533568614361156,0.5864357263604608,0.1298296357132216,0.3110488974645418,0.08590258690732563,1959.5879329026377,0.4566060906472392,0.043061810136251065,0.0,0.06979355264408192
0.0012361415716549734,4.15949879378198e-05,0.0013199529437329558,0.590082375036577,0.04029255962530528,0.06171344601919275,2.686386990777427e-07,0.3647241237996058,0.035093983629743884,0.0003380031999495844,0.5757043065221257,0.16956129538730763,0.21822471492845183,0.030840243551218116,866.4499973770489,0.40614301113481804,0.02377592928000303,0.0,0.00963137167657165
0.0005080218345540878,6.192135934186877e-05,0.0008406371647631695,0.4868107431794915,0.2196027289286076,0.019513330460063507,0.00020798087401491431,0.9346821164092873,0.054130512948527575,0.01801993241188203,0.6169651233213251,0.22433852352512007,0.5271519022022242,0.04676069608411263,1627.4997940670883,0.39262659979620507,0.10690496767397989,0.0,0.33289786906355556
0.0010213394598030268,2.5058891941613612e-05,0.001504550572848444,0.18726557800089344,0.0027098804432841286,0.10187636063214847,4.273455185202088e-05,0.92064079319928,0.037939309833593005,0.0003241552073728364,0.5240099948612932,0.17788259812142365,0.3585644224050113,0.005909300498833473,1360.9166200227205,0.34612739673986953,0.0005074673275249197,0.0,0.008544045972228421
0.0010239016177337476,0.0002319938741279761,0.0005849352093676184,0.7640527113432476,0.19942198459677815,0.11879288988019043,9.580460906152702e-07,0.817421765977813,0.2892821897673171,0.011040545195450334,0.5793215173652629,0.19622481403069914,0.5356406781418281,0.0761444734596478,1918.2423647953792,0.3830967033345638,0.1523689080326197,0.0,0.038165312577074825
0.0007688013876708663,5.848905844590778e-05,0.0005174597756254759,0.2644076040978656,0.26979362498646675,0.13345656849595025,9.273570602712117e-05,0.27801556256369364,0.046575347243986195,0.011582480836639684,0.5312988823265866,0.15508076244687333,0.5797855260068312,0.046564971888766585,1061.0038506075518,0.3762181198797133,0.07133548598354973,0.0,0.24868265127395722
0.0005238270206608941,0.00010873027650730507,0.0013002619094192728,0.7566463177423561,0.04049464478339375,0.11717214892784135,2.623573511159548e-06,0.6468825132222836,0.02284920558707624,0.03950280342456373,0.6917573992870267,0.17568014982215596,0.3550534387655181,0.04090890929986287,910.3618092385689,0.5160772494648708,0.030640123863639592,0.0,1.7288480019150838
0.0005730036991752593,5.081638031413637e-05,0.0017509926677304094,0.12093349071208473,0.293494563912198,0.13960133945249695,0.0001713470034031231,0.016534335143062892,0.0222879777478431,0.02212173708172857,0.6375003591703294,0.12526982432310751,0.20836390807316088,0.03354877513106194,1139.5476814876051,0.5122305348472219,0.03549332211892316,0.0,0.992541240484206
0.0017022232735754868,4.3446794862097566e-05,0.0017989483505784394,0.13469896961440603,0.10613375466826667,0.033633661824985436,1.011139785552203e-06,0.5029167849310003,0.03326144635785486,0.04946429267254709,0.5071633264639159,0.09167246275184339,0.46933058315597476,0.03799658735087114,1446.9714951163667,0.41549086371207256,0.014296107395123677,0.0,1.4871359513464406
0.0013186195728642272,3.6425806751357665e-05,0.0013876178429900732,0.2556151116912418,0.1695117962774267,0.06974945219214497,8.879738103830652e-05,0.8473558922810172,0.46597413836013096,0.005924108396473562,0.5276757953023259,0.17260958204068216,0.5226803949060876,0.09566777402984203,1325.2034519912304,0.3550662132616437,0.04332977673843745,0.0,0.012713384518123361
0.000879571489319146,7.408800903634677e-05,0.0007960769179867334,0.5355166125269379,0.1764998470667275,0.07099162083613388,1.3632153039717872e-06,0.28923630344902446,0.10380327332179856,0.005571250698044686,0.5451944396323773,0.05631237520644786,0.461030926375593,0.051787312850790836,1195.786400309995,0.4888820644259295,0.09451860021269652,0.0,0.053671242917102985
0.00054789803033643,9.556185910364345e-05,0.0009943582874859759,0.19444944480733362,0.28759972847919774,0.0041221528357197786,2.9281848914555687e-06,0.8568864528867116,0.08520573422100505,0.0036083672109991595,0.6325987318306638,0.10675648773404038,0.514565006861986,0.041125296180307386,1162.1797327854879,0.5258422440966235,0.05592360752951989,0.0,0.04234887761943162
0.0016223738018897394,2.4443479982823357e-05,0.0005616878277932483,0.5754511636142918,0.2208652790389599,0.05840999244850117,0.0008311695044735879,0.011022032385974096,0.020432304026527615,0.0033191152399054164,0.626555285738219,0.18354744595729788,0.2632787080729355,0.07162681496634933,838.0731237323456,0.44300783978092106,0.12709718182496474,0.0,0.16244449160486998
0.000749105117855808,2.2523746243016197e-05,0.0010770501487388714,0.4500511709117296,0.08616273032200887,0.024630739892425216,0.00039155510964429064,0.9755314649664123,0.10816473302316726,0.03107078720830144,0.7377519497956496,0.059507970386632005,0.2616683019823632,0.0603207462250549,1191.4352222764157,0.6782439794090176,0.03877763767037168,0.0,0.2872543234738678
0.000951746573929246,3.805684918006316e-05,0.0008620223999105569,0.7489461226565354,0.06509948041234517,0.09358177267508364,1.5788602130764577e-07,0.03973993625777047,0.09059698361851715,0.0002646498509378577,0.5036840649971781,0.08910266629595176,0.5176267979087117,0.01459144187465609,1275.2332755168395,0.41458139870122634,0.04875600344178099,0.0,0.002921177288332653
0.0008834187822880949,0.00021452000611094712,0.0006463455843670993,0.12295709163309698,0.1634628454981748,0.0971258669336018,5.713391537917599e-05,0.757838255580762,0.06176200734383505,0.004608972808151084,0.7447743589950738,0.21841322917621214,0.31962787435753615,0.02329743603001592,1643.839285633521,0.5263611298188617,0.020098916072525855,0.0,0.07462472491369147
0.0006280982323575799,0.000316035210825092,0.0013441426741834727,0.20749265636848718,0.26413193544922114,0.017495955448165793,1.814997211842211e-07,0.8666639535872983,0.2958818385948906,0.00010477800442158498,0.672081982346814,0.1258026495517163,0.5436187169666875,0.0074775854247506116,1454.8554438397282,0.5462793327950978,0.05480543691810868,0.0,0.00035412110766637077
0.0010351901936081192,2.8752109160614814e-05,0.0006829030547106809,0.3178998189229699,0.2056271993969308,0.05775348965555575,0.0002200556388862417,0.24863351205314235,0.11430352124366044,0.0007413709399497244,0.6554784131706205,0.1029229050964103,0.5001785590754284,0.06562444023457768,1752.8171753689335,0.5525555080742102,0.06536884945392173,0.0,0.006485985137494989
0.0010947314100126816,0.00015155235684706546,0.0009586512888952628,0.22287372279058137,0.19955242054949107,0.11515824847170317,1.5941512077829703e-05,0.18909365975108547,0.060509899987963224,0.006240949371259219,0.6113388751011068,0.14430009481325168,0.28169436474426557,0.04545842318656791,1571.2905571478695,0.46703878028785517,0.04447499085973679,0.0,0.10313931063347788
0.0016897405360831491,4.245867281491056e-05,0.001006893394781103,0.6724456909900965,0.13139199440577684,0.10331149506645322,1.0638608183762351e-07,0.8280017921850932,0.14454884564043496,0.00012050853025699763,0.5081967910444722,0.10545972355653344,0.20776590177226176,0.050909183976415764,1376.302244304567,0.4027370674879388,0.0883539804687595,0.0,0.0008336872544576552
0.0006313542882398136,0.00013510318070962472,0.0012840415935142808,0.3578671305720454,0.23643616865524197,0.11984486253161544,1.6729869955551466e-07,0.6456941940341089,0.035143375725668724,0.0168357475251136,0.7357240761820976,0.21531736315979366,0.5065516318214582,0.06891662484605128,987.4222780672775,0.5204067130223039,0.08461273324009963,0.0,0.47905891729168093
0.0017244307741031814,0.0003658953548805049,0.0022749172059589036,0.12316944106705251,0.16602740354734474,0.08982443980693679,5.6366650030295055e-06,0.5829000463872762,0.034829515454388074,0.0003727075490333153,0.6536077554433999,0.21049104995671614,0.37459970177737223,0.015554133349872861,1792.0431774375127,0.44311670548668375,0.02044950249674042,0.0,0.010700911114350828
0.0017388410158645804,0.0003705154705002623,0.0015879064056743602,0.6511592142386298,0.006391326470744352,0.07301760347779343,2.006661931849094e-06,0.41659538644173305,0.3882960886134287,0.0002023379826253821,0.5470988718062115,0.21782459787941816,0.5552991769706619,0.010799373893003325,1207.0906514061744,0.32927427392679337,0.004161771122632447,0.0,0.00052109199283442
0.0011707427563185065,0.0002505917833528835,0.0006229469608909392,0.260852355750896,0.19131035811664113,0.038245905679782095,0.0009504528935221711,0.30527931448759893,0.11287777622898046,0.03725451714233202,0.650115101246981,0.08530527326619838,0.41513271157725407,0.08639853629675588,1434.2322947260404,0.5648098279807826,0.04990375759427338,0.0,0.33004297556995305
0.0009212064603734187,3.1933655204012906e-05,0.000835003364315542,0.5845640662184617,0.20963661667772981,0.006800591832751354,0.0005479988832015491,0.24516256416317495,0.2392758961981075,0.029067690122163353,0.6019483567547314,0.16189288785402578,0.38256238390977115,0.07236025848021709,1419.2968687474322,0.44005546890070557,0.12254603307341472,0.0,0.121481898444534
0.001153756260925579,6.214616082705738e-05,0.0014648356327406754,0.6466293469276924,0.24639017526579773,0.0580688991248163,1.6853696010218687e-05,0.6260201238601832,0.05930788200196365,0.0384665296367668,0.6925234851166512,0.05157577571482613,0.27918621843072666,0.04475818742543325,1017.5045770418833,0.640947709401825,0.15932311812152244,0.0,0.6485905134075297
0.0010520005132243185,5.158790801683798e-05,0.0006493795774325478,0.6013296761211334,0.24132679422871736,0.006697914948076364,0.0002600065599696731,0.5427847137534726,0.3605893255529104,0.00039671771766363554,0.7191168547900927,0.2331840105667265,0.37694568775401904,0.0697760458323565,1491.1719605503545,0.4859328442233662,0.14511696301290603,0.0,0.001100192627874737
0.0007184270264012987,3.753948963646894e-05,0.0005329953117770792,0.4031600309106775,0.07047109406910199,0.0038395105700365527,0.0007342319353295742,0.7358813669626594,0.3243612098425647,0.00017240545405471542,0.7420137812418243,0.14108487818026283,0.47123081721766463,0.033894056337796345,1718.0111267684006,0.6009289030615614,0.028411128463208417,0.0,0.0005315230330359043
0.0019325920117719407,0.00019253946864874555,0.0006758105050721788,0.25774518468321883,0.045410658216410854,0.015262286467690402,0.00035436564049306943,0.871962206491952,0.05823036421732225,0.04612663142427178,0.6589048398433959,0.1394890848070186,0.21317141117641836,0.04372768513530686,1036.3018614473635,0.5194157550363773,0.011704378488575345,0.0,0.7921405274423842
0.0008882475705271685,3.3780893119433456e-05,0.0006102208235845032,0.17763345240550227,0.08069880934972913,0.03925529880423631,6.08072861217814e-07,0.8880565593105976,0.0276236107632248,0.004143577234280535,0.5422148869945635,0.2318464185023495,0.5051619667788712,0.06605154165036115,885.3631222100347,0.31036846849221406,0.014334808109805811,0.0,0.15000128946925587
0.0005891225149322701,5.089768409006405e-05,0.0005515894469332835,0.25381689635247445,0.14399147572071982,0.022565116131747828,1.873294788750211e-06,0.6219550139669214,0.24227402330720968,0.001903214071225896,0.7166865929522953,0.059713445643439785,0.4107091625289516,0.051270719139230064,1324.5445708842608,0.6569731473088555,0.03654746946864579,0.0,0.007855625812646747
0.0013448615925406226,3.182344171439189e-05,0.0007552829786047815,0.7129885468036361,0.17295326149845872,0.10973577998072256,3.121599383613806e-05,0.6868502363572704,0.467688697034607,0.0031841847750904433,0.6728658900996394,0.1677961116029047,0.47890221408679295,0.06053901885732947,1213.7337310685784,0.5050697784967346,0.12331369458073535,0.0,0.00680834237662756
0.0009332297870544186,4.5051649467522114e-05,0.0007689631517746556,0.1241746448925991,0.2263152857926337,0.08843615402423485,0.00046119617923805466,0.49245786645045525,0.25311818737775593,0.001357116734855112,0.6414230842784923,0.22287119674935285,0.4303891641928749,0.034391481452553774,1333.5723560668064,0.4185518875291394,0.028102620247067372,0.0,0.005361593131313549
0.0013156832843121892,0.0004298199517176134,0.0010495446775850021,0.6540625383851075,0.025064664822853733,0.09762379140163646,0.00025145393813297566,0.8229991177614105,0.028431159394989265,0.0026950792655002285,0.6359355938458945,0.08010307144507786,0.2213254761287181,0.06026080783319569,814.6446528181468,0.5558325224008166,0.016393858297807623,0.0,0.09479315380909904
0.0012834901607364565,0.0002744554177155689,0.001048093955783936,0.7579960159807397,0.28953012787180293,0.1480769169775217,0.0008746041841984077,0.9055300511597932,0.3391805996525882,0.08911811575888477,0.5285390703063108,0.06062915786133434,0.4716043545560349,0.037684595881069906,1403.3481053675298,0.46790991244497643,0.21946268343322076,0.0,0.26274532166688075
0.0005833981007656317,7.212022898913559e-05,0.002063316884816402,0.40202555799625045,0.22678189931553297,0.06571940944960183,0.0005617582659713058,0.20878873236599824,0.3616954693224323,0.004852291415839771,0.5830162168313,0.14282833592104066,0.39822617563424156,0.023355704735929707,1570.3017633135448,0.44018788091025934,0.09117211961577663,0.0,0.013415405575661805
0.0007518832070078434,2.9827337723306803e-05,0.0009761078694643043,0.719098741857668,0.1230775865004137,0.06722834665610099,4.3751170431843245e-07,0.4991699497509114,0.06450907264467463,0.022988296239461796,0.7375403967053518,0.22070915742471203,0.322016502274888,0.06638951938657704,1257.9785659517374,0.5168312392806398,0.0885049376033258,0.0,0.3563575679669847
0.0012711416905825139,0.00026564817295178105,0.0007573118870198685,0.41699143404586714,0.21565766332211145,0.11752187389558258,8.270466425451212e-07,0.7879202618234074,0.058386799618856,0.02634441626607623,0.5010931553385459,0.2355830710017453,0.35920322935672544,0.06402369889368803,1562.6042256140358,0.2655100843368006,0.08992739829166806,0.0,0.45120500589260437
0.0015434540321278612,0.00011483229542571609,0.0007410009390195842,0.5021341310754015,0.0538293597687435,0.007774200854935258,0.00019620901022805848,0.5261774144684788,0.06230664746076359,0.00016479548801130972,0.732742482028744,0.09849384670574847,0.46899309713345855,0.05079888776068129,1004.291622477089,0.6342486353229956,0.027029558793823193,0.0,0.002644910209863025
0.0005055647843232118,0.00012290619879853709,0.0012694933430099067,0.2930204057278151,0.2730219090847781,0.04237417825979029,2.472660615658398e-07,0.1614776996366724,0.020844123116829417,0.0001108171130311216,0.507966825475691,0.20320453491600937,0.4387919522349457,0.09736015038345959,1568.4245455687494,0.3047622905596817,0.08000099057260433,0.0,0.005316467975649624
0.0005955689574080625,0.0003746225761859192,0.0024636404071179023,0.6574286931183592,0.19038890937258837,0.07783164139643868,0.0008824861299906198,0.24449904564764952,0.04312937802116514,0.04783862575031783,0.7103284131287151,0.10480141019293268,0.23614578156284458,0.05410745960757129,1825.8268490609191,0.6055270029357824,0.1251671318730505,0.0,1.1091888625623512
0.0009602405538246451,0.00018285259126118254,0.0016918296573162788,0.05195613831867175,0.18573044202035488,0.12210033435178433,3.5965316161421416e-06,0.20268750081486545,0.25856597322206304,0.008379754663147056,0.7137895163107852,0.11250144726206801,0.4441483820027511,0.015000467140927155,1631.1937803918304,0.6012880690487172,0.009649836535597601,0.0,0.032408574719730465
0.0006221840812284758,2.8220466882704777e-05,0.001441969885719725,0.2978134820964273,0.27890661228968405,0.08644535055096082,4.970223423161398e-05,0.536384375703762,0.08685853172434,0.034071392583062174,0.7464230238794943,0.16259642145230757,0.23239348216130418,0.053852322326322234,990.5494151895759,0.5838266024271868,0.08306214938570901,0.0,0.39226305011916857
0.000731132407891628,5.48490024371066e-05,0.0013488264272872954,0.43138536987010356,0.2168565226823041,0.013167184483004161,2.070303496557691e-06,0.22347577855473164,0.1172178811721505,0.003422744908635136,0.654876268309615,0.14632374254295907,0.40188837801038113,0.031607824295215026,1569.7046907054978,0.5085525257666559,0.09354873124605026,0.0,0.029199853080507116
0.0009375914247098211,3.3706641970833174e-05,0.0011669183477382205,0.3454205519636761,0.008059385510124821,0.1161259295582818,2.3175742246237844e-06,0.6279783740713266,0.1689658663092744,0.015322331534473332,0.6135126913683066,0.21181550704157187,0.3673525480979858,0.053456765777936184,1636.170297446512,0.4016971843267347,0.002783877391395369,0.0,0.09068299928949793
0.0015107434084381615,0.0002457903438886701,0.0005685067587579036,0.6977807975389282,0.16563226479884854,0.06931850659579201,0.00011573150196040176,0.35602941138022887,0.07069448513431516,0.01056962922864129,0.688917553398824,0.24479595894368594,0.5767470787987681,0.06777574248662584,1776.1015918307285,0.44412159445513805,0.11557501382951949,0.0,0.14951136865286802
0.000681693369949217,0.00010636974147690113,0.001303379799571458,0.6056209492278933,0.27745223679481373,0.14529072897090892,3.0505957696985577e-06,0.9700617517170488,0.023406667943756506,0.0015768683231158851,0.5419385626615952,0.2130123219136819,0.41433979331320814,0.06852662786237668,1906.092589111624,0.3289262407479133,0.16803088701307733,0.0,0.06736833824040721
0.0006922831620219603,0.0004774858203921041,0.0011846668125137082,0.3589353748510628,0.015090712472889447,0.04718811143590184,6.945869250618627e-06,0.47259409913659317,0.3509667048715702,0.001696948435954403,0.7273610219480608,0.2016977609819311,0.4508165287042435,0.01049076134467211,997.6556014586341,0.5256632609661298,0.005416590538226183,0.0,0.0048350695732672705
0.0008225157996390753,2.4924739707018495e-05,0.0015607532362478937,0.7052407896385671,0.1856745903254786,0.0050323742091419104,0.0006597911808820455,0.681978345520275,0.19468538470289007,0.02996293135073476,0.5594856975486141,0.08230580750075972,0.5544198172398687,0.04757728498167259,1338.9057200604007,0.4771798900478544,0.13094529469695795,0.0,0.15390436933137674
0.0014857941467376896,0.00023882729025688336,0.0005716694084872947,0.7336176847380855,0.2947269095675413,0.04452968268289089,2.7285777661415066e-06,0.4476659973778339,0.12104222428767049,0.0016299664064553894,0.6171861554874218,0.18884472485096632,0.2106240865559889,0.019547041858816512,1293.8457841085374,0.4283414306364555,0.21621687302695075,0.0,0.013466097603936874
0.0011618364364132832,3.003151690824039e-05,0.0006187110677099924,0.7655499301072352,0.24338675921982889,0.07011880610634641,1.0212289273347005e-07,0.6716053211947502,0.1079909901725292,0.06828499349347131,0.5000550807874669,0.22892845317966415,0.2704159960869948,0.045320790411573796,1952.2898000183409,0.2711266276078027,0.18632471650976648,0.0,0.6323212092451179
0.0005419687022099667,7.322155569270086e-05,0.0005851172714846795,0.7979372512711764,0.20206784458874244,0.006894614383714789,6.151886804727955e-07,0.19678501216308328,0.04985850167646571,0.004249252981902415,0.6427985305405296,0.18601657475655237,0.3577317066280312,0.01589415704554059,1399.3203388563477,0.45678195578397723,0.1612374604814324,0.0,0.08522624705964948
0.0016837619774291773,0.00011400547428865703,0.000601673452345713,0.4684936834207327,0.02672543405397063,0.05306172880569278,5.559679080292175e-06,0.5735670110427367,0.05752684836895497,0.00014971078666794726,0.7225167560415825,0.19948614008387566,0.25236692347255757,0.0458915157277176,1546.4027881306629,0.5230306159577068,0.012520697040962585,0.0,0.0026024506975901086
0.000588574247134799,2.421229785779676e-05,0.002469754184425837,0.3958579563419505,0.04481684794154536,0.06706101579272757,5.858412862776766e-05,0.060460813036126416,0.3293533045170287,0.0010914227893735356,0.6949182247845289,0.08221975982501492,0.5328695992698765,0.09471914721172181,1844.928817979819,0.612698464959514,0.017741105835828098,0.0,0.003313835854703274
0.0007957015875899063,0.00030968658594880455,0.0005317142588701355,0.3079213412401354,0.1706865463196827,0.0806362046102374,0.00021941370733881676,0.024605294842282677,0.026247375185079056,0.0006861744257204066,0.6621955683665057,0.15885418549095764,0.32007790132453373,0.06620620825211934,1193.2725109808478,0.5033413828755481,0.05255803027440319,0.0,0.026142592197580153
0.0007061873249330472,0.00023662611064590493,0.0009364421253732837,0.6162627888599216,0.19873247991172968,0.11339914957877462,2.9925405854830827e-06,0.5132039442603665,0.021538966130696963,0.0023876807065070444,0.6377862284531135,0.08344312314488543,0.35212372592109265,0.0550521930471882,1234.3495586934675,0.5543431053082281,0.12247143230745088,0.0,0.11085400719880249
0.0019023465502780988,4.252361230286405e-05,0.001492730278780961,0.3247556798606812,0.20897637728726356,0.10954573954493789,2.693107680957393e-06,0.044435144693153836,0.02726949537091094,0.01587344091797167,0.7075115397888343,0.2443753138720322,0.34821806779771713,0.05858862073253514,1681.4744837767964,0.4631362259168021,0.06786626548074749,0.0,0.5820951470522726
0.0006403414042372615,2.673895164339484e-05,0.0008856052304561883,0.29837468244689025,0.29591388836275145,0.14773883295543397,0.00013584979610623303,0.8776514750980986,0.28753350407904904,0.0006058177925536939,0.6476117523108879,0.08336622157501308,0.40084783992533973,0.09999090658782321,984.7785641575985,0.5642455307358748,0.08829321247186049,0.0,0.0021069467869286695
0.000514172115517769,0.00016288617317259426,0.0006486797507243859,0.24369407499861206,0.16753644185620611,0.07218686291308757,5.749239349449412e-07,0.5135620935352673,0.15563763674692416,0.003526358517937734,0.6762147278340208,0.1163493910001192,0.2962046422893586,0.02683748280241474,981.0881800797533,0.5598653368339016,0.0408276382267069,0.0,0.022657492054263186
0.0019141995710020264,2.365555509488828e-05,0.0022831064706374305,0.7858555198447393,0.10350734527682386,0.04313635317110131,1.9265609343316484e-07,0.5393619740101394,0.43096531020782664,0.0070984789451435685,0.5222516601024404,0.22988403474454172,0.566564546073473,0.08684925974796123,1633.615932011345,0.2923676253578987,0.08134181863026733,0.0,0.016471114442414014
0.0007405822628121482,0.00023546034096184188,0.0005248921619620276,0.3727937003471921,0.22450792809377776,0.1475671332314453,3.5527684555004936e-07,0.8797375672740578,0.45929242635468415,0.0015512965162751754,0.5983784481423615,0.13065301787668565,0.28829756040230087,0.047255972086362216,1234.525418757358,0.46772543026567587,0.08369514127136074,0.0,0.0033775791353398052
0.0006230475507383141,0.00042729158970625263,0.0005725138974835953,0.6585414921683856,0.027920250920891804,0.03290700851171079,1.1404341791040138e-05,0.20122062266031898,0.21218983238492142,0.004073021557586052,0.6332442441799513,0.15462942772873972,0.28948256989984045,0.04363844776968163,1237.7205990567124,0.47861481645121157,0.018386643703159834,0.0,0.01919517778871429
0.0010996694073888932,5.4714239535938995e-05,0.0005235409715325013,0.6243658781038305,0.11581635915841396,0.0876640634295057,1.8662462247695582e-06,0.5566632764091404,0.18291129947708623,0.020549983401144258,0.7016291821468895,0.11617811987604498,0.2013638219833548,0.02418719060048073,1240.8164714025365,0.5854510622708445,0.07231178278473174,0.0,0.11234944729982965
0.0007806066072847035,0.00024489384155895267,0.0023737125690310944,0.5764008435616288,0.025506552852493574,0.1421730722386124,0.0008389243302784799,0.26467440095191014,0.04193576982492464,0.008549712232447108,0.72759963079152,0.10055580413149585,0.3581696383424494,0.007359388636825099,1964.6760822226397,0.6270438266600241,0.014701998580526565,0.0,0.20387636302232762
0.0013399908087324915,4.1258402572404066e-05,0.0012930630256924895,0.28012967331722244,0.23855004223594334,0.11309977379149798,0.0003062776813766088,0.23952204361454313,0.04226682769745529,0.045092341367839586,0.7459375360683967,0.14877175450886182,0.2812484861773013,0.044369695892269724,1545.2082934106597,0.5971657815595349,0.06682494540136442,0.0,1.0668494378288629
0.0019190038813844431,6.348116871058063e-05,0.0014413318864691818,0.79729806574665,0.14213173855759964,0.0417316399708992,4.960686681149106e-07,0.40723865057748304,0.17262753425914185,0.011341980729324921,0.7160785678872048,0.23823820738865842,0.4769487340676657,0.019363980646576663,1210.5349302516306,0.4778403604985464,0.11332136023318275,0.0,0.06570203749941057
0.0007326006588082664,0.00021652506327636916,0.001844285355313248,0.4233565790753193,0.030700126245454165,0.1152953371788843,0.000626081629859598,0.9383947791934959,0.06373626913834157,0.0005484067339788654,0.7098121693069444,0.14149193087762957,0.44694754435414985,0.05640655772480147,1390.8636487137856,0.5683202384293148,0.012997100424455902,0.0,0.008604311821084653
0.0008975618518793216,3.357365875894984e-05,0.0006407687331986045,0.5439067142941642,0.2040192802016224,0.12688535893554226,2.9809970365656005e-07,0.4346897419692561,0.22766517353321494,0.004377264132669635,0.5457449104091102,0.2054078881468036,0.206880095262256,0.05840092580708079,987.6698777475834,0.3403370222623066,0.11096745634712486,0.0,0.019226762111821286
0.0016382802650533837,0.00019509436387586156,0.0018491690157876552,0.23039969906102814,0.0913069027061127,0.14898299204726664,1.560456900364328e-07,0.6827801153406117,0.31051531295433116,0.02800251908463606,0.5767390499753241,0.1130455698156088,0.2749555014584615,0.04822861082022916,900.17945952936,0.4636934801597153,0.021037082905682944,0.0,0.09018079919541525
0.0016661949985394494,0.00019573388788419774,0.0005504893686670053,0.6196102709560511,0.0715711769073222,0.08718128706313333,1.310027190735544e-05,0.3532878992590617,0.10372000293561649,0.0004603254137142517,0.6421586361019702,0.14461208701296635,0.39462488746119595,0.04925064048834175,1144.46912579507,0.49754654908900386,0.044346236316189384,0.0,0.004438154653736326
0.0005933327667216532,0.00023367001224694462,0.0012831701382344624,0.35855703964042346,0.15683535738673787,0.09801352225456776,5.939313237018639e-05,0.08618769258438422,0.14383804682107126,0.025399428928767426,0.5502198488177473,0.20606159503078597,0.5730006587364582,0.07753560786622006,1149.6953088114724,0.34415825378696135,0.05623442145553655,0.0,0.1765835221633904
0.0011486225888172913,0.0003212260371777517,0.000778318562904551,0.496315908111653,0.0407891414300469,0.13708855878058254,4.965551877498961e-06,0.22382620264506156,0.2255081036342379,0.005777522490402751,0.5432629397396896,0.14942651452216105,0.3317504391062904,0.0709995726335441,1628.1409123432773,0.3938364252175286,0.020244299769948376,0.0,0.02562002161915025
0.0012173456102137924,4.232281970189599e-05,0.0011831691069591444,0.7371268538332099,0.07054205042876771,0.11313877389067283,0.0002685817835545516,0.7172897412301191,0.13732124563613196,0.032240678085631476,0.6517642303166915,0.13767061822246773,0.49891389966176675,0.03642467959524416,1597.7356688989698,0.5140936120942238,0.05199843969550118,0.0,0.2347828840051558
0.001352997977947986,0.0004002193312322432,0.0024037266075319476,0.7241857261779463,0.016625636074894784,0.030315449342643377,0.00024112756608630673,0.15120124234224774,0.2749213001901714,0.0011416010642127173,0.6640568611409301,0.22113271937708873,0.4775531349287273,0.03484051966769731,1921.8663011926901,0.4429241417638414,0.01204004833406794,0.0,0.004152464954236129
0.0008161516669611268,0.00043574453560488017,0.0009430293733484121,0.5236005556065164,0.16825271894520816,0.05688950604996483,0.0005401074346726765,0.4816091057623449,0.03562235230871302,0.00028409235724970454,0.6254206153885229,0.1663067071621941,0.29024210984539756,0.06413519403915378,1560.2592859595381,0.4591139082263288,0.08809721712201804,0.0,0.00797511502855518
0.0006397515830456192,0.00016581531508666348,0.0018944241498525145,0.49273644541518685,0.03931886638355419,0.008822602299097681,0.00041074039387159846,0.29244956601258515,0.23262056631292527,0.002007306995031436,0.7120929987424431,0.1646748144394593,0.36514425304834836,0.09799339980939523,1351.2061676517246,0.5474181843029838,0.019373838459587175,0.0,0.00862910372392083
0.0007149935378946469,4.25864228282471e-05,0.0011530100196092176,0.26804211451729876,0.2288747040247707,0.05537966561872066,1.5805935940196772e-06,0.672612692681003,0.37741433726877466,0.00044003159883241753,0.6841890915437395,0.1709423976195139,0.4004239293256526,0.024209357483649205,1747.838114131814,0.5132466939242256,0.06134805962632044,0.0,0.0011659111893225459
0.000795056030521962,9.722980155283549e-05,0.001834922991864859,0.3240475516196445,0.14282686158517108,0.10878105803209102,0.00033723087275150767,0.16893215531964983,0.05777890641338528,0.09992578294308405,0.5994550098024843,0.055851552366549824,0.22777201566532235,0.02518387343259355,1100.1434929608117,0.5436034574359345,0.04628269480219254,0.0,1.7294509215552556
0.0007196403608231176,0.0002185890851854217,0.0015643902591436821,0.5995396172255173,0.23487514546182797,0.009598065883176715,3.927936176814704e-07,0.8400884807581217,0.14596353823567665,0.0009415311275551625,0.5697236278016247,0.08611280546404917,0.26054267626644134,0.07037679477664623,1031.5284850477638,0.48361082233757546,0.14081695480597203,0.0,0.006450454263687011
0.0007863144755245939,0.00011590117101741494,0.001270226930467658,0.08946428066890633,0.1141614709002915,0.08508504901950682,2.8656299901369802e-05,0.10373149088257412,0.04063898808722365,0.015956073087485197,0.6350619760350456,0.13818349852917197,0.23558734542680299,0.02222311970394509,1516.2327972641122,0.49687847750587355,0.01021337387419886,0.0,0.3926296849035365
0.0009327610249917926,8.838985777503481e-05,0.0006160264817143673,0.2054354277765641,0.2910285852036488,0.14253980099799712,2.576763621911182e-07,0.6934202997127791,0.021180586676506987,0.0017106998422093693,0.6235535653281103,0.16667846440930872,0.3848249280711121,0.08667124863762228,1310.6411897846574,0.4568751009188016,0.05978758189651983,0.0,0.08076734928720543
0.0009040354485835306,0.00013564790532414868,0.0005838658932562318,0.722126677053386,0.06113289573016856,0.12121637267414528,2.489734270821608e-06,0.9008745065065287,0.030205534912091724,0.00927000620316806,0.5318491030732814,0.08471842211384822,0.212119794089422,0.06759741435760681,1884.7575768328036,0.44713068095943315,0.04414569485227775,0.0,0.3068976010571208
0.0008447067493223462,3.296690516247478e-05,0.000656987112687833,0.2242350623294957,0.028885208969267516,0.04912961404603447,0.0007562350425763348,0.6958985068546898,0.20112259996019344,0.01161342133559091,0.6823957781248059,0.20479547659944758,0.30281412899369176,0.03561701001930513,989.2032842828055,0.4776003015253583,0.0064770766336242095,0.0,0.05774299525706937
0.0012972559803897772,0.0004820951636009379,0.0014989943720237614,0.19658105203091225,0.023874037410001867,0.09058731168689274,1.5697166554133408e-06,0.37515658329883783,0.023101268117688475,0.0003370563603988802,0.516004652262722,0.2482785496404828,0.4390059727555983,0.06697322108548501,1521.71819198487,0.26772610262223917,0.004693183390283523,0.0,0.014590383466472932
0.001997677092001313,0.00017764392354735695,0.0011824141757983792,0.7330715439369722,0.12611514834519333,0.03264419750387866,0.0005839673372402685,0.28581177722256457,0.19831625989066567,0.02128560934027205,0.5011430866291317,0.20639789583886492,0.5403498186933977,0.05416614698442237,793.6185076418324,0.29474519079026673,0.09245142651125116,0.0,0.10733163963462745
0.001377085280400278,3.493938063146141e-05,0.0022943794168172357,0.4432643000878685,0.2905080240175257,0.08457836112744448,4.165603216692922e-07,0.8951158083109472,0.143973684933315,0.0005218710473458774,0.7109994274568858,0.22098678764975455,0.5073405785172291,0.022793990195371375,1024.7455856168913,0.4900126398071313,0.12877183593603822,0.0,0.0036247668981147143
0.0007212868150202216,8.196775037183938e-05,0.001004381223344706,0.4484090814172706,0.19545268198538315,0.06215181692197878,5.210982000045338e-07,0.15856900148597927,0.022686642359715417,0.00035701338544688436,0.5344260788125275,0.15277631420117732,0.24143302207113498,0.017088145032940354,1664.156311302778,0.38164976461135014,0.08764275758960757,0.0,0.015736722066938897
0.0010753207687843097,6.235270886957097e-05,0.0008741182604862929,0.4254342524751387,0.04924163193971216,0.02446040812255192,7.861185650768867e-06,0.5228104300374202,0.08948284440359572,0.06316694502218975,0.6347785783289113,0.23031909057786593,0.3191170357448393,0.006980854949489718,1646.5744554877135,0.40445948775104534,0.02094907687492736,0.0,0.7059112329653604
0.0005071589784068204,4.996955125183859e-05,0.0009023105096558369,0.2939685544023253,0.05328562782941305,0.03488072781233977,1.1995350403974902e-07,0.7338252028584323,0.4796027471426764,0.004854264506341978,0.5696080017514331,0.15497220265706163,0.4411930153545617,0.04461161968219238,1679.2888502987114,0.4146357990943715,0.015664298983432867,0.0,0.010121427650825965
0.0012326550607709137,0.00014699506514302628,0.0011512663094394133,0.23976183578270377,0.10461862648541755,0.07413278503638533,9.111212053408075e-05,0.5218747113359913,0.04297077953126995,0.014122839219026441,0.5601300956559178,0.22498345855410673,0.552551330749272,0.06093982469548314,1344.3462409724837,0.33514663710181103,0.025083553943208704,0.0,0.32866146188363216
0.0012954849430592272,6.563675570989403e-05,0.0020344841889856496,0.3895735197979733,0.10826341849692857,0.029895160855688715,7.327859534796837e-07,0.31293819534614803,0.22418939103065644,0.00013264528612926812,0.5034228518052226,0.11404792160182808,0.2639040896314635,0.022191149940351464,1393.7229938068617,0.38937493020339453,0.04217656100920947,0.0,0.0005916662047185352
0.0005171049770879518,0.00011881140610255634,0.0017148841622730887,0.300774183769427,0.021802974629986382,0.10358325403108615,0.0008543166941532561,0.3387450812614244,0.1513148871412703,0.0006639118447190808,0.7352058927522909,0.17613541712623443,0.2876047826185036,0.07116909372605604,915.5846998740125,0.5590704756260565,0.006557771898079679,0.0,0.004387617486039168
0.0008759916615693269,0.00010801105897146754,0.0014620089827699178,0.09014268022343117,0.09984339715055089,0.12666292216959005,0.0001079312712465327,0.4279481511096525,0.028248186515874487,0.008670449602167422,0.7298646975490702,0.18822956842494587,0.42622565796715683,0.006175300270907626,1142.4823942064847,0.5416351291241244,0.009000151421763147,0.0,0.30693827362315573
0.0014000374979052101,0.0002674653120163496,0.0009287639839704554,0.7437577561677747,0.2657323495972075,0.13590513028111773,1.892226141111902e-07,0.009072972218672986,0.1017761556367296,0.05375772869270842,0.666350559731865,0.1917023910411605,0.3662587605360668,0.054852052923543705,1986.2809530598931,0.4746481686907045,0.19764049607760972,0.0,0.5281957090675176
0.0019879296915350517,6.835351216958763e-05,0.002360487883261595,0.556556501734316,0.2638693567090047,0.05684225227308533,4.633937569333322e-07,0.8509179378374097,0.17677713542158577,0.00016780560126332386,0.5725461425901055,0.15836455623088114,0.4858475480755956,0.08840306240531097,1801.1299066172028,0.41418158635922436,0.14685820608484804,0.0,0.0009492494652271279
0.0007013121685027975,2.4626284282695743e-05,0.002131999040455423,0.11388761329772037,0.1415372986530099,0.08909593349876654,1.2925521335345727e-05,0.995896288996669,0.10913055476375165,0.0004374115682516149,0.6967894306500286,0.054120500352926496,0.5394994253990543,0.05700808389389121,835.9550370871607,0.6426689302971021,0.01611934513619795,0.0,0.004008149405989309
0.0005879660149053499,0.000143907758411145,0.0007870293782642128,0.70100349266133,0.13145032870511764,0.1364402687328001,1.2544425120868277e-07,0.020537124615092228,0.11823573376878055,0.09317704327964,0.7158153146540223,0.07009546086397299,0.4061909935610226,0.05905771382533444,1869.4612687174128,0.6457198537900493,0.09214713953376735,0.0,0.7880616147894441
0.0018603635959523303,4.478308139565428e-05,0.0008455531957426417,0.17540320303960344,0.17170405901498245,0.04519533635383017,1.9421150868270258e-05,0.19835252684671326,0.0220232242214704,0.0016278782670674347,0.5581050462063017,0.0848235682842776,0.5731681558484978,0.0568595601895687,1880.8865042137072,0.47328147792202413,0.03011744192612902,0.0,0.0739164370619457
0.0011370357113816402,5.71059886544817e-05,0.0006030884163739283,0.6239098722219452,0.14446491171514875,0.031244840433478638,1.2783366826631541e-06,0.4411668024828909,0.14646369233681578,0.0005302398056051022,0.7403031379411187,0.12668734516927455,0.5459245901344559,0.0072400455137706324,833.1573813233384,0.6136157927718442,0.09013308460875305,0.0,0.003620281567023002
0.0006541891300481109,0.00024709245259816335,0.000659990524594842,0.4502884116101797,0.21413966002696216,0.06747138058413411,0.0003084123718238136,0.16036011345779183,0.02554783431627067,0.0024718739057459182,0.7435117758857981,0.08827925145145465,0.5213310371481115,0.005087832178763705,1014.3428967390994,0.6552325244343434,0.09642460737628468,0.0,0.09675473369465426
0.0019896050522951263,0.00023450769062707724,0.002376786721149004,0.39422979486974397,0.09788203513373574,0.12205713033227578,1.1966554335403944e-06,0.7613227087795755,0.08079664843442413,0.002474883635703583,0.6815918803933688,0.1515852096370666,0.5677801282282529,0.03129920162886652,1975.6649634917653,0.5300066707563023,0.03858801463220571,0.0,0.030631018534292773
0.0012794340180524056,7.141258470368446e-05,0.0011414486694542453,0.33358404596919083,0.2710430461344027,0.07175000819320883,1.9985877002246404e-06,0.7859412543743196,0.271711882076011,0.012396920877837232,0.585078488533184,0.23905193767552874,0.47304270836997236,0.05334752004996285,1969.4291833843063,0.34602655085765527,0.09041563596132811,0.0,0.04562524385433101
0.0010830711347280166,0.0004342007953049022,0.0005154349423317295,0.7340243824759047,0.2512649250395276,0.11134182533574172,1.5491592426933935e-07,0.04722520975061844,0.33356530581263877,0.036573293290486086,0.5912719827719694,0.23646875705584997,0.32654009196807765,0.01178256546316955,1304.595908741401,0.3548032257161194,0.18443458143999372,0.0,0.10964357699427242
0.0008389744783588806,0.0004707518016681549,0.001512038164637409,0.7144043228404636,0.17933962696152103,0.06373482776681437,3.8666077725899385e-05,0.014843017140291185,0.048219163933462365,0.0956943531039363,0.6335844145997924,0.16904617877852074,0.3362913645361989,0.023614336657879008,950.2237658378865,0.4645382358212717,0.12812100475790678,0.0,1.9845709733993928
0.0005962411636927181,6.20079804612773e-05,0.0006887785882722208,0.3501117881496874,0.07939194605607196,0.13957026632894554,2.2457865841706704e-05,0.8890823019642573,0.11055198844759433,0.0002861326905363492,0.7078260378888999,0.14801213617914716,0.30138218445211307,0.06172417919921093,1084.8213648700944,0.5598139017097528,0.027796056198374875,0.0,0.0025882183989118074
0.001354995821160519,0.00037714588082010404,0.0007766901571275097,0.4819360517029315,0.06410496557072312,0.08818792009492725,0.00040426185979624933,0.5267129165002122,0.19953514092280633,0.04268359541982959,0.7195756715379636,0.1514512529364183,0.21794144756859854,0.08067042993937082,1383.3585469008399,0.5681244186015453,0.030894494001706664,0.0,0.21391517916306527
0.0012411863796873068,6.815313742016514e-05,0.0007193628474292658,0.38631172698625144,0.015714307140006184,0.0659123643638139,1.746138727430597e-06,0.4944523295107325,0.2815490917795958,0.0037517829502542103,0.7111535013358641,0.1670874903097162,0.5187720137179255,0.0997295414533535,1744.5087091168384,0.5440660110261479,0.006070621129648171,0.0,0.013325501874434056
0.001588924682448124,6.319642172731389e-05,0.0006299615299487809,0.15120000669429084,0.017411959989202717,0.030874488166274677,0.00015653659440705527,0.6804517473003249,0.14958817698136465,0.05998455598526049,0.6446519510312312,0.11664286854830458,0.3988135221255028,0.01949908813457449,1934.3617538965518,0.5280090824829267,0.002632688466928175,0.0,0.40099797454402586
0.0018765326624381497,0.0004763135030769772,0.0005467832814711273,0.20811791843549304,0.16526888352121438,0.05973059196763728,3.6706378382424355e-05,0.3778102746526193,0.23198768749112797,0.00016518295203721931,0.6665993930365193,0.09132718327646808,0.4372134815360885,0.04674631560267765,1651.4222499554253,0.5752722097600512,0.034395416020593095,0.0,0.0007120332713499569
0.0008829538032080732,0.00011793426676362229,0.0015762091002805225,0.3126513009515946,0.17763085155996947,0.0043585114342420996,2.6186476399070976e-05,0.329971676240039,0.17638766773484277,0.00017302937831260986,0.5301175904893152,0.18553700372179194,0.4544848447904665,0.030725601999776687,1024.0051556424285,0.34458058676752323,0.055536516829364044,0.0,0.000980960747055847
0.0008407968344326507,0.00044774299119644485,0.0010162729729666594,0.18217740128800375,0.04700130425930472,0.07730057310358972,6.241485399747185e-07,0.9960691716585282,0.051814845162376985,0.00015205437667424528,0.5866906285942178,0.09309440132514857,0.39944352567952535,0.012115720812832088,881.8253157566593,0.49359622726906927,0.008562575467106915,0.0,0.0029345716695232493
0.0016561288459938728,0.0003846037782877416,0.0007447292954265309,0.15842355871400654,0.10030765954459132,0.06583043667653013,1.0146843400634472e-07,0.4698583292753765,0.23073409745165074,0.0034010164752812946,0.6305906816952063,0.20769799522007198,0.23908546023335242,0.04150892531379402,1203.550260445391,0.4228926864751343,0.01589109639132714,0.0,0.014739982138937926
0.0009405853621672539,2.0168195712071343e-05,0.0006618125280020376,0.5904366541506851,0.15266441375138962,0.10716016406305724,7.556599342288292e-05,0.3988406432120252,0.05008152714013109,0.03154997500867744,0.6004257924512675,0.11277866308985103,0.5753387817155292,0.08248271069442616,1765.7735359318801,0.48764712936141646,0.09013866566324633,0.0,0.6299723033684403
0.0010634289587435365,0.00014029238822669288,0.0015413486497221078,0.06053839356588933,0.21977815087801386,0.007360515099141181,0.0001070837342758957,0.6161968446202438,0.1798117677203186,0.01567836605424875,0.7316215846882398,0.17272838294103965,0.23677963538522512,0.020010524557763972,1189.1063356135583,0.5588932017472001,0.01330501619503661,0.0,0.08719321462116468
0.0005362412413206754,0.00021567507395692294,0.0008547958522809539,0.24176887278541714,0.2392477053065985,0.08885325168901463,1.8327586291585043e-05,0.18997062082654745,0.2979908095361887,0.0017209333036821086,0.6165970930983183,0.22195768818678674,0.4113939201619692,0.09058426607916976,1688.4365746832032,0.3946394049115316,0.057842648028473984,0.0,0.005775122079639554
0.000725329531626247,2.327020536145972e-05,0.0019476874244261071,0.6768022574003465,0.255887968843784,0.030586752648456148,0.00013096569598100878,0.5814635293870463,0.06459113841361168,0.04898838151311864,0.5114331724047985,0.19934391620019426,0.2900205889995331,0.029799203187020826,1120.5534920377377,0.3120892562046042,0.17318555495506255,0.0,0.7584381188549392
0.001199507230622957,0.00017445743865009475,0.002114767613109591,0.5572084122778936,0.24608817288704365,0.07706371888675649,1.3914360702963172e-07,0.5179614373682235,0.43478711401931613,0.00010557274765719074,0.6144595747130356,0.060499289281200436,0.31081923489750124,0.057106356785063,1712.0543928309876,0.5539602854318352,0.1371224000947574,0.0,0.00024281480350519426
0.0006843916377073649,0.00016510039585295515,0.0007943144408189717,0.5525844972193583,0.17840948336190857,0.10646784622983975,0.0003890554031813026,0.6142448427761218,0.13905863618248926,0.0034809875318608887,0.5413652205472155,0.14268210524567246,0.23659337943548492,0.08511546583111783,1487.5726950278968,0.398683115301543,0.09858631466270572,0.0,0.025032515976157882
0.0010145155586877286,0.00024255931305173579,0.0010472122773532194,0.5448436475246541,0.24244156856353438,0.03376512587776033,1.8582482215363976e-05,0.5383326622135416,0.26193907519417625,0.050966550804384565,0.7499887794102391,0.051294964692081384,0.37931071638559866,0.016261773992972482,1381.4871058035212,0.6986938147181577,0.13209274852775457,0.0,0.1945740656166053
0.000544671606284412,0.0004914075107035406,0.0010733708366929763,0.6603634663404567,0.04453426125710613,0.14419927802823648,3.857512971977092e-06,0.6515848624827539,0.16384205262757798,0.024950816242324668,0.5120389347276416,0.1665262222394942,0.3895289488496443,0.01596605104913969,1306.101126512012,0.3455127124881474,0.029408799134654107,0.0,0.1522857889179358
0.0005853566096398091,0.00021821774860630142,0.0007612607588854682,0.6952712228744331,0.13272158304642392,0.043510512034305844,6.053085359366586e-07,0.8552682960709068,0.3187215073601748,0.0005469796827776775,0.5715540760924157,0.18522251262760464,0.31200195250111756,0.0728759968350536,1639.144230105906,0.38633156346481107,0.09227749734651779,0.0,0.0017161680970577142
0.0009027826594706216,0.00016543487264469625,0.000832819034717364,0.7819946904853846,0.25995465831211867,0.12141983430303668,6.071715817587976e-06,0.6683266257617769,0.047367509780203765,0.008582418230871507,0.5775493849031575,0.23513162852392844,0.40855405558205327,0.09743593247645768,1774.4726310689052,0.3424177563792291,0.20328316256701914,0.0,0.1811878705614021
0.001893217486830996,0.00013887970793149146,0.00162762838321758,0.34956451056165,0.16242549147749222,0.11114110093932567,1.7266210455159044e-05,0.7107429819163912,0.2906494560965884,0.00017139797910277,0.6291435003136419,0.08429663587238731,0.4052900862691937,0.05600457455471194,1701.131609082309,0.5448468644412545,0.05677818743106502,0.0,0.0005897068633970234
0.001489641672192828,2.0101835191631088e-05,0.0011344086888275598,0.05844661749447436,0.18220153642961542,0.05075358469589967,7.466277559482925e-07,0.8193336494804602,0.062228616508769936,0.021416906667957335,0.6356469006233122,0.19984933754570716,0.23581864673666875,0.06098237182378636,864.942035512184,0.43579756307760503,0.010649063506607267,0.0,0.34416491751731343
0.0011901696541780423,5.099630499777334e-05,0.0008062016206260761,0.5143679733937063,0.07701895680740227,0.012375392783500935,8.78671062734141e-05,0.12160445385946883,0.08246895274693584,0.01882360283940294,0.5514796568955703,0.08493989637015426,0.3635786011124339,0.04751502924132626,1725.381848859375,0.46653976052541607,0.03961608472592091,0.0,0.22825078059575987
0.0010222329256724652,0.00013783010144219736,0.0014125252451940593,0.14542047030714045,0.24574937319347706,0.004160940240327014,4.5675148047100565e-06,0.1977931460694205,0.09154097283560504,0.011865759748602637,0.6116036061066237,0.21490089327573098,0.24458527645890535,0.06544001567508491,1547.941173660811,0.3967027128308927,0.03573698942748041,0.0,0.12962239072892423
0.0005439980303609043,5.5549191464975784e-05,0.001650068233501076,0.09377032198937683,0.10337648069301215,0.04922623281954519,5.0928257489889705e-05,0.7245305100845362,0.10771647759364039,0.001323640680652792,0.511662268677481,0.12883118522253484,0.34360387579241025,0.05073170732641138,927.3124702027652,0.38283108345494615,0.009693645880712348,0.0,0.012288191279761454
0.0005406961297258217,8.011325360120526e-05,0.000993581998492751,0.7670486811335844,0.12136402420800088,0.08933037043459663,1.2542620018267653e-05,0.2124155272233113,0.28817040523279147,0.0003803830834330334,0.7162826200463477,0.10094224646474691,0.3309174463681597,0.04524411917699569,821.5769228001043,0.6153403735816008,0.09309211470581148,0.0,0.0013199935750714935
0.0010124409653606175,0.0001938476282200507,0.000909290957058965,0.6150716062185081,0.1337089076237291,0.13739441984533324,8.802283865956343e-06,0.5640036022506804,0.14775783613227314,0.038104358820850746,0.5892338322329528,0.1330947019478587,0.3002588258759575,0.07698031743140898,1407.8042225897834,0.4561391302850941,0.0822405525778492,0.0,0.2578838443921149
0.0019377165057870335,3.475172227449324e-05,0.0005906828072379095,0.1619005055108192,0.23496838135405024,0.0773773147651607,9.945721900168376e-07,0.87845267000724,0.07915942626304358,0.0029371634599213215,0.6024569146834106,0.20683709975269204,0.5155636903068482,0.05635838223400312,1155.4162493239396,0.3956198149307185,0.038041499720279676,0.0,0.03710440561003115
0.0009128351348670238,0.00010706386209620726,0.0024438849837547147,0.702454961416642,0.267327339107442,0.037894689295948684,0.00034886311685030486,0.08862372593979538,0.2665093526911948,0.03236413059338724,0.5318865643733812,0.15654003454026227,0.5417586437643307,0.022025959554901615,921.6632174772593,0.37534652983311895,0.18778541567833174,0.0,0.12143712881584182
0.0007124133335970228,4.759622757863866e-05,0.0009887948456442069,0.3821929400514492,0.23751504586045155,0.025108434169802078,6.729165909381951e-07,0.1576135201262072,0.12924944863315352,0.002208934342382715,0.6304812194154361,0.21706945339736067,0.5247498769732029,0.04649245981470766,1783.3215840266348,0.41341176601807544,0.09077657368386077,0.0,0.01709047400776382
0.0006153459315809683,4.132850220719671e-05,0.0005943541575005347,0.441484302330138,0.23901598414226702,0.06527735687334034,1.6497266712310726e-05,0.025864541947172522,0.27063251390561893,0.0003908952837111395,0.6990656200031857,0.1765416905189306,0.4613162605585007,0.021337297152863862,1715.0345268590409,0.5225239294842552,0.10552180500480009,0.0,0.0014443766496122536
0.0009432445574058057,0.00037205895749920637,0.0009351065953620303,0.6022177358745011,0.17324502702471897,0.05620819050598124,3.351600075329831e-06,0.13930986831449196,0.08119557925823385,0.018619256128176397,0.6473572645237908,0.23814682124024183,0.2939848210690076,0.03325562221941106,950.6510306214666,0.409210443283549,0.10433122792634301,0.0,0.22931366828432673
0.0005749045745798373,0.0001960080268867524,0.000848045357747803,0.2960452404079762,0.22229727093257745,0.07880228759938869,0.0008140071159021965,0.4174548741262506,0.024918312822712594,0.00631322300112797,0.6683548971508129,0.09681012324108242,0.26697447968736776,0.025759034331370587,1277.8763821991004,0.5715447739097305,0.0658100490152719,0.0,0.2533567599879226
0.000978841450390114,0.00016217847002620894,0.0006253967527759816,0.0864391456582685,0.13475064314908702,0.11107340986063181,7.387106952940479e-07,0.8109407611372372,0.03952164213801071,0.07149701876043041,0.7192708853504718,0.05393041626470198,0.39441004850871186,0.06442913322082357,1836.3645960588933,0.6653404690857698,0.011647730470709295,0.0,1.8090599198980843
0.001735025605172358,0.00020858192023135913,0.0018175276438458887,0.37083220177610116,0.1866395160266512,0.04984332458582807,1.322251619384969e-06,0.002267792447997336,0.1354904866869036,0.004021510319586271,0.537620502749852,0.22818916011051132,0.551861789256435,0.07641136143739476,1250.7830954162262,0.30943134263934063,0.06921194266658898,0.0,0.029681126829807062
0.0018347407992568498,4.036089624121255e-05,0.0011322585197039658,0.05229738650574499,0.17807579438366147,0.10240657413596815,6.331406083886529e-07,0.5319653567046897,0.17336250712510717,0.04748052943499194,0.5217241282126546,0.12705623924712478,0.42395582770966156,0.08455359724129209,1968.9713326899412,0.3946678889655298,0.009312898646199917,0.0,0.27388003451477305
0.0009621856977354187,2.273404468278889e-05,0.0022586849607640967,0.25285222441747796,0.11923876858661689,0.11475533678274984,3.5256852652061485e-06,0.07875603800142458,0.03464187846012941,0.0013055506809495066,0.5175383020481485,0.220878984765859,0.5686095003960852,0.09593935111014591,1886.0588539460962,0.29665931728228956,0.030149787873926973,0.0,0.0376870637212157
0.0016922650653903143,8.581063263107058e-05,0.0019486143457323791,0.5973391113182331,0.13035222221706097,0.07128051422094114,6.093131048154812e-06,0.1252161948066502,0.05586604288378284,0.008306331369756307,0.7113025101566842,0.05076904726147135,0.22423345081680182,0.04532880593180975,1358.7200959475667,0.6605334628952129,0.07786448057749605,0.0,0.1486830092304161
0.0010641577084879502,2.7180954954411585e-05,0.0008970298602283582,0.22363386451565892,0.1403737221852445,0.09576389305689458,6.600094983746261e-06,0.6694868256897334,0.059200893468999254,0.02023881958651734,0.7170269072973564,0.1511878785411529,0.43084497196021765,0.05148483042543411,1066.7583618240399,0.5658390287562035,0.031392317968733714,0.0,0.3418667928908111
0.0006599534327998964,0.00047403553568870914,0.0005820762124295228,0.23179112426948156,0.269366909634588,0.017578158862518786,0.0009863091647125414,0.5867734517881077,0.05471254222345066,0.022377938432975766,0.5296626994500128,0.2174480051998386,0.37897754040703835,0.09486075885908414,912.2059810614985,0.3122146942501742,0.06243685882519699,0.0,0.4090092970197285
0.0018258449463692914,4.3378745437930394e-05,0.0005445697715271766,0.579946465820647,0.29508668749758143,0.01667447900768052,3.6600937349578885e-07,0.7093633554586025,0.13096884544749043,0.0030323208918899146,0.5783218075186369,0.16368496413610445,0.5254643131870111,0.0973127710314081,904.2597279366579,0.4146368433825325,0.17113448152494407,0.0,0.023152993992801657
0.001754076399269252,0.0002780187195555425,0.0011012259517199545,0.41182028901463585,0.010307307373074887,0.05050396575120333,2.756108280484595e-07,0.31540746624781674,0.028482585064034192,0.0014585056966514793,0.5261186294752016,0.21234406416387464,0.4098992328717056,0.015979274409514705,1329.767175087307,0.31377456531132697,0.004244758301342387,0.0,0.05120692849235717
0.000954919726946765,0.0003950761432039708,0.0005534169747244754,0.7028934292525464,0.20695724988668102,0.05925469735518654,3.330823444694714e-06,0.003727643141300419,0.030607974004766645,0.001251859121484232,0.5888552833447738,0.07809041278106131,0.5028787908707897,0.05005218103833531,949.449907201922,0.5107648705637124,0.1454688910815254,0.0,0.040899770801206166
0.0016094887503905935,0.00014747660838798472,0.0005787470061906792,0.6770824451035367,0.1942147080059724,0.1149881386789886,4.363003093007868e-06,0.8785394750220061,0.06399158627669171,0.01141018790149234,0.5349525657592697,0.08813214482179299,0.4470915719617735,0.09171114602661856,1337.0714228648217,0.44682042093747676,0.13149936937175322,0.0,0.17830762707078548
0.001636613931084713,2.2146272572127535e-05,0.0013320166734291333,0.3531527634147075,0.051313410295002033,0.09778281698045257,2.184255952658866e-06,0.7487201764441066,0.16502349279066864,0.013385705685525242,0.5673576791666387,0.23110823610304582,0.4488162209769619,0.06878449775962546,1591.4204370149544,0.3362494430635929,0.01812147264591267,0.0,0.08111393995583971
0.0017167264539216516,0.0003017654939244272,0.001917069800747084,0.700376917187574,0.2494940956035872,0.021867168687463783,0.00022673820689118307,0.7251752524817349,0.1066194115246977,0.004305481986488507,0.737129538322666,0.22402282293705322,0.2994395126361214,0.0328867477585034,1230.801864973525,0.5131067153856128,0.17473990553534227,0.0,0.0403817834381047
0.0006633630617452012,2.013681269251459e-05,0.0011085913570762673,0.48924507848402493,0.19852594477616947,0.13482629878055735,0.0005394573205500578,0.6975508459698657,0.2649411953191734,0.004057470032100847,0.7352825998709991,0.09950404339508126,0.552655464525275,0.07804467121068838,1125.05791905704,0.6357785564759179,0.09712784143313223,0.0,0.015314606047628163
0.0015243719768460457,0.00035364324613219823,0.0007754121953278608,0.20188720414629685,0.1707881442955588,0.030062095533900317,0.0009116959011009122,0.8546072998853782,0.025264598879396426,0.00021414689582067054,0.7115686829305485,0.19508497332585245,0.39138004694563056,0.006590637797968121,1063.5843841265612,0.5164837096046961,0.03447994095316469,0.0,0.008476164487824496
0.0009977518181140256,3.605226139642122e-05,0.0005608401060008801,0.2027501413716633,0.2448140044170113,0.04104240577421792,3.185310683007148e-05,0.11497906046446367,0.04371080406412953,0.006981696813011434,0.6232475740964577,0.12693605374152456,0.4043763579431351,0.02843877945721159,1985.0708139581361,0.49631152035493314,0.049636074005312045,0.0,0.15972473996974207
0.0012562495215908134,4.28206772039049e-05,0.001741736223567397,0.6611234901906227,0.20165162957548036,0.02104307314444692,4.3873799738194225e-05,0.14992677542435112,0.025626315152328556,0.0006965459917959003,0.6663897050595854,0.05548191313259172,0.2855063006978635,0.022507139077914417,1227.5401125475396,0.6109077919269936,0.13331662914756817,0.0,0.027180887601493814
0.0005525988221921817,0.0001303048404315177,0.0015445057424519053,0.08391710038126249,0.1642388234252889,0.05636808848701717,0.00019699719464089346,0.5051309974642528,0.034434206342112875,0.011143377742065697,0.5062574978125737,0.19708467914555583,0.284063878093774,0.0435759934188723,1497.1640975038645,0.30917281866701785,0.013782445831880413,0.0,0.32361360768281733
0.0015487147578116757,2.2635737103415545e-05,0.0005411120392861461,0.7471878763377922,0.2993923101392286,0.05522536698914799,4.239906508762831e-06,0.8338754740775078,0.0224506464780214,0.0008842910639316979,0.5895267188370521,0.16753212229673325,0.3198293450521124,0.062128872912042596,1169.3000169497086,0.42199459654031884,0.22370230440479588,0.0,0.03938822273102005
0.0016724496717643086,4.618451714569475e-05,0.0005729534753639708,0.436235391636158,0.029000383080478337,0.0022872423797755813,1.288397641602133e-07,0.7997965171349551,0.06682756876490367,0.04846181952685445,0.6910507410913724,0.12606038331970343,0.38680955867246714,0.0671340509861447,1504.2715485040183,0.5649903577716691,0.012650993470711077,0.0,0.7251770552560562
0.0009192902612021473,9.394723736045246e-05,0.002018626008779079,0.6204917799121559,0.1167504821071575,0.07204561663302819,0.0009154471396112294,0.5150951772116575,0.49190425034478874,0.0011461853357434498,0.5745329533058825,0.10257136470375527,0.2987040466154491,0.08360818850774254,1405.8474315580822,0.4719615886021272,0.07244271444827247,0.0,0.002330098459080315
0.0017896585919572993,3.405809778190976e-05,0.0005937171941485235,0.6592444645341029,0.2164800436355842,0.03988009632153935,1.3395149989582253e-06,0.45417293201757236,0.1416491758793986,0.0032797745023826178,0.5761731494376042,0.20757235592557188,0.4732630191086924,0.05121167110771032,934.8439331721839,0.36860079351203234,0.14271327044885995,0.0,0.02315420814855321
0.0014509144337833562,0.0004030381615189662,0.0011007483473613276,0.21722967760496747,0.01680438994524166,0.10381237952229341,2.9678855226377235e-07,0.8501679621686747,0.04580343960489925,0.005580338413294336,0.5717269599406863,0.18773824826519392,0.555404288176998,0.012013112220669758,1582.8571190330504,0.3839887116754924,0.0036504122101530027,0.0,0.12183230039993435
0.0013330457183365907,8.894951716453002e-05,0.0011429528739350513,0.751465163282118,0.07395958126447297,0.013068000904026584,0.00010981423780963204,0.514980449796225,0.029661897331166732,0.00015708084308432502,0.6419550760216356,0.05279606095316855,0.4349009961171279,0.033430782452938373,769.7764540593596,0.589159015068467,0.05557804881118425,0.0,0.005295711239593396
0.0006615459475963154,2.2063941795836724e-05,0.0006537331296897384,0.19392550523693874,0.09836003509706243,0.057188042462764696,1.8777508597243905e-07,0.15821836354669383,0.48853655737385276,0.08635379793675886,0.6514566246805222,0.1871486750292578,0.23414033213902055,0.07248806695675168,1590.2959474590884,0.46430794965126443,0.019074519501320858,0.0,0.1767601556799701
0.0015352853080977688,3.394310082986575e-05,0.001936675122738362,0.42852719249589516,0.18497579972945974,0.11455035148116068,1.2643185546021538e-05,0.05685032303659232,0.062040027731402395,0.0020501073651024294,0.5583157135157626,0.1496639432611848,0.4997065420384792,0.05404214471561653,1088.617908045537,0.4086517702545778,0.07926716013774834,0.0,0.03304491374469099
0.0005203593314555841,0.00024705028317580097,0.0005219786531399152,0.4871714171964759,0.24509585172503146,0.06859357328898885,6.237338676365618e-05,0.714244781597182,0.09211622491424022,0.0005303674331933132,0.5248842064510962,0.051453796446271544,0.34244462239168977,0.02253839549033141,1996.59525412455,0.47343041000482466,0.1194036934338609,0.0,0.005757589758884309
0.0012680574834689343,0.0004386554485807705,0.0006542142773063433,0.35901762748260496,0.1353259095407568,0.14576595725921035,5.283107704439028e-06,0.9397533078208375,0.10287942146352512,0.00042492756928586337,0.510363669867883,0.07906016602862635,0.2924045491961451,0.08036598593259689,1038.7467954628876,0.4313035038392566,0.04858438698024812,0.0,0.004130345634151114
0.0005346879227441371,0.00042574905682297146,0.0013614233010952688,0.20318778816994287,0.22703162290604742,0.005620278718822756,9.007199704011829e-06,0.7197792126366017,0.03675641815104358,0.01746016574694646,0.6657626519105895,0.14410544276206108,0.2555143164966783,0.048732828703087004,957.4012433872078,0.5216572091485284,0.04613005330291231,0.0,0.47502359112352016
0.0013274888057363385,2.236428606200296e-05,0.0012375422790136441,0.4024123419705499,0.0980959848465693,0.06824191936817689,0.0002244091350821923,0.45551498299801674,0.10762209570664817,0.0028019320420374504,0.5744574765669515,0.14114423158636796,0.5697591302900371,0.05303582974108524,1080.177093122118,0.4333132449805835,0.03947503500001553,0.0,0.026034914332785715
0.0009877966446683749,2.21214425008914e-05,0.0014875159930879916,0.13670618916288552,0.10387378729393756,0.014528414509410848,2.2696160041236687e-07,0.21516940522385078,0.032353261944479676,0.00027260248828297725,0.6868909119526982,0.21624372561611788,0.48187259780404623,0.06081043035647349,1860.8586384746707,0.47064718633658037,0.014200189614870363,0.0,0.008425811553431027
0.0006077562169342604,0.0001924631569179983,0.0009381221253601529,0.2007125797713457,0.07719512056303514,0.046512333367302074,0.0006402211853072614,0.4736126580711245,0.4824607001498367,0.0009076612059885076,0.7344513011783617,0.130152998161694,0.5003469457898213,0.012334858161999208,762.3339713424762,0.6042983030166676,0.01549403179396684,0.0,0.0018813163553147798
0.0005606646354272516,7.466102956873153e-05,0.0008007552544123296,0.4144548074823751,0.2628844661862079,0.12464607842225733,0.0006665075859663543,0.3694922443926904,0.021613375262571528,0.0010155402962455317,0.5684884639539483,0.21258665718973763,0.4082940761225625,0.057282685608387715,1386.6479286494637,0.3559018067642106,0.10895373082331175,0.0,0.046986659136214165
0.0015560300905445024,0.00010526948090697003,0.0016179655100429788,0.11833406639604198,0.06526407905380927,0.033225624785213154,0.0005440624729439777,0.27173263428306393,0.4002838139465952,0.00014545979670511778,0.6232547304579534,0.17732905141442662,0.37264026551143237,0.02313425406612925,1285.9673233639978,0.4459256790435268,0.007722963864029998,0.0,0.00036339165271500245
0.00154001905442636,0.00019435217048975435,0.0006244003969705929,0.15610017049456348,0.04189173068903586,0.07839005658914015,6.285740097362578e-07,0.11675722224539019,0.32623592508100224,0.014970714629783853,0.7017856090205086,0.21297853044873805,0.5081035616045044,0.04854029633995577,1526.5406960664386,0.4888070785717705,0.006539306302870835,0.0,0.04588922763814783
0.0008682592622688469,6.391513620240419e-05,0.0019197182297787537,0.3258363242562686,0.09946599319215116,0.04162752648332763,0.0007529601866005154,0.5336231410723584,0.02040308768583348,0.009227675167349333,0.6351333376018273,0.16505308185932682,0.25030369517779305,0.017736685209235145,1798.9036958566603,0.4700802557425005,0.03240963361022957,0.0,0.4522685639270376
0.0009850520324130036,0.0002821451911389638,0.001199292749796198,0.19833766194636954,0.005262807165697257,0.011091539925086241,1.2748776692708202e-06,0.7708660114397049,0.03502846512262875,0.06953899430070959,0.6464167301447994,0.16209187407215792,0.22084746560063429,0.07655291099366138,1999.187590186935,0.4843248560726415,0.0010438128685189938,0.0,1.9852138555676162
0.0018465114897008544,0.00011867331434861675,0.0015834766321491352,0.4767431309058486,0.184623037681325,0.11485369747801738,5.710040072148795e-06,0.867612134969795,0.024246919185855254,0.05129252244386375,0.7436691833512493,0.14930524407590504,0.5318714654363574,0.012669846631803747,911.3459983674242,0.5943639392753443,0.08801776502154333,0.0,2.1154243164131916
0.0013693801660096267,0.00011740525980611521,0.0016950802531582924,0.47467617879688134,0.18346206075202684,0.12900467620449488,9.863451943636093e-05,0.5571606880495685,0.2082052108978961,0.0013629292035632272,0.6613302301553171,0.10089205449844627,0.2804266265076364,0.06893843911444966,1086.3068166305206,0.5604381756568708,0.0870850699519734,0.0,0.006546085939374534
0.0016536765191703649,2.9556380339020826e-05,0.0006522844463808937,0.1515740841718696,0.21383013374722992,0.1483412648986518,0.0001140500924739707,0.27878171349953357,0.02347540313847646,0.0006472794825791447,0.5620431422149499,0.13585675261455743,0.2833875969590521,0.03615199253212297,986.6291999682903,0.42618638960039246,0.03241110669108476,0.0,0.027572667389819863
0.0007515072536187749,3.6240500536024234e-05,0.0013762555278162135,0.2456286344196042,0.19934397711397753,0.021516619098697846,0.00028882996479458255,0.14688109525649162,0.06707891277677112,0.036973067050526214,0.7069162236269467,0.23701084147727886,0.465875893171604,0.029402729816793455,1136.4823876564683,0.46990538214966787,0.04896458887827913,0.0,0.5511876314031388
0.0011309758216216618,0.0001574772598808996,0.0010900026377351727,0.6491550893557112,0.07516699226382892,0.12876744048701727,3.9535007381085575e-07,0.5488282308445563,0.08447774202933493,0.010305063254518363,0.6194681784347182,0.15998311005813354,0.570910909225953,0.05144431211129326,1357.2192852322573,0.4594850683765847,0.04879503557962592,0.0,0.12198554325635177
0.0005595793918102777,0.00025544698043160883,0.0007637283304254615,0.7638589810927812,0.11983169554329821,0.04559398755659029,2.3819573235213366e-05,0.029079255430130672,0.05774556466953544,0.014588760008199557,0.6865791203752268,0.05782158541097812,0.43220300772526526,0.05299746731248813,952.703914749629,0.6287575349642487,0.09153451686032414,0.0,0.2526386241382809
0.0017414921587973137,2.625240052960341e-05,0.0019419691735526154,0.3988447589012856,0.2627369223436651,0.034816612327495285,0.00027129812391821147,0.420034429723259,0.4032673254494722,0.021687073142738943,0.5493116799834902,0.18980288245992588,0.4657412278176497,0.0750735799216561,1911.693260329508,0.3595087975235643,0.10479124444662491,0.0,0.05377840398690136
0.0007895928346397219,8.7518225373106e-05,0.0006928909916283595,0.30555257605886893,0.27390368985568314,0.09010221177472547,1.1256380516171733e-07,0.055094510283346276,0.24562243720469482,0.031709472707089084,0.715489186664627,0.1635293358992217,0.3323514407993754,0.03434023380108702,1602.70939597386,0.5519598507654053,0.08369197802743347,0.0,0.12909843688532127
0.000556021047775752,9.987768297150068e-05,0.0023473096145327113,0.3469360677810713,0.14516785003803612,0.021234597097936035,5.740198768427322e-05,0.5113195302051872,0.03589032246754386,0.020165400061793695,0.5717696736815276,0.19811110760027056,0.5589556607431223,0.011201918486654364,1525.496978081319,0.3736585660812571,0.050363963060428486,0.0,0.5618617687269196
0.0017977964023026855,0.00023755081717353736,0.0005042155525468994,0.6091721587555387,0.2629821134692786,0.0030877320101427757,0.00044787852233903603,0.1398540295351888,0.020954109280453683,0.013941474605800542,0.534319969381463,0.10665559339862894,0.25852483356840006,0.09837417809417032,867.3455601782965,0.427664375982834,0.16020138177617446,0.0,0.6653336784305771
0.0006180932577428258,5.3268007466160996e-05,0.0017641523404040489,0.17606749579130204,0.18907760761120496,0.14291551968284025,1.3747353265430993e-06,0.592054755506956,0.0760350554330573,0.0535519900392849,0.6366298946494358,0.07438219130685414,0.22707524337656637,0.09417213097108879,1549.188366464025,0.5622477033425817,0.033290420882315284,0.0,0.7043065824609425
0.0006969299492631881,0.00015651835502940756,0.0005577189606108625,0.4782354102913238,0.054001176321390426,0.0824585627809769,5.582792675259956e-06,0.09718542695926506,0.16833520039138253,0.06418124261135157,0.697802955038958,0.1708140028686037,0.43806916648874583,0.06340014116293476,1310.0108107746378,0.5269889521703542,0.02582527471427427,0.0,0.3812704797459412
0.0006163361612519258,9.040333980241548e-05,0.0015105258704358308,0.7794832156189995,0.19395314847587172,0.1180109936442569,1.4830250006168945e-07,0.8253036000006607,0.43016314832692076,0.0003233023541138617,0.6073301102795904,0.16314409174081818,0.511798553642254,0.06388859826210694,1596.3008791707948,0.4441860185387722,0.15118322385340174,0.0,0.000751580778993542
0.0006944045749850368,0.0001868606683269252,0.0012051550830138279,0.08601043340424355,0.2978422842899403,0.02565704315940898,1.5167529006825664e-05,0.24720665718214005,0.020561502908737855,0.014781387630910268,0.6483169069155252,0.23636255791682326,0.33597352512354844,0.08975312910446583,1546.8940289181985,0.411954348998702,0.025617543957887685,0.0,0.7188865374538718
0.0005966948111406576,9.364448124249358e-05,0.0010445797617828461,0.13094499002141985,0.2407504056852597,0.08412406778229978,0.00014561655322150067,0.43807798829465533,0.14922908977996688,0.0349157434605643,0.6929739436062048,0.20973230453906405,0.29827261599147653,0.0966561958416532,904.894057519901,0.48324163906714074,0.03152505947010911,0.0,0.2339741099543417
0.001767441569187418,0.00040085452132805654,0.0024298772760001203,0.19775818162088576,0.23168605924045013,0.0060627592495672905,0.000453988739002844,0.5439060468232231,0.21544050719212776,0.006801480996270122,0.7255749592809402,0.07481205771193347,0.3225720930806931,0.08259194318355648,1377.219745558261,0.6507629015690067,0.04581781378230024,0.0,0.031570112254723885
0.0016325015281718027,0.0003111548233908775,0.0014899863772102812,0.17522667405239734,0.23190454968197455,0.10490375882146379,6.75765617722474e-05,0.24131994120563588,0.047589052016848314,0.0004937620138851093,0.5611382726796368,0.21989953319243477,0.51635414951048,0.012971739865670052,997.421897035019,0.341238739487202,0.04063586293839134,0.0,0.010375537922257812
0.0013700798808914355,2.7758365651283128e-05,0.0020031070637398546,0.40884375410663215,0.16670191599425738,0.14934088807597015,1.843979925600672e-05,0.6227299914403914,0.020815091507022133,0.08048886508224391,0.5315335204593515,0.10906777620022418,0.3281838217197739,0.04793919405125254,1681.1589416546985,0.42246574425912736,0.06815503715186061,0.0,3.8668513686375277
0.0010186710283164532,0.00033521055145703104,0.0006342464396544011,0.6993116844776746,0.09399096038597322,0.05873480138331167,5.572484699634295e-07,0.8409430396737412,0.3303231511231913,0.00010722976493386893,0.6428963256974722,0.05666642497359245,0.46699993943366824,0.04721312428577874,973.6089679589213,0.5862299007238798,0.06572897683318932,0.0,0.0003246207980556545
0.001718096489409234,0.00034193516855808304,0.0021164394153586788,0.4149644956420213,0.047226991572307614,0.051383106126649945,1.4655212532094468e-07,0.286312705140146,0.023423995668787178,0.007492050487856876,0.5206332284867703,0.16485277904283663,0.4005950220441895,0.06023770459902833,1231.8294814850733,0.35578044944393367,0.01959752473849262,0.0,0.31984511070586236
0.0007203971572413125,2.5110665550261318e-05,0.0007014393692335828,0.6226282976324186,0.07092436813721407,0.052438716520205035,3.642098589667722e-05,0.5278205493196777,0.22262338539215795,0.00045310577915290054,0.7090776685725683,0.19379191355745085,0.38909172180922,0.011293054117085543,1799.651723408809,0.5152857550151174,0.04415951859392855,0.0,0.0020353018096222943
0.0006669038129288868,2.6776754395103958e-05,0.0023828554483872745,0.500541612590085,0.21039641068695336,0.09621685338759417,1.7677930736563334e-07,0.18413507194115117,0.16394683167431576,0.00093368197326894,0.6848124081276113,0.18246760689773567,0.5726657320657842,0.029842705416457543,818.6955511480146,0.5023448012298757,0.10531215868841343,0.0,0.0056950290757903825
0.001111116202669175,2.8054244964954882e-05,0.0006996546263469392,0.42463253590520095,0.2094526897821705,0.0796207389303188,0.0002825847910508669,0.26083009805796276,0.1350759052457835,0.027247850181569958,0.7280487250958373,0.1683224988026314,0.21925113912655775,0.053880145327070895,1948.231677215104,0.5597262262932059,0.08894042681436842,0.0,0.20172250655651647
0.000685086764449046,8.212769136542813e-05,0.0016324501801564908,0.7379448170000859,0.1615205198530095,0.027657658700530326,0.00016249762211815208,0.61003483167358,0.07884696132372797,0.0006891430820020414,0.6617420548486759,0.10302887092166901,0.2623613804466876,0.09789609179424545,928.921088376924,0.5587131839270069,0.11919323046468783,0.0,0.008740261773343099
0.000946983581375992,0.00020044289916903578,0.0020998897773756115,0.5585362275441992,0.02266656437023312,0.10885895851195279,0.0002959768964548389,0.2566787587137499,0.03802549765470752,0.07728825985459481,0.6800693362980588,0.22792996830042245,0.415028363534365,0.09829366312993684,1594.2966552266944,0.4521393679976363,0.012660097354737764,0.0,2.0325377607523984
0.0012278615976534474,0.00045365027106416574,0.0005892135132679201,0.05350773033075951,0.24143565502560974,0.1477639093482435,0.00067777284848694,0.07405040574067905,0.18574259841456092,0.0407839623959351,0.6362093776031017,0.14979285631284373,0.4405767409604288,0.09305386504515546,767.8954190717061,0.486416521290258,0.012918673921340608,0.0,0.21957247687958434
0.0015989448136807273,4.1127410072791385e-05,0.0014446809977086297,0.23399431890916422,0.06884243941720306,0.07548947125674053,0.0008938557284625423,0.4235546051100054,0.4739194434196688,0.06134774553452384,0.743234282992483,0.21277701580576075,0.27396574689143505,0.0062194587019994505,1277.4103880487692,0.5304572671867223,0.01610873972347383,0.0,0.12944762319067527
0.001168471025407101,3.829674376473325e-05,0.0009862604413062184,0.4274117997513799,0.08695653744366535,0.0027013616508650487,1.6799658246614533e-05,0.7075954807217616,0.06928802537002814,0.0005182826016199087,0.7212723076831937,0.09212128089850269,0.3129438770602314,0.03545466381069413,1070.8758944069482,0.629151026784691,0.037166250168945265,0.0,0.007480117940323088
0.001128666463877251,0.0003035930553627985,0.0021444286504883263,0.12256496109348508,0.20061889497435936,0.012066708581523622,1.095639603637996e-06,0.4230840531048419,0.03598445584832708,0.006463441241501594,0.6960958533883407,0.13682433924769838,0.3329082285666008,0.08027250731158149,787.6615487025423,0.5592715141406424,0.024588847057150327,0.0,0.1796175901268236
0.0015829608117089854,0.0003243174859776133,0.000597505622462081,0.3449884871385558,0.20314864006115227,0.11817654131206189,7.912218548672576e-06,0.5937396464644549,0.34651032401128795,0.08526346784019878,0.5407030868235989,0.11763218003972858,0.25000210443236015,0.06800427395778008,1721.2853924346618,0.4230709067838703,0.07008394199895193,0.0,0.24606328277082223
0.001354628845945022,6.821225933830162e-05,0.0010408045689708442,0.4533715777878642,0.298950138282015,0.11974925763352129,2.0494093541942554e-05,0.8305153347422324,0.08442140803045826,0.0003761036840146332,0.600596468900697,0.24215581770111533,0.2715201231589228,0.06104529642267149,1201.7689750473696,0.35844065119958163,0.13553549587281732,0.0,0.004455074758750048
0.0015647678669253116,0.0003488596151752885,0.0013368986954823232,0.15180143808667634,0.061425936395842984,0.020447747603010866,1.5779572095490273e-05,0.36648398607615595,0.22310447814800122,0.00026301845661605444,0.7421265241839075,0.1342083053170956,0.4218105623368069,0.07166376368040539,1174.7094613258373,0.6079182188668119,0.009324545480709677,0.0,0.0011789026325216808
0.0007618856974255468,5.817534108494678e-05,0.0017553841187016726,0.4874508150231241,0.03733269032401334,0.019496539639176115,0.000515717104923664,0.39031236700250954,0.056339032128398005,0.0006732049108127264,0.5045712131029412,0.06566475390952897,0.5211979819271112,0.05961814650719558,914.7722226199301,0.4389064591934122,0.0181978503254462,0.0,0.011949174229306535
0.0017266826740283815,2.0015527841478985e-05,0.0012273409507665934,0.3753979230647801,0.028101071776618632,0.008684079322747137,1.3127743662436957e-07,0.09185003849366978,0.02599005972136831,0.002927546038695817,0.7260791549506007,0.18806653060862427,0.40761059034864655,0.051900639930366324,926.5797200360438,0.5380126243419765,0.010549083980836945,0.0,0.11264098928902688
0.001035797727114335,2.8672356940752816e-05,0.0005813664913332033,0.28074335850496485,0.2669378482682296,0.0606063464906243,1.0394106539107401e-07,0.6974752612374152,0.34137740598739447,0.0652348628944732,0.6993286367809757,0.16323611139442162,0.2683837890268044,0.09899717185017502,1255.554945017732,0.536092525386554,0.07494102803491148,0.0,0.19109308861782734
0.0006708634614600844,0.00011146445633900241,0.0009520414007958446,0.2426584767756914,0.1120890642782808,0.0686876037311251,3.0718900050239087e-07,0.23871262835442278,0.31600752476291105,0.05730174768437852,0.6424689244868728,0.0917384871076219,0.4764687693153205,0.06917612698593373,1670.2219924087954,0.5507304373792509,0.027199361600980184,0.0,0.18133032663500634
0.0006464880079477126,2.55136477278888e-05,0.0009516732545428989,0.0540572033460927,0.1282589133515243,0.040327557721929363,3.818660154405287e-05,0.9995794308374741,0.04394062401870714,0.00010518031750452367,0.5907456475964104,0.2385293065676144,0.5408566572836188,0.018688270825060714,1412.9416224966299,0.35221634102879595,0.006933318159992234,0.0,0.002393691938916128
0.0009239711410968558,7.078373354910822e-05,0.0006274258935477352,0.5193834181659338,0.23577835336371206,0.09600434321949165,3.773923448642793e-06,0.4262363069009677,0.08212479682246072,0.00012165880876989274,0.6170389468435937,0.23106888521147279,0.21273120186285582,0.007196724475287739,1115.830904368892,0.38597006163212094,0.12245936709958016,0.0,0.0014813894642917358
0.0010172623715646245,7.656369452024677e-05,0.001056989813583636,0.7464004056274617,0.060254018441214294,0.019404090545208186,3.7188800529575505e-07,0.7115312164917101,0.05844884821628254,0.0005349338571919872,0.620169352986495,0.10424360453019998,0.42210123115635756,0.026048864870186504,1072.6011751267988,0.515925748456295,0.044973623805206905,0.0,0.009152171060968257
0.0008639737381113507,0.00020952898893665886,0.0006808274505310095,0.06981002437847754,0.08107524673455667,0.1271541796870617,1.4017872550586129e-06,0.3187037978379582,0.36108576698582007,0.00020352535269708717,0.5915716767144175,0.13518421909980305,0.36510316850382485,0.07711697569869723,1463.3689303415836,0.4563874576146144,0.005659864951030482,0.0,0.0005636482279432511
0.0007509984658120287,2.1998386203346242e-05,0.0005735215928899861,0.335614587862542,0.2401516199064208,0.04780695350656544,9.521298745167126e-06,0.12058106465530506,0.0730668711205202,0.08568162757437825,0.5786161271386642,0.10842654734102375,0.29910193337252006,0.030504616227257444,1212.3901431246136,0.4701895797976404,0.08059838693941526,0.0,1.1726467311437305
0.0009020353545089758,2.6562724475563167e-05,0.002186355253529344,0.15275002504961216,0.15610282876490225,0.10439766190956523,6.513889156282062e-06,0.539686223912289,0.17550180098373513,0.027123177553601028,0.7468691272224908,0.0523100839026167,0.5225747183414702,0.07945353888066942,1968.748178773591,0.6945590433198741,0.023844711004154136,0.0,0.15454643429052164
0.0017700138787791059,9.668830788400447e-05,0.0005646106558623389,0.5297765948325538,0.19021293657527624,0.0006479303975368829,8.688074349675666e-06,0.7883645506937997,0.2237722237699156,0.0007239001319703745,0.6508911025635168,0.16799243700534822,0.36908151506892684,0.07110606029453638,1911.1961450429947,0.48289866555816857,0.10077036183195037,0.0,0.0032349865402182105
0.0009991488277188664,3.740618733176311e-05,0.0013824125088483933,0.7623733987730156,0.24036639272428292,0.09173280347424546,8.046488639839136e-06,0.520207962509211,0.24031105057283492,0.00027470412167712564,0.6152228469153684,0.1969808630382034,0.4583579117849172,0.058937658593035215,944.262902596128,0.41824198387716505,0.18324894377202103,0.0,0.0011431189744387834
0.0005672732568598054,2.7217968820103393e-05,0.000641417203964266,0.6828622218393079,0.26897257867425023,0.007663875222404805,0.00025682218988302144,0.5940542462358321,0.08615498058990251,0.001983601095498774,0.541013036997383,0.11543037327481645,0.5007065405695903,0.017805459103829694,1784.9059298174056,0.4255826637225666,0.18367121268734654,0.0,0.02302363812187145
0.000943834104468512,7.188287960256329e-05,0.0006648567765692965,0.13386532681742935,0.060674067243185456,0.14058692167994663,5.529614682707223e-06,0.052746249078980276,0.027759639113993213,0.0007389887550377191,0.5018358130471144,0.13675594022935883,0.393972081801905,0.09679934574536495,1902.8597965437034,0.3650798728177556,0.008122153840851706,0.0,0.02662097846456534
0.0007561087190104414,7.087670597414356e-05,0.0010102736985630764,0.07902546093080244,0.23442152560428853,0.0474057992687505,8.155269861587112e-05,0.6648744849894213,0.3477382018854817,0.004932531518232304,0.5202130173979291,0.19185284555782162,0.3836406574661102,0.09528685305174713,899.2643236606477,0.3283601718401075,0.018525269112980806,0.0,0.014184612134897683
0.0010265906921968606,2.458098162993648e-05,0.0006296518835675552,0.3968566596211602,0.016172579634355824,0.05109112807894468,2.9994515518139337e-05,0.6079199046563194,0.11156920563997269,0.0005363150555374749,0.6129972143760938,0.09903206956130589,0.23423103341666687,0.03016720934408524,960.1104287874058,0.5139651448147879,0.006418195931147656,0.0,0.004807016886614146
0.0017148713566291693,0.00021623572290119263,0.0018136631268785611,0.7382013850316018,0.10642919190779548,0.11544534279219149,6.084793066430618e-07,0.8007930899668513,0.37138714317267923,0.013762433563742092,0.7324874359211934,0.24466085585424635,0.29312237408768815,0.015099277083286702,756.4468356277363,0.487826580066947,0.07856617687412877,0.0,0.03705683897986513
0.0018998473951548915,9.565016754764104e-05,0.0008199974710149727,0.6601206071905182,0.154818500824579,0.06499051019938162,0.00043631171007809267,0.8879398384798848,0.06989653998199655,0.06865200824005867,0.709656341746072,0.2169197927063501,0.2860647998463694,0.05201003497857477,1509.6148761804557,0.49273654903972186,0.10219888276864683,0.0,0.9821946588163243
0.0008201548636485639,8.272351189759323e-05,0.0006738671160994356,0.6026554745084542,0.1367370164485075,0.04876647118787701,7.562304004495931e-06,0.2544725007196868,0.03797478850714516,0.003185555847639997,0.5458733094902908,0.19711692272577003,0.5332876856848014,0.03554882148967479,1604.4974682832346,0.34875638676452075,0.0824053115306456,0.0,0.08388607212494725
0.0006252437794876454,0.0002564000795230394,0.0015327646653987654,0.11276097086233396,0.1801604263053618,0.08039798503916815,2.0295079204284673e-07,0.06392875078188189,0.09427369377290004,0.00021455094148465197,0.585196783329205,0.14050851839437536,0.37218881999571396,0.0792158096939539,1540.9082502194797,0.4446882649348296,0.020315064581164565,0.0,0.0022758304347498355
0.0018337544324953778,0.00026656073505642035,0.0010234791283892442,0.2786170194658067,0.2786689939325311,0.07358377381757852,2.1330562379271458e-07,0.08919171671321374,0.06975997171968878,0.06732575955948426,0.6890746059812074,0.17230696586389255,0.3752879100199078,0.005437145251162015,1973.6008982786195,0.5167676401173149,0.07764192450701678,0.0,0.965105889520917
0.0015697574769404873,0.0002404905917776988,0.0013911036832810562,0.2217182018080272,0.24380320394028593,0.047754759818246076,5.455767956630743e-06,0.8027960137742159,0.0747233050071552,0.00023744604592723493,0.6425732635480087,0.06645316761636777,0.2510240787537982,0.08239217010061074,1023.5280429383938,0.5761200959316409,0.05405560797267593,0.0,0.003177670552774641
0.0014248124665040237,0.00040608441116417256,0.0019910212980726286,0.0757235933673121,0.15361211340937403,0.14640141232950266,1.9485832947271759e-07,0.7572264912283144,0.04016850011191554,0.0006704381652199346,0.5780206151155449,0.20331116037216052,0.37114780777714856,0.09366733708987608,1079.3928172604217,0.3747094547433844,0.01163206121210487,0.0,0.01669064474282067
0.0012503243797423401,9.208702696566965e-05,0.0013131089371510823,0.5823566162064934,0.01219236913663762,0.024103797639250035,0.00015271790144667135,0.7516930009979329,0.21115624971395197,0.00033134414395786165,0.522983960256644,0.10727150825511322,0.3081996740226601,0.07685423988431984,1674.4805804006135,0.41571245200153073,0.0071003068339527695,0.0,0.0015691893770926751
0.0017099962398813028,4.600677552042677e-05,0.0005360147655710119,0.17018284703923225,0.23073811802038569,0.03914791835326213,2.0765803211446703e-05,0.7787131922668032,0.11850079795947581,0.00016834465557100735,0.5901009624149416,0.07174626471150983,0.34344572826522446,0.0362301485294367,813.6216787194957,0.5183546977034318,0.039267669845183616,0.0,0.001420620438594657
0.0007773107633554472,0.0004255624547925099,0.00224375754372666,0.384193852074769,0.1069654995771174,0.05989142971344122,9.947645189010605e-06,0.9432109949613557,0.32964596675825397,0.004494167750767556,0.5465018322032934,0.21570105016319968,0.5501752942345632,0.026724832045548052,1082.5082749399173,0.3308007820400937,0.04109548732163481,0.0,0.013633316357434326
0.001124677617617541,0.00016147369689093908,0.0011472359459963426,0.7983800451054691,0.054233208205086404,0.07163700382482616,1.7753435442484212e-06,0.04489188485446751,0.0877667515096637,0.04922690249827198,0.7037822488178367,0.22388643050884133,0.24228946573181911,0.07582701918866128,789.9985855105658,0.47989581830899536,0.043298711212991184,0.0,0.5608832690230283
0.0013933141142428744,9.703993000354273e-05,0.001604872566008095,0.37938089074912623,0.22691327666036631,0.07078480619910425,2.0193758362221248e-05,0.9154415493070119,0.195516497729163,0.005950518202600429,0.7453545326318676,0.1894681277194598,0.3035644384585133,0.09950611735542071,1451.5695334387892,0.5558864049124077,0.08608656102221268,0.0,0.03043486494343468
0.0014251218710297092,0.00022137168796462986,0.0008315034937703156,0.5412518157811331,0.22114011912843393,0.12224312254164754,2.453421378388359e-07,0.35793539236597544,0.17297710220237808,0.00029728745959882425,0.7279611515858537,0.20655396452006458,0.4056902085272165,0.025497900690357105,1743.8198058749574,0.5214071870657891,0.11969249102032095,0.0,0.001718652097958068
0.001108054758518369,4.164533907162171e-05,0.0016440093928302933,0.10634779854937872,0.2822037772137009,0.13903907765469228,2.485426353059165e-06,0.6789830794204691,0.31412406944370863,0.001203634527873482,0.5541930430364781,0.07786807639350447,0.4112093143328035,0.08337878594510663,805.2027375191651,0.47632496664297364,0.030011750448996413,0.0,0.003831716970956836
0.0011214936721948507,0.00028717171574172394,0.0009295143954374659,0.7415901423947187,0.0816354333871549,0.08171056672406836,1.2254982964360798e-05,0.9561344701860992,0.052538713455482326,0.00025888277194286346,0.7494050825736849,0.203158524700975,0.2018499057080476,0.031244009681242437,1408.5692760220772,0.5462465578727098,0.06054003267003477,0.0,0.004927466908039589
0.0009842648476087058,9.010335104973231e-05,0.000949241948489372,0.31674370603128615,0.29994042435282625,0.010422450620281238,1.5248482165979417e-06,0.5323008920393715,0.368108762200499,0.013798664464816288,0.5475706340646973,0.24910014126665087,0.2294373627409434,0.05593792230386697,1900.1815952290967,0.29847049279804644,0.09500424159811081,0.0,0.037485292070555294
0.0008533657281780368,0.00032487008968480705,0.000860495025443618,0.09419521507473225,0.0858173080861205,0.03650155740001301,4.30609883844052e-05,0.010370460323546679,0.2269313100223622,0.004435852935465106,0.600760392982831,0.11786035918521748,0.41666714875020283,0.08262822550277209,1577.3176129582791,0.48290003379761354,0.008083579792306679,0.0,0.019547117297423568
0.0009257815034266957,0.0004375958389199448,0.0012192595664164824,0.3516221007851239,0.09720071215914412,0.11420920256307693,0.00013837954070147515,0.4118724890288354,0.05689188761281303,0.0004957012068025324,0.748856810821959,0.11924138041453164,0.2388981447366329,0.09513931524015218,1123.9106749889515,0.6296154304074273,0.034177918607208396,0.0,0.008713038494628749
0.0015447043962097742,0.00034578217164772516,0.0013053260852541057,0.28549319315170063,0.28356909403295355,0.06600385534240663,1.2038416003410202e-07,0.07662903049581266,0.02748477564782882,0.003644959211506549,0.6537441875699845,0.20193624133839133,0.4240925785539844,0.045642307724038815,901.3026276805891,0.4518079462315932,0.08095704613460276,0.0,0.13261739001295014
0.0006771393050416898,0.0001001147944948662,0.0011640747493126347,0.49376946289953727,0.2927830280307838,0.06264501453628857,5.511491172286672e-07,0.33675832080502416,0.03570789170205078,0.0037906888507093883,0.5251905569523887,0.19634231756804604,0.42644129588322643,0.008526504050298023,970.4601626956014,0.32884823938434266,0.1445673184968603,0.0,0.10615829358784801
0.0008813383601647644,0.0002789929378848134,0.0011404228184203075,0.17996635322105436,0.040804695760776846,0.0906617374628856,0.00026666119489596006,0.27733798100416746,0.13771406580776419,0.00018595100085671068,0.6834372584153295,0.23003661922837876,0.2351243146833511,0.005967502333192829,1519.357846279413,0.4534006391869508,0.0073434722903616256,0.0,0.0013502687598831095
0.0017494896014127786,0.00011848347777905898,0.0012718155560836788,0.4070975895259445,0.1137063364168896,0.06338537722683062,6.799174517499136e-07,0.2700497640146172,0.21883521653075408,0.09476165491384697,0.5603373065373412,0.0648733622717954,0.3112095254796575,0.07144206295109175,1997.1398173612984,0.49546394426554574,0.04628957546914188,0.0,0.4330274460213748
0.001630710283597545,5.2660755299499004e-05,0.0018512425924371433,0.5213102487801117,0.10045168368998979,0.026314895603491224,2.7925115466926677e-05,0.3100908343132877,0.024079636049902105,0.003358210041179318,0.6001260836898961,0.17686497288690584,0.5799140710972512,0.08217109905895899,1285.3252054551308,0.4232611108029902,0.052366492214809664,0.0,0.13946265775030145
0.0015204913255723524,6.701034848950048e-05,0.001890282700130332,0.07379763641238772,0.1479716343090984,0.05023128389668186,4.3099767233693404e-07,0.3317780254710074,0.02885909588972591,0.039213447203641595,0.5622050314259122,0.22751330575921663,0.41165968071239734,0.09694231581077045,840.8409237844776,0.3346917256666955,0.01091995686808964,0.0,1.358789871778413
0.0016346530369583665,3.0942888007299146e-05,0.0009245439329030026,0.6955872767703,0.2560662014956631,0.09902119842582005,0.0006608158922297195,0.45290525533139386,0.2730415542006828,0.07377001274798439,0.5926973433482094,0.08578621140433457,0.45712601825862276,0.01861535303327575,1055.9016715615157,0.5069111319438748,0.17811639177128322,0.0,0.2701787021537541
0.0009534455728161564,0.00018542541423356585,0.0008137172263907661,0.40169628785744904,0.1424010844375135,0.12659960641692633,1.5601091494922354e-06,0.28987457419582924,0.046836394956973885,0.0008101964029742949,0.6192224735533919,0.18398148456217872,0.4504239668014764,0.03876358994019123,1108.8238118146978,0.43524098899121316,0.05720198700542433,0.0,0.01729843647698717
0.0008019523773728007,8.937052274642794e-05,0.0009068776177514229,0.4608185407249014,0.002905403350222753,0.07120109781263195,0.0005917220822309653,0.679576702357803,0.027587202827202697,0.0003416092577733497,0.6851070076815855,0.10768012793973014,0.34544490323023624,0.05234830795195216,1485.8446299867242,0.5774268797418554,0.0013388637320668887,0.0,0.012382888541222516
0.0006929756244547369,6.224240665898894e-05,0.002491035423636241,0.21674567422075525,0.19186590322850264,0.12572716056682262,0.00014234126832697643,0.28449936127550524,0.20181364285129685,0.014466480440510264,0.5981742990293459,0.06001578427659367,0.5426885605798847,0.04007021133818092,1543.4509242977842,0.5381585147527522,0.04158610455523599,0.0,0.0716823711029767
0.0012431263922121985,2.3039007889412394e-05,0.0010567623627029878,0.3947005972575452,0.16948231197733027,0.11631144839386735,0.0003825303934860672,0.8530410177277885,0.09842700556558599,0.023962144766037047,0.5797572190367255,0.24943010014552253,0.4295152831043937,0.04175521707085214,1114.8126230474543,0.330327118891203,0.06689476976204187,0.0,0.24345091703587465
0.0014455698876040463,6.670498389530329e-05,0.0007965292463774958,0.47689793505998507,0.20252424593226684,0.012671542477810507,8.335156205292033e-07,0.3039595968835787,0.12492628303669921,0.010483259073061541,0.701118244621173,0.1688351719998068,0.2777888069002848,0.011454467952955197,906.7443402721088,0.5322830726213662,0.09658339468467864,0.0,0.08391556058689352
0.0012692835801428539,3.0232969933649068e-05,0.0008072997230050442,0.7926181317424237,0.17428139239946186,0.1496290370464715,2.6201004947225646e-07,0.8618933187868479,0.05434510611620801,0.0004569908106899367,0.7230312989134435,0.18736628912215902,0.22236041492439668,0.02162279225053008,1369.8690177487674,0.5356650097912845,0.1381385916411297,0.0,0.008409051768391757
0.0012076260011485117,3.324698952588488e-05,0.002232632834058709,0.6461065250548417,0.2936965946937617,0.12615318292495076,4.893101483635171e-06,0.8655181531938267,0.026873193020313785,0.00012629722478892558,0.512515067319126,0.15335583610034892,0.44018237984270336,0.07459639788639154,1669.6560702486331,0.3591592312187771,0.18975928621802662,0.0,0.004699747614414704
0.0008853960690631592,8.547187960082952e-05,0.0005227985060154027,0.5203333338404377,0.044363343619811466,0.049082393499614636,3.9267634075877235e-05,0.2808538016600145,0.05800300605725028,0.026177332081457037,0.6956193722343846,0.10209966667483729,0.37962040995968405,0.04075682113643785,1038.0232231433608,0.5935197055595474,0.02308372648600541,0.0,0.45130992099994643
0.0008525785930144897,6.59499398982271e-05,0.000783023114680446,0.7248211330254575,0.2416544433519044,0.1351306466442458,8.652274580543895e-07,0.6427082241992561,0.16148139159151417,0.00045098788985794,0.6296606531240172,0.17115880255905797,0.4894275364563171,0.08256432713099558,1991.1228044464526,0.45850185056495923,0.17515624743096356,0.0,0.0027928164689016675
0.001951949628271463,4.7344953086448216e-05,0.000535067094770419,0.3122959210466476,0.025898857844137743,0.1026407874790293,4.115514720724892e-06,0.16229696017000436,0.4978273666963791,0.00011361721802632482,0.5118907513547618,0.21050840462455372,0.32540802622635884,0.06168129725808211,1850.7237107490287,0.3013823467302081,0.00808810766449119,0.0,0.00022822613947541187
0.0016400512692620703,4.715794450011075e-05,0.0007801402137510935,0.6889841146138618,0.02489094433126016,0.11469503850278513,0.00017737369274534642,0.8096963714168562,0.14354324991478076,0.002206091768138732,0.54322338994126,0.10063151786284398,0.2992677450015029,0.0057035260332945845,1906.5034086581245,0.442591872078416,0.017149465241976202,0.0,0.015368829739109656
0.0018658654033030333,0.0003314052145468156,0.0005066130560800106,0.39177363165231543,0.029181812651681096,0.10388397264408243,3.7146734947639847e-06,0.9049586496180426,0.02333500238231544,0.00010001319094191586,0.7422927273298484,0.06474734796362543,0.5633803913682081,0.08617481966998834,1035.9832941624793,0.6775453793662229,0.011432664720746588,0.0,0.004285973033270886
0.0015844454472586054,2.0434022238750447e-05,0.0015732131067296305,0.1421141013182234,0.036285301445923124,0.015028860062070893,2.9565681810873004e-05,0.59798984860251,0.06838989070967355,0.00040477353445533067,0.6604517709585872,0.06216716178805902,0.3502841247755565,0.026361600604008616,1704.2684407071306,0.5982846091705282,0.005156653006048197,0.0,0.0059186164834458006
0.0006508357657019391,5.514171181041799e-05,0.0020209728337602564,0.24814034584266825,0.0877144403138463,0.13996884824922143,0.00015190783151603382,0.3236244673566463,0.18048376274361516,0.012028805606157324,0.7267016752903334,0.10527957191164998,0.40657184652596107,0.08176961588283357,1705.0105941427178,0.6214221033786834,0.021765491554873905,0.0,0.06664757772833423
0.0010681988371278829,9.876179655256803e-05,0.002497377742433778,0.143988644025768,0.020476252486534622,0.09519316643402792,0.000971913297045408,0.5554125589878086,0.16759763735037272,0.022549187646380624,0.6861747404557912,0.08738966220416576,0.43152670279525573,0.08583523581798447,1318.363044950148,0.5987850782516254,0.0029483478302653804,0.0,0.13454358905573485
0.0005408959295703766,8.605263836605958e-05,0.0018848311120045651,0.7174275949785769,0.060455760174200596,0.1460372699561439,7.069296944110385e-06,0.6526399071006285,0.06764070835285568,0.002085322369405051,0.7202010197823033,0.1840149921317989,0.22260053454559764,0.021711486479025127,1808.9475553407058,0.5361860276505044,0.043372630624378364,0.0,0.030829398747965833
0.0015278910250178203,0.000397557383301757,0.0010539745421551993,0.15083354112519887,0.25906987680209537,0.006439379335371459,0.0004738574510858015,0.8670306723663702,0.026960688178369274,0.0017277620259024,0.601048040793236,0.14211496647269428,0.4784435880891268,0.09654573783334786,1563.8040452313435,0.45893307432054176,0.03907642691692906,0.0,0.06408449274260715
0.0005028958772901105,0.00048268476330363106,0.0014133525037529299,0.7090248159384591,0.2698745488106094,0.016814035501551774,1.7020046332696715e-07,0.582291819663649,0.04608466054110834,0.037380046119232055,0.6435671368784824,0.10190927158149503,0.37285023541613294,0.04953593758104197,1020.5618016402084,0.5416578652969875,0.19134775229691703,0.0,0.8111168809823041
0.0008414578825367066,9.831151968584378e-05,0.002198877643933706,0.7604808713355001,0.2039624260581347,0.1406335669554361,4.9396298825371975e-06,0.10814598247275349,0.2784571616065665,0.011954681434211498,0.6561399601453999,0.13736233841162665,0.5576932119799178,0.09104310453018574,978.1088062705787,0.5187776217337732,0.1551095234883928,0.0,0.042931851223501044
0.0016271229666133583,0.0002495659717296755,0.0009954211477591962,0.4237264041393186,0.16990612900915733,0.08466289379795623,9.821441876331505e-05,0.8898964590323033,0.024140978613202066,0.0008606497837851128,0.5942581940172937,0.05476651487195361,0.4015182998902709,0.08653789264988604,1564.4082131748387,0.5394916791453401,0.0719937130862814,0.0,0.0356509898614651
0.0018159193781158462,3.2050697574490637e-05,0.00246595789055542,0.07127149259654487,0.026689341580765337,0.14735103866347898,1.4402743963605077e-06,0.25202994183774546,0.08067912180850723,0.024144283938768833,0.594866969404723,0.24531397461082338,0.4537695120001911,0.048847231187253926,1563.4494181584346,0.34955299479389956,0.001902189210880174,0.0,0.2992630980301887
0.0013424528589377727,0.00010610020518508476,0.0008042912507689954,0.12161572386767595,0.22375150407876535,0.12965667275869364,2.066254838837452e-07,0.7491486136021247,0.15336344696209547,0.0011774730136262079,0.7321663855822489,0.06274290824942626,0.40644869313535753,0.08729398101739926,892.6268331550176,0.6694234773328226,0.027211701135020295,0.0,0.007677663986759674
0.0006686455502670265,4.005519580720201e-05,0.0007024848431102438,0.5029954681713241,0.07335201001679707,0.05654559891577782,0.0009588155243137249,0.5636371059702298,0.2452693267179373,0.016800896686751957,0.6082696642766419,0.2362192243554571,0.5381530807381723,0.030308656045299334,1771.6475868739358,0.37205043992118475,0.0368957286197065,0.0,0.06849978719953512
0.0005696629563285173,2.43384866022256e-05,0.0005968950013583283,0.7350828805164988,0.1873311225449831,0.13844555645085735,0.00037535582525687685,0.6842002051395466,0.32702735887511586,0.03194208454024492,0.6812341610122414,0.09762651724016155,0.5191502928376586,0.09965284347400499,856.7455395963358,0.5836076437720799,0.13770390117075543,0.0,0.09767404369505017
0.0008993269015867644,0.000207721155361295,0.0014303703882706624,0.38831618890241115,0.17595371332938706,0.06316529326147378,1.1005543093094747e-07,0.17162444763232385,0.04107219999366464,0.03537771959484702,0.5804123580672738,0.20557317857184743,0.4681611677497916,0.08945791198514377,1219.7172664832478,0.37483917949542633,0.06832567538329497,0.0,0.8613543856989402
0.0008871019627857707,6.602728067923548e-05,0.0007131136120900018,0.29429424024031015,0.25155564041714407,0.13740282053585082,2.5065037255025717e-06,0.36705596231790966,0.16708887859044028,0.0003667552128353194,0.638418797510885,0.2431896979322669,0.3921412201983272,0.06517956441609332,1104.7022516829122,0.3952290995786181,0.07403137607472807,0.0,0.0021949708198969425
0.0019128146956536576,6.547845538182735e-05,0.0006680852511379237,0.397363070689577,0.09300220110266658,0.0786519588564472,0.00011671551748092585,0.25504189210566036,0.10228213855062204,0.00865370113895719,0.6489185107911296,0.2420184039142535,0.38870658842531924,0.044900542109576606,1517.669706654562,0.4069001068768761,0.03695564021104515,0.0,0.08460618111415662
0.0013879830880015815,3.101450712808876e-05,0.0013897318414283462,0.2133973806144745,0.149050277937546,0.0891351011335194,2.5835778382308274e-05,0.6762357896963301,0.18055222239163932,0.0019598967390301743,0.7011699228627895,0.23945890372274897,0.3886566982093691,0.06868883993852617,1364.9442314769683,0.4617110191400405,0.031806938891731716,0.0,0.010855013098531263
0.0011671337932115172,4.4501409775028294e-05,0.0013532540942454907,0.5089068895319016,0.10885099525156054,0.048560418649435715,7.85142081030872e-07,0.821820286504898,0.031185315796416816,0.0011310699479001737,0.5664757922091439,0.08776949855425481,0.5233257573414376,0.0951875760713709,1260.8808532159096,0.4787062936548891,0.05539502141592346,0.0,0.03626931198272917
0.0007427016865830402,9.943919777455812e-05,0.0008306604996109392,0.16430659346902204,0.06985499218253467,0.06416224382825501,1.3244216194299422e-05,0.9065115594105827,0.03345281751837329,0.0001511475459153447,0.6599715656418594,0.22007393219666788,0.24709982560121901,0.01761544626806017,918.4111144601804,0.43989763344519156,0.011477635802317438,0.0,0.0045182306641983125
0.0005840922030326412,0.00020075553899879758,0.0010668815681782677,0.14154743570802072,0.22420604197777885,0.08534095157826421,4.484955916589916e-07,0.13670615889376062,0.30490634788416815,0.0007176923762059643,0.6668812083943111,0.1402985950929652,0.47360635249319166,0.07190690198926333,851.8449133939447,0.5265826133013459,0.03173579031219945,0.0,0.0023538125105831208
0.0009059661186804253,8.267004943596519e-05,0.0016574421137410132,0.26969188200036076,0.04829983639555282,0.09322826871539878,1.051483015501852e-06,0.5206540294742863,0.37554992822917665,0.03782678800325508,0.7168104693299913,0.06469581719810334,0.25458147617271054,0.03506129678542342,1591.88407461372,0.6521146521318879,0.01302607377782616,0.0,0.10072372582154124
0.0010994137084806646,0.000268534420640162,0.0020272287110071766,0.7680017660112364,0.05495199192992391,0.036983318319409084,0.0001376492579349227,0.011922793509126907,0.12298451558522522,0.00034997704016504757,0.5398180834867202,0.1209564244087961,0.3250175417885132,0.040201780051134256,1349.9360751279362,0.4188616590779241,0.04220322684801677,0.0,0.0028457000338593208
0.0007459877152539538,8.954020864115101e-05,0.0010533298082874667,0.467453082915556,0.12635669341998576,0.011807586368029787,7.519598162869176e-06,0.8839192256968688,0.3842528981610544,0.004508987748102538,0.5682609150442848,0.2100990727117793,0.2831320344157562,0.09265629454894087,1156.2294609670832,0.3581618423325055,0.05906582588618809,0.0,0.011734427429647276
0.0007170189446312517,0.0003373336791881629,0.0006581130559014516,0.10425836220032682,0.2186294339952182,0.021713439088541685,3.428803481739515e-06,0.7869767574630068,0.04652739228388744,0.00014254941309716962,0.5148042459569964,0.20115513566337695,0.49066804989002144,0.08990767065277275,915.719478658402,0.3136491102936194,0.022793946717125903,0.0,0.0030637739641070504
0.0014156493841080786,7.145559170369717e-05,0.0009310720920603845,0.057283141687718225,0.274289810494478,0.0140956007305083,2.099356262921035e-06,0.3914735326228118,0.027196030482643054,0.022653921152476653,0.5179302454464502,0.15423520655595474,0.36612627614367665,0.07452697952427664,1481.2378060713932,0.3636950388904954,0.015712182078052563,0.0,0.8329863127243791
0.000765580087731674,0.00016452041602865006,0.0011746718056216906,0.7506394243303239,0.05763963686197398,0.09371133441859414,2.9407077035075616e-07,0.9355282104468738,0.025373213229852143,0.04661549827310408,0.6774122240699127,0.1717007044635977,0.46144406850360986,0.08414002395280494,1917.8482778678676,0.5057115196063151,0.04326658383268107,0.0,1.8371933365640865
0.0006835473344344163,9.755263714688869e-05,0.0006288126788505749,0.3605826197661574,0.05178670293967356,0.14194656251197124,2.1518626283432682e-07,0.06882850274676817,0.06319861896125886,0.011694542875735825,0.6214810484559395,0.12852402323018186,0.5024348542726765,0.018422005816023986,1475.8425150357514,0.4929570252257577,0.018673385015039255,0.0,0.18504427894072575
0.0010109264272805565,9.485858768642026e-05,0.0010317742851278218,0.3072783587496413,0.15379326657689743,0.1107326077559834,7.092245065193564e-07,0.8919814014083378,0.16468688593389913,0.0055413773996675205,0.7203911024621943,0.19969642334602672,0.3522499568219032,0.023176699657742335,1111.285647576244,0.5206946791161675,0.04725734254049511,0.0,0.03364795787013472
0.0007495060809615913,0.000489787763511421,0.002301645555138616,0.6765463615256837,0.06646284454719513,0.08478658439863627,0.0005588964554184864,0.1264601972534336,0.2130119579680607,0.0025021213746727164,0.6823342826743836,0.12966404508255852,0.5205460379829137,0.08872466010893117,1676.8515505774194,0.5526702375918251,0.04496519565505199,0.0,0.011746389256925603
0.0005165558867424642,7.231968754615487e-05,0.001570624547617411,0.6251863814245392,0.26775054667121273,0.11154626454882925,4.7850192179696186e-05,0.6272216670896767,0.47610012696688697,0.00024662023494414814,0.6662362389422496,0.2099131709400605,0.5774876036568566,0.06904838396159511,1720.4204035805224,0.4563230680021891,0.16739399539781769,0.0,0.0005180007754152536
0.0006826324878036523,6.077282215557073e-05,0.0010839765637104969,0.6480327162914086,0.20970410265052183,0.005271336033153757,3.836333498106177e-05,0.8486166667533243,0.3590601277290727,0.00013407269896569403,0.7177513203559078,0.09317573460321811,0.44310635150705735,0.03218534450695139,1413.7807119704744,0.6245755857526897,0.13589511925807005,0.0,0.0003733990176343334
0.0019745154547358605,3.0387909998386878e-05,0.0011039030122340526,0.623045196689814,0.24758620831535594,0.10496886408298269,6.393077504074374e-07,0.7693032156029181,0.04278407211335428,0.00664613642990239,0.7493233182573747,0.06717037441831779,0.22848543739763244,0.059752819049796985,1662.881365501628,0.682152943839057,0.15425739785752618,0.0,0.15534137125362404
0.0014653659948672796,2.5435259482915948e-05,0.0005926675616057202,0.5407354641362544,0.05905465915255705,0.04346859377557885,3.832605492028646e-06,0.7848523515325398,0.20787503610762254,0.0001933560877160685,0.5094813961966387,0.057413774460097794,0.39061484432344645,0.049846453333084094,1239.055455711893,0.4520676217365409,0.03193294852626624,0.0,0.0009301554017095291
0.000519267253977202,5.3893239173161176e-05,0.0008393459056233837,0.6666291996596411,0.23092551338518377,0.056978418481233736,2.7309790249272736e-06,0.2165720865893777,0.44469938574237605,0.04768633314961006,0.6258327472469096,0.07089494099033739,0.47772188674956545,0.04664166831388983,803.121209180796,0.5549378062565722,0.15394169016895679,0.0,0.10723273896590399
0.0006091047093879288,7.51072614463499e-05,0.0013556591441249608,0.728173261432964,0.18129139729342197,0.050318752907990615,8.575955722610512e-06,0.14507827103751292,0.03377430311700861,0.00011454785220894705,0.6280626239793187,0.18924902278277983,0.3699603500052621,0.0691170794374389,1426.9182200281934,0.43881360119653884,0.1320115480368903,0.0,0.0033915681934903103
0.001758391698125888,0.00021878527603134463,0.000961718003837446,0.28339261496836415,0.06579273219432102,0.10108118267979628,5.512784005287371e-05,0.05765715045362969,0.15783159118640058,0.0036928622800293737,0.6963174038777304,0.08078223723152844,0.5535029392386894,0.008311316255483255,865.8267562802152,0.615535166646202,0.018645174422461913,0.0,0.0233974849538713
0.0017199497098722351,3.5703635310258415e-05,0.001677155666361048,0.08257372667292218,0.24478894420926994,0.019081486890957042,6.67140638211921e-07,0.4128281089505462,0.06106875170363556,0.0028111365582286158,0.6922768325537614,0.0633045035766386,0.5258235935541126,0.0539275672522222,1723.7133414279392,0.6289723289771227,0.020213135371689454,0.0,0.046032323894075314
0.0007048160355683853,4.224766756244386e-05,0.0023523219939648515,0.3136919994277794,0.06365650198626063,0.08075624999495278,1.1700971874130947e-05,0.5617487699272379,0.06919966185721485,0.0008413174512699936,0.539938226901712,0.2413945883576632,0.5044224206754031,0.07664868143785186,1457.506363991898,0.2985436385440488,0.01996853538464851,0.0,0.012157826045536908
0.0008923296602214115,0.00010486678621552706,0.0008309800029780727,0.4197256408035332,0.16694447948796015,0.0022449304538735546,2.5719761726623815e-06,0.0907357755978933,0.19778535089863372,0.006415906241677432,0.7148762656908172,0.22774923300105548,0.45255981301015374,0.09150643476310469,757.3717682004121,0.4871270326897617,0.07007087863169638,0.0,0.03243873326576965
0.001657307562294739,0.00030271256903560803,0.0020625622859338673,0.5520754701791666,0.10269164410278647,0.14721017579689705,0.0006547990999558222,0.7434991693461195,0.09009030087860141,0.023308421946541535,0.5538668639178814,0.09455351452690702,0.5690817749933139,0.08846200262519568,1758.194018973897,0.4593133493909744,0.05669353770151748,0.0,0.2587228782591161
0.001025464239731047,3.824752688641294e-05,0.0009325249205483024,0.44048926644843084,0.0696046441103887,0.10518451060607367,0.0006185899883407386,0.9145357471334624,0.12550288586523994,0.003204918123972417,0.5885566496512751,0.05532137094056349,0.21000386842913008,0.02377929621743186,1512.390641336251,0.5332352787107116,0.030660098625589213,0.0,0.02553660899410498
0.0008398471011424373,7.310814872523175e-05,0.0009146110919374588,0.5349381792240319,0.11165821717630454,0.0271617649466018,2.583854504062941e-07,0.00771262973228591,0.04935302265043389,0.02369050754926939,0.6780918889632002,0.0689410990469845,0.3107549852672385,0.030448461015987825,1144.2197393780998,0.6091507899162156,0.059730243391693874,0.0,0.4800214105844865
0.0014366994547479858,2.5345556102905748e-05,0.0014676041312100695,0.42618492614109293,0.03569408702241433,0.0915205880767033,1.7758655390165522e-07,0.6020374103532782,0.186318618972303,0.0003527878541717052,0.5510549878628215,0.22308356447472433,0.5795840903846396,0.042820468380999815,848.7317272219846,0.32797142338809715,0.015212281841321394,0.0,0.0018934653773069693
0.0006811934603444425,0.00013045523109029018,0.0012351879286242816,0.5427250504123763,0.012430215437618066,0.14303636094404668,3.0371415755171576e-07,0.42239764560754023,0.2851307261587924,0.05308941273938005,0.6277924161008193,0.07934332635313929,0.3100544573416168,0.06659678279667719,1307.064494495055,0.5484490897476799,0.006746189300017963,0.0,0.1861932365360511
0.000644343758509954,0.00015190474803950308,0.0012284095201221823,0.7683956937865399,0.26245808179594676,0.10125605449329635,6.845130954985734e-07,0.48213418664905155,0.23753697574476626,0.061655385947948914,0.5023498419097042,0.11467418707532918,0.5780236925988851,0.07968838901909123,1770.40459825177,0.38767565483437505,0.20167165985148097,0.0,0.25956121464726273
0.0008471903545889612,0.0003929176467888605,0.0018314247250584826,0.28840071904094877,0.16301283572296055,0.011525210569631475,0.00034593380550918413,0.18133195992341772,0.10005676923488349,0.000127211874628709,0.505926761486375,0.21207729860450736,0.2353223224881097,0.059020923953105806,930.2021347211844,0.2938494628818677,0.04701301903540588,0.0,0.0012713969839469714
0.0008347702034708549,5.949237502676438e-05,0.0006959699019888055,0.0905652917664225,0.15664359307194833,0.11963292701779366,9.962506479161346e-06,0.33630405705583793,0.15306543289879843,0.0011000698183814231,0.7470999802061007,0.24384050454678574,0.4306313917740472,0.06945212649746893,1145.1260918958872,0.503259475659315,0.01418647270990176,0.0,0.007186925209356388
0.0005982439246215513,0.00018651224756457036,0.0010152328184798228,0.24924647496403002,0.13230909262883275,0.12482553594297553,5.028677385139547e-07,0.02769244525840201,0.3233119761565145,0.0001407597781320599,0.5322963432732937,0.18198375685361629,0.31552868421434566,0.07917665109055338,1876.7998594043802,0.3503125864196774,0.03297757494342589,0.0,0.0004353682774309556
0.0010331937555512016,0.00014670658835755755,0.0005988169606387845,0.769587765093516,0.10483103656455765,0.09633497044571378,1.4064114194950474e-06,0.7285531428891779,0.4846514930467714,0.000921066972069248,0.510701180824115,0.09406191203034389,0.5196718897710302,0.020599948054231293,914.1298092361743,0.4166392687937711,0.08067668314215458,0.0,0.001900472783605683
0.000870075110213709,0.00015497815172865867,0.001960969458918458,0.6911388058658975,0.04739282458973216,0.11042342473457341,2.9251495861332015e-07,0.042006831763560806,0.07301500600311517,0.03860823171004719,0.6937339864867876,0.19740451303498463,0.33883855793597795,0.05173121793012485,1600.795606499853,0.496329473451803,0.03275502019355943,0.0,0.528771191341133
0.0006042593888454313,2.0550254255871634e-05,0.0016797666844333716,0.5223677307533815,0.20783024817090287,0.044233060188651405,5.087141821069686e-07,0.33731612049260795,0.3134302891369497,0.016256640372007844,0.538218280638754,0.1875157619672425,0.4846555093738952,0.0797538993294565,1520.0602412214334,0.3507025186715115,0.10856381511894665,0.0,0.05186684546912023
0.0012295792737359041,4.67662685487146e-05,0.0005883140897348228,0.5011138951392793,0.1680149514836533,0.013686054559192128,2.6002247974967762e-05,0.2633709250097681,0.1127117766771381,0.00010041279350252443,0.712712584472504,0.13440968933972264,0.5016391004114207,0.029184316917128195,1714.9441223428246,0.5783028951327813,0.08419462677961054,0.0,0.0008908811169764097
0.0006982211936714204,0.00014969899902179444,0.0007987034742750967,0.0707158605550339,0.2603212564572248,0.12102685931722248,9.063908394999925e-07,0.6986676959168695,0.49612854952199975,0.00945161993434606,0.5757656725050447,0.11570932172242396,0.3684600900709577,0.008739985346965275,1073.9390511692293,0.46005635078262075,0.01840884167114033,0.0,0.019050747922997623
0.0012555765019013861,0.0002663933970736821,0.001503287559337944,0.7442080553307298,0.24871744216994607,0.0013780922320211547,5.304570636952244e-07,0.7773038515616979,0.06409976492852755,0.01719128715757156,0.663578901907554,0.14290738013445503,0.20603402616384628,0.06593305424707448,1454.2061487651195,0.5206715217730989,0.1850975239641288,0.0,0.2681957909945562
0.0011317006388534044,0.00029419362664852956,0.0011935947672774693,0.12203732888931797,0.1489451352716882,0.11384503969388522,3.862287996149542e-07,0.4678330530775798,0.04211717287723683,0.08089208706149086,0.5955677615546949,0.1131045338451374,0.5411225335777354,0.04099153679447075,1498.9726308460322,0.4824632277095575,0.018176866459614967,0.0,1.9206438024051418
0.0016321380680902108,0.00010578515051877171,0.0006002759770117829,0.19529711280577727,0.013519495503418516,0.10832455405981119,1.1772699444086183e-07,0.6303357723977294,0.2755463058041561,0.010384260032453529,0.6277321140797415,0.12811776936900793,0.5268219281558613,0.01565751278318623,1722.057923245999,0.49961434471073357,0.0026403184384083244,0.0,0.03768607966689314
0.001863060906246414,3.247134097838342e-05,0.0017341245690726836,0.3350752403565477,0.27579766418264196,0.13614813301449125,0.0002621322472065474,0.6551045837689686,0.03484789997999567,0.008346653385609307,0.7426630660761538,0.1453265599875287,0.4477070531301239,0.07991084499761485,1708.3795459564617,0.5973365060886251,0.09241296861577317,0.0,0.2395166822219037
0.0011129132469036654,7.247036906217546e-05,0.0005804061859136854,0.483583444876655,0.26598310190735097,0.026881337256762484,5.8764548118305885e-05,0.4430476266634108,0.052935726522207106,0.04025161083477955,0.6947684297673645,0.06319960470877208,0.5033516960246183,0.05580256646103939,1073.6803285143894,0.6315688250585925,0.12862502469933518,0.0,0.7603864814794516
0.0009092712342369926,4.451137059508376e-05,0.0007751706225757245,0.3473226922977363,0.1331167164577159,0.14197513368632636,0.00011326857221142504,0.6514994430748579,0.07933180462379799,0.013864322329861073,0.5330604416066472,0.10414669771253265,0.20070744177227925,0.016246641487201927,1328.835692230523,0.4289137438941146,0.04623445634992827,0.0,0.1747637331031046
0.0009064927886356974,0.0004087100889423117,0.0005773425741645078,0.5513469049777732,0.185484931212153,0.027410551274505868,1.1598608249303874e-06,0.5519719085152105,0.11369966403845111,0.012632034231155637,0.7484189488855806,0.22978449946002832,0.44242282935175303,0.013765589038168352,1300.5587870061524,0.5186344494255523,0.10226654274383572,0.0,0.1111000136894311
0.0017832266972895715,0.00010813902323566699,0.0005271670686789215,0.45732121356181243,0.17181862768335843,0.04369087428918469,0.00014140827654958042,0.05577426683943488,0.030266162290982862,0.00870593766530711,0.6457625855375593,0.23272482916274123,0.41007769170290453,0.09193315233512361,1987.0280243437146,0.41303775637481804,0.0785763033246787,0.0,0.28764590573482957
0.0018512120676044913,0.00028452680587965517,0.0011098368582703997,0.2195290957972328,0.08635432405288505,0.07929862029372743,0.00012147068357683468,0.82598126802959,0.06009352280383971,0.008241274816335891,0.6076875174147699,0.0505604943418069,0.5285419065523074,0.08853287781912854,1822.9599132417898,0.557127023072963,0.018957286677511086,0.0,0.13714081704341868
0.0006596087633477882,2.1535996101179215e-05,0.0009050446515563148,0.4450770760406751,0.13682920059679898,0.10031013508523347,2.8579702555985196e-06,0.019853106960464575,0.024261610670534586,0.005941285490578946,0.5178568144138594,0.06290057150102626,0.27540626374394894,0.09661666806320358,1459.7218588229287,0.4549562429128332,0.060899540518606285,0.0,0.24488421528396548
0.0009285544339875935,2.1829822481960282e-05,0.0015370773386811313,0.5727662903937699,0.05168718002280194,0.07140114866965355,5.710773206781437e-07,0.5847882046408547,0.13948511124824847,0.018161232434051263,0.5831560184119364,0.22610623664144064,0.223081621357927,0.06811054338526783,1266.1991908329999,0.3570497817704958,0.029604674362575238,0.0,0.13020194249785433
0.0015254974322126771,0.00017294998945296367,0.0014537862556488054,0.26345714127519726,0.046009264454533176,0.13052388011658164,8.550400941398886e-07,0.2201919653971719,0.22840687874235557,0.0002315528151232946,0.6768663458512941,0.1526900500188394,0.3590057823356779,0.038534216298458025,1244.4146058205783,0.5241762958324547,0.012121469285365859,0.0,0.00101377338720384
0.0012616847738408895,3.590750330684698e-05,0.0010331699207588084,0.33686439430011367,0.20338800484781888,0.10283680534135234,0.00018330817243001116,0.2304723809672767,0.12713359878218708,0.00026924198033374385,0.5933261324070885,0.12363559981844624,0.5669985179413407,0.02063559566436151,1796.1265193363054,0.4696905325886423,0.06851417706096909,0.0,0.0021177877674573298
0.0008894277755991883,0.00012993344325829622,0.001801296466233881,0.5716050495948327,0.2842518906158776,0.04675459417891607,2.739837005313462e-07,0.2764535046331194,0.11902768398743116,0.002566793069459519,0.5633764395826353,0.06944256930904545,0.4169055514361082,0.048921960330209714,1291.539220547891,0.4939338702735898,0.16247981603291367,0.0,0.02156467288509589
0.0005992410097814683,0.0004554932249638782,0.0012920116802047075,0.6346566158634415,0.08977237885183967,0.1337129329099015,3.2404928881072224e-07,0.3451707968920484,0.402283553543955,0.003311076220772506,0.5006221484652206,0.16476792979491317,0.5711237350705002,0.01365972172058037,1854.8731808888183,0.3358542186703074,0.056974634160119345,0.0,0.00823070242768631
0.001697400052629541,3.223054787236992e-05,0.001563754125806252,0.3676249032589739,0.10180372614627113,0.09828168023275216,1.6972005586912066e-05,0.08090723079486098,0.13998375498756957,0.004674242789449452,0.6530344170082056,0.1890963029155618,0.4889997400762524,0.06755316773840724,1914.2001541774678,0.46393811409264385,0.037425584975926,0.0,0.03339132308505741
0.0010784964050127837,0.00039391550044337825,0.0019378577160843716,0.066818048808203,0.2548611463227389,0.10290419638607154,0.00013631377521960866,0.3484704696857085,0.16094372924150266,0.000525444517722146,0.6240624584400921,0.1215713279836014,0.26890507537216557,0.0240876015382041,1276.251406541215,0.5024911304564907,0.01702932451430733,0.0,0.00326477160805498
0.001143417587386373,7.507979836169415e-05,0.001590452008754173,0.5708888148859771,0.2971193930664809,0.12254767242708184,1.9450426134029123e-06,0.05475200823135935,0.1264795945391374,0.0006540335309761291,0.5393029492130975,0.23095145571221937,0.5130810624986792,0.006888079997676437,1580.9355287476628,0.30835149350087815,0.16962213818736407,0.0,0.005171059674560763
0.0005011806433731028,6.65055308674138e-05,0.0013478166373640822,0.5579047248260074,0.12286511467198791,0.057919780518806446,0.0001235769452566808,0.6155701824252702,0.07488233272416212,0.001412597450822324,0.7049506859542083,0.1304379409245594,0.4650008849343621,0.07346499099347155,1838.542717759018,0.5745127450296489,0.06854702799179126,0.0,0.01886422870967165
0.0007366992559073944,2.322356242882819e-05,0.0018865526894905845,0.6271332911058491,0.051195623426890116,0.11997118290755421,5.906366739921027e-05,0.5520900887385568,0.07873907190050054,0.06615869147406961,0.5304708141732651,0.2357165185850149,0.3316595868162505,0.08816985486188442,1279.0100585033442,0.2947542955882502,0.03210647980992131,0.0,0.840226965815291
0.0011056292370381405,2.107747729716093e-05,0.0011963723572646764,0.5598778563876706,0.05859336300897282,0.09170562635251191,1.8215845947683797e-06,0.5195448586958432,0.3287161936749279,0.0017013676404009977,0.564406883541078,0.14228003138271655,0.22752935740747351,0.061514072426391994,1301.2569287741103,0.4221268521583615,0.032805126480008336,0.0,0.00517579502664692
0.0016411239655572953,2.8507729668389332e-05,0.0011191415836591134,0.38058594588092004,0.13820946818097776,0.14465462215142724,3.581557387494682e-05,0.8273111279219257,0.17366859394964174,0.010740446719701171,0.5435757019310079,0.05008956995876515,0.5723259757085651,0.08714345999782983,803.6370830943926,0.4934861319722428,0.052600581177356345,0.0,0.061844496321629416
0.0008669219579412563,2.394618398788179e-05,0.0009779109981299789,0.08829284046932645,0.14008652226620427,0.13027917832560806,1.0886942397380216e-05,0.2075006030204617,0.4108221050458457,0.09392862089285575,0.7476910993093824,0.124548646919814,0.502604627683929,0.04513772111193712,1082.2752147418075,0.6231424523895683,0.01236863696235272,0.0,0.2286357519208315
0.0013233361372566078,3.487898113317649e-05,0.002479247651444641,0.23640396094865662,0.2988729478228891,0.04937430737443676,0.0002386017741941453,0.9568088589378195,0.20168793562892093,0.00016315961045186957,0.6319728909619202,0.15438659615198597,0.2807471776859516,0.04159485688816324,1385.3440433833243,0.47758629480993425,0.07065474868573215,0.0,0.0008089706007604819
0.0013022887547649753,0.00011428333196134752,0.0022108439981928,0.12701889322656706,0.2552997923796583,0.07895741584787315,0.0007663816725895975,0.604016358340892,0.13670542026970856,0.0007291874171449948,0.694029551834656,0.1346862396997859,0.44175871988899085,0.02627661017779512,1648.6773697341941,0.5593433121348701,0.03242789706903655,0.0,0.005334005160193122
0.000650665173331969,0.00021096288933455514,0.0015086616765201623,0.4333870541332277,0.24259503461154358,0.09736233902878073,6.833502766393176e-05,0.27076104179219757,0.04292650516319237,0.00011034005437239818,0.7080356319309791,0.07606672656291034,0.4223576790117045,0.027980190286524,1511.5784121142674,0.6319689053680687,0.10513754739764529,0.0,0.002570441128457157
0.0012801391501079484,2.0663125310243785e-05,0.0006440117846214222,0.5767241227849766,0.0012754548994324802,0.13380397879169015,9.16801872226803e-06,0.11254881238174813,0.16980062031701043,0.0023964338274359087,0.544547267455201,0.08181109396495101,0.5365597185820862,0.03062924082925311,1929.7614872926963,0.46273617349025,0.0007355856080269978,0.0,0.014113221865514215
0.0006218359998559434,2.6147832150399307e-05,0.0007932657632398647,0.7285326091219099,0.23656447890454269,0.00892707365800843,3.241566734246321e-06,0.7729504215823928,0.2773378161847383,0.017308042832637753,0.5232287154811411,0.16108106128408123,0.242452200150563,0.005656326497045717,1057.874728006258,0.3621476541970599,0.1723449370418915,0.0,0.062407799523122524
0.001756314131234424,5.673359028923655e-05,0.0018124400460131605,0.7754434482668405,0.17288831436729418,0.0716138223463999,2.189416930629796e-06,0.04370289734806862,0.10594161817430134,0.019501179881008544,0.6259028870382114,0.1284858614319298,0.5446672051376535,0.08942230782776311,1843.39582789738,0.4974170256062816,0.13406511065801616,0.0,0.18407477832672015
0.0005826339880085864,0.00020752504942140253,0.001538896197727049,0.16859308809423224,0.26770374044958345,0.10782679036299057,0.00013696553966773863,0.3958342208300425,0.026042244257691517,0.01953984223298078,0.5086883055908671,0.07196583741272622,0.26552499281901,0.08741862014198697,917.9939089934715,0.43672246817814087,0.045133000296772106,0.0,0.7503133001761064
0.0012047459424353213,2.0463021239267164e-05,0.0005455003805126398,0.7717382782162197,0.18430843532663208,0.08369800394654191,6.344575321435943e-07,0.16086072819741978,0.024466526527686872,0.033692098782285664,0.7295811948350073,0.07970312612992968,0.42563816827212986,0.05217481551582642,1458.4617466053396,0.6498780687050776,0.14223787453970052,0.0,1.3770691456410424
0.0007262330875647745,0.0002486542541239607,0.0012778145709648892,0.7017850002049424,0.12865371124413436,0.14135645808016334,8.215756267754578e-05,0.40934633282884947,0.029555622022427782,0.0048883830836534276,0.6826522628551416,0.21512983230757704,0.21642536174611376,0.03348481936657944,1214.5643052872006,0.46752243054756454,0.09028724477183142,0.0,0.16539604816789039
0.0006453606376009036,0.00015315973172986286,0.0006007989656912927,0.21999265692849934,0.064827763637131,0.04456387511654303,4.7425481484120445e-07,0.935454125347855,0.032822352747021256,0.0001761511491212302,0.6944551071706915,0.14079273008361404,0.2719486298349684,0.06850464729026665,1097.392117297078,0.5536623770870774,0.014261631965265205,0.0,0.005366804460329753
0.0005021836082695131,4.631832813451356e-05,0.0020932681732110385,0.4445899546387042,0.037030913952025596,0.046320476282677485,2.2251115418555082e-05,0.7332349957155531,0.026901712306067083,0.002774393570462062,0.7401141017207771,0.0894573167756978,0.24537120977103627,0.08190098286484922,848.9811816613106,0.6506567849450793,0.016463572354160818,0.0,0.10313074271619355
0.0005352441032204587,2.4357840544165402e-05,0.0006167192986074681,0.6110885985609479,0.272029709489885,0.03524928759922769,3.989595520183346e-07,0.6419725754611826,0.049311338821975845,0.01007727453698066,0.7162209249251877,0.24890785501790919,0.5079020407444121,0.07549346981605631,1871.0259320498358,0.46731306990727856,0.1662342539391156,0.0,0.20436018931389616
0.0014170187110921246,5.3325540076185144e-05,0.001259615416551276,0.2164276913507968,0.14308888431514846,0.12429406308799931,1.4024492080819876e-07,0.810059852336651,0.030116911143869836,0.0001473418664977371,0.5883527487803474,0.20878062877749315,0.33251248111923604,0.045137168942112955,1630.282417077538,0.37957212000285423,0.030968396890288824,0.0,0.004892329953555941
0.0007577285851474016,0.00036784184810448436,0.0011735566184021345,0.623407634163457,0.10198273421920019,0.10847046725052491,4.569623777727791e-07,0.1658882074070304,0.06639846895274586,0.00026161812196795307,0.5288331716833563,0.2233656795734663,0.2618027973613577,0.0753046860188224,999.201154944336,0.30546749210989,0.06357681506511222,0.0,0.003940122808466264
0.0015047336609215474,2.1206409479415117e-05,0.000607092331733087,0.34470903969749916,0.1306127120106867,0.039728268423958615,1.289878212013847e-06,0.17986893964622364,0.1823138845652333,0.000315748339890356,0.6282923602923738,0.161618439842926,0.2775426971172089,0.09351835025918409,1202.3728858284146,0.4666739204494478,0.04502338252948983,0.0,0.0017318940937676025
0.0008454179817634215,2.0879411574557097e-05,0.0012015685729000554,0.6292286029746585,0.0683107984087533,0.13046596792712514,6.11523116622801e-05,0.06731769839963274,0.030888975276270384,0.006727012779241124,0.5014327998710483,0.13229389648929843,0.38134229752206533,0.016343508851978994,1077.2287215695626,0.3691389033817498,0.04298310825082337,0.0,0.21778038018661527
0.0007339383569296638,0.00040109896605922406,0.0009281565783316227,0.7721587494511283,0.277924807336121,0.003006759482124579,4.405909264065416e-06,0.09937316434862976,0.4492121781940132,0.017380278450381544,0.7173541279540614,0.20157650591903697,0.4552733259054529,0.035786692793078265,1829.9611170036042,0.5157776220350244,0.21460207167410497,0.0,0.03869057717948835
0.0007111736813983448,0.0001706232810153433,0.0010907759927624291,0.11308271733235643,0.26444828470067394,0.01971425605080448,7.978906298223335e-06,0.6283375101645085,0.036406472944675174,0.0002191187458116733,0.5950166375650059,0.0763748497855755,0.24565590472354829,0.02669039448236111,1922.476007501816,0.5186417877794304,0.02990453062783283,0.0,0.006018675474129435
0.0011699026063030228,8.877557773279446e-05,0.0005099726418681812,0.07060381610097369,0.2867257965249064,0.047530117936904884,7.512118688600401e-06,0.8244709020379853,0.04560407409523933,0.0002905608044797006,0.7339193034438333,0.055185096743980186,0.31933103451269584,0.011265252709087039,1462.602878956427,0.6787342066998531,0.02024393540924969,0.0,0.006371378221009263
0.0008333809756221862,0.0003803602114134663,0.0007737440944295431,0.4778024362986002,0.026473403612869883,0.00182609045423508,1.489987133547911e-06,0.9274777653724536,0.35669411001991275,0.04703757517108484,0.5790139616545571,0.22322413784846945,0.46271228252713437,0.08406789324876923,791.8939303080109,0.35578982380608765,0.012649056743345394,0.0,0.13187090520911302
0.001208854009866491,3.137344477139225e-05,0.0017257318220439133,0.19479217946733268,0.029577284987447418,0.10229531321369625,0.00040735444010118343,0.8111405494133871,0.050164887120984776,0.022725208016241876,0.6799018964473725,0.10799895785665668,0.3852226809271784,0.03596445512062777,1617.818906683404,0.5719029385907158,0.005761423805431302,0.0,0.45301024920946265
0.0014946412324368325,0.00016981011635017976,0.001630718945784684,0.775118273276079,0.29432951136359736,0.06123300372633042,7.801341831295022e-07,0.7941552205744483,0.2764705810748651,0.0003063531586872107,0.7208133896834117,0.1672945964767546,0.43256330297340884,0.03600160722573375,1956.188253087528,0.5535187932066571,0.22814018262234365,0.0,0.001108085921822741
0.0011725565476778104,0.00010951869429438482,0.0006867811308455662,0.11000001471049528,0.2247789076604501,0.07656194277856132,1.6760426690778898e-06,0.22070403243484094,0.023033068723517312,0.0647648182432764,0.5199084167612694,0.22319492280620984,0.39096391767583255,0.033762506956529305,1176.0703519682997,0.2967134939550596,0.024725683149258573,0.0,2.8118189122211916
0.0012785400270928467,0.0001245431516089221,0.0014433475404064101,0.727248641410854,0.2218151563239867,0.1487472652274252,4.342166500566201e-07,0.8834603506731372,0.47518597538979707,0.001444173851179815,0.7039324695430413,0.23540199506264547,0.32383669342090116,0.0852371873904875,996.5161871151126,0.46853047448039586,0.16131477108095554,0.0,0.0030391760825751496
0.001993907502102933,8.793426732002857e-05,0.0005567329704047237,0.14085299470474183,0.19975293955073284,0.11647919317137449,0.00031483765332271434,0.7475259006880709,0.0568301950835122,0.005723685039920077,0.5604418974509293,0.2404626734927373,0.47172228726265325,0.018275134435769072,1109.967748940102,0.319979223958192,0.02813579973679599,0.0,0.10071556206184228
0.001406570515464812,3.1639715805749845e-05,0.001653006962918668,0.4176448433370832,0.08735049389491892,0.022597808642271552,4.329509588995956e-05,0.5928795153104985,0.03197862692435964,0.0003123567745589687,0.7424297172284661,0.1444317041811637,0.5133365848616004,0.09040826067715718,1198.472508494497,0.5979980130473024,0.03648148333816025,0.0,0.009767673117979674
0.0007437541132969663,2.1614552862345528e-05,0.0020280342549247273,0.32136734078627727,0.24731443943913714,0.10681373795858812,9.997730130438316e-05,0.8286267567360144,0.3138926571081657,0.011720387876373372,0.6756652646811878,0.12759905010387393,0.32464457551677856,0.05311661633761715,1446.0933187435612,0.5480662145773139,0.07947878374060431,0.0,0.037338840558906704
0.0013414516676229372,6.0979546915454e-05,0.001370895072513704,0.20866220189725476,0.2328943265994245,0.04565892992797038,1.17857802619168e-06,0.7281696852878643,0.3432248706539446,0.00022690545974519348,0.7175229127005835,0.06842720588095347,0.28013915020174,0.03403478795917947,946.7069541097089,0.6490957068196301,0.0485962429976143,0.0,0.0006610985366907465
0.001357879355242298,7.606902594455708e-05,0.0005368414025243532,0.5945029104666096,0.05260848786810038,0.08260886039888583,0.0006842333408686077,0.45008444540320386,0.1654619042486964,0.0003836679827706931,0.5061309195375557,0.19591309392424455,0.3928460093404623,0.01800896314073367,1376.150207706535,0.3102178256133112,0.031275899152833,0.0,0.002318769293226697
0.0009463142384617114,4.384401205049686e-05,0.0005366426918567323,0.2097067397031086,0.2664936262143295,0.11791795866845521,0.0004179780516378424,0.9714616112596309,0.031524106222614964,0.017170318735302847,0.6309955140951844,0.21168194005566876,0.44204787657048683,0.012596307141764091,1346.3045025759893,0.41931357403951564,0.05588550950506591,0.0,0.5446726582524041
0.0017428937906608958,0.00011624798033197997,0.0014259874801158656,0.45382485432609637,0.03191588097413275,0.03241599841285489,0.000487652495420323,0.2426235444753814,0.03236890292984981,0.004186552943705568,0.6764771139794082,0.23023469709963185,0.5482288551704262,0.07480910461315525,1966.8741291746574,0.4462424168797764,0.014484220033774824,0.0,0.12933873454959857
0.0018807784724640228,8.967541827931365e-05,0.0016706858783987438,0.6710434521933905,0.014193773806188524,0.13416027369663872,0.0002484613847495445,0.32331531974854716,0.13969533536650744,0.052316081849193966,0.7495004757348802,0.13932184244171905,0.32826690105040945,0.0882230977136291,1887.9895570173064,0.6101786332931611,0.009524638974556866,0.0,0.3745012796020458
0.0011611725856825784,0.00021159082977145868,0.0005223402844333083,0.6908591083412444,0.030431338301559308,0.1103746195381165,0.0009851211616736628,0.7301702018989628,0.04525501303992043,0.00027691443232088044,0.6699685778399042,0.05994260062935659,0.25066105452861154,0.008133311112505015,1206.542682627974,0.6100259772105475,0.02102376724464602,0.0,0.00611897806938224
0.0015808695574562252,3.3162386515740196e-05,0.0018208599272262107,0.2320988891664772,0.06194129936954042,0.14982225922852294,2.5964061521790646e-06,0.3574799674511902,0.024521100603546505,0.009634733354603821,0.5153379370127911,0.2113929788683241,0.5278136487844696,0.05446623261400632,1823.5464015468215,0.303944958144467,0.014376506777198546,0.0,0.39291602405523113
0.0005845563896854495,0.00012810833638120085,0.000991273972765242,0.1626767382340154,0.1685366645510265,0.0415555321253388,8.50811729317365e-05,0.5596458108138966,0.05031158240127041,0.006500800508970583,0.5920350427121341,0.08062986003175536,0.2759618339293292,0.09260001005441308,842.3712287549573,0.5114051826803788,0.0274169948620014,0.0,0.12921081386632022
0.0014495139929423906,0.00015254281156853954,0.0012582458944100626,0.568824649572484,0.12330452178773257,0.14453842974928513,1.1215930776780505e-07,0.4253441394928818,0.024443360733819117,0.0422234738957344,0.7052228884277421,0.17714600514633805,0.4284029156259995,0.013353073619263547,1037.4062405112777,0.528076883281404,0.0701386513966097,0.0,1.7274005140101394
0.0007022020032979815,0.00013298278083657446,0.0007249987874560338,0.21417151570201087,0.18041726039815292,0.009024454334295193,1.8946439629939015e-05,0.1751580940578199,0.05058443216787595,0.03614664036217156,0.7471516257922988,0.06553958959357002,0.34022074173760475,0.026542380302519538,1834.534740127905,0.6816120361987288,0.03864023811827679,0.0,0.7145803325855414
0.0014873149376269446,0.00023512874189519673,0.0005584848922963484,0.05964527789718609,0.11468517617120638,0.10563238781185857,7.493500213125118e-05,0.31797876785641704,0.03820609679196063,0.03396868870492937,0.6739453217025205,0.07362233387830802,0.47435351602621906,0.03817492502333899,1577.9537608720839,0.6003229878242125,0.006840429203419349,0.0,0.8890907880460874
0.001155588253308654,5.291063393060889e-05,0.0015820910465334196,0.22683956483331735,0.06857706464757324,0.1308339791062118,2.350731155478154e-05,0.9337658670213443,0.08157763375695364,0.027407409216484088,0.5748316221005714,0.10944420432264441,0.48366889582416667,0.052742465656534836,1319.2103642221873,0.46538741777792697,0.015555991502201785,0.0,0.3359672002517221
0.0014467380496938206,2.5880574431472993e-05,0.0018985351445701627,0.23592584156016266,0.04869873852403758,0.06376048035296039,1.8698565166124623e-05,0.3329681618711375,0.08302144871105357,0.08830435982722819,0.6036589286878914,0.12898270419307284,0.34166151535001343,0.06312811979628366,946.1829606592808,0.47467622449481855,0.01148929086920188,0.0,1.0636330875718776
0.000672159341980977,3.844089868546121e-05,0.0005525378000771078,0.6096516303750625,0.2683904277626077,0.05677153601553627,1.347758990561415e-07,0.9386424077801715,0.04167232333320067,0.00029843884839220446,0.6527325223593978,0.12558339021695103,0.3447428295678042,0.054360137442774584,1722.602148084287,0.5271491321424469,0.16362466186253422,0.0,0.007161560108035442
0.0005074867706519022,6.0266812925668616e-05,0.0017126378187557695,0.3878321996139567,0.12071254088870223,0.14917986647147866,1.8816169944368038e-06,0.6045184687035934,0.2165008589009684,0.0004588536008626423,0.6111182386665406,0.19662193689082008,0.43575809207450855,0.04366532100983351,1872.6644308797213,0.4144963017757205,0.04681621025385507,0.0,0.002119407762130545
0.001002242925594137,7.646603123325067e-05,0.00162549546248859,0.7871731012920142,0.0418374518140413,0.06568325427733122,5.604923997570847e-05,0.15244068815630485,0.04624949163961551,0.05180742939090425,0.7450195477571206,0.2064178170961104,0.476107880528203,0.05558443440297222,1284.3524891353882,0.5386017306610102,0.03293331669461409,0.0,1.1201729479449678
0.0012466078467956447,0.000298461181804731,0.0015004244144243167,0.7147370313252064,0.06327390991058476,0.025137911802537473,2.675624767250761e-06,0.13196588587447663,0.07947095956687951,0.01646518518797017,0.6528278631328592,0.1541569522853079,0.24669803819533048,0.01069172824694878,1168.6077477309518,0.49867091084755133,0.04522420652982991,0.0,0.20718492991284124
0.0006867939877729664,4.324217218246006e-05,0.0007201213441836159,0.10515382367838028,0.13006707997191447,0.1323163278719295,9.482728418458662e-07,0.8294477627269052,0.38244835250614795,0.0024194570519802208,0.6442174140535972,0.11321196545753745,0.4575946984255386,0.008467281602529768,1384.50256868842,0.5310054485960598,0.01367705079372848,0.0,0.006326232120300028
0.001960617541093227,0.00015397109121757143,0.0006748526188864328,0.7771562871462119,0.29035026586637624,0.102489788213979,0.0002976778051577248,0.9897018583143434,0.15266760929695078,0.09495860414679108,0.6573152043816052,0.19487578790036286,0.3657415899390869,0.05002399539212638,1470.0117181013989,0.4624394164812423,0.22564753459262846,0.0,0.6219957500093485
0.0007100310120239862,0.000228542061967743,0.0018196194241883745,0.6831527158782396,0.010154445208414646,0.018676405115992615,7.726860289471118e-05,0.6756065078078313,0.14862911389302852,0.0028547267531649923,0.7455045091435903,0.14547114953566315,0.3780798258660213,0.00612720115079856,1099.194860800112,0.6000333596079273,0.0069370368223652425,0.0,0.019207049536873366
0.0006095903672921086,0.00023982125536324897,0.0007385827175333254,0.2704323795216514,0.2245895719841454,0.04275768463587352,1.8351616627043796e-07,0.6712676287581764,0.45423506835204885,0.0012115230869269742,0.6006289343683349,0.1862355400928553,0.49869213445318666,0.057518456597968934,1039.4463642402693,0.41439339427547955,0.06073629236742165,0.0,0.0026671720686875706
0.001019260941443974,8.284447847764263e-05,0.0008385368187843861,0.5812755539293768,0.09321692997591656,0.08002460434497079,0.0005251422504765397,0.527460893707486,0.04438348596887023,0.0293270490991979,0.7013447908266013,0.14335375841343767,0.49520725748816136,0.02214577727442793,1498.1806352665724,0.5579910324131636,0.05418472260734683,0.0,0.6607648871872607
0.0005035434309323098,0.00024591348094628443,0.0006567565623429603,0.7872659926345505,0.10297404105353437,0.08041154223018654,9.305777215026379e-05,0.637911072940385,0.4946115857396915,0.07332037529674548,0.6481255427108306,0.23784735342045604,0.4077762689375638,0.028911848592140327,1400.1824308089108,0.4102781892903745,0.08106796064560169,0.0,0.14823828921656754
0.0006433942653933806,0.00014948835335110752,0.0005035831710611644,0.45489182583482884,0.08215132315026237,0.046841477262290473,2.9505872013655145e-05,0.03594549722547182,0.032517976783358854,0.006189287133637685,0.6878836067927583,0.0820646325845629,0.28674536348332347,0.0743696238256544,1322.2336076948768,0.6058189742081954,0.03736996538256989,0.0,0.19033432414543902
0.0006087101108363316,0.00014814419139443948,0.0016806802123759327,0.4026164487352726,0.04492454513473885,0.08550738818670013,2.877776115610465e-05,0.04750504192251381,0.0602974035076228,0.041577119435263564,0.605852543065654,0.24703237118936178,0.23931986115980716,0.00798091398621658,1544.5033778659667,0.35882017187629217,0.018087360823196022,0.0,0.6895341592943945
0.0009800722138908183,0.00030873890257289053,0.0011888637458012052,0.2979191902132176,0.16640241470154196,0.002093720835062939,1.5431417705772568e-06,0.7631785239688784,0.054588308057741355,0.0311350648798531,0.520978903469197,0.15756895976117438,0.46790575866703066,0.01844870197660177,1164.2390160641653,0.3634099437080226,0.0495744726374074,0.0,0.5703614196453874
0.000815260929176977,2.4108310279963896e-05,0.000635074543152592,0.6969976368292015,0.2618198235224257,0.09078265296900527,0.0004143353995752142,0.9982500323962152,0.10431888534037824,0.006711720950317623,0.5214820053745097,0.23014620621563986,0.4456616859690652,0.02628988639188489,762.5853489073164,0.29133579915886987,0.1824877982701693,0.0,0.06433850331527409
0.0006648505558158,3.85851626369478e-05,0.000842333769616347,0.7027257961951758,0.22041213283209773,0.08888843315831961,1.3268740718233427e-07,0.08276260923436535,0.4871783877176896,0.0036431165185462967,0.7191516584771525,0.1977733568395243,0.24810040694271823,0.053142855297100826,1365.0589693248194,0.5213783016376281,0.15488929153551273,0.0,0.007477992888012536
0.0005252244959987187,6.265671957399844e-05,0.0006015077691779279,0.613539193365121,0.1383228990153833,0.013376242998921619,2.662095852842842e-07,0.756558198443208,0.348840983094203,0.00016997093828947596,0.6970601535863633,0.09226419853637166,0.5102879814361624,0.09003685206755097,1753.8946873074037,0.6047959550499916,0.08486651988582336,0.0,0.00048724475198367396
0.0013600213017427177,4.499020522227876e-05,0.0015655498618730647,0.2563293918384962,0.026128091537487845,0.0421407792127105,1.2452609435095697e-07,0.46210991533899587,0.08228770796036346,0.0003527316656426583,0.6031021987250931,0.1728854380185289,0.4780564987057481,0.0788943169154201,1679.6261050730786,0.43021676070656417,0.006697397813704818,0.0,0.004286565689890925
0.0010478825766216547,0.00015465379776126952,0.0005822308246667888,0.1578556597279547,0.017588140014063953,0.09893220417304355,1.303607855013089e-05,0.6381988369282002,0.026744543708687687,0.0012943750958359168,0.7159332186988514,0.16712984537762934,0.2915166673260864,0.031089151757561637,1935.5569397590484,0.5488033733212221,0.002776387445307704,0.0,0.04839772590382436
0.0015328499048831636,5.8734623481362727e-05,0.0005742488917784492,0.364376899119075,0.20812508493457474,0.03728124200062258,0.00031845294155156305,0.37193061281041073,0.3168608226081125,0.0007954422322458636,0.6901219441286732,0.19908629711840548,0.5138278255442392,0.0968797128822352,1156.9458449926187,0.49103564701026775,0.07583597307735446,0.0,0.002510383662134374
0.0005926864844293787,2.8722513543782464e-05,0.0006610228486933988,0.6718425855198471,0.151635163378916,0.08086835826843668,2.1718967978562168e-07,0.6524269630823647,0.02072192775463859,0.0001554884496800316,0.6758047119370415,0.0765314246754558,0.420461233876623,0.011106832472636977,1538.5372193661308,0.5992732872615857,0.10187496022021536,0.0,0.0075035706871058655
0.0006988494966886127,0.0001684355458618965,0.0016472211615001465,0.14925482649869015,0.27114857891517213,0.11960872090499207,1.7527321378460886e-07,0.7398939658758052,0.22068621622766163,0.012462510265509168,0.6731281512477332,0.08907878017832647,0.28236265647619124,0.07422498215911026,1409.041790929084,0.5840493710694067,0.040470234101350415,0.0,0.056471629622090874
0.0013143120386155587,0.0002968913992604847,0.000599511170149029,0.2497833616463937,0.01590804336612073,0.11175105262072646,1.357430086057192e-07,0.8439283286825133,0.03116458764259534,0.003959577860486742,0.540398816153465,0.13544668734538098,0.2673951084416479,0.09156867641183018,1362.6910696609757,0.40495212880808396,0.003973564549206249,0.0,0.12705375427701296
0.0019200244253981754,2.3551609053717865e-05,0.0019390371768399858,0.4345925595605845,0.14640005294011932,0.037597020905104334,6.986713637025009e-07,0.10530743995983606,0.04645046169425226,0.005742661150604052,0.6327359514949372,0.14892374371084766,0.41458819853103784,0.0279423484612145,945.5968888092304,0.48381220778408957,0.06362437372705153,0.0,0.12362979701695073
0.0006337609874790598,7.001051961667169e-05,0.0010764951131087186,0.7952195312942394,0.10804859756781317,0.04328733803068512,1.214331849268463e-07,0.4423596842667803,0.04550529271848408,0.001399054943269696,0.5265524498011316,0.08992083277756252,0.30532443812054,0.07629103810387515,1171.2357429728381,0.43663161702356906,0.08592235511487628,0.0,0.030744883939652256
0.0005294014811677253,0.0001092290151662238,0.0014636228143563076,0.2917557805143532,0.09439602481952637,0.11425111162150385,2.4815446187324066e-05,0.13392128143675183,0.020625685047335095,0.0001232174368167446,0.5132456694411283,0.16743369777046693,0.45844921331669697,0.05873582199256852,1794.809718166543,0.34581197167066136,0.027540585898673173,0.0,0.005973980332481838
0.0013117753917777017,2.766832646974498e-05,0.0006803477676302921,0.5895816815997408,0.16218010330340088,0.07717923973411321,0.0001511397968746836,0.5238461533079128,0.3952933890955821,0.0014011878860412475,0.7347108137487346,0.24035739201989215,0.5392889938239199,0.04018859646670788,1281.243871782926,0.49435342172884245,0.09561841802763876,0.0,0.003544678268582022
0.0006880832566909352,2.7351120058074396e-05,0.0023810186446332413,0.3229409423833242,0.26587118917592706,0.018437241197698358,5.656478631762947e-06,0.4300365904344326,0.03324590084238878,0.003672983776145842,0.5159172929261658,0.09881382967171105,0.4464284441207015,0.04430856551918204,1554.4046258386852,0.4171034632544548,0.08586069238504895,0.0,0.11047929769022109
0.0012534583511988266,0.00010095152749170184,0.0005754460071898732,0.6109130087352219,0.10283515037438855,0.08725397707129208,1.802294398780427e-06,0.4842404402535249,0.3657484752125155,0.0013324424823659433,0.6297636742751194,0.09518290598424696,0.27266115629613324,0.06066886697086415,1255.9691249776774,0.5345807682908724,0.06282333111895669,0.0,0.003643056834595789
0.0011625703805419707,3.363811437578641e-05,0.0005579873254244354,0.32529091395298715,0.1471437527094646,0.02895792041813409,1.7449625724796348e-07,0.1489636506218676,0.05506358480468501,0.08436574003046744,0.665973527011774,0.16305453790103208,0.4104433849564676,0.05888934723371481,1003.2134754087083,0.502918989110742,0.04786452580133407,0.0,1.5321512453233757
0.0008610507429710158,9.378148040833001e-05,0.0016127044069121537,0.5891143156309561,0.1454139889764979,0.020944968963671696,6.682839939979093e-05,0.30129273195786266,0.07999764793885454,0.007193854069169158,0.7417802959726276,0.1442838609958263,0.33476265427104646,0.07855403241371463,1460.1934559203607,0.5974964349768013,0.08566546259905695,0.0,0.08992581975244714
0.0010770201680205672,3.437319835289799e-05,0.002438514646490326,0.5950631022155672,0.018023937831786043,0.046123506928364005,2.4621751077459355e-05,0.6501139371290898,0.10113900722613037,0.001992100316973488,0.6541057639157545,0.07539417329654213,0.4479529564993921,0.06995463583999845,1378.1698430020833,0.5787115906192124,0.010725380360323127,0.0,0.019696656825189868
0.0013904254053370107,0.0002528205267311015,0.0014473217941378663,0.14463967574041747,0.034981653628593276,0.09375774680161361,1.3469195164575154e-06,0.7698498624203032,0.08086664067534402,0.04183064674437791,0.6138702017997606,0.14587924270542973,0.40257058076435615,0.08704921879640395,1776.389277569892,0.46799095909433086,0.00505973503770333,0.0,0.5172793922813705
0.0010065380927348096,0.0003604217561248056,0.0010993651625767695,0.6698725084237535,0.09151522655154365,0.14113824545540418,0.00021400650051346253,0.2251632623654341,0.4369368325454722,0.0007872585956502358,0.533646323777552,0.24226306306773854,0.48696402451275306,0.024872145894486764,1242.987727792637,0.2913832607098134,0.06130353436905063,0.0,0.0018017675256715865
0.0006524501874440699,0.00044468430504280144,0.0007717400954442139,0.29562145176952714,0.14860450588567076,0.011663279674138247,2.4480859921022043e-05,0.4791143243999183,0.16862771126186585,0.0032428878514057903,0.7119931509458428,0.15804383445617592,0.25076785667770474,0.09219747218918875,1614.83083678529,0.5539493164896669,0.04393067976941523,0.0,0.0192310494351064
0.0010703260542133046,4.64231288068348e-05,0.0006327187667579985,0.5300961419143941,0.20376637036748216,0.10410103609993877,0.00010488252340566419,0.1413813933003029,0.05668338029137349,0.003585035404055333,0.6980987128684693,0.1987740473145566,0.5362656529826844,0.020165308960249928,1680.0444926704088,0.49932466555391264,0.10801576678370182,0.0,0.06324667628548135
0.00105383585642032,0.00012948698650028543,0.0009730146842128801,0.27193111099430634,0.19154093716930085,0.025238042546783714,3.3204017219326956e-07,0.09666794970339247,0.18424154728556044,0.0002123345758165852,0.5945635264377684,0.06548328715791603,0.48606067528134494,0.01967858263414855,1529.3029021554576,0.5290802392798524,0.0520859398453386,0.0,0.001152479334574208
0.0008012244790292253,0.00030158861207356743,0.0007424522881576467,0.4944947165587827,0.009928852139808339,0.1260861381866746,1.3714306637198375e-06,0.9871846109793506,0.3751358254588267,0.058806413999493934,0.5276196165929115,0.12078494077651718,0.3492013369674995,0.03931545014555032,1941.4767286656313,0.40683467581639426,0.004909764924628588,0.0,0.15676032521705469
0.001067619653331851,5.7878865624233646e-05,0.0023694355877573064,0.6497561810884795,0.1618958591561161,0.08919030251899802,3.926296856447029e-06,0.4674603645261891,0.2583276758700549,0.09149106471501081,0.6156587091943443,0.18841990418753296,0.4234645946057731,0.01369513333201084,1379.7896403277123,0.42723880500681133,0.10519283517931635,0.0,0.35416671638788344
0.0006123252926426484,4.9390312596302935e-05,0.0023433212159176047,0.368655045261272,0.2508219087348483,0.1394587266188736,2.543650382803343e-05,0.12708662287074557,0.03135748186353507,0.02490123754868835,0.6202610122036091,0.11188744978602537,0.2920353818811592,0.07511923235333273,978.1820091702574,0.5083735624175837,0.09246676211716413,0.0,0.7941083297777637
0.0005017068623150447,2.966593946365319e-05,0.0013169156992185085,0.16996752088854677,0.1258588804709676,0.08354772400391611,0.00036960564475480034,0.32151703314106206,0.07782977426676131,0.07285284826933701,0.6563519483480559,0.20060819156444004,0.5717141824910907,0.045076390561054676,883.6696987128594,0.45574375678361584,0.0213919218954583,0.0,0.9360537012433583
0.0015903772631825736,0.00017215174097353974,0.0010272582374109592,0.6434881445487949,0.19265395658196002,0.1495333606212042,2.6310114559760502e-05,0.10446583649529169,0.2916904936645573,0.0008113826565900757,0.687580160775602,0.1988844545609531,0.2795393239603938,0.0662651912101378,1433.6045601528147,0.4886957062146489,0.12397053706090955,0.0,0.002781656153399233
0.001246342423140596,6.0526148825051725e-05,0.0008771129767629917,0.32031341698343657,0.20734709754716873,0.020364987232319488,9.147320020073557e-05,0.16182062934560815,0.15417193237667384,0.0019295069636759842,0.7277604005019218,0.13635036569670086,0.5152485488470693,0.04255278378594314,1671.2195100722352,0.5914100348052209,0.06641605731693155,0.0,0.012515293373645993
0.0006998576941149055,9.909543290919234e-05,0.0006668351166044935,0.6982435796809147,0.2633795607236437,0.145894940955293,9.302866008454474e-07,0.6951294667109292,0.28330105844223163,0.0038459747209800676,0.5168180843762538,0.2495201581807483,0.35372271817744527,0.030212900297313435,1780.6102369041807,0.26729792619550546,0.1839030872944638,0.0,0.013575574839457602
0.0015039319336842675,5.5617918341179326e-05,0.0015229816883039332,0.06287952155429793,0.12349097369801731,0.054024187649629504,1.0030936410216238e-05,0.05882036582277519,0.12602581944743904,0.06992646714153104,0.6627515594167825,0.08700077951399315,0.3882921156368007,0.022095625667382955,1555.4965812718247,0.5757507799027894,0.007765053342405719,0.0,0.5548582619666673
0.0006066789589866118,9.85549272568846e-05,0.0019299344382812632,0.4807713722902099,0.1177133909265325,0.08996976875422445,0.00012212593961233398,0.8538741027904921,0.06183345571723569,0.00018351825971948938,0.5007983782906088,0.13848977570245707,0.5452608802894252,0.03335926320129348,856.1055296898111,0.36230860258815173,0.05659322849268297,0.0,0.0029679444176420955
0.000854743867929825,5.64304365457567e-05,0.0010547350955023881,0.37409886979281487,0.0502386460004196,0.13983633338712512,2.715452472510519e-07,0.0019339406280956377,0.057616047815671895,0.004046302815244005,0.5985729301947611,0.1845240630837907,0.28500941619332876,0.03904162691857023,1414.6995479431025,0.4140488671109704,0.018794220688678292,0.0,0.07022874648030591
0.001442251474142439,0.0001128873756836629,0.0016853862179734035,0.6267911117887172,0.18314767377156563,0.039658388942284545,1.4143509779844688e-06,0.3460305118091516,0.4509568583327585,0.008344332482001527,0.6097283993804621,0.2148423427024157,0.3562488269314099,0.025104018075185412,1197.7960277436675,0.3948860566780464,0.11479533406479689,0.0,0.01850361587326008
0.0009967425214267324,3.502305368612679e-05,0.001845630233532366,0.7601388734038237,0.1402297729738711,0.005221035546286763,0.0007222081261743266,0.2193687381008355,0.15242927604087747,0.07162821714650822,0.6478719313463862,0.09977273871385973,0.2160801223763019,0.05257941559424391,959.5891200179963,0.5480991926325265,0.10659410164603234,0.0,0.46991115491029056
0.0013229364690314582,0.0001491147359083768,0.0009644101487935333,0.6371573098862379,0.2154405038848297,0.08317111909388605,2.640375887338594e-07,0.007000991673233403,0.14493105355421504,0.0037219733257244083,0.5225164631242464,0.05860334395661153,0.2188817839571763,0.02068487908187107,1621.2788409473114,0.46391311916763484,0.13726949189579365,0.0,0.025680992682028028
0.0007440598541559989,0.0001405182482750355,0.0008559224477368579,0.07511223801768535,0.2834056792168625,0.09541160633947786,1.017862812076002e-06,0.8543385769296559,0.07669336214013464,0.003078339587602809,0.6371902943226423,0.1758165745868166,0.48456990684804996,0.04750552407280045,768.8968699958041,0.4613737197358257,0.021287234832900757,0.0,0.04013827926826374
0.0007759514814566547,0.00010689317120551515,0.0007649388830952642,0.37470213101736555,0.26460621735463546,0.01323430741937142,0.0005528517981484054,0.7588471111267682,0.02271537745662107,0.000130684830925222,0.6996797359873831,0.060170741067651703,0.3327710912556082,0.07878198853007973,1730.8727324039546,0.6395089949197313,0.09914851352322612,0.0,0.005753143709576793
0.0007874225330348797,0.00018816992607738266,0.0006766086371205059,0.21432779895848536,0.2880448759773419,0.01082660411105591,1.693694340351628e-07,0.41077966980770964,0.044181743581221684,0.028437289471631842,0.5481139527672717,0.1200702530838036,0.3533627406086386,0.09437987812798859,1239.7029369818197,0.4280436996834681,0.06173602426949359,0.0,0.643643441082266
0.0013429364518135966,2.582921101084844e-05,0.002385285750030841,0.19970034854637703,0.13590301318732614,0.08840079227183388,1.3796410896923322e-07,0.24843651530416805,0.05389669696329017,0.0058861763257831955,0.5677224022611986,0.1032632965399122,0.23298540427098896,0.020845516333395805,1204.9366153462922,0.46445910572128646,0.027139879102011905,0.0,0.10921219030903427
0.000534283486968114,7.93180658813085e-05,0.000873193263483123,0.38732426837104833,0.13703394060833396,0.08769256351886415,3.5672354079397192e-06,0.2851841590805517,0.027121318868112327,0.0001386428208908252,0.7395886541909338,0.08644470835797555,0.2532356980761639,0.005332244895510563,1012.226479055554,0.6531439458329582,0.05307657078812464,0.0,0.005111949812065864
0.000585929377139244,0.0004329963600509474,0.001904092770627157,0.1299751395889286,0.15455239141996774,0.1050983202053923,4.18255374850008e-06,0.7974928290009962,0.0313018321360166,0.008415813448599587,0.6481155836704598,0.09379742347526612,0.479864552849554,0.02863768865194347,1399.5137899369656,0.5543181601951938,0.020087968648613036,0.0,0.2688600913847519
0.0006987094707563664,2.9092027578295007e-05,0.0006560376143985837,0.48817256946767545,0.03831374890107756,0.01461738749101331,7.191196276977661e-07,0.9084625354999092,0.22140329026271166,0.0069503943400856145,0.6338108522875171,0.23146842311911198,0.2697800721081486,0.08099892479219173,1047.6416310295617,0.4023424291684051,0.01870372124697836,0.0,0.03139246183667121
0.000637463829114576,0.0003463905698543519,0.0018479755330760527,0.25709081217014074,0.25014752696682313,0.12990711470739608,1.3052840844056e-06,0.7689959875286463,0.3281493612055626,0.013532098127013312,0.6175916916653107,0.13359628225764864,0.3808206831729556,0.029580036407800103,1485.4237378488128,0.48399540940766206,0.06431063087025274,0.0,0.041237618373836785
0.0005196073494095348,0.00021483547390191955,0.0009175468068482336,0.7033254083062166,0.18388031415326858,0.06815363831310661,2.094580538924901e-07,0.6929639418490293,0.3089762127812639,0.0011084932392025544,0.6871426804053375,0.2069132042629973,0.35447725002979324,0.09919828930341336,1251.428775415221,0.48022947614234024,0.129327697031323,0.0,0.003587632941786684
0.0019231416902439527,0.00033277841674095565,0.0005544494059058171,0.1351149510719204,0.16282049308398142,0.00012633835583532866,2.025480350542614e-06,0.8995178968884968,0.06337449158797033,0.004441169046601754,0.5506458445840279,0.05754958294369634,0.4020012874926474,0.07831236450448058,1314.99402558009,0.49309626164033155,0.021999482956548102,0.0,0.0700781802791578
0.0006937837929590357,0.00021745523581024887,0.0019754059793073717,0.4666630602178171,0.004918362825887861,0.059336238331956066,1.6429782661597317e-06,0.04139034969238294,0.030795302637848496,0.0024265407015971784,0.625603463913391,0.06964646013379627,0.4687768320735354,0.0647206903490844,1932.5095769689476,0.5559570037795947,0.00229521824759038,0.0,0.07879580629985028
0.0014342495759915677,0.00026169975977993504,0.0018705384127638961,0.13822037298349255,0.23120195851267306,0.08805444432227785,8.619092461362289e-05,0.7499317937793635,0.08667158259592955,0.0003336199256950398,0.7486773001984343,0.06356250448772119,0.26312126063707203,0.07054545123147518,1833.0504245248123,0.6851147957107131,0.03195682094013564,0.0,0.003849242343368816
0.0013942194364961295,8.696095553692398e-05,0.0008978790610110148,0.7288188740954287,0.05236804397589911,0.07526966753873339,0.00015819665443177216,0.5409637809338127,0.4941500299944912,0.013207499083213298,0.749134478815076,0.22760750623670345,0.3678176299994924,0.0914970132408126,1523.0855810606236,0.5215269725783725,0.03816681884909468,0.0,0.02672771077917477
0.00102258357122142,0.0003266662934078857,0.0008910436930341584,0.7611626286785971,0.08263426214852683,0.03256337588815152,3.5546655014756265e-06,0.448663555569702,0.024968573523626865,0.0003284949030616541,0.6111701038159036,0.12651493987531903,0.40394385592056825,0.08603385160983769,1683.1872897650424,0.4846551639405846,0.06289811219588898,0.0,0.013156334411768103
0.0013208573636659374,0.0003078073699915366,0.0007166930967294113,0.30292004330898586,0.13880748124056255,0.1178493280184223,4.4896973473470154e-05,0.3638867291211261,0.07102745110557535,0.014849290773541511,0.6499374543526275,0.24344477933294462,0.48161839039875254,0.07444188803177183,1332.1032181890284,0.4064926750196829,0.04204756822900245,0.0,0.20906410891008176
0.0016520758668471002,0.00018009693317787284,0.0021708343563353514,0.5003468583085355,0.26834824341821284,0.13911916354256734,5.950104338412658e-07,0.9798398214378637,0.45600502763079637,0.0002872167798869574,0.6436905537098292,0.16240180751533578,0.49127876677713656,0.008573219187996781,1304.192537802982,0.4812887461944934,0.13426720052691693,0.0,0.000629854414937508
0.0008036485235138786,7.749947173606672e-05,0.0006903278244708676,0.18888794320980767,0.2887261174550721,0.14031712227919743,5.199220201194656e-07,0.7213720285659407,0.21966875938076894,0.00248611306925235,0.6251993055302815,0.08389437219658408,0.3497381318271271,0.02347925706209979,1886.800967700973,0.5413049333336974,0.054536882477041915,0.0,0.011317554104008832
0.001419093468645487,0.0002691109079567422,0.0013162732859836013,0.10730290512309129,0.10679917015798306,0.07403551431572075,5.0345777441483305e-06,0.7473413884986181,0.1889720463358723,0.00011674476485073184,0.6690747625159147,0.22210141849022347,0.2261116036597685,0.028721299280738556,1587.9264818194283,0.4469733440256912,0.011459861222686938,0.0,0.0006177885412916246
0.0006830357005414067,2.4277269414103936e-05,0.0008443775102299312,0.46374278324229395,0.26448583365163325,0.09264452984784341,2.4508019340008906e-06,0.7402151769992311,0.22657411205757175,0.0005990277140589139,0.5516833806553019,0.2295397061065158,0.32857532851442134,0.020788355983825682,1816.7616124315819,0.32214367454878606,0.12265339662576677,0.0,0.0026438488873199374
0.0013712446208176876,0.0001888139868563066,0.0012139539267075076,0.055078473297451164,0.058257955436242126,0.036109099088243245,7.310748137736313e-05,0.11315534806347649,0.3278259484617473,0.0033418128092022486,0.5694113008212687,0.09112436499069133,0.2075635220092517,0.021912804345892864,1532.5931074263049,0.47828693583057735,0.003208759242859162,0.0,0.010193863008352408
0.0012312152886830479,0.0001196280977116179,0.0010951111904890164,0.4277446696229576,0.19059447051706077,0.05584502541693153,1.0700586943949094e-05,0.6545284531872556,0.02915297957186151,0.012315892151279909,0.6676098815565455,0.1810486034054738,0.2568177340316886,0.05269615345366094,1708.0075030320022,0.48656127815107175,0.08152576882328269,0.0,0.4224574068294283
0.0010618285668559854,0.0004111752545154881,0.0016963334937289587,0.15418833412423133,0.0075205723064221885,0.021215018051343786,0.00031255540765836643,0.4218728863060785,0.021734832223478422,0.00011788311300323696,0.6312350004374938,0.22748437996123166,0.3554135980125716,0.0938839595803512,1939.5600335339086,0.40375062047626215,0.0011595845155880655,0.0,0.0054236955588687335
0.00155486667051313,0.0003826315150450421,0.0021761144326303016,0.07336909504904388,0.22921840446735756,0.056081986901279766,3.4875954167521796e-05,0.13468510268173495,0.4649298507045518,0.0004803430384068055,0.6012432280060016,0.0701750859568449,0.39793282288989695,0.061192845237483785,1426.0434985374477,0.5310681420491568,0.01681754690435574,0.0,0.0010331516414334263
0.0018137681620420936,0.00038564986497432904,0.0005963453362380163,0.7141068933501191,0.21834804804540503,0.13682679414691498,3.9116852758992295e-05,0.3048258515548588,0.07809682551301468,0.019134190238865863,0.6927886901833591,0.17465740478655956,0.22095220046985153,0.06371636057516854,1266.421741846268,0.5181312853967995,0.15592384625876674,0.0,0.2450059924097323
0.0009905276891271208,2.578202957865885e-05,0.00227680845631241,0.43000897211608136,0.24940046019802894,0.029458385662811833,1.21296805222469e-06,0.10773217141353386,0.043583994133421435,0.005639670795841342,0.722016263767608,0.23927301570070736,0.5373325273711955,0.017557315346279124,1727.469487711906,0.4827432480669006,0.10724443553503209,0.0,0.1293977504351003
0.0007363792921729275,0.00016875725127245245,0.0009404671796860097,0.7309647938669596,0.2271527988504762,0.08608087877023887,0.0006027038693111653,0.027014647968587675,0.13373480722022846,0.0686110353328754,0.5665511020197499,0.15924582849145552,0.5071502939243486,0.03957883009808652,899.7743266087355,0.4073052735282944,0.16604069878804126,0.0,0.5130379798573294
0.0016844718573939261,0.0002547002456999055,0.0006612556145353258,0.6175785094671412,0.016969134223259724,0.13715230509380877,0.0007859853326222838,0.4801111008426327,0.026480707070851348,0.0004696477430624547,0.5992494778411003,0.13160442553828786,0.4602024240895803,0.06684321875406002,1202.9782106133766,0.4676450523028124,0.010479772620548595,0.0,0.01773546838480834
0.001452879264755569,0.00012628862487240017,0.0007458343039176724,0.38893327028748803,0.06663124357361107,0.12061600131168376,0.0002300708312206134,0.42677475877535465,0.25528480405399795,0.027549010518023224,0.7141140808739432,0.1715464728634849,0.20337330354214436,0.09764872314363753,1608.9658063455058,0.5425676080104583,0.025915107466406722,0.0,0.10791480762088779
0.0006272251655380476,0.00035032870919883205,0.0011445399368486887,0.14575745308538635,0.1962373074170652,0.11411189936613497,0.0008274623317569188,0.6298731245766507,0.021573908444229524,0.003799304003740489,0.573404331679229,0.20790864420700017,0.25318851547710614,0.0593845808131336,1156.6825727858086,0.3654956874722288,0.028603050129445418,0.0,0.17610643030038015
0.001826808461095105,0.0002892643439591057,0.0018555656340247298,0.2797668399609423,0.05952220080917113,0.03778758434128044,2.9095568088950416e-06,0.1946088557235324,0.0866448678594359,0.0026429757652187765,0.5420746605110207,0.24288393131521924,0.3361113026215036,0.07597762808864969,754.8964626816922,0.2991907291958015,0.01665233802790245,0.0,0.03050354660943658
0.0005219879865178096,0.0001988175653694881,0.0008526076233501722,0.41874934299029815,0.1671762183785726,0.034313872809552774,2.9284269301181408e-05,0.5328610085056537,0.21733413068041108,0.006219868996315594,0.6691264288569501,0.1701481303456513,0.24944942603621484,0.00588337580441024,1432.9805693211279,0.49897829851129877,0.07000493160962988,0.0,0.02861892412776107
0.0006325347590575266,0.0003254971864328823,0.001285465199060075,0.18998704273847006,0.015351343893140888,0.03156225049834246,1.0587497025521933e-06,0.5623844356267578,0.24890352523023007,0.00046425979126076184,0.5610650127342434,0.13627922927367775,0.4013861650760842,0.027695937837432783,1176.395412386015,0.4247857834605656,0.002916556428319109,0.0,0.0018652198309820327
0.0016545183935975742,9.340137610738286e-05,0.000564355828000828,0.4517228074880601,0.08684171711502278,0.07267821895459474,8.442550199791317e-07,0.1684982167059657,0.028370777415505543,0.00600704483388594,0.6360630321766817,0.15061382623468858,0.5652902234602707,0.09767934607436092,1261.873958329983,0.48544920594199314,0.03922838426228201,0.0,0.21173352939574003
0.0009487167273724035,4.969496716784354e-05,0.002041394074965983,0.30093084374993784,0.23697171163503433,0.051724545547946886,0.00024312769599345584,0.48927877853666796,0.04634949861527235,0.0012276279740307382,0.6581813205241326,0.23248626290586816,0.3747283193044082,0.011152804340515673,810.4722523750625,0.4256950576182644,0.07131209712719784,0.0,0.026486326944348645
0.0005529015773398658,0.0003322520926029385,0.001984169500910614,0.4773992182711469,0.2960912826157213,0.10040472122254293,6.453345670159579e-07,0.9230881218174496,0.2886506493648833,0.0009150239972823488,0.68258796433041,0.05359508590259763,0.27285165773246317,0.06494936198803179,1828.301635475895,0.6289928784278124,0.1413537468576466,0.0,0.0031700049845571864
0.0007968693153268298,0.00021364249864166477,0.000634498320192343,0.533678703452645,0.0019356457966669687,0.09279774401055293,1.0198475046286178e-06,0.43347815017010227,0.04530436920897397,0.0002926665378529874,0.7077078034647999,0.1357331574724413,0.37488597035158816,0.03921321157783959,1474.5953467235004,0.5719746459923586,0.00103301293910879,0.0,0.006460006903594973
0.0016299110475344837,0.00035094383634586083,0.001062617636382452,0.7620080129169318,0.17328226964639157,0.05205682853275777,4.582079541826281e-07,0.0592703499172117,0.06575228364015968,0.03442012402435724,0.670850646280368,0.054067521448910354,0.5230367188060248,0.08211738876081312,1644.9329286898108,0.6167831248314576,0.1320424779669828,0.0,0.5234818035024775
0.0014842369295014852,2.8326893668352708e-05,0.0006531568863444803,0.0768498668723512,0.019884038197652044,0.01634314252741871,0.0002994394183626228,0.38888631156453235,0.03075809128506544,0.0001347649784444178,0.6308621969466031,0.24719312598294668,0.3059319710648145,0.06491646474459838,802.14783999688,0.3836690709636564,0.0015280856883743055,0.0,0.004381448029249227
0.0015526193957957001,0.00015902836989703127,0.0008257202248092113,0.2058454877269123,0.038723476857765185,0.1385541696950917,1.1823529110079177e-07,0.3651870135152982,0.2909477879109328,0.048410607138999424,0.5588156885247957,0.15529775551758576,0.3573295583542715,0.016485787307819407,964.6456389425875,0.40351793300720995,0.007971052980268475,0.0,0.16638932877475343
0.0009250617491828814,0.00016070123695894462,0.0007558945298607972,0.4392523353206573,0.19311806330810333,0.09244333951043575,0.00042524973787984684,0.14320128022795967,0.22965721637854924,0.02073387824681978,0.5753026027946122,0.10853390194789131,0.3104537056401512,0.08444769608932999,1771.9312366735574,0.4667687008467209,0.08482756030068692,0.0,0.09028184950497552
0.0006483330889704127,6.742218498501474e-05,0.002368415609437498,0.5324020499441328,0.20672498565577146,0.0028338733328636006,2.80319971152141e-06,0.44178790216377706,0.03830691858870104,0.0006831361010389396,0.6495471301772169,0.21777040336007547,0.2793556622543096,0.07536021391589912,1439.913404379985,0.4317767268171414,0.11006080613780417,0.0,0.017833230293820515
0.0006495856972136037,5.043039679133127e-05,0.002386275208737553,0.08790163143823071,0.24657805601232022,0.025771394822171573,2.6895944168269947e-05,0.06204316151098504,0.11100655736187248,0.0004155780227498233,0.6117495076173928,0.22106964531668366,0.5688082182120282,0.06840108070955546,1584.1993509739038,0.3906798623007091,0.02167461340035038,0.0,0.0037437249891019704
0.0019867253051029693,0.00037488099896175193,0.0014206396124188294,0.2742558757306152,0.1405511495201996,0.09551183560156781,2.8054490165214807e-07,0.11830366251131506,0.02984343790477833,0.03560787410025918,0.7048329664802941,0.205054223692698,0.3716654210190292,0.06743423100711358,940.3403592027279,0.49977874278759615,0.038546978596606975,0.0,1.1931559029450118
0.0009002009973695016,0.00016123982125115693,0.0021409282083826144,0.44371850466323987,0.19747952875476418,0.009467031977960491,5.422285811424018e-05,0.5049008623840139,0.12668676471966223,0.00040661595794273364,0.6537725288935325,0.07813802486308967,0.37668316011440584,0.0949810392493272,1541.5132101898205,0.5756345040304429,0.08762532120066524,0.0,0.003209616717598799
0.0010888047970606604,0.0002597619159411959,0.0007255633808257785,0.20409580669626098,0.26427633799925127,0.019296100434950187,6.498435393141757e-05,0.4246307332282411,0.0850480866304609,0.054361093225321344,0.6972521501415136,0.05338485521418128,0.5256353384501428,0.021278658904415486,1357.829114454728,0.6438672949273324,0.053937692394690914,0.0,0.6391806727119399
0.000944295807059694,0.0001764375603634815,0.0011867656369349306,0.7157839787924523,0.12419928538891756,0.0757437758183136,5.672308022010066e-05,0.7541388742400268,0.07043922911424531,0.04384554875366935,0.5548064496218033,0.20575878274542841,0.4058432307802483,0.009590863995394175,1848.1649324031139,0.34904766687637484,0.08889985865885869,0.0,0.6224592362099293
0.0017101263107296677,2.39005301850262e-05,0.0015624748215100404,0.2153792043701691,0.14683750769126278,0.0746112890080254,4.141042480963414e-05,0.3477988418563046,0.056406764618287884,0.0015952722687562805,0.6750480562447573,0.16619850975184325,0.3794852480640174,0.07589976025122465,1221.3958327748844,0.508849546492914,0.03162574557824276,0.0,0.028281577210671472
0.0013099359243907154,6.112842881314041e-05,0.0012363532992731296,0.3757087861801077,0.08286796303528304,0.08211848549539247,0.0001494623292340182,0.9256571280874621,0.2737766251099322,0.0008142431152524774,0.7389611357790468,0.10032864416598883,0.5098581004943379,0.0828212965521427,1737.980864128669,0.6386324916130579,0.031134221805204226,0.0,0.0029741148095661064
0.0013501563288659227,0.00016921409431880217,0.0011816494948009883,0.2392950801933425,0.09898475203762046,0.016031168492868047,6.1463640979394915e-06,0.11893031403896678,0.0946805024070294,0.07775875435645145,0.6698340303690121,0.09399734027330381,0.5415949616774306,0.067933991733329,1759.9895549898683,0.5758366900957084,0.02368656417676051,0.0,0.8212752613222126
0.001516404024194895,0.0003991520190106563,0.0006882218521077316,0.3015089158675376,0.16010226303354527,0.04359800970318214,1.6247129335161852e-06,0.8850457122254562,0.352996754019965,0.003351894265284351,0.5758844873862338,0.11930365859918192,0.39040028262103577,0.005186844826340938,1648.7558329703788,0.45658082878705186,0.04827225975518357,0.0,0.009495538491820728
0.0009281575049242263,3.0298157319198816e-05,0.0012975724734177396,0.7435690614225265,0.2254152258484825,0.10708774126720277,0.00025433256050297435,0.9410866020875803,0.09800566804273063,0.043272430814477444,0.6863683561931707,0.05621759869084471,0.23256893472695087,0.08500692846150948,1008.7181399911385,0.630150757502326,0.16761178791450299,0.0,0.4415298796352329
0.0005944915717982409,0.0002718363981408899,0.0008942622267402614,0.3662193286954882,0.29806687730025516,0.04203042443054711,2.0199918774305877e-06,0.2827481677006749,0.020358564874130784,0.01606759407171091,0.6198283871073219,0.056946230487645924,0.5338196089460108,0.05980097564139498,1618.6407472669894,0.562882156619676,0.10915785171125988,0.0,0.7892301923564207
0.0014316124261053807,0.0001445670727135442,0.0023161481351756438,0.5791635522390621,0.1448866886159747,0.09816773086146453,7.399227797295794e-06,0.18599426267523175,0.3763954394259331,0.0014153768637639329,0.5027971629676877,0.15326494570365945,0.3729331244404325,0.07269087033973205,937.034017772361,0.3495322172640283,0.08391308925098279,0.0,0.0037603454120555303
0.0006406328943030552,2.3450071072542912e-05,0.0010100806906054689,0.3103380736108478,0.09101027221865261,0.10174901912030461,6.610817883916109e-07,0.11082946131146205,0.054839823838303874,0.005426679337047448,0.5402764217450909,0.05063934555117789,0.5234211232182255,0.08610140354057916,1351.303573603513,0.48963707619391306,0.02824395255913551,0.0,0.09895508331770178
0.0015197274768365531,3.942834606166907e-05,0.0005315275928180148,0.7278994612140037,0.146030684261164,0.12190536082875607,0.00038495950777029574,0.2516549200354301,0.4631069598809139,0.0024346853602962414,0.6127824712362889,0.11382991947064341,0.434001737904562,0.08585119466139776,888.9775738094733,0.4989525517656455,0.10629565639441357,0.0,0.0052572851872541735
0.0006120405419334171,0.00012615107178444703,0.001704233882456344,0.12534535416756792,0.22359198110706843,0.12912520861197369,0.00014341495209218368,0.9661814840859196,0.18819152133429362,0.0038127437468066057,0.7142125363954428,0.12877415049235003,0.33685033573087786,0.07575090351124608,1991.6898032662216,0.5854383859030927,0.028026216060893647,0.0,0.020259912453940186
0.001799457102955729,0.0004098746444371994,0.0017228091487921846,0.7994225312642189,0.27838844626914677,0.022825442425936118,0.000995436761968114,0.3324021599061772,0.03916516606293212,0.00011857216567001902,0.5394645630610433,0.14652597311332238,0.4068470190749113,0.019646361477435523,1195.4760252400047,0.3929385899477209,0.22254999639119433,0.0,0.003027490435748252
0.0009123443955617132,0.0003180452821412085,0.0007985335510352683,0.39515786411972126,0.005035296435422571,0.09272359913162509,4.036116196036472e-07,0.24452087112166182,0.06537364784768919,0.0004842948799891242,0.6783159443293645,0.07687346796481134,0.5401440342898326,0.061271529621775414,1713.7777804218279,0.6014424763645532,0.001989736984631229,0.0,0.007408105497148617
0.0011503228181109339,6.140633901927802e-05,0.0016421563925235352,0.43791522610938566,0.21349125552647058,0.057844794505865604,5.584191892846755e-05,0.9808034215857729,0.08391343350597483,0.00042768958590373577,0.5618543062906081,0.10348456551834893,0.37738795679766934,0.060133207612160844,994.5538257237962,0.4583697407722591,0.09349107143625099,0.0,0.005096795209473621
0.0008730665363628175,5.191710372963799e-05,0.0024453783685538834,0.7256928007097834,0.0707902068671104,0.07031846144109309,1.456004584443989e-07,0.186252316612865,0.16946077187721492,0.00034447779546736937,0.5859226749498798,0.18895225088381856,0.2754862521272801,0.06673164209256599,1517.1653584739252,0.39697042406606126,0.05137194348421829,0.0,0.0020327878343252524
0.0008421400115625105,0.0004926477769011656,0.0023311318593079397,0.5683240496980576,0.24703203771846216,0.0868220333408214,1.5924362098902128e-07,0.5667343174888214,0.20921767173969838,0.0001614806341169242,0.663205009557797,0.1704026632811732,0.5314631522980492,0.04944074982188611,1215.7474086496459,0.49280234627662384,0.14039424808131973,0.0,0.0007718307577661652
0.0006255814182867537,4.838108761559863e-05,0.0005026572861582377,0.6751599728203568,0.14949247004890084,0.08902424308871278,7.150810641087139e-05,0.8582425865760903,0.021653822263265583,0.0033850998325284792,0.7304402611413034,0.14700663217800308,0.32450629146223553,0.08923851452627901,955.3073659228617,0.5834336289633004,0.1009313320150639,0.0,0.1563280510651969
0.0010496489437469981,0.0001224958618249971,0.0005924777889414188,0.277689636855134,0.024094417376668478,0.024050135853943524,0.00020774391366360404,0.5766636550926847,0.04991941884549215,0.0007519545473928238,0.5828587586720003,0.2236175313348115,0.5540263959537236,0.03660543617339677,876.2872589523793,0.35924122733718883,0.0066907700115631,0.0,0.015063367418603816
0.0017457835437891275,8.220146341207173e-05,0.0007375179993575229,0.163807592696665,0.19485406087080231,0.020509613051439217,5.257876574124753e-07,0.18234999951864833,0.029343319958162382,0.06073114521462442,0.5200948000827763,0.19137996794094803,0.5096713079465081,0.03938683286614432,1936.0690392248223,0.3287148321418283,0.031918574638415555,0.0,2.069675323079144
0.0006789236437840052,6.513372187630899e-05,0.0005281040389307297,0.4167315187627828,0.023664368645906358,0.09421538785870781,0.0004271433811258116,0.5601910870544633,0.2972450681729008,0.04535178439310391,0.6315411846645114,0.2071201277843731,0.2093265933019107,0.014692475504649225,1912.6064904542168,0.42442105688013826,0.009861688286370934,0.0,0.1525737152574851
0.0014540567587558071,4.402693913180284e-05,0.001071602471365571,0.7846420467358336,0.043435344568065117,0.1321749109814683,1.7428726490807033e-06,0.07365208667124402,0.40056132307693937,0.004164089082610781,0.5937189591745382,0.23968472148933023,0.4656013432471839,0.07078533075471678,1843.056247336803,0.354034237685208,0.03408119766256278,0.0,0.010395634432760618
0.0018188194988761838,0.00026714545426760936,0.0006401130899544893,0.3362315478993569,0.23211628292817416,0.03183813292613385,0.00011878340172033734,0.22169036257995023,0.06130605707196446,0.0204772983295938,0.5963262011589588,0.16009239212795548,0.526646969139335,0.06879320034071362,1467.4136001169982,0.4362338090310034,0.07804481710158506,0.0,0.33401753933638906
0.0010158341255793563,4.049257366937777e-05,0.0021311227834427196,0.2755439664397338,0.04120204834812769,0.13142363754252526,0.0007625458711982556,0.0718987584194318,0.16557280467723154,0.0002021296368739423,0.6529558863824326,0.21642108548908556,0.2317439865361488,0.0710507289688824,1446.536787312266,0.43653480089334706,0.011352975827284785,0.0,0.001220790076413665
0.0009614928320863343,2.381680639582613e-05,0.001479799557267339,0.3344586794413648,0.03524381534609973,0.06730338422300318,0.00013244209875891105,0.06913454353693338,0.23348213964497577,0.02206082983284374,0.561389673314994,0.12626036000336333,0.21593859304770108,0.08007967596677266,1496.433866584774,0.4351293133116307,0.011787599939131824,0.0,0.09448615584210687
0.0006466492417239496,0.000125662943153134,0.0006457338177086568,0.5583444209761407,0.02830773747200568,0.07132664849008322,7.680436817605904e-05,0.6586259931759567,0.09560534811032811,0.01177221358609307,0.6268445764196083,0.09382376646281049,0.5454672915866271,0.03690374296222879,1813.1679948353042,0.5330208099567979,0.01580546728795161,0.0,0.12313342107711372
0.0010474110257454243,6.923218335846715e-05,0.002167233517763791,0.054444653272198204,0.2528440940029958,0.02377423142616251,1.8809812874949762e-07,0.07272829989430118,0.4787169624872316,0.02575556593583965,0.6119365922912886,0.2440194935132276,0.4180321659270466,0.021529596428771565,1427.7592419480088,0.367917098778061,0.013766009029916195,0.0,0.05380123946731176
0.0019263689360711873,0.00032638318599216033,0.0014601187115093248,0.5694223733318231,0.12282873548510012,0.050134751534381856,3.6824874369953027e-06,0.36333096465937204,0.08100189646388004,0.0013007186223647717,0.5769492575701556,0.09823523668058065,0.2751650903648783,0.010129920314916125,1096.8113767598586,0.47871402088957493,0.06994143007327243,0.0,0.016057878631826623
0.0015925364265254069,0.0001965894210426148,0.001754448372585671,0.10577198210881479,0.10587324587427722,0.03532931585865238,6.715475098216903e-06,0.3487311642926831,0.049684191134837276,0.0014397272032667947,0.5158703810266128,0.20181508578491453,0.37082735503903685,0.0822854840975398,1437.7218346354925,0.31405529524169823,0.0111984230684162,0.0,0.028977571545032058
0.0011869422895540256,0.0001946001069141333,0.0008097375334360958,0.767514238099771,0.2855509738580552,0.06407456298281503,0.00012587256185570177,0.1691494399355912,0.1353225499162774,0.0002789340251519641,0.5841973321155759,0.17106709035670742,0.4102553855312985,0.042500548309508404,804.3546817933075,0.4131302417588685,0.21916443813931288,0.0,0.0020612530973185
0.0007745386561214285,0.00024183638369157335,0.0005193042006034121,0.15359112383159396,0.00444179116996594,0.1005916452327363,0.00033878835214147567,0.32670437836573407,0.06787559472450977,0.0007109071838616442,0.5208542391998152,0.1775400890425392,0.24173589704307374,0.03353210898002366,1185.272758664628,0.343314150157276,0.0006822196976203193,0.0,0.010473678893673646
0.0005812271551660564,0.0004767138052411077,0.0006126442869127395,0.05002900868376587,0.11871724374009149,0.08576363005362897,1.4899987145986175e-05,0.9886503677565925,0.4432207367484474,0.00041391793105200397,0.557876422567044,0.16578036248671812,0.2620613312433252,0.037765395785483984,1687.5566601585574,0.3920960600803258,0.005939306017985787,0.0,0.000933886654511216
0.0008626082847266112,2.1150444699258218e-05,0.0018742745056379566,0.6881514529806263,0.22096495752397563,0.08954264660297612,7.78057480905719e-05,0.0856177284769043,0.05533102097409801,0.00102020426590934,0.7229652020001371,0.19271551692379557,0.47723564151309444,0.013931188321512498,1572.1665362090307,0.5302496850763416,0.1520573565779262,0.0,0.01843819701767162
0.0005640537133172469,0.00039162085886651114,0.0022894740494040886,0.5167659070811247,0.28827369748383563,0.06465247045031403,2.080625151344867e-06,0.5701691179147073,0.04498068922294663,0.0005695657185466022,0.6501816681292076,0.09599229106084414,0.33138501547199434,0.0314353514924358,1805.2537303714423,0.5541893770683635,0.14897001876786406,0.0,0.012662449784251897
0.0013890945950330714,0.0003712150592347572,0.0013653104499515975,0.32310981494968777,0.26261594612199185,0.014923520685838979,2.8398309041655807e-06,0.2641824858681342,0.024884999272965704,0.00015137618691232505,0.7284143083399466,0.08586483500465843,0.447526669598424,0.06842166638968644,821.0021701086789,0.6425494733352881,0.08485378975431396,0.0,0.006083029589507583
0.0005924060950911416,4.0914598315588665e-05,0.0014913257762603671,0.5759815466924891,0.07331502264393011,0.0831880905894629,4.52044168642347e-07,0.325948598334119,0.1592959181170016,0.040959508132009256,0.7006887332020255,0.11997951686066514,0.46055796369635676,0.06965292331047027,1838.9394310129167,0.5807092163413604,0.04222810013824573,0.0,0.25712842247423323
0.0009653778006585753,0.00015585281263211462,0.001701932683999922,0.42005271070092803,0.16871801291971414,0.04892026131290889,1.0911928619826817e-07,0.907611606429881,0.06390478186233192,0.003887559544460211,0.5092999602209795,0.05259485147495978,0.29095643674157357,0.08042473168875704,1482.1429622197056,0.45670510874601966,0.07087045867100013,0.0,0.060833625139900475
0.0007908693449777109,0.0004934541708328232,0.0007063014017277446,0.12611845176357622,0.1550981614604996,0.10217348285963311,1.7494930247950382e-05,0.3891603504070937,0.3475072676335623,0.0004796401853925228,0.5547022367688207,0.14344820684917609,0.2863085904475848,0.08124599690434874,1297.19631890968,0.4112540299196446,0.019560739994775374,0.0,0.0013802306600916657
0.0009500799216052978,0.0004578198895351276,0.0007681908243206404,0.6068986034936198,0.03200297309511059,0.09585133166853921,4.0239881178395705e-05,0.43260458130680673,0.27778320752732466,0.0022373554574774716,0.5849720311645634,0.11601386142369749,0.4407589694093153,0.0657910831253034,1808.3825447991833,0.4689581697408659,0.019422559679066503,0.0,0.008054322208290398
0.0008605315622668233,6.471958851906406e-05,0.001934756860405915,0.18583787216748432,0.17751284214172772,0.11322397447895431,0.0006727500445229387,0.4811605601696514,0.42438222582977103,0.07895738137748198,0.7347884452718632,0.15685037798062795,0.45969161158875643,0.09522274433525797,1763.7332438462765,0.5779380672912352,0.032988608866021216,0.0,0.18605251721629246
0.0005627830093167769,5.14667207205517e-05,0.001155891870393895,0.7711629493701899,0.09637705279171978,0.09890289987551772,1.0569275460362474e-07,0.22955518216029372,0.0345911427499023,0.013699287488358506,0.5674887831129413,0.21526637085847894,0.47925881300069,0.04382285475642558,1845.3510120175179,0.3522224122544623,0.07432241228246912,0.0,0.3960345452419955
0.0011295161802252675,3.5185341610866015e-05,0.0007430144180411835,0.40842764611244703,0.2605291725550516,0.09990623591951271,2.1990143622895345e-07,0.32873950023679843,0.06295573683589711,0.06181475640096823,0.5380021074613571,0.19793086971465412,0.37045110105196466,0.09849489705855312,1566.9125249720842,0.340071237746703,0.10640731669028326,0.0,0.9818764660335402
0.0015377168450821015,3.682526908702021e-05,0.0007533462657635005,0.17040687034133886,0.1562781019144195,0.0805525403007509,4.50179029921291e-07,0.6070017810806746,0.11348508300512572,0.02470924033476198,0.749026192623181,0.15536349661953955,0.5312857919098917,0.08890751538452565,1599.0562482776802,0.5936626960036415,0.026630862250121023,0.0,0.2177311738287749
0.0005134376725191945,0.00019740781749816275,0.0013258663208013468,0.463548398475961,0.07961473711068374,0.09721267208522684,1.7161202748587247e-05,0.9506409626956299,0.1647319437032562,0.0004434773260142539,0.5617211692506224,0.08925235069652782,0.25137782944011133,0.017434519215388834,1909.0451373055728,0.4724688185540946,0.03690528388274211,0.0,0.0026921149356018185
0.0007273725115168173,0.00026136151358625853,0.0007421152122218075,0.09573906191327289,0.15041281724835484,0.022913703933568983,1.0539805051501549e-05,0.12446827504398199,0.04665084085956306,0.029672594268201742,0.7349242557190927,0.18028030124040428,0.20794024608969663,0.020902273522420453,1716.8782507497897,0.5546439544786884,0.014400382023090044,0.0,0.6360570082225879
0.0006722704193326618,3.868248188536744e-05,0.0010508976422067755,0.5534599078669494,0.12367497220621737,0.1120568743151234,1.1706779256417711e-07,0.8383187507031414,0.12996864629771204,0.04112133026340777,0.7031959334061649,0.07509302535940014,0.4282279582559776,0.0910909556912086,886.7666163775342,0.6281029080467648,0.0684491387227006,0.0,0.3163942338001536
0.0009929221885856536,0.00013359055518131656,0.0022475203529498267,0.28276930299002334,0.16440564320827364,0.13730283584333935,0.00017169538866815043,0.46079493633620966,0.2760271491106241,0.010204749684233055,0.5573118003877479,0.13390614317774377,0.23734657798566416,0.034609296129208274,1480.5384549316254,0.4234056572100041,0.04648886913763,0.0,0.036970094127021076
0.0005763845324210975,8.15294950052928e-05,0.0011186674242526157,0.4569422234102389,0.2545629689126509,0.14052496730975916,0.00023322678978906404,0.15167124942902843,0.0942056365881447,0.0023787598896987117,0.7174355781739042,0.13150931262934779,0.23103486712936205,0.04452578298914855,925.4449199256063,0.5859262655445565,0.11632056901285823,0.0,0.025250717216617872
0.0015881475924327526,0.0003801810690210971,0.0024326237277752846,0.38022084533105877,0.15306034172819225,0.02497431049722386,0.00016753976277555403,0.8597941277653374,0.37887739544029253,0.004586426378776347,0.6471130896002613,0.11333777504806958,0.23492744978141186,0.06873981474825258,882.9807545021835,0.5337753145521917,0.058196732518553985,0.0,0.012105304866357814
0.0008439673262297281,0.00010368009217701184,0.0009403339891526865,0.08348218656753048,0.029950519894358645,0.1029853058737395,0.00012099170219441262,0.7205183684149754,0.15800043347007459,0.0005627539591704483,0.6864000288803944,0.1389083174090933,0.5428465124433741,0.01320674701934561,832.060567924793,0.5474917114713012,0.0025003348896153817,0.0,0.003561724147276054
0.0006622207131170467,0.00014862059451589926,0.0005547969687951668,0.1469678980604509,0.25670966867233397,0.13934038594385326,0.00015706790035956476,0.38543871356909054,0.11071666700344931,0.009686998832186268,0.538750522531512,0.13872308313311915,0.4634223283833876,0.07705884054687694,1176.9471428663214,0.40002743939839286,0.03772808041656771,0.0,0.08749359147421296
0.0009599233730257868,5.011678179081425e-05,0.001399122838587959,0.410483999292108,0.04404568000592459,0.026557315771368877,3.609345222546993e-05,0.03653481049747258,0.392353506708963,0.039258012881326236,0.5561741290528992,0.11917583728524843,0.48835007062738023,0.04469689302842687,1632.5003031973645,0.43699829176765076,0.018080046880372364,0.0,0.10005775967346392
0.0011357272627503814,0.00012043893219233803,0.002076856878584984,0.7893322169268284,0.11257404229421211,0.06433025420052159,7.916158405610908e-05,0.712772516762475,0.04584050529291577,0.004745412652795452,0.67429692296872,0.07707075948196576,0.32756390054815965,0.05466301859368716,1494.6541966356008,0.5972261634867543,0.08885831837250499,0.0,0.1035200773305789
0.0011474207481138772,0.0001381092601277643,0.00184010461257805,0.2413844473567488,0.18280744578408684,0.08690125885974041,5.334605994168729e-07,0.8065838890950726,0.026446222000256082,0.041627739178339646,0.5155883231069616,0.14301092973664814,0.21079725281425402,0.09786026925062154,1891.2923794901133,0.3725773933703134,0.044126874273290616,0.0,1.5740523987863582
0.0019824116426852964,0.00017711992351449559,0.0018571393590743417,0.45955824242148896,0.03952971844314074,0.09285363436226893,0.0001923961177102421,0.28017515966564993,0.10945459602614788,0.0003434085885193431,0.6460002113693107,0.248816126244216,0.22162544079831256,0.06832263553691346,1479.411459127019,0.39718408512509473,0.018166207931146074,0.0,0.003137452432214956
0.0013348832022291117,0.00011828707840635182,0.0011633901219349886,0.6453198153379018,0.06771452083654034,0.1295260726254009,4.195630362867029e-06,0.6190867412374099,0.02684811342380131,0.0027029395322450155,0.5402330615772152,0.19446483385270324,0.46114281119726525,0.005542628995282782,1685.8316112358903,0.34576822772451193,0.043697522081930715,0.0,0.10067521280094167
0.0011368069840425835,3.33078792640408e-05,0.002082629810487685,0.16026109268185096,0.13206713899560743,0.04121259335765796,3.6298627853953815e-05,0.9161205770893432,0.049142071007867744,0.04358973050480741,0.5533289452377218,0.11554801725682541,0.4421743400875393,0.08843914921159465,1548.5516607863663,0.4377809279808964,0.021165224002801936,0.0,0.8870145195514574
0.0007081185171874174,7.216662245389294e-05,0.001951537109639022,0.329330036630422,0.16551971080786929,0.13876845061339613,1.2750356681864469e-05,0.6947571612956075,0.10093817282277093,0.0008315538893812438,0.5191119017645188,0.11349282341578547,0.44669492938261657,0.050884360442056235,1782.4508005736325,0.40561907834873334,0.054510612423412444,0.0,0.008238249872437271
0.001082083433827575,6.626986910027482e-05,0.000984792756482748,0.49763089049611886,0.09662897869273217,0.0746968140383623,5.956636143251586e-06,0.5469836849059925,0.2956743702612212,0.007168256039197327,0.6016443546506939,0.15186047058315555,0.3271652902925807,0.05167789761832762,1822.1453015786806,0.44978388406753833,0.048085564714594804,0.0,0.0242437517762001
0.0014681082446203672,0.0001919031255686328,0.0019146867728621288,0.45843989887804554,0.1340106788203471,0.14263463343036104,1.1014579819315927e-05,0.5763161443903999,0.09995168854715698,0.003905357209743201,0.5030169511955188,0.13742340031861966,0.38320539518436075,0.0658756312086858,1874.0739628735562,0.36559355087689915,0.06143584204697816,0.0,0.0390724485649951
0.0008867181654451962,4.791583148002567e-05,0.0010605095456014345,0.3926367493561858,0.020184056809885727,0.08630010386845335,2.412813000468519e-06,0.14191013376883618,0.2613426386320684,0.0022563362430627165,0.5085708038352611,0.18216910337967712,0.5306332039724616,0.06501895162870074,1431.1047403089638,0.326401700455584,0.007925002454654117,0.0,0.0086336322877619
0.0010592269533086227,0.0004201647866520458,0.002123135335665703,0.6502003606961192,0.07255424947358725,0.03351971622745686,8.809138668717147e-07,0.25326708261794917,0.039453141097793715,0.0026272584483235835,0.5686723567360227,0.12117821305636205,0.4060960467841653,0.07568384640051978,1900.9125038165978,0.4474941436796606,0.04717479917776265,0.0,0.06659187013300961
0.0007487860928018635,0.00017890039949662693,0.00053468145566092,0.7634678706607122,0.13417126945990643,0.10870112604787967,9.236714688546682e-07,0.7391326215438729,0.07560891462104853,0.006738179526953347,0.6106248597386891,0.16126407256849445,0.24692123909784378,0.03311992257571401,1671.3619025770654,0.4493607871701946,0.1024354533983994,0.0,0.0891188500817009
0.0006017057689399302,2.2762981091017956e-05,0.0009682586647673783,0.05864791794651502,0.03917033162331317,0.11447462326136669,0.0006691389027134386,0.48618398549049935,0.02293503424668761,0.0043359725432993825,0.5923269829597274,0.193698052912798,0.3031485424269167,0.09619865095161584,1762.8667393533274,0.3986289300469294,0.002297258394981853,0.0,0.18905454845464661
0.0016630523232389757,0.0003284828447009159,0.0011126381736998924,0.6437389830701253,0.18686538165181982,0.10458744405287128,3.035394062942122e-05,0.664475342614289,0.31765999110983584,0.00047675210445500974,0.5367203814138847,0.1268302826760318,0.26901076621287,0.037311572411445525,854.4607405911225,0.40989009873785287,0.12029253075555335,0.0,0.0015008251520417797
0.0009661567512574525,0.0002017170736838814,0.0005651049771216315,0.5671259422215034,0.1109917665111242,0.12878995659649978,2.0526736666497107e-05,0.34479509482382004,0.247964208768055,0.01345708555931223,0.5227967255590397,0.2417620281344896,0.411726943937335,0.0071078463863616815,1135.9595710405165,0.28103469742455006,0.06294631016145041,0.0,0.0542702740293457
0.00050178298907236,2.5625193581415633e-05,0.0009533540842353518,0.7475053683010399,0.18866021733524607,0.026222605021086597,1.0160204521478928e-05,0.1667685834612185,0.023260159044477247,0.0009747656200931611,0.6831140043347287,0.21918668364020027,0.5471248564645941,0.020070185068635515,1578.320017482753,0.4639273206945284,0.14102452524293735,0.0,0.04190709178854921
0.0013984666274528025,2.0360457988637945e-05,0.0023793380340966304,0.6412964835042493,0.18143348382812338,0.06313239685967297,0.0008615161013753853,0.955601088358634,0.028939858006858034,0.09891571837352302,0.7466117442950199,0.23080905217444664,0.20824695205836555,0.08858767482053036,1821.250114796398,0.5158026921205732,0.1163526551689006,0.0,3.4179752488793285
0.001101069064153936,0.000205430040637675,0.0014837498612277774,0.5328509740957611,0.16790477490299932,0.06043047080625184,2.3883456940486225e-07,0.3803770952671649,0.06438778983251782,0.0026799678929905033,0.6964673378571355,0.06705753308608872,0.47567622172913815,0.015743511606476364,1449.446141041139,0.6294098047710468,0.08946822286239269,0.0,0.04162229981742652
0.0007641370214689916,0.00023208647859906254,0.0006293500419128864,0.1881185303892749,0.006729863878974978,0.01810741890444849,0.0003232543446790405,0.7038695355504826,0.48295066712939966,0.001495544982381572,0.6059344598065213,0.09007203479322863,0.35789364658053946,0.021049531469039588,1861.809005301074,0.5158624250132926,0.0012660121026326378,0.0,0.003096682713517947
0.0005026805065330796,2.8022314486550788e-05,0.00082229845437275,0.060431407355717975,0.14575237122898432,0.03718301343995052,2.5519435718622864e-07,0.5129697936520587,0.4626133377068625,0.010989808734013699,0.7257136686179646,0.1145066523450127,0.5587727733492966,0.05285064600195823,1505.3736243510104,0.6112070162729519,0.00880802091880058,0.0,0.023755927117210467
0.000514911886882942,0.0003584034184465713,0.0008923417019374407,0.7116852712262718,0.20616416325254341,0.0443026279382723,0.00032553860824669834,0.5253129177278056,0.055611349348654054,0.00017349544641777497,0.6074662040020429,0.08366671332970886,0.29353702319199115,0.03942241093076825,1151.11919750557,0.523799490672334,0.14672399844152373,0.0,0.0031197848721499152
0.001134890964741702,0.0002477404928017508,0.0010257146163197366,0.061737110189845755,0.15124007798573405,0.023259827170848287,0.0005141144572299637,0.5375931624287708,0.4687587713262444,0.0010091246417804577,0.685978096970386,0.1617768788385323,0.3115336216127736,0.02180529646014678,1755.3598145376095,0.5242012181318537,0.009337125359726129,0.0,0.0021527589530226246
0.0012758313600068133,0.00013614784185061034,0.0007506342206453374,0.4058687294056689,0.18326058336523865,0.027120797477008955,1.4836562409725395e-06,0.19733929255484853,0.15987080816693927,0.0004051086745938245,0.5881791500000934,0.12331188944665337,0.32690345325239556,0.024466513343858323,872.4231529927333,0.46486726055343996,0.07437974012059108,0.0,0.0025339752719008243
0.0011899366951109327,4.142942109731329e-05,0.0011330783318788875,0.3147200651961337,0.17228775236642968,0.07314227539140337,5.040574402376283e-07,0.9624655581625193,0.04449051401923116,0.0004420437402817454,0.7479132690755074,0.1949984023306272,0.285879890316418,0.058713005276857154,1778.775014530316,0.5529148667448802,0.05422241265725809,0.0,0.009935685168543358
0.0007002802344736135,0.00015684151975062946,0.002342189328447867,0.7344187708586561,0.06566765084698034,0.12020514315808925,0.0003525191638063226,0.9102119027091166,0.14413657870189883,0.0015872625174153346,0.5772369272975844,0.1112556788291284,0.3201716824006636,0.0481239709551007,1827.7046212434436,0.46598124846845596,0.048227555420214695,0.0,0.011012211693314074
0.0007733516938880797,0.00040219414961053574,0.0020152489873830944,0.7919370675085362,0.1055129938327023,0.035850674750548504,0.0008476139979456792,0.4481943332331829,0.40432229775435763,0.05065260767925876,0.5934697380218674,0.23305728567574763,0.5725713453742065,0.09891754191869469,1946.4516680153365,0.3604124523461198,0.08355965091991652,0.0,0.12527779932145197
0.0007225233730585473,0.00032953503870040925,0.001705462954390418,0.6386130771571271,0.2810839443482488,0.11385439845498038,2.776981684824053e-06,0.6836286246889889,0.1294431813175481,0.00021156786173009713,0.6237132239706951,0.06818551366595149,0.3850118349456121,0.0700374560945498,1858.3442195549603,0.5555277103047436,0.17950388263969783,0.0,0.0016344457821310958
0.0012346264278972642,2.597922652523796e-05,0.0019242271209894456,0.6862923522478137,0.16273490595809492,0.022189969667008955,7.298912257132349e-06,0.3995090285071189,0.03262821806247284,0.0232634799818031,0.7452378003546287,0.08598235701844278,0.5113419916480371,0.0921403356668369,1830.3401490121196,0.6592554433361859,0.11168372140280772,0.0,0.7129865301641912
0.001093127544152096,5.274015992853211e-05,0.0021493715081844747,0.3856925528480444,0.2498744528950403,0.10905764556705363,1.371874456330267e-07,0.7410890295419565,0.11805257750896364,0.08772196965923512,0.7463130715265266,0.21551791549368815,0.5028555987203688,0.04551278672123429,1878.5626769037654,0.5307951560328384,0.09637471562859651,0.0,0.7430754288492724
0.0005793573375605282,0.00010386388239444601,0.000786285261500389,0.19102437293399183,0.06237947512427003,0.10860626629778755,0.00010047849870213624,0.7532026862987766,0.2658646140314225,0.00028268007869450696,0.6446223377895595,0.22202057187153018,0.4300452089219571,0.04683514016491225,1983.5383415951649,0.4226017659180293,0.011916000119565224,0.0,0.0010632482240043313
0.001227173953740389,0.00013714003511483436,0.0011732852495961077,0.28712156204175954,0.0045024213064333365,0.01564741752930378,3.630778107390289e-07,0.09376339085522468,0.21782576854618038,0.0006452045365228473,0.6678657716226633,0.20580966672414808,0.2872182856043067,0.05140202702778726,1992.30455594389,0.4620561048985152,0.0012927422384732394,0.0,0.0029620211641124545
0.0013793607318437363,5.5847824073369e-05,0.0009169199021507036,0.679169254054639,0.2477004281602547,0.07337587171231207,8.664131307123366e-06,0.98927894491272,0.13128568717306288,0.0001412740236890144,0.7132476735328113,0.17959623486231285,0.3345470440765229,0.07152858761961418,753.8231369615687,0.5336514386704985,0.16823051502261488,0.0,0.00107608092497383
0.0018291371161498393,3.429422503080646e-05,0.0005125725109362173,0.7905270433137063,0.05151649498648667,0.03947274569578593,8.173636077251487e-07,0.1885955906504893,0.04811014332044818,0.04741469981094337,0.5762535889398936,0.15604468450183118,0.5184051979411256,0.022983011240125646,1167.8220613648955,0.42020890443806247,0.04072518246355268,0.0,0.9855447632971563
0.0016165763920125524,0.00011028651437577691,0.0015493053827738152,0.6408957894592252,0.05569235771994318,0.0561448293791413,2.609241199956935e-06,0.9630553487575982,0.41391737572808446,0.00766243423075396,0.5492206085750448,0.21664775069642267,0.2694865101548768,0.09581323779501882,1316.330018340446,0.3325728578786222,0.03569299756776856,0.0,0.018511989783651067
0.001713525376879266,3.0507972009892715e-05,0.002201813077407792,0.6810493474004365,0.12022274348282724,0.06990092846625193,9.406544439629805e-07,0.32840254174206945,0.41462923174194555,0.010519749654766224,0.7243447812558494,0.12180645946858389,0.4345971072275229,0.044191298678781285,951.6619386955254,0.6025383217872655,0.08187762099166958,0.0,0.025371461656406906
0.001206592744403287,0.0001215382312086992,0.0005380654923834654,0.6546720588433914,0.03333613943901786,0.02868554868331927,2.3332578800763316e-05,0.812556412673951,0.05605226447646171,0.0001641221067271079,0.6921321856890049,0.09982235023731885,0.23974849428899764,0.018063911728521346,870.4996718849582,0.592309835451686,0.0218242390404322,0.0,0.0029280192024361204
0.0008274791235996596,3.3353144617834666e-05,0.0017845535860261327,0.4729932705912782,0.28308423025436813,0.015405423329726832,0.0005668942222817705,0.5973094122235818,0.02335872260181124,0.0016916996421434424,0.5911548727933551,0.11432361109434325,0.47401420149465706,0.09181162450335598,1160.002462394086,0.47683126169901185,0.13389693592082805,0.0,0.07242260936016542
0.0009036278444168516,0.0002623151407819528,0.000727103967005785,0.7339368248749573,0.17091213583755685,0.03746504968235767,0.0007743566694996287,0.5793548557633188,0.022100698950755233,0.00026648739702392696,0.5075033454945945,0.1968288055298698,0.24726240070394728,0.025384321380376364,833.7715034151463,0.3106745399647247,0.12543871030921386,0.0,0.012057871907929882
0.0011173707329327363,0.0004640710028808468,0.0014282742939618405,0.08298355868177698,0.15959956723184324,0.137494484043081,0.00019783924418410385,0.6011055274626126,0.37379438081707034,0.006119712743045221,0.5505396759548833,0.1156647665028376,0.3401490711513746,0.08882639983765352,1032.8800080237922,0.4348749094520457,0.013244140052969873,0.0,0.01637186928724892
0.0011404460342761948,0.00013694738384453854,0.0006877098776796685,0.7187116421569878,0.038917990725544235,0.11858654625630886,1.39490828161839e-05,0.23564749950708522,0.17057055321373765,0.002618561935775975,0.5262734649429666,0.17367389851939818,0.42438212807038356,0.041957136483721194,830.4050193694095,0.3525995664235684,0.02797081302380632,0.0,0.015351781925070744
0.0007420265973847092,0.00019888583553016517,0.001039576823037761,0.18166049070319668,0.09082979409353571,0.04239208487001122,4.7272981392427646e-07,0.012933456840670907,0.0783904649868935,0.05537971896867349,0.5354458757695326,0.14312414175188082,0.33554657096734597,0.08150133475200322,1736.2098914568583,0.3923217340176518,0.016500184965502013,0.0,0.706459886134528
0.0005543611002498431,0.00011546443604249281,0.001209240844342669,0.49601330338990807,0.0672443642584944,0.019234089957996994,9.794085161511931e-06,0.6019940418295933,0.10749105318619777,0.001543170480700295,0.6021624913422569,0.16998610183232754,0.33521022140425494,0.021340208159482704,1089.311834439527,0.4321763895099293,0.03335409925021007,0.0,0.014356269056431979
0.0008429692555137764,0.00013537656721935686,0.0005076920141179039,0.5306577345270517,0.038503919156830525,0.004912840803159266,0.0003439024713885426,0.3133473041819221,0.20518176017102446,0.012357452636772114,0.6203783914707557,0.055282950986767554,0.5321229709336033,0.06915723939398648,1712.7663332720997,0.5650954404839881,0.02043240251017643,0.0,0.06022685752608735
0.000537325987059823,6.986209495754006e-05,0.001554348928660086,0.06907064071498875,0.11853091648081164,0.1467539138311241,1.820299268677034e-05,0.1406954812599743,0.04247940550675787,0.0001665976355807221,0.6867774494069737,0.2201824380534123,0.2725593226636378,0.06988021406163512,1578.904431110615,0.4665950113535614,0.00818700634586448,0.0,0.003921844799692848
0.001303204780102882,0.0001274238332010317,0.0007835380888525597,0.2174721481343822,0.04420720756887494,0.12822975416953755,6.876346347477766e-05,0.8077400023773164,0.08645328825748257,0.0006207824368578254,0.694541229574825,0.06377173290815352,0.5136338567989309,0.06085782769528157,1830.9327659598332,0.6307694966666715,0.009613836393025753,0.0,0.00718055321399642
0.00106667705397004,2.3996547040683472e-05,0.001437455583681617,0.6363583853215058,0.16578696341303076,0.11189464229189627,9.118712761629792e-07,0.9159442641264038,0.061641453553673536,0.0025174341963592525,0.6855361394599442,0.24456091036096322,0.20130763586947034,0.01607056561642953,845.2782119902388,0.44097522909898096,0.1054999243448718,0.0,0.04083995511506275
0.0010548398034302092,2.1882415967708732e-05,0.0014014970696347977,0.6172887431415524,0.018400259154185583,0.13668321865572539,8.003459143023216e-06,0.13305142041323817,0.1323363243924334,0.0013555811991356774,0.5055197193439561,0.06108443433551988,0.24113752327681967,0.054530081506013385,1217.3927209369203,0.4444352850084362,0.011358272846766063,0.0,0.010243455116040578
0.0010661839097749022,3.2409930960402065e-05,0.0005810066499945092,0.7936893311615054,0.11151824576937054,0.1302312917920463,1.4645453189946041e-05,0.2526886853536365,0.03615090015930555,0.013399020740153379,0.5117581639509994,0.10771049737878777,0.35962951999486337,0.011884816961145715,1615.3191395272129,0.4040476665722116,0.08851084189699608,0.0,0.37064141366074277
0.0014356710789042056,7.706320255498206e-05,0.0007304986549183442,0.4305579153762101,0.2939645746063394,0.08297575584387692,1.1320302544965912e-05,0.24083487395064482,0.434087117063805,0.02001623715447006,0.7406643138584424,0.14176104987318588,0.22205755438650046,0.03563789183739824,1090.481606456168,0.5989032639852565,0.12656877443695988,0.0,0.04611110619882309
0.0017325230310483843,5.572935664641308e-05,0.002315908392806241,0.09975061885569723,0.1597903614667837,0.023562872737917434,3.2693521730247425e-07,0.6446008677347451,0.026695060916020915,0.001866314675655368,0.7449371216806379,0.17429160455853887,0.21418273298092697,0.04978343948783989,1093.89986318596,0.570645517122099,0.01593918744348723,0.0,0.06991235875155123
0.001055564487771141,0.00013203609602901136,0.0007158956688047031,0.29212491466190105,0.2795759847854744,0.09936401388394642,2.266692626997497e-05,0.6394550646499094,0.02205039035337669,0.000981920938887617,0.5218954985805526,0.24112727622253438,0.3227801720947045,0.07567323086423268,1801.8858580788265,0.28076822235801824,0.08167111069697365,0.0,0.04453077352153317
0.0016005414606479861,0.00040471711839504195,0.0005827142953083849,0.36497995565574914,0.1375030231214252,0.12496003997225318,0.00027391655338212633,0.004921538930480198,0.04950451763260591,0.00033995676636060744,0.6337141273202392,0.19238030541858658,0.4366420329831291,0.02436708960042336,853.6533010165333,0.44133382190165266,0.05018584728138922,0.0,0.006867186725938252
0.0015063957522491527,0.00012657130702185045,0.0017105516988364059,0.4971099482604233,0.015284486995230896,0.006173243674526028,1.5162931621873005e-07,0.6599622571942352,0.03600383214289835,0.0005422310881568331,0.7218617972699992,0.2435849196187369,0.42088813828184923,0.08170114881611423,931.2143975343604,0.4782768776512623,0.007598070539386344,0.0,0.015060371518363123
0.0006291760718848623,0.00014662258844562318,0.0007854924530400586,0.13943912914307377,0.22190870948864247,0.0036430885219000475,1.916755747501116e-06,0.1673653013584922,0.1488976264115575,0.00477877214502484,0.5246466848131739,0.22543482919046015,0.3818370861198219,0.05032617830192984,1945.6720748810073,0.29921185562271374,0.030942757200359657,0.0,0.03209434737271211
0.0012141542472652322,6.734103255984552e-05,0.0010053027119143942,0.5369785326099176,0.08045355450235207,0.08927281045559704,0.0005880720218539781,0.9176617913231996,0.11996128008175679,0.06367332166982774,0.6531702819901963,0.14691455353292748,0.24591013644823123,0.033608024155473974,770.6681066553958,0.5062557284572688,0.04320183163992505,0.0,0.530782279302394
0.001368170464375447,0.00012078868088177191,0.0018023507163199013,0.3163931022037682,0.1377388838654185,0.006340782116092966,0.0004373910882149173,0.2505014978417781,0.14851529934219118,0.004594566034300026,0.6983912238926728,0.23714768954562016,0.28612856898464634,0.08436419772606235,1309.0486177674256,0.4612435343470527,0.04357963276026431,0.0,0.030936651339292503
0.0018234416601945803,0.00010661721939299262,0.0024852148211308048,0.24020030528460207,0.17117681252207656,0.02695413722222773,3.00716907199697e-07,0.9283262199494992,0.1968676268517648,0.007745578909766325,0.5104834827199032,0.22510040905257184,0.3088357750478197,0.008699892716048568,909.0353712750051,0.28538307366733134,0.04111672262544788,0.0,0.03934409650601673
0.0005817336528026123,0.00033591297913752004,0.0008414252248012303,0.06516099030497889,0.031338313332132973,0.10367487787738248,0.00019196377810483902,0.4688911474152725,0.053777886511478884,0.019440911073113,0.6587688806630592,0.18153930631294013,0.32434797015913425,0.07148924505342034,1131.1173385802392,0.47722957435011903,0.0020420355312095076,0.0,0.36150381382063684
0.0018552262012226683,5.618429340052386e-05,0.0018363488472662895,0.5228884972313858,0.03168725666405179,0.12087849020207031,0.00011519426878811578,0.9470311152432265,0.02328696823643662,0.00805492983868099,0.6183451675416878,0.10164891885994076,0.24900039527856677,0.02804698526545138,1663.6841872153002,0.516696248681747,0.016568902018451254,0.0,0.34589860547315104
0.000735536314337482,0.00013284124806277895,0.0006082955350210541,0.20467549721195144,0.029358049194018805,0.08276086295347974,3.3828699845075156e-07,0.9418479764385105,0.19368180769230275,0.0017860775022924273,0.736249325312082,0.06732829986548346,0.5420690607636052,0.05224892347561115,1888.8294447110243,0.6689210254465985,0.006008873315958729,0.0,0.009221710203830408
0.0008357653595028906,7.062447728359374e-05,0.0006791034984122003,0.4823289856871354,0.19899660640174716,0.026514079195605278,6.002179044997924e-07,0.24575437696390334,0.03158707346766493,0.015257698632349765,0.6270814787545806,0.24801614691437796,0.5108997662073727,0.038685728483419814,928.2721409599595,0.3790653318402027,0.09598183132093682,0.0,0.4830361586985503
0.0006803928622139562,0.0003065599249474823,0.0024115962584305454,0.14122880107379038,0.16088043223314658,0.041819609869310374,1.0487304704948204e-07,0.4160385219747263,0.25000982260312,0.007456022665499168,0.5975802320111654,0.16685301048994428,0.22458425143308824,0.05153197014622588,1463.8692036955658,0.4307272215212211,0.02272095056052047,0.0,0.02982291890721145
0.0006552318071576902,0.0004643769797470839,0.0019742265443739374,0.05692956476863148,0.1338312468334407,0.0690785943325297,0.0002983574489798053,0.3278072713714615,0.03719173636856768,0.04375575614167602,0.5784399574053026,0.22912177659156957,0.3208232169122852,0.03587476807076352,975.8724757359437,0.34931818081373306,0.007618954634671068,0.0,1.1764913503381325
0.0007102855803280823,9.765178935681229e-05,0.0023080915177194645,0.5777500562996641,0.14616865976661797,0.05657313748797024,6.222552051843855e-07,0.04160933071432345,0.03581482189204505,0.004987435616677589,0.5342244634241411,0.12311842487780365,0.3261206066029697,0.07766057792458761,1605.6246559830547,0.4111060385463374,0.08444895140940999,0.0,0.1392561892869657
0.0006262790327302008,0.000262677294732505,0.0013628941045716813,0.688511646752033,0.05755810863041782,0.004631638065079581,5.775571561524668e-07,0.9706860007644973,0.030542226953272897,0.004708503542138875,0.5054743862088575,0.10155894013824188,0.5363583136851393,0.021200624418410172,1180.520412890778,0.4039154460706157,0.03962942815706138,0.0,0.15416372713563092
0.00054868039622548,0.0001443002281123198,0.0009665017120235354,0.31534544179947555,0.09555772316903147,0.01741621611983645,0.00028817203873010355,0.9296994196588358,0.04794427424742075,0.0014679662757009814,0.6465474199907245,0.06884344110247591,0.42670780523979446,0.04581050073060126,1500.6044093890848,0.5777039788882486,0.030133692430090207,0.0,0.030618177013701554
0.0009631568897587261,0.00027617363028781375,0.00197862409966651,0.07291806515222436,0.2298092702902526,0.06599327342496794,1.5372294272067063e-05,0.3105418919210883,0.057449523346930424,0.00011383750440769965,0.6679598447214592,0.09031752643883621,0.4163691226112823,0.06733538360566825,893.3521891902004,0.577642318282623,0.01675724734360978,0.0,0.001981522174174524
0.0005512308468671829,7.891083695048628e-05,0.002482299289981687,0.7106327877442933,0.022421960929446275,0.13468534091642204,0.0004300140567630069,0.9625125517700227,0.030972066105664255,0.0007601027967420806,0.5438479340439739,0.14810307133267397,0.5579693593028069,0.09573988437418433,962.2845317751994,0.39574486271129994,0.015933780601986032,0.0,0.02454155929245776
0.0017962634978654988,3.7784739109320834e-05,0.0005185965287716792,0.7790634518227499,0.20122721010579975,0.1276312097003381,6.025085232277326e-06,0.006724147907620481,0.04045735055933615,0.0002521893825349479,0.5339998747215646,0.09870677932330807,0.5704157260884906,0.05967733523694208,1789.7455130569422,0.43529309539825656,0.15676876490568611,0.0,0.006233462622943591
0.0006899873230290009,7.799583812391236e-05,0.00185314870019625,0.5263168438473809,0.24185230140214173,0.003512776051775883,0.0002398611337418892,0.44951646466345574,0.18444832805126213,0.030898410751338614,0.7483326891471451,0.1203206558634713,0.27469342556230103,0.05125926574598976,1133.1385422155377,0.6280120332836738,0.12729093995120072,0.0,0.1675179768653218
0.0005829678818245763,0.00041654261227656533,0.0012147411967798477,0.6289434270857512,0.12711556385534364,0.06938727492514635,4.874129388640705e-05,0.4777779531094504,0.06603350757352526,0.0005672660928211902,0.5165556325282821,0.14847280187614495,0.549402547923399,0.06761022707734801,1327.7477858723396,0.3680828306521371,0.07994849836711748,0.0,0.008590579444679136
0.001456268663640343,4.58736299504662e-05,0.0007087400752685407,0.6143220276267678,0.04636429080579044,0.08231143463913403,1.2213717487230947e-07,0.6096402791444511,0.06998385310144353,0.04134902712581342,0.562562365870569,0.07575073418590825,0.5721252783540247,0.06287286197403015,1661.7513337723192,0.4868116316846607,0.028482605137290288,0.0,0.5908366757954419
0.0012058033730827714,2.3128247090053807e-05,0.0011690073014487047,0.7915574840958299,0.15065243238855455,0.11494161780503417,3.3438891027603685e-07,0.9827830333325455,0.2964337574779401,0.0024452739195004727,0.5524974329030345,0.12430829255016497,0.2579163213023759,0.062385234440555735,823.7193438862408,0.4281891403528696,0.11925006035440136,0.0,0.008248972520217925
0.0010198241247020073,0.00031368183648263403,0.0006863102921967621,0.26672350029558756,0.29445553514099826,0.042667915873115046,1.180403367264732e-05,0.40016743260205695,0.3309235356556822,0.0012904171375803701,0.540078867719985,0.1741879881272072,0.39705677937844425,0.08765850261303579,864.1101932871784,0.36589087959277783,0.07853821101421744,0.0,0.003899442011652557
0.0009560697926895495,2.9863428530479417e-05,0.0011943191233066695,0.6647894038641139,0.18104401120178562,0.02177359890442909,6.333667362759031e-06,0.6397392664697416,0.4173772373464401,0.001988016148630765,0.5530740382328423,0.21194601530382923,0.34965293748593396,0.06038745497764301,946.898187472269,0.34112802292901306,0.12035614028000302,0.0,0.004763115883534948
0.0005624150037451395,0.00016189537213862605,0.002268679533574491,0.782440348679972,0.00037177764125090443,0.029952507438306478,1.1535239664151959e-07,0.8828973953007503,0.03744363239060101,0.08871482136729959,0.6150348993351673,0.21907168042459624,0.44255562161520434,0.06277288977239764,948.6046488421089,0.39596321891057107,0.0002908938272517752,0.0,2.369289935384809
0.0010900777977679319,3.646925762460878e-05,0.0005914469442325396,0.49535376489527394,0.2838533883382968,0.028397720569988013,6.906864267966785e-07,0.9599642047645993,0.34280049370493404,0.0003873117521853875,0.628480198845586,0.11501654470855562,0.45766184204774196,0.014317978712897493,971.0754739941526,0.5134636541370304,0.14060784459165557,0.0,0.0011298459579196713
0.0019220741280139026,2.258327115081104e-05,0.0016097821267406975,0.7911788862766556,0.08804158823230192,0.06640141101159812,3.659955380349026e-05,0.7731995276897795,0.033320095880005104,0.00012299811500295326,0.5550739845897787,0.10959413852781691,0.4096524788864714,0.01694755837427353,1137.1794483925967,0.44547984606196184,0.06965664572366054,0.0,0.003691409395876397
0.0009715074128566818,7.167831233325969e-05,0.0009640850998472682,0.46790308574314343,0.03769102799670305,0.05728631038770557,5.152530112272002e-06,0.6480311556320266,0.3311972936940481,0.0038546790151641323,0.5052855953289356,0.11859027811890475,0.338949950586298,0.07761092922165211,776.5853196815111,0.3866953172100308,0.017635748304488566,0.0,0.011638618698149718
0.0008741189214622689,5.250097335554292e-05,0.001216634759220528,0.7545139891310604,0.29967155588659977,0.134729573658757,5.759801289661188e-05,0.8302661857677617,0.4815634264191233,0.06752725326889142,0.5597875052880474,0.10997481230779557,0.5406150030648084,0.057825463765238796,1966.2114129717684,0.44981269298025184,0.2261063810611099,0.0,0.14022504526770235
0.0014830613712427713,4.2372838471151756e-05,0.0010829420482218097,0.22608222400532818,0.28592849201572357,0.009715120421393846,1.4042322398659361e-05,0.14354872646381878,0.030520711842367553,0.0004195017595512109,0.5150880443284575,0.17064527892623366,0.2780611642443714,0.06007545971859114,792.503268849895,0.3444427654022238,0.06464334938140451,0.0,0.013744822260956456
0.0007205146756374053,2.0568741400820355e-05,0.0008023581138307792,0.1861799844454325,0.1594155694657622,0.010101611515236999,1.0129876582487028e-05,0.9823683887811038,0.36654943473173335,0.0006977591823580103,0.7116303911559921,0.19347179151642818,0.20811139947715807,0.056144897927614006,819.1032610556802,0.5181585996395639,0.02967998824349537,0.0,0.0019035882100559764
0.0009568160424645733,0.0002362416284039131,0.0011623909197839314,0.4699977110075427,0.1924674291745751,0.04116673673744189,8.290257949296754e-06,0.057207223903971205,0.0324599459296737,0.001655737135354458,0.5993515376288889,0.0929925917564243,0.3872358341749879,0.016792939205277288,1250.3423832155217,0.5063589458724647,0.09045925115555664,0.0,0.05100862271741627
0.0019777620984938902,8.098534099924154e-05,0.002201036491781331,0.29585400128459144,0.20516275577787516,0.10818998910197379,1.6404897050801663e-05,0.9785172683154606,0.20740968948944524,0.00011696298963749131,0.6312852631570538,0.11245113581088255,0.3519764808688169,0.012838318545938584,1401.59815512072,0.5188341273461713,0.0606982222114578,0.0,0.0005639224952575968
0.0011769734705451187,0.0001453733742088765,0.0013429952828289537,0.3417379450923355,0.010500460947979304,0.036045130327172666,4.328975148803743e-06,0.5919866950918312,0.41629308150901617,0.0031648904897489693,0.6681285643164143,0.17445508702193585,0.41822825922549955,0.09297844116017391,1387.867401161197,0.49367347729447847,0.003588405946884765,0.0,0.007602553658294279
0.0008247316647184261,8.488597969903775e-05,0.000694400044912568,0.7460167252039235,0.2313880182209605,0.06801208902209688,0.0002011042030157501,0.3689846885441246,0.16982351365244522,0.0007262995121680456,0.6521085957188565,0.09366008825520787,0.27649578454798296,0.05521620461165198,1382.3092509891417,0.5584485074636486,0.17261933160462672,0.0,0.004276790042481776
0.001439719999038415,0.0003784291258076271,0.0008900516945053293,0.2859943410671658,0.0413937814801876,0.015474409681116977,9.50462547307804e-05,0.9520477319135089,0.11000937607312089,0.08221427853832634,0.7148071729612392,0.1272181443195934,0.24620009687414657,0.01326580372212324,1840.021064494366,0.5875890286416457,0.011838387258704505,0.0,0.7473388312254426
0.000976816916847201,8.102853269912992e-05,0.0007057974114615801,0.08901218136965744,0.21611680343687958,0.07024880601216685,1.754149340403658e-05,0.0920528284618302,0.14229519524572673,0.00022948866494814756,0.5554723068329686,0.1867571231460305,0.22967722992373005,0.09238544757426018,1178.7333876733205,0.36871518368693806,0.019237028104554132,0.0,0.0016127646794527966
0.0012690151895752221,0.00015850096566703785,0.00223707520804403,0.36919838549824896,0.19242387354365714,0.011301395900227395,0.0003275607599558299,0.06155571540485396,0.051867821358466806,0.07101033529254522,0.5520491654481511,0.06159690829237971,0.29737354313086006,0.019924790150088897,812.0678624522983,0.49045225715577134,0.07104258344363744,0.0,1.3690633890670179
0.0018376678797504076,0.00021718503123595667,0.0009769513384136489,0.7997396174520727,0.23020632466716495,0.022014403759308607,6.655850206605459e-05,0.8571311379699001,0.028817006017138297,0.029207938585500928,0.72381900668347,0.23042184418160827,0.3125959798477107,0.06296590952363931,1674.3174726161576,0.4933971625018617,0.18410511802436613,0.0,1.0135660369481179
0.0019563318643820615,8.71914068638077e-05,0.0006744115677363589,0.669019078705746,0.0025519047323105267,0.11402788036982642,1.1805819209246557e-06,0.7176045549743523,0.05045856761532382,0.006436451428504108,0.5171329193981564,0.2241139314669805,0.38826962680387456,0.05688664362828214,1379.0502539616275,0.2930189879311759,0.0017072729529552218,0.0,0.1275591387685253
0.0008215536475075458,5.9607521136630343e-05,0.0008628728510032112,0.6638601978936347,0.22818431712065096,0.023244651466458505,1.7292824830862836e-06,0.0009452725268617117,0.2067959176369321,0.0032286560641417196,0.6249676606059068,0.16136284766104128,0.20951011833031244,0.07989434425144303,1731.6363843418517,0.46360481294486555,0.15148248591993924,0.0,0.015612764995729818
0.0005376173523775137,3.794598262344338e-05,0.0010208861657963037,0.36324520676347855,0.08787653928405437,0.02087606605664985,6.580345668089395e-05,0.9174083694208692,0.11242336226697498,0.0009592734170615226,0.6088449141114869,0.06090651630332377,0.2441389334211986,0.009701181814628286,811.7777513093347,0.5479383978081631,0.03192073168189527,0.0,0.008532687492333742
0.0016015217035910917,0.0004675807264919403,0.0007673190052203958,0.7768743262455934,0.2395393715536735,0.12230387774178104,0.000858167878785046,0.6224927784027029,0.03226916796632263,0.00018484119162016138,0.6322729988283836,0.17890616301028323,0.36337725477441596,0.02775647215008958,1180.7369849850634,0.4533668358181004,0.18609198788505296,0.0,0.005728105286540667
0.0008045589501112541,3.8108329393608006e-05,0.0008336818282393001,0.24406239369328292,0.2948161635068182,0.012337323372090033,1.6143649575235877e-06,0.02247648341613276,0.18365949124042705,0.0006636078711246314,0.6992286856524257,0.21333240499567657,0.2644352393452851,0.024965195616738198,1540.0764006473842,0.4858962806567491,0.07195353856494434,0.0,0.0036132511673785924
0.0006335477114294048,0.00016363912713622934,0.0006405158229275184,0.16214927359083653,0.1111760439223436,0.10400124450100129,0.00010876209934896123,0.7259706278596293,0.14708897362598675,0.0935436806085075,0.6177669217791475,0.15029979995323087,0.25807292526251346,0.008352875873305519,1639.3851131253136,0.46746712182591665,0.018027114762710954,0.0,0.6359666418392955
0.0014764469958289685,5.859698189046034e-05,0.0017921436608958007,0.5559374832871925,0.06911299288456361,0.08697169725774699,0.00010463989662835326,0.22495428587783708,0.20721188332908333,0.0005580112393144331,0.6676644087402746,0.19729275612662495,0.33448165297807253,0.026209785216868946,1890.0145871061357,0.4703716526136496,0.038422503326689936,0.0,0.002692949990846945
0.0019800249544349173,0.00017686451133590433,0.0008748235112652132,0.6132204486754778,0.1302359838841126,0.02070504471610468,0.0003136046643057998,0.2043104161776935,0.11871941950879569,0.00022075384978568737,0.692625144554406,0.23741157756936804,0.5675709637149872,0.0374700667805139,859.8095584629593,0.455213566985038,0.07986336847110781,0.0,0.0018594586353189854
0.001879183322842297,0.0004656786841382296,0.0010011528098320733,0.4102512233502568,0.28161723724821874,0.10789910145277105,1.4718862970847072e-05,0.7723792609189741,0.07377595040019508,0.002741024510127192,0.5619745546131237,0.24410488115538542,0.3230139396412875,0.06037808749703292,1967.6691235627563,0.3178696734577383,0.11553381609760126,0.0,0.03715336088872593
0.0005507176309638121,0.00011369167640827375,0.0016598821432060144,0.12871034455150482,0.07004343490256718,0.0839536957840169,9.641611832510933e-05,0.9497893825789178,0.2056757342285158,0.09528412890296027,0.689700244320747,0.11420344524220942,0.32731452529579264,0.027474532958212613,885.9417158585858,0.5754967990785376,0.009015314639880319,0.0,0.4632735566029143
0.0008105108796603778,0.00011375473761023023,0.002195970964124615,0.07773558716337026,0.017242533711759666,0.010198076092591197,0.0002807620992035663,0.737071532106357,0.06740760563817556,0.001854077428674669,0.5648357158232005,0.07155350878382938,0.29808524901715616,0.0646381528149588,1740.8967911420204,0.4932822070393711,0.0013403584822678435,0.0,0.027505463383862318
0.0005567879201501968,0.00015478141064867107,0.0021351148170597875,0.39047105755658973,0.15399493926416802,0.12156519581294999,5.546691488379859e-07,0.13586647805111743,0.3938702896005999,0.0001033457797071399,0.7135088024334981,0.0692541448034589,0.30083246853241,0.08297022913561947,907.069079603064,0.6442546576300392,0.06013056679284249,0.0,0.00026238531424123564
0.0009163489058248959,6.036871377414254e-05,0.0018238364649634945,0.681591882350854,0.2760680721661496,0.030670578545173646,0.0005204927972747091,0.48963493500574534,0.42045872045560473,0.0007896511088895799,0.5802102643897793,0.16739775097257398,0.2661511958342186,0.03387302320705399,1542.339183484347,0.4128125134172053,0.1881657569646973,0.0,0.0018780704751085247
0.0010031511465589608,6.087336520568139e-05,0.0006513763685746987,0.6755838123646107,0.16131857259484195,0.08673796502249505,0.00026385345827252977,0.5691893244882366,0.028516031079034537,0.03872454564763117,0.6238665658115538,0.20354627104568862,0.39430309590371493,0.02542565861413889,868.6570930001701,0.42032029476586513,0.10898421627884054,0.0,1.3579921252120568
0.0010010810314788653,6.134998889580048e-05,0.0018423835702951628,0.7901943663625843,0.23334673923612576,0.07533174280602248,8.703766045112352e-05,0.7836095611896937,0.3441707843700551,0.0023500541072089547,0.5333374723034421,0.088399462413111,0.3532421202267907,0.0077632188462303875,1305.2033438534825,0.44493800989033105,0.18438927875346559,0.0,0.006828162685308461
0.0006887112510271107,2.732349459146505e-05,0.002121256954822323,0.43125508616934083,0.22503680195032713,0.013283594569161436,0.0002452814985854176,0.3173522438332119,0.11022001835762087,0.005134455721662672,0.5826579924582547,0.07626030152870727,0.5444941139537027,0.09495671657746374,1382.7023372135181,0.5063976909295473,0.09704826541636122,0.0,0.04658369503263346
0.0017886817820046506,0.00014592015375081203,0.0010800674438004156,0.3812712422679084,0.14272665750468683,0.08164495091421496,2.337311741173975e-05,0.39510161605556154,0.05124193816999337,0.012207483747658574,0.550251018665062,0.0526295630594227,0.4965938013764237,0.06351629401369738,1818.4608135677797,0.4976214556056393,0.05441757001155823,0.0,0.23823227972292277
0.0008258453737785359,7.287094393535687e-05,0.0008585822725936646,0.7079021615309922,0.22296711771972,0.024191878888539364,2.8557338758382257e-06,0.17675026334628804,0.09229361606448751,0.0025410549217969626,0.6136320014016226,0.12473025802776821,0.5555161055073512,0.00753062071062297,1078.5122347200124,0.48890174337385434,0.15783890458412497,0.0,0.027532293458103034
0.0010443009554220103,8.475083731923118e-05,0.0006423995940538083,0.6660356775488911,0.29837383075675933,0.051815800948504756,8.223455583809867e-07,0.6578343045053814,0.04924077779204497,0.0001947527844697178,0.7287444790440326,0.2175092600836575,0.26219563508779026,0.08162112227708707,817.114717638233,0.511235218960375,0.19872761653093637,0.0,0.003955111864646071
0.0005449381944230953,8.455564413752647e-05,0.0018597631401006112,0.2728254283190837,0.09545503220052753,0.07695230677616978,0.00029076449222953024,0.8813342134324673,0.12151485260394713,0.00016673982820934567,0.6433502156583065,0.18595030537194884,0.2947301501166011,0.009131115241024244,1048.6616251492421,0.4573999102863577,0.02604256004532085,0.0,0.0013721765252252753
0.000947921287520243,9.524821119620649e-05,0.0007319738574719908,0.5888543503971387,0.013803695935872527,0.05801662693451253,3.0846164250543167e-06,0.9666092740891593,0.16712698146998364,0.0022267088955159556,0.7410477158900437,0.2366310161236343,0.3397939041145419,0.09227115634317738,851.9433801400534,0.5044166997664095,0.008128366403397841,0.0,0.013323455470389605
0.0008916441292247463,6.51800590893332e-05,0.0015303420235546045,0.5506392441939285,0.07502847232447118,0.06550068418553112,1.5544223753875627e-06,0.6000369163646652,0.029396999290295128,0.0011523098691409157,0.5006477142188979,0.1952539029130808,0.5556908684846907,0.050220850577131056,794.5595010519478,0.30539381130581705,0.0413136212937719,0.0,0.03919821400007073
0.0009073417252214686,5.3748132367006205e-05,0.0008267897990257793,0.4185793752035974,0.05290982723897451,0.12029950968921935,8.293122743636799e-07,0.09639563523472536,0.38199278402453796,0.00020004366244870267,0.7397331960201793,0.08624819431280645,0.5399983403054218,0.006783062509245308,1702.4277669822136,0.6534850017073728,0.02214696242782023,0.0,0.0005236844014201392
0.0013139144809896362,0.00013226753465741476,0.0009824754939371468,0.11083345655760712,0.2187080128494642,0.06220448346669152,2.270691984068513e-05,0.729924245208534,0.4319301913506469,0.023410286824460246,0.6462298171605325,0.183007369482653,0.3442980971790113,0.03227547202978815,1363.536492327387,0.4632224476778795,0.02424016504095167,0.0,0.05419923703702261
0.0009456942191929367,7.163814234067772e-05,0.0011778661687236684,0.24106990064594552,0.07895105622796163,0.09455114634035248,9.755357675295583e-05,0.8644404171113143,0.4642242906761865,0.022321637867597076,0.6033627022936101,0.18225271270908955,0.4916372342359139,0.06234384503351628,757.6864233921452,0.42110998958452056,0.019032723280767168,0.0,0.04808373520283375
0.0014751535354763762,0.00028692566137681095,0.0006780325542868651,0.5609381674747949,0.21309593744462638,0.1023647845435117,9.423557252368755e-07,0.46490532993069783,0.053238506122091855,0.00027762003719123096,0.7014763615369943,0.06696250234895722,0.22174178941773653,0.07772269976879485,1103.4615731857016,0.6345138591880372,0.11953364464651224,0.0,0.00521464739364709
0.000889689662400526,2.180251249516029e-05,0.0013580463985732195,0.19156850824363142,0.21633458359821303,0.10523833592342226,0.0008333838717273348,0.7910683415619914,0.35028072362717466,0.026051565522119503,0.6077670227582932,0.15989261657712817,0.546492409835689,0.008374905895777659,853.8138773825978,0.44787440618116503,0.041442893461416844,0.0,0.0743733918679687
0.0015786995447990072,5.3527586630373995e-05,0.0009893954212686973,0.06812140941906564,0.15821053464727977,0.13975224719994903,1.1324960435371859e-06,0.0426691460696094,0.34587413430288466,0.0002702999590328497,0.6642667526403621,0.09050926375003134,0.48347639762568884,0.09605639353020748,1426.437521109954,0.5737574888903307,0.010777524605116615,0.0,0.0007814980428578274
0.0007914715476956975,0.0003004810346911919,0.0005863667752012183,0.6329385936435853,0.21992686466968323,0.1182295173141465,2.428890290415045e-06,0.9869626357956679,0.15389585125952618,0.006817108361902257,0.5195039078973479,0.19156119920462183,0.5168666561205879,0.03982237523827336,1962.5830113105837,0.32794270869272607,0.1392002004284724,0.0,0.04429689498520693
0.001556351969224417,0.00012683928463221847,0.0006378911009194992,0.5347524564721048,0.26535318311053535,0.0743069810750523,0.0006880178428265484,0.6862887197489429,0.04056431085906006,0.0003645728774222903,0.6905158939378472,0.2353316867675329,0.4719651671138289,0.07951304351873874,1718.37141875539,0.45518420717031427,0.141898266501051,0.0,0.008987527945168154
0.0011164545442300697,0.0002962540948425244,0.0009536978575268,0.5591531680292989,0.27047885497509766,5.5414654889515645e-05,0.00017686218520886662,0.18354205515910274,0.20394444516320895,0.0001967922205247769,0.7023381038073321,0.10567323460890446,0.3618901298602384,0.08690707020729822,1217.5578337085171,0.5966648691984276,0.15123910864426315,0.0,0.0009649305249147217
0.0006961307027809966,2.2453031899595226e-05,0.0008469030434383398,0.575088396901917,0.12120354180043125,0.03940256148793627,1.0780670431944233e-07,0.26883439123528047,0.020655880902993726,0.026757677413934276,0.691683326055081,0.06261867896010297,0.5281742196432178,0.08576133394992333,1335.328248256209,0.629064647094978,0.0697027505528445,0.0,1.2954023863516853
0.0011204956218328354,4.3128074193253345e-05,0.00202240617195601,0.17089936218233875,0.2965797309213426,0.03772445428827034,0.00025929114002912944,0.035050027826518504,0.10499721316699806,0.016766624200417943,0.7118447630858695,0.1831335070629146,0.2630234966773163,0.06362683419832794,834.5420749249391,0.528711256022955,0.0506852868506671,0.0,0.15968637352070125
0.0005356222930920971,3.215616226351113e-05,0.0020430361154381584,0.3131452704011689,0.13648382974155618,0.14370261871016318,6.11441711584868e-07,0.5287515304484872,0.19802149808552666,0.006360607408578557,0.7366327526521133,0.13400114834390664,0.47676159415104796,0.09885158913922515,1425.5444377910503,0.6026316043082066,0.04273926576980671,0.0,0.032120792288074566
0.0008327559365887245,0.0002752759852892493,0.0010002211068344132,0.7413507205648211,0.02330516504844782,0.017120965910269223,0.0001562654974150647,0.8246181990911663,0.32093302388300804,0.00016376494344356288,0.7180630522020328,0.1540317996950204,0.46448184143709814,0.08725891963533562,1271.3662385841199,0.5640312525070124,0.017277300901548876,0.0,0.0005102776319561967
0.0019597923697883975,6.444462274879891e-05,0.0016873660156838397,0.4090173231265708,0.13923402985532538,0.1169029067531812,2.5015843064444916e-05,0.8446953321020743,0.24850605204197349,0.04237598074615832,0.5587073626719413,0.24872804873749838,0.5649116039293731,0.018579018459915234,1777.7994210777701,0.30997931393444295,0.05694913017955022,0.0,0.17052293253204506
0.0017513200020165918,0.00016483713079295105,0.002406405798628211,0.25924028686783096,0.29833258494979886,0.04040461724726613,0.0007110573269004965,0.29187936602829323,0.06503182034570955,0.06670927996793231,0.6593965919147422,0.07820287173598527,0.2627560612990738,0.06708618469730035,1603.8232814356531,0.5811937201787569,0.07733982490440741,0.0,1.025794443601692
0.001595588401778735,0.00019095534101839059,0.0006910633084446908,0.5182383608535922,0.0353858187451743,0.10208072389299261,0.0003636624389701538,0.5795260510350232,0.4892124864709255,0.0030879617679391586,0.5763840009973427,0.21026016524357022,0.5372356387039253,0.030223776184059355,925.9101936198766,0.36612383575377244,0.018338288703961446,0.0,0.006312107424352669
0.0005327444432537666,0.00031056960996547246,0.0006774430899359602,0.4354997959214826,0.026022968928238917,0.039821914868938824,3.0990485774899893e-06,0.17455460318780194,0.07478416760670133,0.00011505538907791174,0.5123559322737041,0.1495184159082293,0.5251553821992783,0.00971885797704833,827.8588646363652,0.3628375163654748,0.01133299765751913,0.0,0.0015384992941688067
0.001457828937938624,0.0004613017482905784,0.0018255462854561968,0.6007109184936354,0.03679494868781801,0.01691061409096443,2.889971257977219e-06,0.3875692107797346,0.026108251503487986,0.00012600428608163194,0.503579264321678,0.07338192895804609,0.3070559526893011,0.06520275856203707,1025.12617778994,0.4301973353636319,0.022103127422185346,0.0,0.004826224615800033
0.0012400797356554932,6.758138863582577e-05,0.0010435631681467575,0.5367127665849666,0.25602610728730363,0.05730886513501035,0.0007494255610421417,0.7382219321273791,0.03409090304218621,0.009131610528185783,0.747871022257929,0.15815560061825232,0.5088523524294464,0.02952405607392601,1812.6977403168437,0.5897154216396767,0.1374124803601482,0.0,0.2678606230197469
0.0007466860258338962,2.2833552992770122e-05,0.0017493801706603262,0.20340049214318273,0.12051346959933691,0.0449307706651219,6.953727502786844e-06,0.001007796729313409,0.021407621223686103,0.0010788960911513603,0.6680379436897542,0.21220580742974599,0.5606375888547436,0.021446234928597093,935.7773004497093,0.45583213626000824,0.024512499026387618,0.0,0.050397756942636575
0.0005384512902901745,4.5749615669595104e-05,0.0019853708517654028,0.780050549916316,0.09473090162789947,0.010554723270345793,1.8457206238886063e-05,0.8629607009888346,0.06539021304481221,0.0012598340381068578,0.7334972189384403,0.1522308459610177,0.5143246451582132,0.061310323715247764,1833.7751269992116,0.5812663729774226,0.07389489190891141,0.0,0.019266400573484718
0.0018400452857816614,0.00025614005065274315,0.0012909431054430969,0.37796115482780335,0.0840988761982834,0.06758538165274648,2.256840963142271e-06,0.8745743353714892,0.28607257634585675,0.007439908288220384,0.6086629815822487,0.10401036009806607,0.3611971382606978,0.06159818172499202,1215.561961637837,0.5046526214841827,0.03178610836762366,0.0,0.026007065700787986
0.0006907590893118925,0.00016681054924587958,0.001646435155388152,0.27575227044849754,0.26725687513297414,0.00017146226886160496,5.61936560170379e-06,0.1740716430611734,0.042596258622730615,0.0025281307451980382,0.6639864571564669,0.2373254076882541,0.416045872492072,0.07837045311082051,1035.1388207197879,0.42666104946821276,0.07369669011088822,0.0,0.059351004687743944
0.0007922365058978692,0.00014319040022825352,0.0015964228688997283,0.2617019433214609,0.2541519255456026,0.08154084316057984,2.537528176958934e-06,0.24750309822254213,0.19342187878628758,0.0028956308065251337,0.6401077058942722,0.2042357945394611,0.46770440309029315,0.09979579656047967,858.8076633227025,0.4358719113548111,0.06651205281417545,0.0,0.014970544308095182
0.0005590137605644061,0.00016242246769701486,0.0012202547511300451,0.09269380992538773,0.17873333184614482,0.09510578967349081,1.956021306848292e-05,0.6177309860606388,0.029019085660928264,0.0018144068187765457,0.7301711774197227,0.12134117737444929,0.23172407716863477,0.04643724863539731,860.7674713417786,0.6088300000452734,0.016567473489477798,0.0,0.06252460328960296
0.0005895331071704632,0.0004670521218328067,0.0008931446137491556,0.5170128138686365,0.14743763430904971,0.1412564018367772,7.722764625857973e-05,0.8278843477469273,0.02709811555841781,0.03368199546943579,0.5369194606690261,0.16913676300229458,0.24926830262583127,0.03286539420158727,1850.2231117578146,0.3677826976667315,0.07622714618425681,0.0,1.2429644931148265
0.0017578503979681097,0.00010582282575348754,0.0014849859187217069,0.2446035088973793,0.18592768580972455,0.016476910912186435,9.51821277814222e-05,0.41521804815040514,0.11259475359897678,0.0010815647609125792,0.5979439704266452,0.07047808612312942,0.5440024489468925,0.015228650989399524,1320.7283431932537,0.5274658843035157,0.0454785643502281,0.0,0.0096058184448339
0.0016239667187278955,0.0002127515673451909,0.002391550076432814,0.49685364879125243,0.09682854701748533,0.07540574371682802,1.9971270515087234e-07,0.022754252268269694,0.1837748669674826,0.001976155227173247,0.5937571876298273,0.15378245050495026,0.2678899668309884,0.07907052260699685,1527.6368225780502,0.43997473712487706,0.04810961689279293,0.0,0.010753131044425737
0.0018561502348491779,0.00013431474764613528,0.0012758061197600521,0.6262526350118949,0.012738807126144646,0.036447339514802,0.0007429438089445347,0.7183006115006554,0.4054751393637664,0.0002950340346002603,0.5284599352087695,0.1806552730572128,0.5389294196927852,0.05549595385569156,858.4232835120091,0.34780466215155675,0.007977711529656388,0.0,0.0007276254595120186
0.0007382188429505606,0.00017483761213876812,0.0009830651052704599,0.5104255953889312,0.12159159464355516,0.03495074163491044,0.0008983861297315523,0.8395096077083672,0.025539100096322466,0.003948653657811733,0.5854659240897413,0.11370484948943274,0.3488171734273021,0.09812662466774995,767.1763295129939,0.4717610746003086,0.06206346209022622,0.0,0.15461209059517034
0.0009361621516271443,0.0004596206806052191,0.002090782036964683,0.6664803496195048,0.24683087234945741,0.043862458006303354,0.0006792621881985772,0.03432332377840396,0.08567822811369437,0.002584362426950834,0.660959308714687,0.24506828176165724,0.30963254096899606,0.008066325224988973,1262.467952725237,0.41589102695302976,0.16450792610035372,0.0,0.030163583956491307
0.0017738259268481418,3.9237324326010734e-05,0.0006972039179180715,0.3542260544216384,0.2594494813836081,0.043008442590379434,1.3181520191300213e-05,0.07349995960080248,0.06899931342555188,0.00015850934735939646,0.5866019586522471,0.20480946060269606,0.313889206274068,0.09415351655256145,1989.070936748983,0.381792498049551,0.09190376611225583,0.0,0.0022972597768008683
0.0008768112952317937,5.608377028477504e-05,0.0007732961017683414,0.23889517545351413,0.15835855369225896,0.08416433434369248,4.929221639007808e-07,0.8868426120016089,0.02665249515100953,0.001272400819318561,0.7312698517114398,0.07758263511274104,0.5744058159197649,0.03255927591404473,1595.877229626697,0.6536872165986988,0.03783109446887694,0.0,0.04774040149371777
0.0007483626866421446,0.00015087542712765296,0.002261945885360502,0.13244144592334933,0.04880146070287365,0.06776822187426354,5.147895232452828e-07,0.30991745389607517,0.4081617541695534,0.007605712183297898,0.6644438430278408,0.10829688076949175,0.533864534603034,0.03304034938660707,801.4665292498231,0.556146962258349,0.006463336018660099,0.0,0.01863406383768732
0.0006071404909851455,3.5111803404547916e-05,0.001860752079723976,0.12669151539976103,0.0884287201801693,0.07965451118148617,0.00020018297359604382,0.7800853774975094,0.0632734595429695,0.022893177012399506,0.6469395634167123,0.08729123454453017,0.32146798074256866,0.09551079485890976,799.9108519607836,0.5596483288721822,0.011203168564487078,0.0,0.36181326543165493
0.0006551585624260432,7.860474621795054e-05,0.000815389517138984,0.15880956164058277,0.2931620185860131,0.022285483686769168,0.0005831607885833724,0.19208679554619257,0.10130332234532372,0.00013180861415976183,0.5626494022748857,0.06959885096691419,0.39341926151864903,0.02721507658575409,1074.5502428415264,0.4930505513079715,0.04655693166131312,0.0,0.0013011282464206987
0.0012103265555633823,0.00010248502406346934,0.0005170610940078474,0.7643774687792684,0.17044733884221364,0.04928812158567247,4.185612113119584e-07,0.5904236183604048,0.2511683246596712,0.06252584640718348,0.558146109193952,0.21216812698694737,0.5584684110778536,0.06769578405769842,1658.1185962541513,0.34597798220700465,0.13028610542437352,0.0,0.2489400145974017
0.0011955820989288995,0.00016006019978736017,0.0014976566013214804,0.6301490933273679,0.14314663629198543,0.06482105876300596,1.9660832148209244e-06,0.02885573837073441,0.16784710504830985,0.00018086139726947243,0.6942792198077268,0.1291516301065705,0.4361721561743581,0.0375700735080058,1179.1315718990047,0.5651275897011563,0.09020372307225712,0.0,0.001077536590323776
0.0008418443607974853,0.00017139450360400014,0.0007926309375340493,0.0642722867025608,0.055223580630700216,0.1018305490112352,2.3447365098410912e-07,0.23604583530463089,0.04853731898696083,0.00024149348025614826,0.7408946491087427,0.1267817875201675,0.5624017586822478,0.01221884504440622,1819.5459568181084,0.6141128615885751,0.0035493458070383474,0.0,0.00497541861183193
0.0006932168044099817,3.292422221720985e-05,0.0005758134326566585,0.342021606369383,0.23413308512169922,0.07042391696651855,2.056794616008919e-07,0.24242094316825563,0.14320743748147952,0.018128118200151616,0.5508446447238142,0.19764575863508782,0.42656492497606513,0.06407249625953768,1835.2052714109059,0.3531988860887264,0.08007857387754305,0.0,0.12658642958048918
0.0005715211405021187,4.841427561091689e-05,0.0009688522518694784,0.5358422599442073,0.011872456839028203,0.031435806488336736,0.0007353511534696499,0.9371332673603582,0.39433886882772134,0.01311783824262095,0.6525544070223691,0.16670742187070892,0.3644672980913954,0.04903810767048051,1302.6022938927576,0.4858469851516602,0.006361764103714932,0.0,0.03326539501829293
0.0005721156171607771,0.0003483254593619085,0.0019339024191759346,0.4381282253281918,0.027637145040981255,0.014714204727915209,3.0904957853307475e-05,0.8088938752958027,0.2446462045338672,0.09299741583431684,0.6789573444783282,0.10188080640674942,0.30956233786004905,0.03149678303318359,1542.7423957537144,0.5770765380715788,0.012108613309942954,0.0,0.3801302211555172
0.0009343635208124619,0.0004726928205627107,0.002438131392009826,0.6114555622024028,0.010477299496926605,0.03012340493311846,9.082335046519558e-06,0.485376078993648,0.0207630880663179,0.0006414237916888853,0.7216351195375754,0.17766401911256313,0.3516563803306936,0.09529857403956224,929.7824224253799,0.5439711004250123,0.0064064030542562095,0.0,0.030892504508007634
0.0006172381468611076,6.252785581681178e-05,0.0017837332130779154,0.12571820658924932,0.050680312423264796,0.02390784677150649,0.0006927710770361107,0.16433107790006388,0.2630384159786847,0.02664448548132031,0.5928517386433539,0.06243498461448646,0.25476794428544225,0.06980442383384534,1344.7562154330362,0.5304167540288675,0.006371437987235703,0.0,0.10129503472785299
0.0005585156257714566,0.00011645337967506238,0.0016230268999391376,0.46316017037068963,0.26852776100527037,0.04008081194743824,1.106519808734899e-05,0.40446308721241836,0.07190091233190107,0.0001926393460175926,0.6002724526797322,0.15123118077757391,0.2020236815005479,0.07023802706691049,1224.2272294925417,0.44904127190215826,0.12437136353646085,0.0,0.002679233681046383
0.0006435693968955226,2.3481325747974284e-05,0.0006876085389366592,0.4180149640808616,0.23682713836651717,0.025553924210485395,4.3549214958415876e-07,0.6909025542770884,0.3976878385771977,0.0075116937081399805,0.5782131867939674,0.22695278924460033,0.5241308991116478,0.011798202974212213,1435.548427615363,0.35126039754936705,0.09899728773765291,0.0,0.018888416942832508
0.0010572480517741902,2.69574569935927e-05,0.0005144366889276961,0.29029751471694243,0.03964303287868091,0.07154379449322419,1.7882252712738383e-05,0.46285254173687895,0.030044137823030243,0.0051105473299168005,0.7058856334776158,0.12027785247583239,0.35084459876378704,0.07516636180057612,1719.059028123917,0.5856077810017835,0.011508273920523103,0.0,0.1701013142736726
0.0012025553777256523,0.00021121866780900712,0.000722809147275141,0.3021645639865096,0.26350010640459637,0.09124355724365626,0.0004618224041099474,0.5374451412177045,0.0262565278770857,0.007774984292876545,0.5139791927454792,0.16030189934714745,0.2968556696183999,0.0692825080962087,1703.6474886052604,0.35367729339833176,0.07962039476214375,0.0,0.2961162393319278
0.0008107585417520742,7.87234282692661e-05,0.001880777579772616,0.7422925750325815,0.1257962427501238,0.10279296666914811,0.0002727841143818492,0.08316588914907798,0.42932074665707426,0.03940417220342014,0.5303025267003518,0.13265938707408897,0.33013184124362743,0.06957415387937496,1977.8493568860908,0.39764313962626285,0.0933776169604131,0.0,0.09178259497180731
0.0018223747477917,3.814406539625183e-05,0.002053801492126581,0.5281365200673125,0.2613662577552114,0.016384176573717633,1.226210419657487e-06,0.7070160985060806,0.14822759588694095,0.0004352190067781705,0.7058349680036845,0.24156088795689418,0.2771213644252184,0.02320320059819259,1395.2670225717256,0.4642740800467903,0.13803706583385356,0.0,0.002936153718030543
0.0009167135864318126,3.148761803676131e-05,0.0023643868429853595,0.7161547943998087,0.09539282005740851,0.04140563590888955,0.0006494858057536518,0.9401146446810086,0.3559159776506912,0.0008244161303347124,0.5531479727615536,0.1788580939549303,0.23826521712454335,0.05665692900722318,843.4689928992631,0.3742898788066233,0.06831602543543133,0.0,0.002316322340391878
0.0014407777324292866,0.0001511733582365052,0.0019067518119905507,0.09825990745725707,0.15780827769030795,0.01023305140682296,6.0952489531166704e-05,0.8185695192480232,0.23138432914310572,0.0001392900163822099,0.6533588008363187,0.1105951089673975,0.280771405517118,0.06105371054523923,1281.8011533076317,0.5427636918689211,0.015506226761838784,0.0,0.000601985522952431
0.0012752356466829084,5.461239724030711e-05,0.001789399446223136,0.45789777915162416,0.04652709772154102,0.10092938942162936,9.370718849494155e-07,0.23052829534602745,0.037834431231217505,0.07747548487770198,0.5750617974674632,0.11825777398848515,0.3217061158850642,0.08161088238525833,1566.514411555017,0.4568040234789781,0.021304654717064223,0.0,2.0477507486296322
0.0005400838929467811,9.274254116952311e-05,0.0022081458739360675,0.5798051458232233,0.1696717396333455,0.13918889532584391,7.491143232468399e-07,0.45823771854755063,0.07927670534893759,0.0004967804219559368,0.7297258795166294,0.13988543487489968,0.26074721972658044,0.09376871942027341,1464.7509888466402,0.5898404446417297,0.09837654774019186,0.0,0.006266411044320654
0.0011088509711956623,2.1277444857234965e-05,0.002237816008881748,0.7575763962052973,0.09514378237724996,0.10764823713216767,1.539654492355597e-06,0.22907173150386692,0.4277929542796264,0.0021089892994099243,0.665123157013851,0.05795829866894191,0.5508214660025974,0.08895007040535605,1724.174041600545,0.6071648583449092,0.0720786837746981,0.0,0.00492992995399215
0.0012656634988537044,5.937086433603664e-05,0.001458869007051094,0.42825948085414306,0.23807880089457883,0.033140132711290946,1.3869370358427405e-05,0.8072882482746907,0.18265862867105387,0.0020985389306400486,0.7241232660823653,0.14363470109121224,0.37380278016775736,0.08898914746224254,1423.398473044571,0.5804885649911531,0.10195950367348922,0.0,0.011488857361451365
0.001981104946502074,5.202750998102659e-05,0.0007584947593674798,0.05655264147654413,0.22028698410034722,0.06016926548957657,0.0005547293991526012,0.6088530031437588,0.05942483106499704,0.00014363773860166172,0.6091675937014511,0.1905133303151103,0.23754746406799035,0.016757001300884505,1102.8145038849268,0.4186542633863408,0.012457810833776114,0.0,0.0024171333098878347
0.0015467664096608634,5.1828448674936227e-05,0.0005004766482247451,0.27274965672099544,0.09908342639979269,0.07253455486411872,3.956341334689797e-05,0.6600744678021212,0.23425973651347876,0.025234186848453067,0.5916813475331355,0.07521751220200079,0.5342188444828678,0.09223375417226763,1388.650393258135,0.5164638353311347,0.027024970537283474,0.0,0.10771883902892186
0.0006424894152194766,7.841245933415115e-05,0.0005861639015332332,0.2767346498504549,0.02128413029589495,0.046350110904185324,2.8566001560252215e-07,0.10104396204582565,0.1198340143433521,0.009797020008531354,0.6551356930267929,0.12244010617622854,0.266048105265266,0.06256560615384149,1278.373010124515,0.5326955868505643,0.005890056344805947,0.0,0.08175491793557572
0.0006702448875121658,0.00016321790259456724,0.0011296487009268639,0.36152916749631336,0.18335636159795424,0.09731253152639055,3.033039572221337e-05,0.7265269703887565,0.17521856017204773,0.004547116184800299,0.5540177997929862,0.16225603644986547,0.4177626786325887,0.05472991621302381,1452.5241218265328,0.3917617633431207,0.06628867276366139,0.0,0.025951110318081994
0.0008305568099162043,2.617520798266011e-05,0.0007901667605380062,0.708168163668766,0.21477979735010497,0.09792958802670769,1.5207290935267308e-07,0.7645743387592938,0.308284458574516,0.002080238449368458,0.727392847702752,0.06743880728062364,0.43109550535486174,0.06584730653669824,1403.1001030280022,0.6599540404221284,0.15210021468257354,0.0,0.006747788905698728
0.0005256068166561911,4.275929801767772e-05,0.001139394618509254,0.46921174372561186,0.20103696152343342,0.004838221272842656,0.00010092913345057314,0.22625903058392033,0.3182350833430451,0.004216411016371946,0.5658939523206248,0.0841502374709695,0.27900289555800084,0.07182073220062056,1638.2653333433932,0.4817437148496553,0.09432890326970894,0.0,0.013249359473753615
0.0008251166196948961,0.00015925333047626751,0.0016847193354053442,0.6890939249246768,0.25427008246059063,0.11833426465409932,5.98042722184326e-05,0.6058126272134664,0.12133012390021995,0.02504103186736449,0.5628637719963152,0.1282615838146906,0.32950684509021555,0.05815242829647623,1424.4673497093318,0.4346021881816246,0.1752159691136896,0.0,0.20638759000986312
0.001992743624340479,5.622038752428039e-05,0.0006051647125949316,0.41581481118354824,0.1144598426804179,0.07837220821812148,2.1122000451238715e-05,0.07762428673965951,0.025936038571237344,0.004807391291589247,0.6592417174789562,0.14357930424588541,0.5771894732840024,0.07385010809611305,1491.6622657272283,0.5156624132330708,0.0475940978722566,0.0,0.18535565014622424
0.0010500675081080457,0.00011280777604085692,0.0020851354540340817,0.5112399172395911,0.03641270483070043,0.04988387015504484,2.646889895839867e-07,0.7798704444631709,0.029718265197607282,0.0007124684062763076,0.6828830965669755,0.2101277941743634,0.2869278351500344,0.02271182320423752,1439.250901638426,0.47275530239261215,0.018615628204116944,0.0,0.02397409140603775
0.000741611679938747,5.026682120152274e-05,0.002101344285545964,0.07447899564893737,0.12119084253427888,0.03531789539585879,4.094666435995879e-07,0.9166114206540938,0.332933550005194,0.04286040139913087,0.5437315939771411,0.19519727120440683,0.3901475876648442,0.055376620230393456,1882.0264833599524,0.3485343227727343,0.00902617223380161,0.0,0.1287356032411339
0.0009954774009824348,0.00026345086920897274,0.0008694934802779811,0.530838934868924,0.09167983021588451,0.012285547501789382,9.741262287195156e-06,0.04049808273118868,0.07638904146226508,0.00021790394151052612,0.7172114798226206,0.17802510563121726,0.3897619776550987,0.05563307853510542,869.7013999529454,0.5391863741914034,0.048667223420763926,0.0,0.0028525549913879606
0.0005366621940893752,5.257910169963623e-05,0.0005655577200385114,0.7944881724756798,0.1243662797962072,0.00033525948391698013,3.2262730951341872e-06,0.15707205007681455,0.17921191589144295,0.08131655557954658,0.5860473270222012,0.18441397924033887,0.45809868908555795,0.02602492137091868,1129.8132439363994,0.4016333477818623,0.09880753835288772,0.0,0.4537452500022589
0.0006619572335170317,2.368330256633031e-05,0.0016624520205009315,0.7073739688669358,0.0637874231028089,0.0037987887892533666,1.1172403609631704e-06,0.34047826075780996,0.20934986223107463,0.0005873537172819519,0.6491061391135766,0.06989358081894191,0.561004108673073,0.07742931516126152,810.6567912829822,0.5792125582946347,0.045121562644028404,0.0,0.002805608329627879
0.0009703100586458099,0.00011159901668545136,0.0010400466744244464,0.07997371664701436,0.07727631233333775,0.028152994516289175,3.5245278027064183e-07,0.2833514288720361,0.040281667259380774,0.0004264974286190701,0.6391155528429945,0.12253066135502763,0.24799945785736288,0.042297857374590804,1462.3425257767603,0.5165848914879668,0.006180073906072534,0.0,0.01058787924225623
0.0012390485925513834,4.460837054115158e-05,0.0007125577007694561,0.1594300404542742,0.25000426322081815,0.13401488864675312,1.2833152088201366e-05,0.4955391600914893,0.12053921271491098,0.013298679100190154,0.53596287447768,0.2002253889722841,0.4985135773142402,0.03608311676185925,1953.6036462214518,0.3357374855053959,0.039858189799036055,0.0,0.11032658004530899
0.0018857797502773374,0.00021439938202659438,0.0007539921753856415,0.7049490212849743,0.05464242903885194,0.052807984677185824,8.36190862608854e-07,0.37617074410442447,0.03163602210961549,0.00033498737070904996,0.5143777016173386,0.06030583147583629,0.2955745299906354,0.09309847799516376,1069.8708368778894,0.45407187014150235,0.03852012687157234,0.0,0.010588795568177123
0.0005731627151423697,0.0003285516639868155,0.000627269618947599,0.7406758241914803,0.20245762200007175,0.015549894348764354,1.6050293051091935e-06,0.983575327847656,0.1924564130752752,0.046419940784787506,0.6256802736466488,0.09496070760417388,0.5316155657149906,0.05500411434440591,1530.79426172686,0.5307195660424749,0.14995546603875032,0.0,0.24119716273955152
0.0017362203541152167,0.00011508101507111447,0.0023579399804674523,0.7448888022718864,0.18635787648351512,0.12504535000034114,3.8839700607148685e-06,0.3397296120745469,0.13835054449556283,0.00010190526358761297,0.6118164578192796,0.18533885724904564,0.23798099429748143,0.09096153404844998,808.8601881991657,0.426477600570234,0.13881589540773773,0.0,0.0007365729130967119
0.0011166063117342456,0.00048601842816308627,0.0011050461923863544,0.6487282835016858,0.08813648843052777,0.08182966193586975,2.0532904432850097e-06,0.05835367152897392,0.27291402251044466,0.021138025450922852,0.6018010131648781,0.08083699324123739,0.315867888185196,0.061943372716587536,1345.665529832248,0.5209640199236407,0.057176632853402465,0.0,0.0774530574005734
0.0011860257545263043,0.00013512162824527284,0.0007182909459655041,0.5093194374531662,0.03403546351200383,0.07974120039124571,1.209715414284379e-05,0.5356857452010836,0.05157033697625291,0.011480530601079546,0.7054270775711243,0.19828075186539262,0.39311469166967583,0.06260498899553074,1653.7019704048416,0.5071463257057317,0.017334923129391555,0.0,0.22261887887926923
0.0011013250556292486,0.0001413647792173362,0.0009006730831589386,0.3547759601514729,0.05969961335344068,0.09751968774067356,6.670183373136133e-06,0.5964883406238438,0.054891818536140356,0.00010214915504038366,0.5090480156652142,0.2313806336695991,0.33026056329852505,0.020388230875950573,1590.6637382736967,0.2776673819956151,0.02117998764813861,0.0,0.001860917669782236
0.0009684921541468384,0.00013467223069819472,0.0011551505647381707,0.524088588031486,0.12082120007348798,0.07080007399013108,0.0008071500126388563,0.26596993755554044,0.3034292068207482,0.0018742167375143477,0.603893689692849,0.24848778831720614,0.43784187447956124,0.027853610550791007,1046.661049672485,0.3554059013756428,0.06332101215078398,0.0,0.006176784223087487
0.0006492634848041219,3.0569927240530124e-05,0.0022265337698321127,0.5910498886061489,0.2926455495111559,0.08424489028217809,9.585964137182336e-05,0.38836682261229816,0.19433335428243884,0.08972438237216553,0.5115399262827526,0.1447983695859189,0.2712240942759433,0.032981985971435784,1954.853933477303,0.36674155669683367,0.17296811943965393,0.0,0.4617034615774837
0.0005434632070934075,8.555568882104625e-05,0.0005014709901929388,0.2607080915105198,0.13221327225420285,0.05426421904274209,0.0004493136022169728,0.17941400821449768,0.022549338626888467,0.016119099206863642,0.5212487192634438,0.16511990828404527,0.40875668817818644,0.056964367470003295,1724.8532621884215,0.3561288109793986,0.03446906988175399,0.0,0.71483689493415
0.0015359446917774162,7.669683646923102e-05,0.0017164398642925043,0.37360335929004623,0.011574877131905609,0.07234402993286769,2.3644651807784223e-06,0.4865520223040771,0.0273758966478983,0.002449243567000285,0.5972492301366487,0.23168141376930373,0.3014840905299236,0.09243871380263458,1309.5682297873645,0.3655678163673449,0.004324412979849471,0.0,0.08946715420874875
0.001858910980999719,7.922926911404367e-05,0.0010892764219657964,0.6421599260544261,0.07202296212807563,0.04847575531149746,2.883172272993355e-06,0.6833292656599791,0.03192593108620946,0.0002525904203494975,0.7336521925219035,0.0588620855605129,0.3297769830608652,0.05336140268390006,1652.741605099287,0.6747901069613906,0.04625026003438577,0.0,0.007911763627736608
0.0015633645552894987,5.9155316037550674e-05,0.0008175392365409043,0.11517514283997245,0.14228475184465603,0.001973163048990328,5.525952376355423e-07,0.2189335935386143,0.2527515921819949,0.05584092617201255,0.7311480339155344,0.13957799660001755,0.3468956115802788,0.006327844236668708,1219.101033968548,0.5915700373155168,0.01638766661765829,0.0,0.22093204513546266
0.0008570120592878187,0.000450327347898299,0.0008914392325674183,0.2009128886643376,0.25104532303817134,0.012751321782323431,0.00023420816925609622,0.4849943672295287,0.05270172869134516,0.05676774796846758,0.7152139718666282,0.14159691019768939,0.28432899992906524,0.0631465178241797,1006.2353715335358,0.5736170616689388,0.050438241037270785,0.0,1.0771515352169112
0.0007731996447291167,0.0001075286131399723,0.0012258006547610537,0.3065692771828591,0.18646080323032083,0.10196680992629813,0.00012858092362892662,0.28827893496055595,0.15352545501147435,0.0004178387883160756,0.7373537146225745,0.2003287190244193,0.24840558584697586,0.08970162956080423,1049.2566990906641,0.5370249955981552,0.05716315366925477,0.0,0.002721625467808232
0.0005493483865177637,0.0003450748752895702,0.0013672640152266348,0.4706416253713254,0.09271882452334147,0.07765866984716688,2.6626701858303578e-05,0.07204294049377483,0.2006636167815966,0.00828774231987266,0.5856279575289361,0.1911951403044509,0.20355006952003812,0.07981526538845143,770.4057711819229,0.39443281722448525,0.043637338276184136,0.0,0.04130166919543309
0.0006664581269562599,0.0003581414125448564,0.0013062341308688371,0.06098350097000886,0.04064573543824721,0.04649374182438034,8.71883530019959e-05,0.8359493884666084,0.49960080648694355,0.0025597413568635343,0.5077442569731646,0.10218786515997523,0.5487460657157828,0.01271570767506747,1012.6970515950215,0.40555639181318937,0.0024787192465250724,0.0,0.005123573308183661
0.0007775650659848973,9.782425063055254e-05,0.002113699807574525,0.7609999454391115,0.08852856583898737,0.12784970503745008,5.911871381628781e-06,0.9313983588787937,0.13701838391079102,0.0004546401455529639,0.5170291224121614,0.13609182270805317,0.34790684672301386,0.04553599861620015,1092.6724171078467,0.38093729970410817,0.06737023377327218,0.0,0.0033180959560066615
0.0008164059866163539,5.766500811222898e-05,0.0005869658320981519,0.3911117537568544,0.12213920793673576,0.10948555674072805,0.0001729914035881346,0.598527141386655,0.13804404890539917,0.0012561280625470782,0.6479096404662532,0.07665911544152895,0.2922471655147717,0.09382651964948964,1490.2709747040344,0.5712505250247243,0.04777007981860983,0.0,0.009099472758929984
0.0006377713598952529,6.435451098119078e-05,0.001378311460041187,0.4921753943296286,0.2423778420653844,0.02442130559084879,6.813855373432115e-05,0.6028906598275898,0.10023152922671762,0.0013780198788947752,0.6180366380371297,0.24781995905442622,0.35121981999823865,0.06973028835694785,1980.5019181211223,0.3702166789827035,0.11929240999529502,0.0,0.01374836730045072
0.0016874513313776438,0.00022291841887069107,0.0019089023522070232,0.39965104897849874,0.25261867171549435,0.08469712175036898,1.059342147684359e-05,0.8220874154693594,0.0907918493906369,0.0018899979689843067,0.6225797222516319,0.16824009771823278,0.5249039342540885,0.017183902953964762,849.6616850091889,0.45433962453339916,0.10095931714265233,0.0,0.020816824215712217
0.0011972148518045547,3.5213174517458335e-05,0.0008419269904843264,0.10437593301930437,0.15028628329064,0.064731981415912,0.0006023867658205893,0.045342465904412585,0.0790046626908223,0.00023259481360062988,0.5615214060656597,0.23375058126745546,0.4753803736849812,0.014947345423697658,1465.3256559834676,0.32777082479820424,0.015686271038464043,0.0,0.0029440643840334957
0.0012948505531504917,0.00026093524092745866,0.0013757293837894822,0.06551405456216901,0.10988084165169834,0.12007288298914669,1.3522664812942578e-07,0.7915660413423204,0.45503297222492256,0.0014383540367132876,0.7319796109661196,0.1222661641800043,0.2626886869708522,0.08428620431363318,1242.4050616777558,0.6097134467861154,0.0071987394553064184,0.0,0.0031609885975522447
0.0012594579597322193,6.890965976217779e-05,0.001240212878321058,0.2781485815991595,0.05713016423114623,0.09017670562975928,0.00011786826182100685,0.33569139787396274,0.03847731757132011,0.002153573783873926,0.6055419282784923,0.07723226684435885,0.5509521501619702,0.036860167891028583,1912.1697823923357,0.5283096614341334,0.01589067414742036,0.0,0.055969956322504615
0.0018706786096300532,6.644163032838874e-05,0.0012632061004038552,0.3045861039910555,0.24101462300796012,0.14411869078398235,5.008729669872958e-06,0.7237964131643221,0.3395875326670177,0.0002965327264012489,0.5378909938810494,0.22949791835405892,0.46431810548601077,0.03242484185437394,814.0150644708456,0.3083930755269905,0.07340970502686758,0.0,0.0008732144082922321
0.0005304327846411865,0.000197928026202946,0.0008832899312725017,0.1261734404308298,0.1059030212986606,0.12600886692883953,0.0002927579201540146,0.1636919471170525,0.4607336082448822,0.0010379460840153482,0.5163833661068647,0.1538711470071387,0.44989953428968565,0.0784363936196406,1075.0981221425664,0.3625122190997261,0.01336214854927145,0.0,0.002252811745097776
0.001791099553917361,0.00011034349119450201,0.0022459002572066235,0.6335220606537803,0.11509613702407909,0.07813135725095907,1.7802157272618656e-07,0.16500129284878373,0.3771661314087295,0.002678475157462856,0.613995287969915,0.18267272234964854,0.29113694990010114,0.04262659841594842,942.3839140826935,0.43132256562026644,0.07291594190078443,0.0,0.007101579209826322
0.0009872817546401048,4.033795053448268e-05,0.0017746782744640036,0.3088400234318727,0.08724858246560585,0.1121301393233471,3.43285945023473e-07,0.9043670566018022,0.4793371957500162,0.09775720801005522,0.6166408677807352,0.15300676135024277,0.27856111115406523,0.07469402388489049,1631.4547839169209,0.46363410643049247,0.026945854253075392,0.0,0.20394246237681402
0.0019152865699255995,5.575888646317812e-05,0.0015296707869293037,0.43718922890412193,0.26361460811461246,0.0977196557465728,2.4831846284375315e-07,0.33478486475783026,0.08548736454122843,0.00015737307851463862,0.6294990811287038,0.155672124188919,0.32098933124666806,0.059254149301690165,1141.1807671058577,0.4738269569397848,0.1152494672494897,0.0,0.0018408928542737036
0.0006411082240948383,5.535489280116764e-05,0.0007742690223550479,0.2511099757329833,0.20628293930469643,0.09299435751667985,2.2831410218303886e-07,0.7034626730654098,0.2722694486903226,0.009608047372283813,0.6261295779021889,0.08125901696262508,0.31034878696263,0.005278908749570104,1815.7098165450461,0.5448705609395639,0.051799703882930793,0.0,0.03528874583064933
0.001118322430987511,0.0004697576924474182,0.0006154167649967177,0.7120496969792562,0.07125093689855728,0.09744822724265775,7.210245904754444e-06,0.820690171934746,0.13299731240163823,0.028601075280418782,0.5539057550247795,0.13851717821272305,0.5057751922862781,0.08018251432545345,983.3770702259003,0.41538857681205643,0.05073420802810582,0.0,0.2150500244249032
0.0005397391038303306,6.40211093574392e-05,0.0014517619531381253,0.749465579785135,0.07390889820550213,0.10473662545151441,9.326168181885284e-06,0.8990149926821973,0.12432757921439115,0.0032636910990095948,0.5559018474131003,0.16113808466302715,0.2824733776451031,0.05247488672518832,1918.8667870442414,0.3947637627500732,0.05539217524486718,0.0,0.026250741143939337
0.0008281167756279867,0.00037590139195110844,0.0013467328422464894,0.4840482035361456,0.09072636580663632,0.03656272067562201,3.2565645620728676e-05,0.4377597116340483,0.36754106407248704,0.00024257880189887098,0.6310367226901437,0.2140066969653444,0.5038571756151804,0.046945885469415916,1788.0198918668466,0.41703002572479925,0.043915934382065494,0.0,0.0006600046242752053
0.0007175843122493526,7.031964100164035e-05,0.0023242895763681726,0.2887528578904656,0.07454031091371936,0.07478796514735998,2.3370433448007358e-07,0.7346780926924759,0.02069456411062017,0.0007057290087109793,0.588406845115758,0.15879262627389248,0.5128546122457374,0.04238599970814433,796.4154461912561,0.42961421884186557,0.02152372780438033,0.0,0.03410214416397438
0.001388433446374682,9.974842405084134e-05,0.00195686250668304,0.5809579213701729,0.15538643330304883,0.05260452775856501,1.2530155751160883e-07,0.8742612060203376,0.05612205634721707,0.004571510619645205,0.5230485907312536,0.22396421174726394,0.4094665185798002,0.061835076597821385,942.7457904131256,0.2990843789839897,0.09027297930086425,0.0,0.08145657727439798
0.0007835696799664247,4.0662163503398196e-05,0.0022906019102865707,0.7523183640686814,0.07654603548450238,0.12269898291903132,8.097889721187118e-07,0.9528615588130414,0.11465313877878229,0.0019334576694310633,0.5754372557569489,0.17541164227219908,0.3505992912218028,0.09067964318788999,1475.07489352968,0.40002561348474985,0.05758698819164407,0.0,0.016863538931643003
0.000539344520683981,0.0003187944359356793,0.0016018540387131017,0.172166618817172,0.052260643497916856,0.11567650570137768,2.118218321108806e-06,0.8030187920427442,0.022313267624641836,0.07808221721516931,0.503208587902255,0.0725390151373127,0.5369872088764585,0.01654402318093358,1620.3157798576992,0.4306695727649423,0.00899753828824597,0.0,3.4993627347049157
0.0008674211706736839,0.00021045800441572273,0.0012712069233528915,0.1806886135499683,0.11430386817373632,0.14232790750506416,1.9619436517417048e-05,0.5759507860517827,0.22992845352210706,0.00013666775385110669,0.7009933304448435,0.13093737901725427,0.42982993710675715,0.06705532971662799,841.7918122449277,0.5700559514275891,0.020653407463710763,0.0,0.0005943925240986602
0.0010137299630279158,5.130586697367558e-05,0.0006263900195430563,0.42387946227695505,0.0926006520714186,0.10081967798203723,8.042181592895046e-07,0.8262088827060369,0.44211419750872993,0.00011413585295828086,0.5868110422596814,0.24573689511384234,0.5789562352884012,0.09673715420044321,1224.375419328733,0.34107414714583906,0.03925151460652832,0.0,0.00025815921226105194
0.0016964765126904627,2.9733459814983342e-05,0.0007396869060041398,0.19952948069026588,0.1274988204207728,0.07445109375569836,9.163675140395666e-05,0.581666529481883,0.05514008896686124,0.08705253426525585,0.5003365882460036,0.23753132605783062,0.31692767809749767,0.035426582209376396,1299.814489887562,0.26280526218817296,0.02543977342717826,0.0,1.5787521546723244
0.0009889323714559449,2.8299930985396574e-05,0.002300012967613194,0.37369206654696663,0.29072376541337364,0.09003323099600534,0.00015396250594130106,0.7581265548667501,0.3867134424951737,0.0002433747588280566,0.5205205209754332,0.22422465067112696,0.48277216426338193,0.03104121860039802,1649.6250964764683,0.29629587030430626,0.10864116469163913,0.0,0.0006293413470650015
0.00146674982672348,0.00037347681486943297,0.00200204574530012,0.17440711981677381,0.22146932248605358,0.05192041754069964,2.2701570408661471e-07,0.3728533921986433,0.1783202568313163,0.0005606757000494127,0.5084254396758946,0.05658757597106142,0.28712861412320345,0.02679802971795106,1532.1054763564516,0.4518378637048332,0.038625826662564866,0.0,0.0031442064407735185
0.0011982592162174007,0.0003970962426949373,0.0012669980384268607,0.11569638806261157,0.024376014355689035,0.01794973528932171,0.0007379586788942746,0.14482321458946001,0.08026385212144255,0.0007767302986134951,0.6262511896089622,0.24733579464055078,0.3154930302083932,0.052944162854336146,1060.5802449847488,0.3789153949684114,0.002820216816315589,0.0,0.009677211821808277
0.001101959422119252,8.139791031513696e-05,0.0005602166350784179,0.05091701220486033,0.002542098448468696,0.10747961973347463,0.0005041657705186339,0.12040148703949867,0.2432865295902605,0.006546748249472014,0.7293735276760456,0.06162494936958768,0.40483046544164775,0.03469904002374045,1415.3620038404515,0.6677485783064578,0.00012943605772663708,0.0,0.026909620768967146
0.0012918469732628377,0.00027330618940784506,0.0010455159182068087,0.45647129116825147,0.07152653296284976,0.0005557570411991427,1.2958609099599355e-05,0.5967168451010725,0.09301870653916014,0.012795446744634922,0.608153974492958,0.06976365863816651,0.5742133698130758,0.06666886483236273,1902.4244329151609,0.5383903158547916,0.03264980885434053,0.0,0.1375577797273298
0.0007189511375933191,8.819192351583102e-05,0.0018693517395164077,0.7703807527972646,0.19602652004899707,0.13990618192354798,0.0001629812352922773,0.37494936733746986,0.023076721104643566,0.0003104358407789058,0.7231413630166863,0.23229352528122577,0.43613707206559593,0.03670736915587249,1361.7636167966934,0.49084783773546053,0.15101505808357443,0.0,0.01345233750372097
0.001277994735996256,0.0003884413219579905,0.0015719655594265674,0.36290426188218694,0.08131518676059742,0.12468465350040273,2.8144768404992075e-06,0.8791493497897566,0.03530656738633273,0.0005845150662506626,0.5599394259883996,0.15963712685656561,0.31825323824225055,0.09907204912287493,1697.2623744439106,0.400302299131834,0.029509627831166785,0.0,0.016555420408185306
0.0014031587904940468,9.538307922135377e-05,0.001159058632306187,0.16099354201410743,0.06588733929611576,0.0628436310569292,9.663848036262218e-07,0.01571212281285656,0.04889672907405785,0.0015649915823669615,0.6402916032346035,0.08448404409477009,0.24972880898251698,0.054249859949012026,876.1794142064945,0.5558075591398335,0.010607436127166964,0.0,0.032006058728318236
0.0014625728588790073,9.609804722217096e-05,0.0017003508517306621,0.513394448015534,0.039949576624957406,0.07795809703894686,1.066046278380315e-06,0.4184044936541604,0.02677539530389002,0.008962992413321562,0.7200742762140926,0.058941970365741135,0.5324892311403675,0.02896482111716186,1732.01317812534,0.6611323058483515,0.02050989083982429,0.0,0.3347473421622794
0.0007547521727718909,0.00024630583041075323,0.0019409918911590183,0.1426800391239869,0.08749344189485574,0.06892491385658789,8.718746711270438e-06,0.7749758370236616,0.13359217359700665,0.00014297391889236193,0.7248415387572966,0.10585116513613285,0.5784048899894871,0.03418700657563739,1157.9344355606654,0.6189903736211637,0.012483567712650292,0.0,0.0010702267583702636
0.001553565848931505,6.722639130442968e-05,0.0014159809402229315,0.08129444962719223,0.25253777993849386,0.06109068818525232,0.000776437822145168,0.2956685413085453,0.40841886908062147,0.0016096371146456293,0.5282741653906365,0.08846451475893151,0.20643761544657574,0.06783861178013324,1826.317681476181,0.439809650631705,0.020529919830172848,0.0,0.0039411428719467135
0.0008080497181482613,0.0003183521953034164,0.0005261882361541669,0.7097106248358477,0.2584554095557243,0.08294937022396641,8.105984876952764e-05,0.9928037929837078,0.033142317801020615,0.0900073503838851,0.5080740066026368,0.12490746764264028,0.3376452876586999,0.01553941153473434,924.7450110681979,0.3831665389599965,0.18342855020799803,0.0,2.715783214809235
0.0012308038132661813,0.00017651400373585254,0.000751110088343852,0.40104855507792897,0.1762741693883093,0.08096061577696716,0.000310996099642919,0.10873635910651422,0.10851964960282856,0.012552306786014393,0.5162505884205915,0.06405774996986976,0.3920684840325084,0.014211808861870772,1761.4460829593863,0.45219283845072167,0.07069450093074355,0.0,0.11566851562785749
0.0005937440751794963,0.0001555283171266122,0.001966563896183039,0.19092230413957295,0.06679113867388342,0.09463714738301429,0.00016111511303325922,0.756478021881512,0.120169086881791,0.00017744126358505395,0.5709978382609195,0.14796345462116922,0.22799478535762374,0.030562910196426527,992.0658004860353,0.4230343836397503,0.012751918091723564,0.0,0.0014765965872704098
0.001035995747951954,0.000250805760294381,0.0011424772979657736,0.5619545460656433,0.049005951016686,0.06835852384040605,0.00010538202355477066,0.05036587869468649,0.10309446026497954,0.0005881861866533326,0.5091694605254838,0.1438090935141782,0.4868339651471636,0.02109158170686692,1274.6660487448103,0.36536036701130564,0.027539116958096934,0.0,0.0057053132160694315
0.0010485456369939696,0.00036692217544599865,0.0014972361460798634,0.7878676546940243,0.0849294998516514,0.061410714026573096,5.628308060367817e-07,0.21109495605834358,0.440657212674792,0.00034875381784718596,0.5192454966559057,0.19065764754907538,0.4710653460641688,0.030937357988997206,1161.591807373583,0.3285878491068303,0.06691320586245707,0.0,0.0007914401666779675
0.0015321900015392604,0.0004139930933055871,0.00105051490294195,0.28421448475163597,0.16505985408376242,0.08879850696983195,6.62348678314462e-06,0.42737944187113486,0.09877211878784202,0.006609752676255504,0.7104003574043299,0.2442210058974461,0.2970142371267784,0.025944151039927477,1443.7358729259815,0.46617935150688383,0.046912401381596754,0.0,0.06691921523373362
0.0017144069548580402,4.058589042728154e-05,0.0007996037642460033,0.6278076801093957,0.17496213210046566,0.08748620277651496,6.771350458277509e-07,0.20006820916601725,0.020085761279631128,0.01452233477121705,0.5189350965097994,0.11987952987538972,0.565507821560501,0.07789757714890402,1984.1463358448357,0.39905556663440966,0.10984257026098697,0.0,0.7230163979865716
0.0018016011051493915,2.8774123073490763e-05,0.0007231819684210848,0.07543556737230603,0.21798074215611357,0.07869648783440454,6.298012778650335e-05,0.765545702147548,0.17683479345257677,0.00032161665833596673,0.6097773038692048,0.0908220856037104,0.3132972849642293,0.04735429592749671,1042.8019839908075,0.5189552182654944,0.016443500960782773,0.0,0.0018187408261497887
0.0010606287659392965,0.00029963921881846214,0.0023048963293704683,0.5701101883815816,0.28883244176937645,0.013556713907512733,1.683377647554845e-07,0.22891235427936324,0.03550416984000117,0.0008696566811702358,0.5848520615900832,0.15843619295733002,0.49414578836134504,0.014441494156120834,1367.410707840273,0.42641586863275316,0.1646663177878514,0.0,0.024494494170384105
0.0019055376429052086,0.0004118983136930153,0.001558303747805969,0.5992194278270193,0.19713327401801017,0.038096766631921325,0.0009653746906542482,0.14931724085101475,0.11314382516617504,0.0019136263938689024,0.6131897672514812,0.1980625951885649,0.2499688139697311,0.08736563205625646,1965.4669339027644,0.4151271720629163,0.11812608766273906,0.0,0.0169132198867976
0.0007847234882818379,0.00010191419546873487,0.0010590522485361654,0.08028097367037051,0.16537663970049074,0.009267397372221724,2.138334112896173e-06,0.22720597588648395,0.221927785124435,0.06690273992108765,0.5924215823120864,0.1035901407382484,0.46529522980597804,0.009133243894260196,1633.8837774661947,0.488831441573838,0.013276597657489448,0.0,0.30146175650595197
0.0007855128267314895,0.00010428739197458239,0.000729905807472776,0.3478896721224569,0.15851520939320587,0.13724021604271852,1.9387945082778683e-07,0.3616560892330173,0.02700969918285719,0.011290717073064874,0.5414499235792933,0.0636105194172975,0.48249982239237377,0.04340233120497401,1582.1374172133615,0.47783940416199583,0.055145804222224995,0.0,0.4180245398745866
0.000526165719148409,7.997350404763772e-05,0.0018980316749578534,0.37028636352288913,0.19285141760587998,0.04285911476304299,9.136807778157268e-07,0.7460717585143251,0.05654109990719584,0.02793732863101023,0.5049839528228593,0.05937096536070233,0.34647605578032065,0.0542881963908809,1033.7060668728773,0.44561298746215705,0.07141025012551537,0.0,0.49410656454977664
0.0006787199950761367,0.0001694829129966627,0.0006593701563718386,0.18653863323621483,0.22619166792299525,0.1262252894989691,1.5022623772392284e-06,0.7953603502752764,0.19706199653131098,0.008480260259189808,0.5291766173024623,0.06326606975772363,0.5021617119599794,0.09340551421916465,1618.7923085754633,0.4659105475447387,0.04219348458377531,0.0,0.043033463622918225
0.0019950063855084187,4.4694210217878535e-05,0.0008611665469371332,0.17593468160885234,0.2072257500161712,0.13182452811485817,3.571069334282344e-05,0.33331537199276356,0.12380385064366849,0.08373376284595359,0.5487496997372471,0.10502793293940677,0.4134091081995951,0.09969542576601237,1550.2703122539078,0.4437217667978403,0.03645819635025071,0.0,0.6763421526116794
0.0018934835422382106,4.639550965556733e-05,0.0007564237707047998,0.16004738024722975,0.013335651337879393,0.053253221055931964,1.3394210732910494e-05,0.7939548866525351,0.03650259425975098,0.0004485723229807487,0.6693154494767377,0.16298432717988168,0.48146608345449826,0.020420144509578103,1537.3877676100756,0.5063311222968561,0.0021343360605180616,0.0,0.012288779251927309
0.0016816764661004352,0.00020307960673457558,0.0005748710262934552,0.3431135146072911,0.15002438184450004,0.1223681206051902,2.0377251827685097e-06,0.6435913020594259,0.039020814339821616,0.08015381531207334,0.5719772948382466,0.194603060157929,0.3741664479599041,0.030407967761230167,877.8762362946743,0.37737423468031756,0.05147539293145268,0.0,2.0541297425019285
0.0007861549500728442,7.815487804243754e-05,0.001999982312036711,0.2611747296337249,0.14659118509315505,0.13517337472250152,0.0008463540127509619,0.4491114403984574,0.021931959040004542,0.0008639590601555237,0.7037328644170363,0.204625730243835,0.4247083895897289,0.048449288638815625,1489.050544860352,0.4991071341732013,0.038285913133392094,0.0,0.039392698964084184
0.001016231998839403,5.5235349519888606e-05,0.0019627403471310697,0.09497971977950717,0.27757305720524034,0.04666620742532149,2.978617435706953e-06,0.0951593841113323,0.19022814726405224,0.00020861126853987733,0.7045307693708848,0.13361398367408925,0.45120431940545486,0.029286108691406573,1923.5635090059955,0.5709167856967955,0.02636381119169484,0.0,0.0010966372302954085
0.000771414419080686,0.0001340015440861197,0.0006768205988995022,0.30019509679503587,0.13090108784672422,0.09704732478070624,5.14752110807663e-06,0.8353740624647645,0.07111063342993211,0.0002606613059177154,0.657671112513772,0.051957534578365966,0.49612150543078426,0.027119112448668155,1081.7605275688265,0.605713577935406,0.03929586473672287,0.0,0.003665574237565391
0.0013364298448660344,0.00013960986291660724,0.0005266695545869221,0.3267778695846736,0.27820616727685366,0.1383699256434374,1.3894428555257888e-06,0.7896368193060951,0.2703402749065119,0.06900854007102095,0.570373599220172,0.07893664733635385,0.4939630382950829,0.05857516393606567,1506.9784270024857,0.4914369518838181,0.09091161864804757,0.0,0.25526548012457717
0.0006674011295072735,3.5680559016102245e-05,0.0018757739616454823,0.6566749030769177,0.27358914454128724,0.05826843263381629,0.0006248889228291637,0.659264912535276,0.036321644866838664,0.0028819050357178767,0.7411882995544271,0.1919495658076193,0.4317429238932655,0.05714816998584075,1791.0608740313617,0.5492387337468079,0.1796591249745466,0.0,0.07934401226275493
0.0014761591504503918,0.00017271445959951947,0.0017690081387381942,0.19327595902817502,0.11991354609715585,0.0984570491406109,0.00014631751930891963,0.21830731597252517,0.06264136309930113,0.01963335179993166,0.6020486810355128,0.06073931887463647,0.5671355134173255,0.05493278144950209,891.762779485138,0.5413093621608763,0.02317640562239707,0.0,0.313424721757862
0.0019703196450654593,0.00045249887677381584,0.0009304663885617078,0.7225807876221231,0.06706139902672804,0.07856007416420017,0.0001108987036843573,0.45368767615513006,0.1715860245438462,0.00016903810552117558,0.6398705992137487,0.13284513088190142,0.3930085734053582,0.041623382791049546,1298.9892342642258,0.5070254683318473,0.04845727852777463,0.0,0.0009851507776962364
0.0014992505574431823,4.528468263864323e-05,0.001351830048722079,0.18356731116297548,0.2577099425155069,0.11707423779335757,1.8977587912081333e-06,0.19325574414946112,0.2331073703271674,0.00039994618738417,0.5777378960610353,0.12087219925095621,0.5598100554591002,0.09315784249188018,1158.5671199719739,0.4568656968100791,0.04730712120753658,0.0,0.0017157166108598086
0.0006451869313797833,9.054903103630909e-05,0.0010028166840240316,0.7310694203051271,0.05399750808047058,0.025283715161851305,0.0004905224767912781,0.17128287743423742,0.03939979727819211,0.0031390792269127324,0.7206327451619184,0.06495795900762316,0.5397137371420264,0.08968662503713225,1739.0500799185725,0.6556747861542953,0.039475926930311045,0.0,0.0796724715294467
0.0012979678640364714,0.000407969800773093,0.0005432268865266833,0.6296368098131315,0.03818671496531687,0.08584294689347031,0.0009350432772891379,0.0872734211894391,0.4117098143897578,0.03709060579163067,0.6646350845706261,0.06438812894160227,0.4122970666428774,0.059331048188484725,896.4399827050784,0.6002469556290239,0.024043761388005482,0.0,0.09008919509632507
0.0012033144839687774,0.00011489571473197794,0.0007279894434347927,0.7552102293113507,0.027441148394166365,0.13892907867326515,0.0005082815972575033,0.7900503612626536,0.49237099867442763,0.000918020825104277,0.5606109389689368,0.15829215055761994,0.3626676579692327,0.06598681703059503,1574.0029388565154,0.40231878841131685,0.020723835971325183,0.0,0.0018644900442467032
0.001736744405384686,0.0001257452513029925,0.001011495840096994,0.6429991172166099,0.11365732344657398,0.019148315295484764,1.5099839953153788e-06,0.24161447315036672,0.055945762557617414,0.04072365273863755,0.5314692949802928,0.18861084392497068,0.21170074475463804,0.027291009283522568,1814.2554428129556,0.34285845105532214,0.07308155864134976,0.0,0.7279130871922084
0.0013179745837107301,2.7689371019009642e-05,0.0018729095195122736,0.560517771253313,0.13625242535940363,0.11941371345459775,2.0504036177991297e-07,0.6119168419311323,0.07151098745164974,0.0003248510579535012,0.6523945720706964,0.21963041645541231,0.5782359448850392,0.07427518999335837,1623.5570911025202,0.4327641556152841,0.0763719057903113,0.0,0.004542673364329371
0.0010372392618660086,3.1463631266423466e-05,0.0008827426846530886,0.2686961429499746,0.0030973577549512532,0.0554861003561638,4.915799396233113e-05,0.04661575298577072,0.025421717433433386,0.0006813657916427811,0.6894180257208088,0.16981868765607558,0.5505419008268206,0.0964379090834597,844.1109048189844,0.5195993380647332,0.0008322480820915944,0.0,0.026802508265892474
0.001721197254313151,0.00010050855504491085,0.0022848484214056546,0.507152908488757,0.10729575363207891,0.019936569777201638,0.00023750297939587587,0.09569924895604272,0.1168637339829318,0.0007983863470159826,0.640445507792976,0.22160789870274672,0.27338771144812046,0.08245524277194602,1021.2450235136412,0.4188376090902293,0.05441535352300194,0.0,0.006831771669494906
0.0010402377396102045,0.00018885326521981226,0.0011884538934205462,0.08597957129290856,0.1394995919879232,0.07712291812199895,6.951383859448412e-05,0.4658245950232357,0.3361940484460103,0.0005103953100129842,0.5298445305695022,0.215881112540584,0.5245218615511122,0.0191817497833376,949.1534546397168,0.3139634180289182,0.011994115114657299,0.0,0.0015181568869888815
0.0011228805654468765,0.00027729900505147573,0.0007067932447441766,0.22195151881346564,0.05683820638810641,0.11560904140568802,1.964221251310041e-07,0.10349096086251842,0.4711425348895185,0.023074540860992983,0.5046440336469475,0.06443402970925238,0.2430244194554183,0.04857326751361799,1904.8393023542346,0.44021000393769516,0.012615326234473444,0.0,0.04897571149334647
0.001568552583370005,0.00018637965603705305,0.002480350632502195,0.508610528969841,0.003289816381192494,0.013742828417729367,0.00016637259649457297,0.15934573148560144,0.048969011449030944,0.000888112837859295,0.6522956938863654,0.13036242523332006,0.37515619567918235,0.005385687714739478,1801.8517180162546,0.5219332686530453,0.0016732352498519626,0.0,0.018136221491497354
0.0008056866443091674,0.00048354138812542095,0.0010224939862302621,0.57372622946589,0.2430792376946191,0.012540728466110268,3.96585894112555e-05,0.44493621970972347,0.418058359962883,0.004354547205239124,0.6898634014806165,0.1044938729706138,0.21217032662093607,0.04728881054993712,884.2919421685267,0.5853695285100027,0.13946093450397665,0.0,0.01041612277679542
0.0005775111033578366,0.00015636235103007513,0.0006129839405588268,0.17909167107470025,0.10061979507622135,0.07590194491943751,4.052531833577982e-06,0.5801178444887477,0.09944070639026328,0.0013806810282068838,0.6370588975860507,0.11942010481167181,0.5549768747441313,0.05832704792345612,784.2676918593281,0.5176387927743789,0.018020167243394378,0.0,0.013884465208727367
0.0008559579739149376,2.817264973246918e-05,0.0009677565462296746,0.5626229950476938,0.19614328559942348,0.04828792352396809,8.849262219400852e-06,0.9739318411874058,0.022894461175995594,0.015344112456065016,0.6568577853065378,0.16198747245475853,0.3960095840080308,0.038301207566817756,1472.1865886155979,0.4948703128517793,0.11035472280244282,0.0,0.6702106827547016
0.000616511147987196,0.0001202953944876472,0.0020734779954742527,0.738759124577503,0.28527033710220423,0.09564971922572972,3.601731870305302e-07,0.335405960108136,0.1566162071869376,0.0009043137782551653,0.6408650346934144,0.22171366997295744,0.308342711555149,0.041080815562842814,1170.5850663252018,0.41915136472045694,0.21074606450555358,0.0,0.00577407533037608
0.0017756539561901037,0.0002125966659359479,0.000847057392309662,0.56531519831322,0.18806737640040525,0.0855973710293684,1.5216960423933924e-05,0.6535130165078681,0.023690077179710712,0.000601908025926328,0.5833365947023015,0.1113715069931072,0.4746635812021111,0.08537353094262658,1551.6254914436204,0.47196508770919426,0.10631734618604208,0.0,0.025407600885396446
0.0006974004836992199,8.319892644461478e-05,0.0007529650500453322,0.6161702298102769,0.18479847144046269,0.047636980221769765,4.805985962938957e-06,0.18788895045357637,0.022575284673707004,0.00391928359849315,0.6219431009430755,0.23406754365311838,0.2534949996297959,0.09355894476431278,797.0345564925113,0.3878755572899571,0.11386731661605778,0.0,0.17360948732831988
0.0005784590123423505,0.00030598317786042134,0.0019986295533156555,0.6621723183130567,0.15421646240128525,0.11090576930536446,1.0736281426227532e-05,0.534367475210665,0.021373522732684697,0.00010786282786759816,0.5455900035450688,0.14241285458516334,0.4979276787221176,0.016833639370218145,824.6201598761269,0.4031771489599055,0.1021178724302974,0.0,0.005046562946904994
0.0019468988696872032,0.00010020544264094364,0.0007820626437782265,0.5659239219710592,0.15078104796860253,0.06536500737694746,0.0004111749213597788,0.21264001013090852,0.08991687373879666,0.002042782223552738,0.6938995963623432,0.08676688904634855,0.26775689557654286,0.0672903281764763,1750.833054057553,0.6071327073159947,0.08533060202529796,0.0,0.02271856369792062
0.0013391618682644124,5.220315057949126e-05,0.0010360608005371566,0.7804938609331611,0.24002471388138547,0.04393298613342591,2.0755167288385014e-07,0.6792496251939644,0.02985901432213162,0.007651298065394881,0.5964318593463482,0.2159746940969265,0.3069193638637616,0.06375906657106502,1386.0499734573818,0.38045716524942175,0.18733781565665986,0.0,0.25624750980891253
0.0007309332468617862,0.00014216110250039706,0.0022962083566392803,0.49489494446312304,0.0911841859240335,0.03559583654395727,1.1074823267796406e-05,0.9308553886260721,0.2061103029533329,0.01698200763838426,0.6814939336838792,0.23830978500773126,0.29407059368417776,0.04486070943157039,1354.8621205839374,0.44318414867614797,0.045126592628789645,0.0,0.08239281295040012
0.0007579749838449861,0.00012907785947575523,0.0015466691679275851,0.44076515543582234,0.18622752947127913,0.11265329837353191,1.8788321686611468e-05,0.07996312666351384,0.03393548439700793,0.00024771683381005945,0.6122683200418693,0.167821950212085,0.2169628770834127,0.013233071744417867,1998.1582984996783,0.44444636982978425,0.08208260597383753,0.0,0.007299640426877198
0.0008135684210583582,2.4059351306459805e-05,0.0016814257001073,0.2457651999263043,0.21745352632098205,0.022953257326242895,9.241031400335201e-06,0.38164967874435235,0.23566345644178496,0.05983294225794606,0.5708006864116437,0.23391788315026357,0.23138701712592283,0.08396336588058127,1360.1994174392087,0.33688280326138015,0.05344250937095603,0.0,0.2538914737199671
0.001808376269267827,2.1552652736660407e-05,0.0013961091330453768,0.5484523999235315,0.2700809820155341,0.005364558478807791,1.0485518397681526e-05,0.706009456071228,0.05176763148827709,0.0017285734236128368,0.6323966125472196,0.20782872746018943,0.35881532557924695,0.015167332793953783,1635.3069101692863,0.42456788508703014,0.14812656276012381,0.0,0.03339100851087376
0.0009144620874791395,0.000166407200612783,0.0008886242117504969,0.6946007179225624,0.1887591240923464,0.11776621564594211,1.0879276727999536e-06,0.2753958321274008,0.057100740375629094,0.007280209262601999,0.5961837269510564,0.17334340855012437,0.2865146874782093,0.09457907484119135,1226.174834519834,0.422840318400932,0.13111222310897785,0.0,0.12749763338811684
0.0012706140353114144,3.170345138416352e-05,0.0024548452842011546,0.1312143025570856,0.034568216683739134,0.07945258078372408,1.2807641518981505e-05,0.507831884418397,0.05004482706387471,0.06191127877903966,0.7003548631430401,0.19167964648329,0.37539297113220527,0.044999991589168106,982.5637410759678,0.5086752166597501,0.004535844442799041,0.0,1.2371164496186429
0.0010036310976801743,9.30602438490159e-05,0.0009751626435419767,0.6746543795408737,0.11529566445662731,0.026435852377875876,5.332276416105593e-06,0.3939658816762517,0.027724221389807725,0.00016613375990488368,0.5102254305494734,0.13756769182819345,0.33051461880641486,0.055265508157360234,991.0832808438876,0.37265773872128,0.07778472496773867,0.0,0.005992368823239867
0.0011487100349559264,0.00016728325293387272,0.0012473212983789036,0.18252535188028002,0.20072683420670925,0.06679183565126338,2.9173199902507044e-05,0.7163323444174685,0.21552841290917427,0.00023913715587932662,0.552876347538981,0.15246875505972496,0.45584207039194635,0.0319192917677316,916.2806273169562,0.400407592479256,0.036637736045394234,0.0,0.0011095388893347501
0.0017036539144328281,0.0004896189285403965,0.0009594451871959607,0.7503728979779578,0.14917891275271322,0.06391059936330941,3.100134422831459e-07,0.9460922319342838,0.10548836671212866,0.0002807027725551874,0.6982620841749988,0.06879082413537137,0.40024413057937314,0.02808996373782016,1889.5912256598301,0.6294712600396274,0.11193981307945435,0.0,0.002660983208899311
0.0010569122370099374,0.0003469496702764078,0.0012322251423616897,0.45522275840198984,0.08335261569215671,0.014296998820287576,8.910675115474923e-06,0.8167166272278279,0.024209004783199106,0.0024014092737904983,0.5919539673598541,0.06786951604522978,0.30230645681615115,0.03859973073863138,1875.3529098839133,0.5240844513146243,0.037944007635404564,0.0,0.09919487790993627
0.001528778537920417,4.66960803151925e-05,0.0009102237791934226,0.20015512557378545,0.09498320948068946,0.0607415548617775,0.00039398700550388266,0.8757661283816401,0.1589592844199854,0.00011241877898811774,0.5227122522008542,0.18046848451566672,0.4069947388082972,0.06617558541878928,934.241450456666,0.34224376768518744,0.01901137622100857,0.0,0.0007072174450099859
0.000984058397998264,0.00018734494684597447,0.0018831242864036006,0.4685387856842147,0.13360996860335456,0.12113004296376187,1.79722033717495e-05,0.18174409053206483,0.026324189718363696,0.024481711762074268,0.6957383877548167,0.24394197652355215,0.28983360157524907,0.05585851145685911,1447.7635912714077,0.4517964112312645,0.06260145244472179,0.0,0.9300081797008126
0.0007696807344117245,0.00010235844768932074,0.0013268006092407648,0.2350960311535935,0.29953672582458085,0.0856983577716405,3.080620875778875e-05,0.6999136190341838,0.2561133333191128,0.00014998982069696845,0.6181588500574174,0.07117616286414091,0.4597609532511991,0.010776293928651356,1451.9930264917107,0.5469826871932766,0.07041989542610105,0.0,0.0005856384700990312
0.0010731633656936308,3.274147767755415e-05,0.0010463464311292103,0.07002061166790381,0.10533753134662731,0.09645385304202793,3.7812656857678164e-05,0.9445798755192735,0.02384649093872445,0.041168385302106356,0.5396714576757855,0.1755671912538304,0.456539515548459,0.08076212701604997,981.7214681131427,0.3641042664219551,0.007375798376477835,0.0,1.7263917533146473
0.0009229668634768729,0.0001054866546241413,0.0006724605518915331,0.348250877723191,0.25387120194607043,0.11856479368458031,2.2301566164471227e-05,0.9185184807661853,0.28882572675886137,0.01469259884985746,0.6035269552123477,0.14372312411249133,0.2168390059574799,0.06475906420492956,1558.2492726962707,0.45980383109985634,0.0884108689063605,0.0,0.050870118166877185
0.0005536346273391921,0.0004457669332793906,0.0009208238807867361,0.39822450619983113,0.13731634888137656,0.016113310927860447,4.0525446726338183e-07,0.43070928234244205,0.09900309212834267,0.00041715524071399073,0.5714603880023376,0.09280189910854862,0.34407463514412756,0.03212669302768473,1209.7678947462957,0.4786584888937889,0.05468273522644992,0.0,0.004213557695483001
0.0018094473106097337,7.387169803071595e-05,0.0010713050683780285,0.4367635542246412,0.2954926394791003,0.1321032676430148,2.1289450120728256e-06,0.9538286143147703,0.0339679389167174,0.01272638581585814,0.7035429304597602,0.11809463235673415,0.261367738923881,0.010411246026009444,1943.1025257614867,0.5854482981030261,0.12906041546611238,0.0,0.37465875827970296
0.0007394757435884198,2.0218758994780273e-05,0.0017486420138251241,0.7558004037401961,0.043681965410433884,0.07827124087846275,1.8180031692559583e-06,0.417646780349012,0.034533484172846296,0.0004881169682631899,0.7461956824406069,0.18831432374829965,0.2177325117451257,0.0528239572240663,969.1085630300604,0.5578813586923073,0.03301484709337121,0.0,0.014134599504066163
0.0017863301763953435,2.622703435813205e-05,0.0007978945241805657,0.4455321457075997,0.166611822812882,0.02056472230828466,8.545775491688172e-05,0.7378120556894595,0.2023890972101038,0.0011536265958495163,0.512884621822303,0.1825796782682203,0.24863941421159497,0.05627877673546496,847.9199804508047,0.3303049435540827,0.07423092291807773,0.0,0.005700043192800625
0.0011238232244284157,3.479869435644175e-05,0.0008093421118003256,0.4476346600359487,0.1517076217805732,0.09808870275510506,3.0617814214060806e-05,0.9531100028359305,0.07761018634034231,0.0003325180884238218,0.5704275107484645,0.15615164708244073,0.5041734843955692,0.009222234695097196,1417.6215666767844,0.4142758636660238,0.06790958970060917,0.0,0.004284464502708926
0.0017922335686113941,2.5675422218884266e-05,0.0009353388413547077,0.1735917004822009,0.1319739319492768,0.003258709961652383,0.0006432835362208259,0.8698223144942695,0.1426069625139968,0.00487719526545627,0.53703039728789,0.187976413450968,0.5489359076425275,0.06933955610835733,1841.0440492462508,0.34905398383692204,0.022909579266397227,0.0,0.03420026048852682
0.0006515840628835151,8.870044067198706e-05,0.00173973573711102,0.5732286975062648,0.002246099732553727,0.054185006096472546,0.0001913715188451107,0.5859915816902365,0.057334384392096344,0.0036278992663709227,0.6071826687094535,0.1803642378682243,0.29555300953307495,0.09296328637861391,1941.1248718893676,0.42681843084122917,0.0012875288241609426,0.0,0.06327615278051256
0.0005946339492922376,2.5863318225601167e-05,0.0014100944707135662,0.31426688259876034,0.19391432682517448,0.06790415428926515,4.498548491286897e-06,0.40456693835688906,0.2191971626383036,0.00018139402504316953,0.5127351003590952,0.1866354564790938,0.2756946019395765,0.03835134391990666,1118.6767555607578,0.3260996438800014,0.060940850982584754,0.0,0.0008275381983045424
0.0007240568186418716,4.5591244668045844e-05,0.0020966224878650012,0.5379186516068919,0.29636877222687574,0.12749383549873067,3.14616406958558e-05,0.4316722718148853,0.23590565601361185,0.0068421744407208265,0.5519769802334015,0.23589586530696938,0.5571323865119642,0.08709495293170935,1906.8957371745348,0.3160811149264321,0.15942229033467106,0.0,0.029003859239076616
0.0007799392191166198,9.32083410069474e-05,0.0010969589194373467,0.6785729732392636,0.05091378111708996,0.02976171494042846,5.59833593893839e-07,0.6495419858313944,0.08783962222982748,0.0007787493065582168,0.5268703779330752,0.2260716655154979,0.2431417004365109,0.0642197438355284,1934.7282658192607,0.30079871241757733,0.03454871583147681,0.0,0.008865581235318415
0.0016443789423869256,6.496773643146433e-05,0.0012309434704626868,0.2714056196902445,0.07846384987111264,0.058628741133225235,5.978993770023773e-07,0.5410680328410209,0.03290757162340182,0.0006934388005614394,0.7401845527686702,0.16265196279885602,0.24780224934844186,0.011957751510209728,1440.836591180823,0.5775325899698143,0.02129552979755164,0.0,0.021072317595999968
0.0005333868607703305,4.0801772203478764e-05,0.0021466680027017945,0.45296195617225904,0.2718942888482609,0.027286703658502214,6.277445240218982e-07,0.155117763247505,0.3077729374723807,0.020071013591371954,0.6571128499508052,0.0528148342262254,0.4138636370770078,0.09144275890216863,1682.121483192654,0.6042980157245799,0.12315776894877349,0.0,0.06521370513017608
0.0011916871617682874,0.00037621063109190636,0.0007913296600086295,0.6972671491175821,0.2537634780083804,0.015712987823454462,0.00026921191261257757,0.3496986435545432,0.38056071925778306,0.00012437058366287395,0.7132750781366318,0.21469590610262096,0.34852743601125924,0.08574040492154036,1287.579571977006,0.49857917203401086,0.17694093686106566,0.0,0.0003268087781246498
0.0007705104400174729,3.067689785379139e-05,0.0017448590511597774,0.4671493062775627,0.05812508250938014,0.1450990046088159,5.123909791607337e-07,0.3293686496009876,0.02506780635869108,0.0013878079785708338,0.5037725720811879,0.15581435854956893,0.2118705919229474,0.07370809772215176,1137.7168635395803,0.34795821353161893,0.027153091971583023,0.0,0.05536216287587832
0.0006573662651931615,0.0004192033273349271,0.0010129875174265473,0.6734070332370592,0.1278744052626376,0.0024422656370656787,1.8183816966385538e-05,0.16328052831735795,0.23376650113577127,0.03385337016655656,0.6186725197516231,0.17437970322666144,0.39410994821929074,0.0750442258967352,1068.1172539194556,0.44429281652496166,0.08611152387486617,0.0,0.14481702896727092
0.0010915135811065209,0.00010167123693389339,0.0005339620405324634,0.23851320518329283,0.2140223836419579,0.002546413722375192,0.0004700742194200486,0.5645427756458996,0.3838942282604606,0.008756178332197545,0.6959926074160686,0.09350935819733673,0.4413576660561246,0.09009595193158076,1208.1192434396123,0.6024832492187319,0.05104716470341172,0.0,0.0228088303694338
0.0009553324707202983,6.406297048918592e-05,0.0007297128218966765,0.547719019677246,0.08544813638962721,0.08337904954848584,0.00036169057472256724,0.890523790585369,0.15168089951971173,0.0014088993168027133,0.6935820398251946,0.12420005223721664,0.23688016276864637,0.05730235655135024,1039.3702818361126,0.569381987587978,0.04680156949657423,0.0,0.009288574377287494
0.001087648797873687,2.2871732090188007e-05,0.0007140790675644204,0.07161207031718833,0.10652159618511602,0.005546661070673443,0.00011060377945742853,0.08506798038673336,0.04974250635915016,0.00025442567419764456,0.7136505756393571,0.21246953097289312,0.33725545290691983,0.06530637073902475,1062.9180632583398,0.501181044666464,0.007628232036307668,0.0,0.0051148543332465764
0.0009409405954814818,2.476598988774904e-05,0.0013525147963775977,0.5419398877618437,0.28788390150204574,0.06239354301831735,6.177200230711736e-05,0.3550474476512819,0.048360820214234525,0.0032909201270820026,0.5576614540369226,0.11675033355606883,0.48934424602278703,0.07391407686096373,1926.6897852241048,0.44091112048085374,0.1560157692684603,0.0,0.0680493033927773
0.0013842496518235406,9.25345432120833e-05,0.0009463374394464763,0.5268588980053799,0.22486531561924764,0.01958668191367206,3.112127983406965e-07,0.440724125149358,0.056646655220330355,0.00271618075788285,0.6491388327076265,0.19950112836969813,0.46993436201715905,0.037178052043299784,1852.816771224759,0.4496377043379284,0.11847229238678875,0.0,0.04794953466039808
0.0010959654150161716,0.00018167080061529727,0.0009108291166814654,0.5251387770607326,0.06737420293371892,0.01982434385793207,1.4182382042598226e-05,0.3584478809603025,0.03702776287996798,0.001999691522132173,0.501511825203981,0.10247636177063868,0.39917568082313865,0.06688845943080982,1434.5992452760506,0.3990354634333423,0.03538080653405477,0.0,0.054005194119194445
0.0013514686811303778,3.413208632529289e-05,0.0008363138875483892,0.7498324451864714,0.06454155219351994,0.08270057297789145,1.528647994764958e-05,0.6660152474534047,0.17098760447542766,0.0006159280911298082,0.5570181240052086,0.12574691718430533,0.21657411720067726,0.017222817493314623,1775.332015162949,0.43127120682090325,0.04839534989739732,0.0,0.0036021797779985988
0.0014515225375229337,3.9285512929037e-05,0.001543541240280445,0.493447904982042,0.061718435683424035,0.14799569789935924,3.110844263429454e-05,0.7536590235929557,0.031004977650112803,0.05663788558128373,0.6866664912809257,0.21172999538714188,0.46739219783070024,0.08886431503397373,1174.1602765257244,0.47493649589378384,0.030454832786754493,0.0,1.8267352494310753
0.0005500012533038441,0.0003050012877433166,0.001030517650519171,0.6220609172930741,0.060882674064844884,0.05217964249302091,0.0009810693694247768,0.2755234959804717,0.10984135043003207,0.00017876242176953974,0.7446503735957004,0.16971883321456493,0.21138017842808898,0.01225576004924938,1405.155625702531,0.5749315403811355,0.03787273207603266,0.0,0.0016274601602190766
0.0007237955800029537,3.96496138708942e-05,0.0010916266703072696,0.6823785117785166,0.2478930798623401,0.01802458959718893,1.1977180009086585e-06,0.35097122351371307,0.38626019070590806,0.026548232435961758,0.6329043057744458,0.07610502465357899,0.5294155211558025,0.04140006201543094,1874.8342831957243,0.5567992811208669,0.1691569109166566,0.0,0.06873147446917492
0.0019028841846028418,3.746826700120744e-05,0.0005046327247393212,0.1598557515218293,0.2863239609566331,0.11602844980049268,4.519544018039026e-06,0.998517136050427,0.17711039802094022,0.043442613751261044,0.5655173612699325,0.09778699863657919,0.34611612691424387,0.08386435499674375,1757.8792119044733,0.46773036263335327,0.04577053195742949,0.0,0.24528550687421927
0.0009633374217009383,0.00035227876626416256,0.0006226631247391236,0.7518078165033677,0.09043766736001924,0.081008878930647,4.6475706009593534e-07,0.15312893970140998,0.08470425528440083,0.00026531774729885257,0.7474325337229488,0.2085912717456176,0.5179157872440467,0.06001637608825367,1001.466796921747,0.5388412619773313,0.06799174522759395,0.0,0.00313228357191771
0.0016997474197895078,3.897355823354024e-05,0.0013380767013541144,0.10339456817212662,0.13320656775573633,0.027954596968581085,0.00020450817003540148,0.6441297962676971,0.11468021585519028,0.05623137768827423,0.5954739206388548,0.20899585738418258,0.30780803078630437,0.06721730061883627,1291.9552896930486,0.38647806325467227,0.013772835550795485,0.0,0.4903319833237763
0.0013078751313936206,5.680597862861041e-05,0.000868029954128584,0.4348171678255583,0.03583585557011116,0.14925743610062955,4.093733588983473e-05,0.6257646802965448,0.15432568586569473,0.00849570422967705,0.6251006457276687,0.1604298812881837,0.41299049299769086,0.09795406063260897,1282.9390743461931,0.46467076443948496,0.015582045225601492,0.0,0.05505048742871372
0.0012894653925780337,3.738066890149018e-05,0.0007179872245042882,0.35260042176509093,0.23888880654270447,0.12926072812497652,4.292125537024651e-07,0.9741290085963915,0.23897583831308797,0.0009469412271710343,0.5654418625570085,0.0712107987535928,0.22651043716255892,0.06166545036660039,924.3430681345592,0.49423106380341564,0.08423229394191681,0.0,0.003962497773228538
0.0010341393588678368,0.00020408687906104116,0.0008517026391360317,0.388188347143612,0.11239872737922955,0.06629688966770343,0.00045132470649099864,0.26398298862702446,0.3097436462050482,0.08952067684556439,0.5692981513489861,0.23799861714971726,0.41555851337443456,0.09258905104981716,1303.4214682519005,0.33129953419926883,0.04363187620238857,0.0,0.2890153775303023
0.001677689959244594,2.78409567264912e-05,0.002326178454601826,0.09225394876086293,0.11722071491724097,0.0047416339431711335,7.014831676715658e-05,0.9213402012407423,0.024388889469934706,0.003115239322813383,0.5019456594803612,0.23766473457283022,0.5787966650132914,0.04127387484050933,1237.1704501773174,0.26428092490753097,0.010814073827686869,0.0,0.12773190540937424
0.0010015516637120112,0.00039105416688773134,0.0021360911889448074,0.24053987121193798,0.19664738111687313,0.04397918973525463,0.0006394492455813714,0.6703484257077172,0.4358071198241977,0.007569812233622874,0.6213380059364504,0.21088054633665315,0.5605603558270469,0.09188430176816678,1318.0409706767541,0.41045745959979724,0.04730153572801755,0.0,0.017369638744489758
0.0006676453498917874,0.0003829435302563652,0.002048498426657924,0.21352799220002494,0.1455487393132493,0.09335912544565757,2.0124853171112357e-07,0.5117700624765038,0.33767099352270535,0.0909132354645936,0.7029608537447272,0.05554224418391157,0.45569627876418844,0.069505977963768,1208.8115418048262,0.6474186095608156,0.03107873007280296,0.0,0.2692361417134294
0.001940136324086799,0.00019061882060855085,0.0009071803774031333,0.39631880479747894,0.025439322059144485,0.12320089462585032,1.5004504506735968e-07,0.842463319901557,0.023881676922537877,0.00017545925149795795,0.7210842024194307,0.059084491665426134,0.31929034477133367,0.027446569211548713,1593.004019947263,0.6619997107540045,0.010082081713338282,0.0,0.007347023915744025
0.0017553194546822187,2.825267013534105e-05,0.001996272032377985,0.6327125559660016,0.1755531709087264,0.13447900755260184,1.6474677815687818e-07,0.7677205994651087,0.07434754878925624,0.0034687286659538905,0.6417519206601309,0.18207900613275646,0.22292988772286415,0.009056604126957898,1448.6383908813305,0.4596729145273744,0.11107469547359661,0.0,0.046655588818217325
0.0007781546293816117,0.00026884762392046223,0.0007473584892272475,0.408084800781446,0.01634290643930309,0.14817234966681206,1.7855161822767548e-06,0.5840490577720602,0.025884400398378627,0.0005126906794602113,0.6260986734066231,0.05168225502580303,0.352821315993625,0.05569535267847835,791.4999351395182,0.57441641838082,0.006669291718472812,0.0,0.01980693667110503
0.0005411788920379766,0.00028540907097575336,0.0015683495783325612,0.4996598150223488,0.20872128151302988,0.11916983955266525,5.425174161161046e-06,0.6668821087215265,0.1377636652271386,0.050593718545891946,0.5374305514098986,0.11973412536399572,0.26722186429488026,0.0654879539440651,1272.115499938343,0.41769642604590285,0.1042896369120281,0.0,0.36725009067140657
0.0006781686856770028,7.619825211853272e-05,0.0012547764119989141,0.3723966955310542,0.036683143885259194,0.09108641032779533,8.346690561363844e-06,0.7454543554777265,0.10057394906856558,0.009324450368743173,0.5978184811651619,0.10833252610275663,0.40795389142906946,0.07543767834827222,1076.2265980719576,0.4894859550624053,0.01366068156456072,0.0,0.09271238183544224
0.0010390524359043544,2.8384533005971378e-05,0.00249972027751894,0.37886320508990073,0.211104839352441,0.11094557209927222,4.633761355066034e-05,0.9440011493004205,0.04728796685218672,0.01516181418427265,0.5312170028133147,0.12402940645585078,0.39858019374333853,0.05563672780102424,1099.4620921574428,0.40718759635746393,0.0799798560470544,0.0,0.3206273222036724
0.0005091999653800361,3.424019119520528e-05,0.0012232798297414716,0.6536863811095615,0.009295830855692007,0.018597796869364327,3.54195688100912e-05,0.12576354915382074,0.23116211658144936,0.08593182954204978,0.6333907367862264,0.079224017765631,0.3739744203461268,0.012464764381240164,1287.4799924880913,0.5541667190205953,0.006076558031463905,0.0,0.37173837483778155
0.0018002193100743157,3.909742906270108e-05,0.0016703944623361249,0.7047070563533887,0.1357658418516134,0.04716853786688426,2.8620027065583054e-07,0.4112453992180379,0.15613297448944705,0.0019541718819110656,0.528953637547053,0.052268139249974255,0.2027963819840699,0.030098009962182058,846.6260102964752,0.4766854982970788,0.09567514676459017,0.0,0.012516074124003494
0.000797526546651502,2.7465973946835333e-05,0.0011367768039711919,0.5769162629082722,0.2758564886317518,0.11584791560005021,3.374602800343522e-05,0.452274742053517,0.24696159376993101,0.03178782499215127,0.6234977165379931,0.10260055024220698,0.34065996637744694,0.06940624033354637,772.3438868028593,0.5208971662957862,0.15914609452042852,0.0,0.1287156618440224
0.0009245458311200016,5.302970107060024e-05,0.0007362254956539175,0.10693143262267409,0.23271942001161502,0.03866510777348597,1.3107791161961026e-06,0.5142300913433187,0.049092225147329804,0.010519133858183004,0.7072507297523837,0.0957043421751669,0.3874584899349698,0.09442576220110219,1152.2592639023005,0.6115463875772168,0.024885020980959804,0.0,0.21427290831927495
0.0009947707164174203,0.00014769312131704255,0.0007334021488062343,0.15699055881868956,0.14098587832248408,0.048320167304600696,4.077953351470435e-05,0.19529509516037644,0.18480989778516269,0.0049114771697452335,0.5141933778453895,0.2070385636330822,0.5166338178367249,0.0999233115223253,1062.1693230611227,0.30715481421230734,0.022133451823390545,0.0,0.02657583402515981
0.000896409727914116,4.944500741472022e-05,0.001436856611314395,0.5857137386570123,0.2965113519731368,0.09250232079739294,3.2993759212945025e-07,0.8331951693250784,0.05214546274445691,0.00957990902895956,0.6616106899904546,0.2402568263092149,0.4046269615629273,0.029020656427157496,1218.1558323497816,0.42135386368123967,0.17367077251843124,0.0,0.18371510242236577
0.0008728905856276977,0.00025166181983981526,0.001490599203109985,0.6353879504274763,0.17473167286581237,0.017288137567676137,1.040804029943695e-06,0.9332556732035241,0.1940038417764928,0.0023267768256563957,0.6985545326628559,0.09531259672877707,0.2997504010509376,0.03577800670515258,1551.90708191953,0.6032419359340788,0.1110223994969728,0.0,0.011993457471512444
0.000679480467297508,0.00033976678711932824,0.0005981325847987794,0.46007981244677154,0.20273687665781476,0.0605425281619921,0.0005456864103744874,0.20528038927074974,0.040379374721127785,0.06776339073534786,0.5898715176845978,0.1333749771127592,0.43551557347776565,0.045393508647660216,1581.7899501592963,0.4564965405718386,0.09327514418877167,0.0,1.6781684016491687
0.0007994677615685235,2.5325958031333754e-05,0.001555842469306355,0.5925987556507134,0.18970456498058835,0.09316818395829621,0.00011190646946650736,0.7805294066069162,0.20307776182015475,0.011351179934014459,0.5023979613867805,0.07402507739038264,0.5203062038945787,0.07335453987901482,1185.9382707899563,0.42837288399639784,0.11241868914875656,0.0,0.05589573093713255
0.0009540834443659101,4.3905973560255695e-05,0.0015275774561001126,0.08321044507228613,0.09191104037058616,0.04438374712456153,2.8282179101076166e-06,0.39159441163715364,0.07586066799178197,0.006092242409071794,0.5818305297539719,0.24837973256806517,0.2086294035506284,0.04628584056907533,1440.3782363214536,0.3334507971859067,0.007647958576293332,0.0,0.08030831484019849
0.000530739808298041,3.652265616093392e-05,0.0015980995595522823,0.12764128609274805,0.1841593232924821,0.09599979852685976,1.1270248473701658e-05,0.8484823809715504,0.3063137885815621,0.002092050516563971,0.5443543396102813,0.1799960512341709,0.5083133904865105,0.010015345570189009,1128.2717169348634,0.36435828837611045,0.02350633287102259,0.0,0.0068297627940667165
0.001337444530727287,0.0001498598708959365,0.0011619654472175256,0.17713273973821647,0.007751151123292947,0.10000990348228156,5.252468197870352e-05,0.25552624320738987,0.05267912616317791,0.0014930389182845596,0.590827287005889,0.2456681959988209,0.5620024494066727,0.0391792755076809,1359.8175100209908,0.34515909100706815,0.0013729826345938339,0.0,0.028342135244608067
0.0015602924385860624,0.00013489046385903251,0.0023288462930338223,0.18345527898065073,0.22169797636606414,0.03677859135966604,3.187049057800915e-06,0.13821497464807087,0.06089246220357664,0.014259268477153622,0.7123993605649808,0.17507378218586606,0.20384261231355838,0.06384562832709487,1609.9899008346251,0.5373255783791147,0.04067166410368201,0.0,0.23417132369326454
0.0005213319222172836,0.00019682892416664845,0.001664832910929207,0.6800826674392388,0.21786715704596782,0.12709582445242318,2.1632534070444586e-05,0.5586395819996448,0.02533691478961548,0.00048535371641685526,0.5368642694670993,0.08558892164533866,0.2942944227601576,0.026881302099649205,1479.3400972113457,0.45127534782176065,0.14816767731122535,0.0,0.0191559911870478
0.0012066821913176951,0.00022633842809363853,0.0017945183787288436,0.36248417794564036,0.13616811528925538,0.13965665890421067,0.00011826808870614218,0.5860332691229678,0.21244470008111455,0.002243325998362731,0.5636332868201326,0.05444685997573685,0.352749684020058,0.02282328871577872,1171.590261999853,0.5091864268443957,0.049358787333032915,0.0,0.010559576197976206
0.0011442277920069041,2.3318185008089692e-05,0.0020350211086573315,0.3604991045728934,0.06930005742605702,0.09961753737413696,0.0004149613100305628,0.02626971966339062,0.1026614882667591,0.000249246102616478,0.6184782653721957,0.06586503719602328,0.2100873540764694,0.06146046011472609,1942.3801724402017,0.5526132281761724,0.02498260864894365,0.0,0.0024278442366706047
0.0018140537824041238,0.00022733074372282498,0.0009917682469895237,0.2752177027305043,0.2565136892224941,0.06923401408861789,2.193347555917294e-07,0.37445176526522944,0.20231020235677388,0.006066306562826618,0.6735276615135919,0.06678204473958213,0.5603484311102184,0.05947315210086893,1167.381049716049,0.6067456167740097,0.07059710826674134,0.0,0.029985173719161682
0.0010867092414263155,3.1161309962253674e-05,0.0015888541638151205,0.2517663421125708,0.03241117050015053,0.05287677146548164,1.1488651763393761e-05,0.5892267630674302,0.0995481033754663,0.0002439294759700946,0.6507700786311268,0.05878006372707721,0.5092769724447639,0.008485017865820295,759.5660918925215,0.5919900149040496,0.00816004184040976,0.0,0.002450367889482174
0.00146433626865024,3.142926849595654e-05,0.0015694065994005379,0.6806247401945121,0.08028982904040528,0.06323883845251221,0.00012277306488418712,0.1852778450975876,0.11214949386480201,0.01549507965550205,0.7234574125214959,0.23321826118112443,0.4321020177668808,0.07072036366357386,1431.4765747135255,0.49023915134037144,0.054647244030887644,0.0,0.13816450811790212
0.0005034340336693452,2.8905520484855463e-05,0.0023344893687007925,0.5651780123867394,0.17025504165357455,0.14476174673415262,5.867164110782882e-07,0.7551594397698853,0.041048312721527015,0.003833030154845041,0.5732202436896603,0.08636640932501186,0.4777986864158948,0.029066606723177263,1276.1632566586527,0.48685383436464846,0.09622440604058878,0.0,0.09337850695224509
0.0010233385122420534,3.0176240019779717e-05,0.0008686593162558952,0.3341841778064598,0.12979167683856732,0.09086522751762695,3.990345783924613e-05,0.1227501408121204,0.03472990698874418,0.05798784246964077,0.6014347000156438,0.15091162184839818,0.38544862819001935,0.0102846241991032,1211.7841719065977,0.4505230781672456,0.043374324810418356,0.0,1.6696803273453737
0.0009984321551660385,6.763514953918709e-05,0.002086344835063637,0.12198086763688036,0.042111159076737265,0.1429885184084119,7.0715054391445e-07,0.06974348171636217,0.031483718582750855,0.019083906906890068,0.6486153632444691,0.17699105431290946,0.4352247256391666,0.024295775182351074,1560.7259552316805,0.47162430893155965,0.005136755721375101,0.0,0.6061516163260863
0.0006580790446567273,5.409069598464514e-05,0.0007895684244504085,0.7806022729939139,0.19374275204241423,0.11624443699333964,7.755766121600424e-07,0.7354003962738861,0.07715653033633685,0.022255504320340697,0.6179655855540355,0.24651196154411487,0.4917611904584236,0.08019750116845631,1826.8904673199108,0.3714536240099206,0.1512360326204048,0.0,0.2884461525592925
0.0018477240846684394,0.000481531643162357,0.0011230289183414295,0.34286403262983983,0.1056712715225355,0.1005004896587107,7.234847402387179e-06,0.7821945753357417,0.053038598945690726,0.00022133354042114532,0.7040529022681131,0.22474210773837805,0.49597305107071116,0.07234776935163627,1046.908455530019,0.4793107945297351,0.03623087828733928,0.0,0.004173065367880126
0.0005040240298412219,0.00041728179978261257,0.0023386652394089802,0.11363666571633936,0.2507646975075181,0.11122470726087748,0.00031669079631397424,0.4596521821405913,0.09722290882313722,0.00030497873769620384,0.7497445287480888,0.22801213609639293,0.306580004199849,0.06632921456853952,1534.9605857004726,0.5217323926516959,0.028496064104120793,0.0,0.0031369020057917117
0.0013560231339615687,9.803039999610272e-05,0.0011596566149313728,0.13062104700190663,0.16119882791381027,0.04739156813320478,3.851787929982643e-06,0.7959926729204625,0.04320520780956692,0.0180875992110871,0.5639946486630125,0.05717437500714194,0.31527684870968864,0.09210455192294906,1365.7988588355033,0.5068202736558706,0.02105595967758207,0.0,0.4186439581730692
0.0013059998460982114,0.00020348947734987662,0.00238937208164771,0.41259475852156896,0.14072954632476092,0.050472241997562846,4.836953625404003e-07,0.760754140379743,0.2515894705397003,0.0037330261854879067,0.6776833184720442,0.07678539753593981,0.26155223196258504,0.03166354540626186,1262.8726674800719,0.6008979209361044,0.05806427318271468,0.0,0.014837767961751175
0.0018239660846536825,7.554019478908711e-05,0.0011710618797719865,0.21594802532138468,0.21442587457171022,0.12405958924660078,0.00011127673809805048,0.1721172955549537,0.04091279161605486,0.0021836031179014413,0.6380725650084393,0.1912681585600287,0.5685968102100423,0.03972603082141688,1750.2686328124041,0.44680440644841063,0.046304844191571735,0.0,0.05337213696863842
0.0012205057356596376,0.00017461376434086204,0.0006122779579743758,0.43853084036266016,0.07640016588882571,0.08114561664982291,5.815624844520636e-06,0.5102209171091966,0.07018723307300484,0.0006901995112089648,0.5360242673318646,0.1737491666691836,0.34177815229044745,0.005761640403703309,933.6979652482908,0.362275100662681,0.033503828951073386,0.0,0.009833690273714847
0.0006606005798850804,7.604237504402741e-05,0.0017307123677201789,0.7787327137519072,0.19224014930074798,0.018865668865242182,6.575295901566783e-07,0.4772299202696513,0.4154518418492837,0.0017930167896480437,0.549910580305624,0.054315995689575125,0.46962705196740046,0.05734576062894952,1081.0557624565279,0.4955945846160489,0.1497036931570433,0.0,0.0043158234217156475
0.0007400507183429478,9.178792139039368e-05,0.0006703442296195999,0.6674221481362108,0.2620228522970049,0.05550655027380575,0.0008770081724574344,0.39704709014628364,0.025843572009446824,0.00038115747984196946,0.6132625615075906,0.13379556917581903,0.2775199831481149,0.02716825720417774,1916.5787594889737,0.4794669923317716,0.1748798549408441,0.0,0.014748637676813472
0.001459962477903898,7.369700628049436e-05,0.0015533823116873906,0.49866563708713757,0.28486741985899383,0.12046213100437597,8.564571146667184e-07,0.38360626050804997,0.13060914175179947,0.03210547316853349,0.6541377943928978,0.11107323708853176,0.504637819120435,0.037523812764009276,1697.5869095332077,0.543064557304366,0.14205359340935425,0.0,0.2458133690943663
0.0009297153515322246,0.00017191532876534456,0.0021842302949651314,0.13647884006127908,0.11300409161427323,0.14546316525798694,1.3603608506740983e-06,0.38208063809035286,0.07275507093765454,0.00011822885441092207,0.5595866498945368,0.10874008164343152,0.4888111661321074,0.042603471023138814,1787.0222857006752,0.45084656825110525,0.015422667345694524,0.0,0.0016250256220935449
0.0005109930861604668,0.00014438864384456874,0.0014957907601877653,0.3277835035038458,0.19704700562885014,0.12859338610325735,1.1017919913839508e-06,0.17760701717966682,0.05713355143777371,0.011254427687482865,0.6488569589956071,0.24190369744386248,0.5237724209044765,0.025307053892024964,1358.8322914061705,0.40695326155174466,0.06458875785996651,0.0,0.1969845634353832
0.0019630686612697535,0.00010771502309142125,0.0005217725628588491,0.41559524295453537,0.12383432946348763,0.12040060813516992,1.6732676535145286e-05,0.7441823226747032,0.05369364453542698,0.0035616739407829316,0.5904518543866865,0.09243975256282652,0.3556597746133315,0.02369863444623946,1817.6997352539843,0.4980121018238599,0.05146495823949012,0.0,0.06633324989576643
0.0005694260041235519,0.0001821994300738896,0.0009034248136504301,0.5339685722138553,0.20991884422284604,0.026833550549065683,2.2926781221418932e-05,0.06773805170735044,0.07214338472479712,0.02036953117624458,0.7026186310577195,0.22048488896910395,0.27379610755185513,0.09588028408720874,1739.6042571812263,0.48213374208861554,0.1120900655304558,0.0,0.2823478722816725
0.0019182420633363725,7.263901370440318e-05,0.002108301249364088,0.5965610892386386,0.22781872435939513,0.13339942454416265,1.7990324100828604e-07,0.43501156083379033,0.09484380265632417,0.003517673771417452,0.7429652193425103,0.23066686330094405,0.3184049603521273,0.09277846825233668,1575.5318446725441,0.5122983560415661,0.13590778635279793,0.0,0.03708912625703219
0.0008620964687854303,2.1593635775557687e-05,0.0005510997102565845,0.20615450494429605,0.2518599307001927,0.128126139450682,0.00018513861454997994,0.4018208148265218,0.0687464926980466,0.095953840792972,0.5390145245087531,0.21314602680656047,0.23805327400983556,0.0920144680766767,1692.3769280224642,0.3258684977021926,0.051922059328802936,0.0,1.395763435007914
0.0008840091740425114,5.425052969397297e-05,0.0021937618359751834,0.40472609508497587,0.2332433170070719,0.052970557127379775,4.478198812823095e-06,0.8722094510391751,0.17220896276049377,0.07433307020043634,0.6606391039021091,0.20921132417600713,0.37018641546962694,0.05511570186111606,1829.35283297007,0.451427779726102,0.09439965689693935,0.0,0.4316446078582908
0.0006735600976690697,0.00031965895389409756,0.0005953766464724143,0.3194674007700336,0.07317342097737752,0.09419620532264357,0.00010611958047972297,0.13065041218023074,0.03671479730721087,0.07233919444873912,0.5557839952088663,0.23177673307275315,0.46829911163861004,0.08483153375198273,1289.3258702134945,0.3240072621361132,0.023376522605094246,0.0,1.9703007984339749
0.0005064738361061634,0.00024195594643005645,0.0008122680545128045,0.3776950147373917,0.03263784855329061,0.055623564326892715,1.8830150036527047e-05,0.9513277926124083,0.4708592650306268,0.005974774467210852,0.6049940261054559,0.06834544791237143,0.5060468885536318,0.027403450264349535,1289.9509597777565,0.5366485781930845,0.012327152690331855,0.0,0.012689087612669629
0.00190883089062926,2.4401550280387465e-05,0.0008655459375868107,0.09151099509713051,0.16214621467913162,0.10451250740427351,5.757656339508255e-06,0.8155331154851537,0.2708207146200024,0.005271004908032477,0.5862779165916284,0.0878868930539471,0.4935261897507094,0.0789198058170053,1928.5344492857196,0.49839102353768133,0.014838161456520286,0.0,0.019463078795240608
0.0013830450809501247,0.00017524144713620255,0.0008568669188028488,0.2742364299151353,0.15895706661527284,0.05644490762089546,2.4299262936257567e-07,0.07538309852040358,0.04841558559767972,0.005494361619131151,0.5044415218101792,0.13885042949178109,0.5592480860884308,0.06818323230323946,1955.4120515353466,0.36559109231839815,0.04359181845835476,0.0,0.11348332466300819
0.0016371109551323038,0.00035317110564882036,0.001608399777250833,0.5400226053992819,0.05983367446690499,0.05842579094971673,9.705644283459211e-06,0.23238333850189752,0.030090537444664982,0.0002668915311522752,0.6227842836268062,0.24250462614937363,0.2260250247228216,0.041775780038972976,902.6876934091756,0.38027965747743253,0.032311536776230526,0.0,0.008869616624265206
0.0006104428464505232,6.550944261736298e-05,0.0010081820951260013,0.2347855952531855,0.004063505016759803,0.03476034655637827,1.2220228847480853e-05,0.6847188237741461,0.026395103186779595,0.020976328522495206,0.5729048376261172,0.17129124340804952,0.5696725488149194,0.06437332207258807,1478.515820976112,0.4016135942180677,0.0009540524441742558,0.0,0.7947053047703762
0.0015507753434403425,0.00011351682407956669,0.0024109975864995943,0.2068061222501208,0.250390214684278,0.13334004010231099,1.558484739208308e-05,0.5874872040858232,0.0707912320243097,0.0003611205887476438,0.502050871813038,0.16491698519880296,0.29500737655199694,0.011632213015964014,1009.7314573882754,0.33713388661423505,0.05178222934823079,0.0,0.0051012050280977595
0.0011501929855788882,6.796515112400687e-05,0.001393326275476287,0.7076630749626915,0.20232559924341145,0.07554228299809736,9.176189550789758e-07,0.8317792241499062,0.15727626550175597,0.002125571661842337,0.589706155483925,0.10276975531823501,0.38303675412391613,0.038471341849899865,1200.5912973949578,0.48693640016569,0.14317835570426177,0.0,0.013514891487670818
0.0013794974406706447,3.08451278903895e-05,0.0005482314138499924,0.2945232252898069,0.2421499639081812,0.14885725364353,8.404719168253108e-07,0.9202304518665748,0.27800975557031665,0.0021641982487138473,0.7393315435713057,0.20105781899709513,0.4848493494743103,0.06901524467522294,1785.9029141221415,0.5382737245742106,0.07131878837404786,0.0,0.007784612609273919
0.0009178697786302104,0.00019013002925082336,0.0007037314003789622,0.5408960110189986,0.1418122460338374,0.08309881927737696,6.504582642420367e-07,0.4075545028103165,0.1921201741836087,0.03671987314580458,0.6560006946974494,0.1627498646278931,0.3853915072369606,0.041467534487504634,1110.87641047002,0.4932508300695563,0.07670567819334746,0.0,0.19112970983834057
0.0014707370478290894,5.3643285915812606e-05,0.0015321553066765432,0.17453595264603206,0.08886760705750725,0.11167734143079021,3.421470025287135e-05,0.44381407944694556,0.46944047395100585,0.00028794790533313153,0.5373043855803322,0.08747538525200116,0.4438852845164627,0.08996604730880364,1366.5756946531646,0.44982900032833106,0.01551059245715527,0.0,0.0006133853412971456
0.0006758587815788929,6.489331750552958e-05,0.0020651456201211164,0.2746614506870939,0.16173358812693553,0.10440978595784273,7.189435998005526e-05,0.7504660692592507,0.29393933695263025,0.07421477646433788,0.6755185169903012,0.24640978321793577,0.31175225385966965,0.028524330578599908,1675.2562383703366,0.4291087337723654,0.04442198193977306,0.0,0.2524833090859763
0.0005691662252303177,0.00012110427557362754,0.0020517865381473447,0.36106038640513877,0.08526584054376486,0.03405413102884903,0.0002120580723302251,0.9544277022010341,0.18518589863403512,0.0018785982872498125,0.5779820877758987,0.21382285861383377,0.5390790064648917,0.019830184717921844,782.2971246659188,0.3641592291620649,0.030786117333890688,0.0,0.010144391668624313
0.0019315051424056231,8.116194991247555e-05,0.001654753409234971,0.33014183125985747,0.175789347300542,0.04551474226335183,1.7809898036816787e-05,0.029841152570801388,0.08993210943826642,0.00010165022784613853,0.5328855113038004,0.08259372859684758,0.5752334370975078,0.07601683669949555,1535.2554837805942,0.4502917827069528,0.058035417033776016,0.0,0.0011302996057922557
0.0008091347727789911,0.0001244459386015615,0.001719993399524646,0.32373913329975684,0.19739207507038967,0.06611238374981547,4.234644900076235e-05,0.6434279170935169,0.021198306654406623,0.07846394099024728,0.6027027695458613,0.19428834362851705,0.5243700492597461,0.08345943782428085,1915.1587239895848,0.4084144259173443,0.06390353930352849,0.0,3.7014249425407053
0.0013052737017832461,6.169711104215697e-05,0.001019220884298499,0.3658994032921385,0.08438106680700547,0.05595624867552722,3.414344571520676e-07,0.7597474835109362,0.032604348854008175,0.005673980207779626,0.6389615655013836,0.07556450667951513,0.45420987551079534,0.07864947331293173,1450.8789203862993,0.5633970588218685,0.030874981993837373,0.0,0.17402525758713636
0.0014908836865182786,0.00014006778927734843,0.0012440265653402489,0.28156052851688057,0.2891219688054138,0.07373351558917934,8.011462596060956e-05,0.3263480018949393,0.10531272905847644,0.028259923141422293,0.6248458415521807,0.20214116786709435,0.5762828177890966,0.047398634885131165,1322.5294576577069,0.42270467368508635,0.08140533434269337,0.0,0.26834290018000156
0.0005470718833800294,0.00010266097385857409,0.00124575361654456,0.3555022861449904,0.2570988913924334,0.08544726026971027,7.653655231678923e-05,0.42109566884999083,0.11782366422221685,0.0456938301988962,0.5869447173597432,0.10967978632261445,0.3473924909520321,0.07018660827262446,775.1794149540287,0.47726493103712875,0.09139924365535268,0.0,0.3878153892134698
0.0007074194466175333,0.000462337400372043,0.002287949468005057,0.3569267872337309,0.019033307764057577,0.016271498501942025,0.00013158809020305984,0.3614975323328491,0.046278080590700876,0.00092606009655888,0.6099819611620082,0.20983427351065886,0.5706841863319169,0.05921863225355232,1624.6935613600285,0.40014768765134934,0.006793497390655897,0.0,0.020010771508638642
0.0010697149429602806,0.00013758930462439575,0.0005782107295680698,0.6730341711042329,0.27416317659185124,0.07396261262444366,1.2404781756736008e-07,0.7272586956530007,0.0757233475488546,0.0032199190305731355,0.669633771241119,0.13193167209289441,0.2573253426668091,0.059937088483966346,1785.2791229009629,0.5377020991482246,0.18452118630480002,0.0,0.042522143233244325
0.001831024518878768,0.00044661882166608074,0.0012945034784985505,0.6283075050676965,0.19771291056257878,0.052243825820224014,4.0791507335462097e-07,0.30588821458270876,0.24151322584241,0.017689708593044858,0.6994906711862294,0.05965608313280328,0.236349209256824,0.08411766952168569,1238.5187660799481,0.6398345880534262,0.12422450555524649,0.0,0.07324529963666497
0.0010762633294127849,0.0003404587247745139,0.001414392159238905,0.1497305700416786,0.020948288623897516,0.10352023413583507,3.1803260394770267e-07,0.4288407032447157,0.023123997336166522,0.005705440066458093,0.5930136647437407,0.23609449709652686,0.2810350057601697,0.005751091498013687,1691.742196483463,0.3569191676472139,0.0031365991970537864,0.0,0.2467324305359022
0.0011151177577584089,3.632448496831278e-05,0.0012161221740358535,0.0727536214885789,0.2717666720565537,0.05256616347355148,2.4061113478541924e-05,0.3381666140788139,0.08334723084361287,0.03721890185706728,0.5095054813202053,0.0723923805178106,0.5681591780655684,0.047763563924337324,1694.0660958677408,0.43711310080239474,0.01977200959201326,0.0,0.44655235069419785
0.000989998799603424,0.00025113146052806423,0.0017463556615953764,0.5496791620048932,0.15246060146187163,0.14942872624286826,7.667740856582516e-06,0.7138824211225916,0.08834963525124087,0.048674001361131446,0.5521342097586721,0.22125472910894306,0.4591349217321402,0.009458384497388797,1696.867023592842,0.33087948064972905,0.0838044156503236,0.0,0.5509247573316701
0.0019242836508860787,7.069986569269955e-05,0.0021053895185497787,0.7136882059238969,0.04588889533972887,0.0480051918966587,1.1161049935011816e-06,0.13256229012960535,0.48799504364635854,0.0016589110916870931,0.677111978219105,0.06761698345209077,0.5661438453611422,0.09917411556415814,1981.6816576543072,0.6094949947670142,0.03275036338684057,0.0,0.003399442501078509
0.0005429182497047884,2.8120748585932112e-05,0.0013847977111929037,0.40431554458615965,0.27276629393461843,0.14075193804373526,7.83729247789664e-05,0.7828752532518233,0.03387600147143716,0.004109037340845096,0.7264935349202735,0.13432800410553342,0.3937690112960913,0.07341195373970891,1026.8944475837873,0.59216553081474,0.11028365267692375,0.0,0.12129640932710627
0.001661415461213984,3.460984242002386e-05,0.0007121172549430912,0.7776772432851357,0.13249738347898182,0.0664607860425988,1.4287620636489877e-07,0.9851155222986778,0.1815635765755792,0.007135362171723658,0.6143168854355127,0.17795101865708135,0.3823561045173395,0.03825062323415461,1684.1677689092414,0.4363658667784313,0.10304019992642806,0.0,0.03929952420139417
0.0007791816052983613,0.00037780799222545666,0.00223947490980067,0.4214751908505669,0.1351266490644741,0.07852317880357812,0.00019513797617559298,0.5897780871627606,0.031039574639883265,0.004171335797667303,0.6347293106420984,0.22445283261297577,0.25889224613226064,0.032108949666311976,1982.2965154714318,0.4102764780291226,0.0569525302034468,0.0,0.13438765982016662
0.0006247123826180577,7.421406468497641e-05,0.0021389364648732217,0.5207841610726879,0.06044959896595957,0.010920411431553777,1.27788895581647e-07,0.9880801325976564,0.023587191811720875,0.0001356645680460433,0.5556379887238767,0.24304331829572318,0.49292240865560344,0.025669165047935174,1254.478239332158,0.31259467042815353,0.031481193684667674,0.0,0.005751620164407586
0.0012633250753505791,8.764523716716493e-05,0.0014781366603040947,0.4192532477278582,0.20417081043705623,0.010026269110812464,1.0432401885204485e-05,0.4967423250990967,0.14596829020696306,0.0036619620648806537,0.6656498360890765,0.0546723758261754,0.5099027776640357,0.031019121837978652,763.417183700915,0.610977460262901,0.08559927536696471,0.0,0.025087380688562515
0.0012725580016625653,0.0003980565446913066,0.0020781688562830167,0.5246125766090869,0.1131043936055955,0.03403370613329568,0.00014016411197076452,0.9571882786327048,0.050634604354790606,0.0005722494136684549,0.7125687970873467,0.22054643383118622,0.21462949227341663,0.028818380445576688,1471.831415162107,0.49202236325616044,0.05933598735523979,0.0,0.01130154804131127
0.0016938127632041403,3.784193096815788e-05,0.001208518616351286,0.28932905842077644,0.09371963203730385,0.11836060731754652,0.00035837290882165013,0.7841050524637777,0.1253681916215611,0.0015413049891280848,0.5641604267259465,0.06868742799923047,0.36260567827043966,0.050140101628152335,908.0277867127203,0.495472998726716,0.027115812892894758,0.0,0.012294226862430133
0.0015074751535667755,4.706580943014995e-05,0.0005857323239459937,0.46597858479617105,0.24393267640905963,0.06519894360898085,1.2384713686671022e-06,0.31633073353229324,0.03294819010249221,0.008011420368992732,0.6722692317382638,0.2107577752113961,0.2401794484182309,0.06437558232578619,856.9252125274119,0.4615114565268677,0.11366740333863595,0.0,0.24315206219435848
0.0008175132998821523,6.000231834068597e-05,0.0022540982661642217,0.13351514100437195,0.024731469099059693,0.05342416164066487,2.137758257908221e-05,0.09288976115287004,0.049636619681248925,0.0006778830703077,0.7093967716947953,0.15082281020609817,0.22512543002906302,0.08093788476981637,1978.6386987496417,0.5585739614886971,0.003302025584006223,0.0,0.013656914484927785
0.00159813732564153,2.0889444769629258e-05,0.0013952078895470208,0.6998816355985203,0.007439247183398258,0.1474706138693361,7.013176488638444e-05,0.8889272529817076,0.1479499295791225,0.0010612314197322441,0.7416393262162406,0.2335621437647023,0.5223718709686964,0.07808289234298985,1045.4818735614015,0.5080771824515383,0.0052065924863384586,0.0,0.0071729092589037395
0.0014968255443082719,0.00036397411693185453,0.001743087864188326,0.6940822227477226,0.13664951105924905,0.0616067123441263,3.2545499458623463e-07,0.902726145853071,0.2601160006531052,0.0011972185280604095,0.7085528460251306,0.1331114406045914,0.500534499185643,0.028566612357519044,1899.3851803366956,0.5754414054205392,0.09484599637339308,0.0,0.0046026331523412855
0.000877236668210484,0.00022419295180162047,0.0020606987050206626,0.1318188021708706,0.2169215788659391,0.09159175409936425,4.370181048472374e-06,0.10597496170123386,0.07266144108686541,0.05648711985367871,0.5039916789193798,0.1589402000014531,0.4963337743626101,0.03251757761379181,783.2556737017156,0.3450514789179267,0.028594342691122134,0.0,0.7774015902898128
0.0007090994086884896,7.781565423255896e-05,0.0019935620445634627,0.2869625883387409,0.28703417158479405,0.07634292550044167,0.0009279940476084089,0.25815044794315894,0.10688195179035795,0.023173394597187216,0.6412746527169312,0.09809268799531003,0.3800978686215162,0.09204358894155719,1222.0757796434063,0.5431819647216212,0.08236806881963878,0.0,0.2168129811349285
0.0005724106860382046,0.0003628287079895058,0.0005443478184465996,0.4522679399587067,0.22561166483262204,0.03693878168257799,5.232807583663301e-07,0.021085581737086686,0.33708473448452553,0.0006245004153260814,0.7458136030018385,0.09788124470360769,0.37596874989285384,0.04463758530927722,989.8036493922233,0.6479323582982308,0.10203692288450417,0.0,0.0018526511331967489
0.000558095871784296,0.00010628538472784925,0.00172405647383785,0.5849561230921696,0.005923651738768648,0.05745002412290439,0.000579026902464158,0.8601414048837005,0.05151928862478272,0.0015626532658819894,0.7146681365610033,0.21060520922124687,0.21983446378280505,0.0746602012112455,1076.756848600877,0.5040629273397563,0.0034650763556582976,0.0,0.03033142164021058
0.0012660494847980984,0.00027004782344763553,0.0006193665613862437,0.3506090883127668,0.047813586220534755,0.05166182251472219,1.7045187069167887e-06,0.3005895676780972,0.21368150791723875,0.0006145731238645113,0.6210695423068492,0.13907939435644456,0.44045335597681334,0.07225930517935486,1340.272102762816,0.4819901479504046,0.016763877873745562,0.0,0.002876117497741276
0.0016151910458072523,8.236802546119046e-05,0.0012569189326795984,0.13715559477121697,0.29065439249112646,0.12942429771895558,3.166306813162812e-07,0.909792793359497,0.022187434456632384,0.009887934959622011,0.5338201496429842,0.20591196728419686,0.5779042302688887,0.052542459209530344,1025.9008547637936,0.3279081823587873,0.03986487607498719,0.0,0.4456547231248838
0.0011634506968112074,2.702883509913671e-05,0.0008817099869423406,0.6575430376408404,0.08375091723983892,0.022202039267463985,6.455512776101511e-06,0.12807509900761552,0.03920089739187105,0.00038669409769320756,0.6396437785352078,0.10465131758098462,0.4206340341621317,0.06646842274496118,1888.7161888940752,0.5349924609542231,0.055069832527090315,0.0,0.009864419526615096
0.0006706612891201744,0.0004747761976017464,0.0017603555840896277,0.08871088644764721,0.1579834168947608,0.007936523254203758,1.1960159152989479e-05,0.7863557258638509,0.021516527511640196,0.0005322417309193127,0.5462228251461285,0.08503122811252789,0.4050273474419632,0.05511107521866984,826.4626247175989,0.46119159703360063,0.014014848956762437,0.0,0.02473641393256305
0.0009497984642121176,0.0003699547769036132,0.0006046800649513806,0.19702356891829054,0.07424349560997234,0.08753074124126854,1.3441878412733708e-05,0.2502019873235006,0.0349832872763202,0.002591728477134352,0.5474490825069497,0.20941741817037157,0.40714896787987176,0.052304471029343616,778.5760225583368,0.3380316643365781,0.014627718474046187,0.0,0.07408476100782743
0.0013166928504192445,5.7561414309347565e-05,0.001366229111890067,0.5062790599127001,0.21256129365379486,0.03635426171130332,7.375893599487872e-06,0.5444295562093949,0.448834414158678,0.02625062770910108,0.5428203416769738,0.10928310423818305,0.49931601635689166,0.09670072902791507,1598.5070645161568,0.43353723743879075,0.10761533192487065,0.0,0.05848621870563741
0.0005919784488257722,4.651323945682912e-05,0.0024754151724515534,0.18446250949658555,0.20294059413244528,0.1256234130203654,1.6347143342043589e-06,0.3031661036368602,0.05726468439070493,0.0005201864574985759,0.6405055657807992,0.16857145215896635,0.25365271220758795,0.037856266734104034,1098.5074054494153,0.47193411362183285,0.0374349312723989,0.0,0.009083896349614935
0.0017078613335035147,0.000432164816840402,0.0014092932978175244,0.1653715638238435,0.2290215397819406,0.07470066516213772,2.027731201835424e-05,0.0942175560186138,0.054606920164254155,0.027329077568879534,0.667162689325614,0.2027285033357205,0.38452365013845424,0.07964566809295721,1810.3671898183316,0.46443418598989344,0.0378736501830841,0.0,0.500469125280741
0.0008693756983087619,2.445951802057197e-05,0.000621252000689691,0.6654988176248717,0.20746592299724056,0.012676126957051727,4.389922407524556e-07,0.41953063778993654,0.4060031165628596,0.00010687632559836972,0.5128587431934831,0.06415736565087633,0.26877567934346114,0.009815510526526572,1908.1681578466869,0.4487013775426068,0.13806832645211628,0.0,0.00026324016057601503
0.0010985827539442697,8.250234012616592e-05,0.0005142699002527142,0.16318086562776832,0.07174888092207889,0.043787245681492316,1.5012293663375485e-05,0.9054251104917947,0.05701454610973666,0.00020914509441719413,0.5680900026784858,0.1735808715311039,0.20015391520863596,0.0635648517949407,1018.2887385808032,0.39450913114738184,0.011708044496688505,0.0,0.003668276057388053
0.0010096216497750142,0.00012964083641943427,0.0008105802463446106,0.6715030934138859,0.2892271381167129,0.08133043279911546,7.116176892245142e-05,0.7641976095792207,0.12275299354292037,0.00020704325917306242,0.52712847374127,0.0920501365396046,0.36798536701267626,0.06224506078178561,1177.850946466405,0.43507833720166544,0.19421691794461796,0.0,0.0016866656624603628
0.0015296022767224869,0.00019927490282463194,0.0016139941147453511,0.7399423064090879,0.06444118558418685,0.11231948674542401,3.482464037192859e-05,0.7312482591818668,0.23532881283672255,0.00015821771987271078,0.5765958915952215,0.17248306578969808,0.4785953844883139,0.017881307770946056,1557.1555982629955,0.40411282580552343,0.04768275948889928,0.0,0.0006723261719018082
0.0008942391994899462,0.0002728293823695374,0.0008711265107685585,0.4464849407831997,0.15919359604944078,0.04100668532045537,9.681593201076943e-06,0.8802901541967004,0.2524467216351927,0.0007448909824986465,0.6575851083722765,0.18291365182407177,0.2976866734910917,0.02884512915288049,1913.6736487295511,0.4746714565482047,0.07107754330519918,0.0,0.0029506859018556724
0.0005868832831870023,0.00020623472627130402,0.0011766577831590014,0.4732459290256549,0.27327117524271793,0.07991404004292883,1.427397732910915e-06,0.4575851474745283,0.029063700452968327,0.0004659483425458779,0.6716013659124885,0.19604750275129107,0.3366346777795546,0.026106470877782822,1123.2620344597192,0.47555386316119747,0.12932447120367258,0.0,0.01603196892632059
0.0014581151180147198,3.039942399285968e-05,0.0006719437942185636,0.676031965995308,0.0776145714159716,0.022470383067108874,3.5069989879567754e-07,0.5066613976704273,0.15706489593834502,0.0008262910764616274,0.6832577937047686,0.11194294560771162,0.2525962849043912,0.013825166974477342,1586.686256146713,0.5713148480970569,0.05246993130422252,0.0,0.005260825925011172
0.0008147486594811293,0.00019546062970343168,0.00196478442225287,0.2669683134872207,0.2857843117906728,0.12936751870901786,8.877950285941277e-07,0.24322483799313846,0.0931800266124829,0.010657150557474999,0.6818240424492819,0.21410428160299977,0.4752265793362171,0.06250021560229406,1015.2601556116549,0.4677197608462821,0.07629535573986197,0.0,0.11437161959392819
0.0013246697297432536,5.7223787160079026e-05,0.0013101101161898786,0.48838552456471707,0.09299142329419317,0.09496555671536928,0.00010835106234798574,0.9974399455076639,0.40133063413936576,0.00013364602492285625,0.5245202452804955,0.2086950992065038,0.41545845675263526,0.010914799187419163,1146.5814953249405,0.31582514607399165,0.045415665045554186,0.0,0.00033300728515144056
0.0005752516570994056,0.0004487726665639076,0.0014708911613878395,0.6105025562085564,0.2632215464270165,0.14668158261040423,7.073220758768848e-05,0.5233458129632529,0.48371665631286576,0.0015246448390569655,0.6289017442197482,0.05322252100268807,0.4392806229328103,0.04992501873894091,1707.282886420478,0.5756792232170601,0.1606974269428628,0.0,0.003151937852788828
0.0018887601084220471,2.483820838982405e-05,0.0011607982636904907,0.6850898540912397,0.06476035506749936,0.14838309087520946,2.009260390499522e-05,0.051049118681880334,0.2380814981129622,0.04194544621534454,0.5325029914542703,0.11584946215977138,0.3280485064509309,0.038896204937990855,1416.4939751617326,0.4166535292944989,0.04436666220409001,0.0,0.17618104114685443
0.0014208792088353688,8.643872170465792e-05,0.0009974319905644378,0.6683967975940575,0.020354314524382553,0.14240812059001398,0.0005341988499181527,0.6404309762408074,0.4315494270307615,0.010340751483229936,0.5417221755203412,0.15634112012458556,0.5106471884829367,0.09718285621369567,1665.9500388376614,0.3853810553957556,0.01360475864531951,0.0,0.02396191684085548
0.000908178593799176,5.8314873536142907e-05,0.0005765225382963933,0.42276939751856674,0.23794244012611593,0.1497730538650763,0.0001318663340431048,0.7229106101047685,0.034067265696919674,0.07612372750280273,0.7134158945226019,0.07965977174955699,0.31221064365979656,0.023849621841823994,1997.8102926789236,0.6337561227730449,0.10059478205621566,0.0,2.2345123961529367
0.0005544065157720811,4.747848531048163e-05,0.000537855950257866,0.4566950626574558,0.03101716067336092,0.06660600891200683,1.1693468287810852e-05,0.10983494198589977,0.06021989657083917,0.07709989492517422,0.7151175116345243,0.23930763396892557,0.3558269850523922,0.07624201875284992,1286.5318244617747,0.47580987766559873,0.01416538413717694,0.0,1.280306000434232
0.0016859153228177797,0.00018931208805224892,0.0006699074510958132,0.2127835500864012,0.26817849761646234,0.009610851099012763,8.029309651741027e-05,0.5002295630738958,0.4696926822924436,0.0004625575647699203,0.7318357139626189,0.2145768459670448,0.37176527763176326,0.0754652453905794,1067.374454425039,0.5172588679955741,0.05706397277966834,0.0,0.0009848089659653654
0.0009864000840637357,0.00048716402681305243,0.001672778007173038,0.1673995859529162,0.15195205558588323,0.013622477499753238,6.702729509263091e-05,0.7510364737942544,0.3199060990214046,0.003000248811503929,0.6338918348423351,0.221537780865054,0.2056551679768172,0.08105590248594233,1849.3055975912043,0.41235405397728114,0.025436711189771363,0.0,0.009378529576903081
0.0014727141458818233,0.00020809062899617334,0.0014049106038531846,0.6793670036087686,0.12095971740052501,0.07609580680417447,1.1258185608081515e-06,0.7017140509756149,0.4742192029405868,0.0023240420063009655,0.5656425839813888,0.1366197820143905,0.3866944771282169,0.02470406262430962,1767.916331345311,0.42902280196699827,0.0821760407677581,0.0,0.004900775826642635
0.0008117720638081123,0.00031549072987708437,0.001261916260063727,0.7262372100984842,0.2706504085643363,0.12423161214789075,9.841588957819682e-07,0.9771240848301285,0.36212195267449093,0.00010279045387639033,0.6209327005110027,0.22262355265887895,0.5490945980945152,0.09174983894813538,1522.086490380842,0.39830914785212373,0.1965563976277785,0.0,0.0002838559030106302
0.000856218691175725,3.597135958889239e-05,0.0009319595316338682,0.6874836967134074,0.18360815906301778,0.1114388276707573,1.9893446528689683e-07,0.2598383939073149,0.10195135841483388,0.01599563305434702,0.5134176828424455,0.20729629763074525,0.22852947749923824,0.0515782177349855,1356.8438927089296,0.30612138521170024,0.12622761593938678,0.0,0.15689475160558194
0.0019339583592435253,2.009520194824822e-05,0.001249521455481082,0.21032945301548223,0.1991973116900608,0.08143862647797044,0.0001398452843651625,0.23153022607985133,0.033032558522966625,0.010919157442739191,0.6355956285251534,0.1689979871534008,0.42859683860820363,0.04443878130572946,1908.0703061438503,0.4665976413717526,0.04189706160992501,0.0,0.33055742367480867
0.000657803795628496,2.6004343691629573e-05,0.001296940966817456,0.4096885165258762,0.06796998756557135,0.07105328742093961,3.736798325429565e-05,0.7158232963771127,0.0274590852205391,0.0011654323587671693,0.5060514066370562,0.16539866908054515,0.2892325871651239,0.08818009659489522,1645.1537091199946,0.34065273755651104,0.027846523374021177,0.0,0.04244250489071058
0.0019297532010363742,0.00022593293748252602,0.0009713147095194442,0.37726312877096174,0.030281230822070918,0.0790544491065643,9.030955746622619e-07,0.9014666876353887,0.03537679849673704,0.008217603935699673,0.5482807912817949,0.16288131832387853,0.36553774098012815,0.031776395513713425,1192.3820188032682,0.3853994729579163,0.011423991882970157,0.0,0.23228794817195283
0.0007469794949493348,0.00010106393449059879,0.0012184998157099192,0.40696729401502546,0.21578028402712587,0.13072089065019796,3.6213683799217924e-06,0.9731603566451165,0.040820816760708506,0.0013261405982059804,0.6621197850147225,0.07887736363701234,0.5359802054159146,0.03839708313307056,1435.8211568624558,0.5832424213777101,0.08781551829231304,0.0,0.032486870754689014
0.0005642954657951056,3.4986132014778456e-05,0.0012296247295543684,0.696271402554516,0.23299898651173145,0.016128263575468586,9.207993344120147e-05,0.21396567302023686,0.07449653871852879,0.010829917062994295,0.5448986820471673,0.1007406198640116,0.21116019473174158,0.07202250917059677,935.3600042010628,0.4441580621831557,0.162230531132304,0.0,0.145374768402504
0.0009753944076408664,0.0003849390356253098,0.0021890019141437636,0.71702518204161,0.22277466733418705,0.01830059797810857,0.00012363068930121938,0.013928275181627009,0.3918930244937809,0.00018888155229039949,0.7236133513678475,0.20125260922931631,0.2716592209583812,0.037395025316669835,827.0566269150515,0.5223607421385312,0.15973504639955458,0.0,0.0004819722232473595
0.0015668115488112963,9.258611040124931e-05,0.0015990654473286585,0.1291059502691308,0.25993668530056235,0.005428427836038829,0.00046816094889890413,0.0763241109798074,0.265463992903698,0.09662853630803626,0.6632675895426813,0.07477983319056668,0.2692290193445664,0.01705312964240677,1791.2637334969904,0.5884877563521146,0.0335593727655371,0.0,0.3639986547745858
0.0012597531692608204,6.485084467388664e-05,0.0008796282570462681,0.4701222520379841,0.017706640588721595,0.08005170040793279,6.419061709613492e-07,0.5993891495403058,0.1067462997961053,0.0010263717718596856,0.6687797545919056,0.2448906078930987,0.44276170280149696,0.048778289574923105,1521.0613102246384,0.42388914669880695,0.008324285749596972,0.0,0.00961505713846892
0.0012870640018965345,0.00023061547882802182,0.001221950536020281,0.38088933206122616,0.04612751684754285,0.12326043102933434,9.445932495514887e-06,0.8048699785726824,0.040979662573599654,0.0005654368982643688,0.7189535825711576,0.2074351915252755,0.345618639223287,0.09288850072818035,1065.5930710154905,0.511518391045882,0.017569479081703553,0.0,0.013797988142260607
0.0005914844349022111,0.0003131082229401361,0.002304138180377719,0.3571480206299946,0.20594989710495706,0.14553438594188098,0.00021841618644449404,0.8925419964351139,0.020196752376558425,0.03334915368995016,0.6092796222284008,0.18740099853350117,0.4092765145256887,0.08753310799121453,1138.370969415566,0.42187862369489965,0.07355459809998648,0.0,1.6512136737714924
0.0018678001135288684,3.0918267250268205e-05,0.0009450511771773887,0.24871875632070828,0.034650419732074715,0.038411063965986536,1.0072918171423021e-07,0.3731963625039934,0.2494785398742051,0.00010281345292354414,0.6395965950726661,0.08026473482804611,0.24651308549283668,0.017382029934939338,952.4368664359247,0.55933186024462,0.008618209301752153,0.0,0.00041211341454614055
0.001541154282218943,0.00013130369975180797,0.0006656130545697679,0.2427601151343573,0.1898790021519002,0.02345145200708903,1.2481511460443517e-06,0.03877919272996424,0.03759110627977752,0.000551368791752765,0.6672647349683022,0.24763880820931566,0.2048522041734215,0.08197252026721755,1821.2256394725384,0.4196259267589865,0.046095048423992174,0.0,0.01466753299701049
0.0010422685316852527,3.621203440609517e-05,0.001707703801674275,0.4427824457427127,0.23736270159504808,0.06458576041420339,2.524304394812796e-06,0.7908570579264198,0.34839973336884617,0.0797219808404861,0.5412067972867356,0.2459028856289358,0.3732683050004443,0.03270003067085214,1809.7724756973448,0.2953039116577998,0.10510003754035308,0.0,0.2288233118596721
0.0016589562006047117,0.0004517386021651999,0.0014173412883038668,0.21469673394447247,0.2535040752418852,0.13224675079139422,1.4754848095382476e-07,0.31967987337371145,0.4362137473394855,0.05168633477273851,0.5847009154700142,0.18181905797635478,0.3330053600221816,0.08201555875256611,1701.347591473525,0.40288185749365946,0.054426496996046556,0.0,0.11848855082623834
0.0007222089534155907,0.00013874761582062176,0.0012334671986621924,0.05751644665427068,0.03985707095771999,0.04481611354827812,8.198528398508852e-06,0.6874536288086824,0.031887066682774474,0.00010389819624390427,0.7307004520213628,0.21030104283193107,0.4800734746112073,0.06803766336322237,1267.1355431372704,0.5203994091894317,0.0022924370955351827,0.0,0.003258317777471532
0.0006116600463372038,7.91630692327252e-05,0.0007106770625166315,0.23009628312488006,0.21023344995343485,0.12733081504671276,5.49423228607779e-06,0.885517317015841,0.12453891412125737,0.06247838949346892,0.61237530762112,0.13057272206335901,0.43835587773459356,0.029106914969352617,1623.7981002746942,0.481802585557761,0.048373935422805846,0.0,0.50167764778033
0.001804232101962894,4.563220492349676e-05,0.0018381358022437541,0.14714222380127973,0.14252591971464762,0.13109160568642855,6.567053294879715e-06,0.660825326908092,0.10446241586897793,0.0003951078531081138,0.5942370379140332,0.19077393535345027,0.5729002492731472,0.06536877015334495,884.7484597135475,0.4034631025605829,0.020971580776135906,0.0,0.003782296721949051
0.0008498245983731488,0.00012836324967729624,0.0007771577041706814,0.6915488106598847,0.09047044098943957,0.022670436231181788,2.4727793016827287e-05,0.5071915511001318,0.3268892485886579,0.0014218114022855827,0.6468313730956747,0.140624626206312,0.3621439328087058,0.023029418387540558,1265.3705960212824,0.5062067468893627,0.06256472586612222,0.0,0.004349520237891713
0.0008576657638690889,0.00017940110937425172,0.002366704281866317,0.5745522617592546,0.2897095517962285,0.13153314356005988,3.3962166799786187e-05,0.00836985284628487,0.24597426677379192,0.021977953765564488,0.7021994354204404,0.0925294883337113,0.41596307803715843,0.023080954878808898,1895.9480831063986,0.6096699470867291,0.16645327823778297,0.0,0.08935062213551112
0.0014980170922534721,3.3097840903918036e-05,0.0016068077247603574,0.16471931241185978,0.0020784402206629428,0.12447361379656363,2.1627340263100555e-07,0.005864008023675101,0.04002376699436351,0.08757400892272149,0.6831444680756916,0.14042971436931828,0.34817603352717996,0.05356405429738583,1613.3359938841909,0.5427147537063733,0.00034235924403675405,0.0,2.188050138685207
0.0005122410459797658,3.3422584734338775e-05,0.0005333560198477988,0.5451485641394345,0.07239078691661935,0.017917090699206495,3.7511446199483315e-06,0.7962865377110926,0.11154503276624034,0.009974409649778259,0.7299148854017972,0.10380860955409515,0.28365043119659217,0.054745101917245,1110.545212543714,0.6261062758477021,0.0394637335445188,0.0,0.08942047352911858
0.0006348323069732958,4.589355354020766e-05,0.002005033951380845,0.6542621307068638,0.012994609308980257,0.04593340212175514,0.0002917747620889676,0.5121961461839132,0.12675914711445307,0.0003730561308032611,0.6976785285846662,0.088566560342394,0.5157342509523524,0.015387447033563293,1122.9007888743374,0.6091119682422722,0.00850188077419667,0.0,0.002943031247018585
0.0014698920788140395,2.8484596279715132e-05,0.0014355487671425012,0.2629446082872456,0.012064124700286174,0.1070100476997525,3.300490532843736e-05,0.7186303560424355,0.03200455583647632,0.0008810137453083251,0.5466828162727064,0.24674903874442494,0.33710482542831915,0.02275452686257774,1007.7591746903622,0.2999337775282815,0.003172196543645232,0.0,0.027527760416665856
0.0019072841134384557,2.3638001805416778e-05,0.0007662312437478893,0.15327440608130277,0.27547103758222513,0.13132597470614574,2.2992403328433295e-07,0.39331366096577436,0.07089600072911593,0.0015819965492084647,0.5742255435562962,0.0758775626660997,0.3392519128482585,0.0822804648447061,1130.5618046915629,0.4983479808901965,0.04222265967801579,0.0,0.022314327083879672
0.0005200537394596653,0.00046863865931092737,0.0012814094530811107,0.11234510070695515,0.11333335828321166,0.12792145350955822,0.0002209974894372775,0.018400983792750226,0.03968115514783071,0.0005781139683959658,0.5982850057926976,0.10028027377512144,0.45384945964666,0.049311746840633684,1363.8231599488186,0.49800473201757617,0.012732447549784844,0.0,0.014568980319303286
0.0005302587964798471,9.895331219835382e-05,0.0015907676311188678,0.5690115719709783,0.2825464609857046,0.04255688159392711,6.575459966651566e-05,0.6306371952719874,0.17370271447550442,0.0029610746344859696,0.6785398079650089,0.15570458820308092,0.5786292147187739,0.058783448786436196,1584.8322127497763,0.5228352197619279,0.16077220592031244,0.0,0.017046795402287974
0.00144328374254712,0.00014855070291018357,0.0006472243372330862,0.4419969255669028,0.04620714949558935,0.09034262731049046,3.7935068688406446e-05,0.3828272242036606,0.04026240512591309,0.005904674987503946,0.615826017073356,0.08659651884937919,0.40351352410883523,0.009255448795674045,1682.8315053792264,0.5292294982239769,0.020423418016260755,0.0,0.14665480040345796
0.0006639741612614696,2.6848429870304332e-05,0.0012485139428089233,0.420566829062349,0.15050854974660427,0.08658756444055037,4.7140210819353896e-05,0.5055778018861591,0.44014228530287924,0.000524606759205916,0.7469934749153154,0.21123031048059193,0.2881369692852963,0.05362401612850405,1313.3752058121684,0.5357631644347235,0.06329890351370217,0.0,0.0011919026567622636
0.0014949120602441848,0.00035709943076886474,0.001517683244857371,0.4129256005974263,0.18705160443935048,0.046179590563704236,2.3952169841965906e-06,0.5533002639101847,0.06692929273244438,0.009820134101980892,0.5385450020680093,0.061719787228338596,0.21480743175733485,0.09013783263539665,779.6614346944708,0.47682521483967066,0.07723839610583101,0.0,0.14672400829391286
0.0008288820838646579,0.00012413303586936007,0.0008161971724497995,0.5188767667296096,0.12553276228465654,0.01112101411172107,6.788660230882156e-05,0.3983242703458858,0.08699848132169705,0.030593013088814434,0.6463121346603199,0.06572266043766707,0.5638336427301669,0.08702735742331183,988.3532757931487,0.5805894742226528,0.06513603381289926,0.0,0.35164996703436324
0.0009147953625030324,0.00036212142725262355,0.0016651537072610073,0.7540682267170793,0.2175685599877988,0.019993179719509816,5.230150777289992e-05,0.4757546512541789,0.11631030712453477,0.004524609972351739,0.5973782816938688,0.11440027741160941,0.2708772337526226,0.05606648620736216,1797.953656917373,0.48297800428225934,0.16406153821938793,0.0,0.03890119529567734
0.001962336915413155,0.00042291492342862435,0.0008762722839559465,0.586348201284222,0.22425823844515694,0.13817001420673733,8.105024257352167e-06,0.5211519684119063,0.4475402025868382,0.005847726423051297,0.5294305788979294,0.17456164560604454,0.3261784579094037,0.025006310329308945,1543.86127659695,0.3548689332918849,0.13149341473548595,0.0,0.013066371220396982
0.0007602304535578447,8.467152016692318e-05,0.0005254604694440666,0.6819321516182778,0.27341124500397185,0.004981096068325419,5.7953762442965245e-06,0.4158233144504494,0.024793269710101297,0.0006293181170623748,0.6393129664901834,0.07204545453877181,0.2930952099929768,0.08047725774191249,974.7199523326117,0.5672675119514117,0.18644791858219062,0.0,0.02538261892928053
0.0007267324185807307,6.33063042630703e-05,0.0015853855334042833,0.729517723278319,0.03715072508326084,0.10575523516676472,0.00041944915740312885,0.7558955278467079,0.29010099488920593,0.0030072416523846414,0.6215419724620963,0.23974346320215184,0.5355143202535049,0.01570924870531324,910.9542055368016,0.38179850925994446,0.027102112380879183,0.0,0.0103661886907115
0.0013170940182734667,0.0001553646981601012,0.0005667994814954571,0.7586244287073312,0.018610617615713428,0.03114074846347462,0.0009613599755919059,0.5746408881357566,0.031394755729251496,0.007956957708514052,0.5293360716938782,0.07511988522114088,0.2814877690852925,0.07476048488734113,1994.655339151194,0.4542161864727373,0.014118469156611193,0.0,0.2534486261697619
0.000605521271482886,0.00010133808825980338,0.001186623727152436,0.7563238811253016,0.2766586971711525,0.13603812690332875,4.994750247648559e-07,0.4827178952105,0.02754657094062108,0.0010919236914359877,0.6070394802939634,0.0718341206536137,0.5199201050279681,0.03233865803718924,920.7167338899128,0.5352053596403497,0.20924357959155554,0.0,0.03963918753407529
0.0013780239737641003,0.00012376413676614548,0.0008779443972238843,0.3380593170764718,0.2190359303625208,0.09529377989938788,1.7090769122143511e-07,0.7737504104345363,0.1907599333648922,0.0028125789534410263,0.5640165337474101,0.14191625829867824,0.3550034282610295,0.07031907467615714,1930.7524537280658,0.42210027544873185,0.07404713703356341,0.0,0.014744075990323544
0.0007902079931249446,4.925197753264244e-05,0.0007621441169500115,0.2078559213793693,0.10968829248437623,0.1358611747261357,4.686678175206344e-06,0.5035374346266709,0.13168197125411635,0.01968776163501353,0.5669726503790465,0.12109406591762956,0.22008612658474952,0.016997969535976293,1154.481800458781,0.445878584461417,0.02279936109886977,0.0,0.14950992491614978
0.0009320976324605939,0.0002017569200560113,0.001315120043055266,0.5747000372481286,0.11697725771619735,0.030903610194749066,4.853608601106609e-06,0.47215900572114633,0.09596888123828265,0.012518643360229984,0.684069099170941,0.21360860115501284,0.4164370934498841,0.03531466949699657,1992.5882444055474,0.4704604980159282,0.06722683436668256,0.0,0.13044481918203513
0.0007043748585435291,8.353542754837384e-05,0.0008129708476880181,0.7648119369392345,0.1824295943635702,0.053249351544807165,7.26184803019834e-06,0.13042214405978547,0.3408624171515588,0.0627757271164598,0.6512188865026175,0.0734301061111122,0.476436827536791,0.013080777981646616,1187.9990311791494,0.5777887803915053,0.13952433142024098,0.0,0.1841673471691296
0.0015182165832015025,0.00011817481142598859,0.0007157879421399328,0.6678255301468813,0.014653054410341404,0.07955904211665892,1.7185302419847872e-07,0.02510393536882236,0.4158834754084054,0.036334866261903714,0.5004604161242077,0.13719631992708187,0.33416024842092595,0.02817514958373571,1460.8385477380773,0.3632640961971258,0.009785683829857344,0.0,0.08736790089152302
0.0005057705328471595,8.433423424607285e-05,0.0008233618832491467,0.6300165337390218,0.24063524322011132,0.1456618126881774,3.3485227154229924e-05,0.994831507844932,0.02575529374685235,0.0787328317743775,0.6951019718844094,0.14994744350081815,0.34400332034990944,0.042900569634661184,1273.3471875326195,0.5451545283835912,0.15160418182898097,0.0,3.0569572433628225
0.000794865400271505,0.00013984485806643211,0.0007548569556456471,0.168156848804991,0.17130956636583303,0.03274603820225818,2.3543605007176314e-06,0.6199891476633905,0.09215327400050219,0.010691325112974904,0.7184524015675926,0.16941328484561982,0.552434527177565,0.07649067388129098,880.7906345079975,0.5490391167219728,0.028806876850227953,0.0,0.1160167691157304
0.0014721790355130735,0.00012709486938083285,0.0006044987325716928,0.6051639561843476,0.10118541444974839,0.13256735347156237,1.0563488247042884e-07,0.6206737463183627,0.13026338356307257,0.00022478616177762625,0.746042630476791,0.05376245040945669,0.265323876315237,0.0798027709413935,1264.228762792862,0.6922801800673343,0.06123376571656259,0.0,0.0017256281514350996
0.000681086157117431,3.253626484474414e-05,0.0009087366798017799,0.1022528577259978,0.030858528479630866,0.06966128833272624,2.8286283541539582e-05,0.9278533628738057,0.24161872671318335,0.00016933081924686136,0.7233351244800474,0.17314884165755562,0.3075056160137821,0.007282397917887446,1702.90590986305,0.5501862828224918,0.0031553727222613463,0.0,0.0007008182749339115
0.0005388759005337839,9.230235776394046e-05,0.0010191108740761235,0.5124293230934326,0.2555882318947758,0.131684626924233,3.5329831792049976e-06,0.5159604634398093,0.3052068455196349,0.000250395761453897,0.5772519680263485,0.06995689332364513,0.269702973740377,0.08562357559461675,1043.4444848200267,0.5072950747027034,0.13097090466048725,0.0,0.0008204133201127308
0.000527140820853355,0.00011306140140524098,0.0006714902818077992,0.5361734933593258,0.135659586224496,0.1282703724996316,7.021541819123375e-06,0.47876521820109186,0.037399542037908615,0.0007577863765217775,0.7041826969808433,0.09798351562409117,0.5204270235458108,0.00762797316361357,1999.426425147112,0.6061991813567522,0.0727370742536687,0.0,0.020261915928106188
0.0014118195899247067,3.773026961754824e-05,0.000895878793253343,0.6682054852994008,0.14692048178709205,0.04292540524438786,2.5884097237483543e-06,0.897571556963108,0.13599903602229726,0.0011121124353192515,0.6106590418620482,0.17484780108773645,0.4542381046210901,0.040013200519500275,1370.369161076046,0.43581124077431177,0.09817307183296563,0.0,0.008177355280201536
0.0013091635285409915,0.0003713505616473427,0.0019003175146399618,0.6101643321337084,0.025045449156422556,0.08124910249715328,1.0346643288470397e-07,0.524824726557684,0.06367994742853895,0.012425872778847859,0.6893349128014341,0.14514257203032316,0.39739538114249806,0.07362075504821593,1247.1760060897595,0.5441923407711109,0.015281839757517318,0.0,0.1951300728191093
0.0013951392559518486,0.0002828560934659668,0.0007480225161777109,0.0648423762906792,0.11038761534449473,0.06561877675415924,3.2769579849634194e-05,0.4667566009492928,0.11696345988511278,0.07602188704516787,0.7028735782597185,0.05015508107670843,0.43195229883912206,0.05702261429347137,1640.4534491761024,0.6527184971830101,0.00715779529199848,0.0,0.6499627073262049
0.0007277066288992148,3.546105482722759e-05,0.00204671592398518,0.5434679221427876,0.01787122790548262,0.020269864717474845,0.00036010860165414506,0.9438814527779008,0.34235585197215324,0.0005922557827559836,0.6851621660812285,0.20008830290522878,0.3856489575997093,0.03456719144867635,1112.3603845867692,0.4850738631759997,0.009712439095932841,0.0,0.0017299420452265466
0.0007129140020154093,6.915975854695797e-05,0.0011681467753050607,0.4173984784975393,0.25791177220827194,0.012090300325949209,3.071158739714251e-06,0.4908565671594623,0.028976075154478906,0.0014842021223260705,0.5089871533534203,0.17669646343629858,0.4369001505605704,0.03863226779734406,1611.3744714630088,0.3322906899171217,0.10765198130633664,0.0,0.05122164110955012
0.0014532692051505472,6.665580808306828e-05,0.001335007673708358,0.08771668990259573,0.08012572780750542,0.07059625798177988,0.00010963334608301928,0.05378288455759785,0.020011240888129028,0.07392464353448212,0.7066911033169982,0.23344683048071135,0.5622259030411124,0.017942724328855696,1192.684718034793,0.4732442728362869,0.007028363619310744,0.0,3.6941558970656008
0.0013741458045011977,0.00012488745780434634,0.0016024568451880143,0.2535074970694394,0.21595941382984185,0.10067951160062906,3.4019146165710353e-07,0.49543755567472236,0.07695019055463685,0.04313930761889887,0.7143368640840397,0.08319333255432611,0.4901647491670966,0.006470191858987275,867.6100891215276,0.6311435315297136,0.054747330468586486,0.0,0.5606133955999592
0.0007635869263462697,2.9344457567027144e-05,0.0005597722140934608,0.35644977236004244,0.1510356550081842,0.014464704672169747,0.00030158378851166575,0.8415839032693031,0.09146071653585494,0.0017701018424949842,0.5278586458186114,0.1676772841691354,0.31649271393906314,0.010974126146853818,1342.6571988570631,0.360181361649476,0.05383662484591716,0.0,0.019353684396306463
0.0013282212263387382,6.151043496914677e-05,0.002250384641595892,0.09168459091943763,0.2085716170973699,0.0015283508598224502,5.691227347669628e-05,0.35900171926463065,0.024589930291247997,0.000768129063027743,0.682010378422805,0.16841483148324357,0.22014657322584485,0.09876680500292721,1557.9437113646245,0.5135955469395614,0.019122803390977945,0.0,0.03123754536632965
0.000823535030306077,0.0002947026560654957,0.0008398015609664895,0.31063902216441414,0.034877111389385734,0.10074573101814308,5.266535172774583e-06,0.26230933295394426,0.07728643756783472,0.004634789565239367,0.5527694326039847,0.07561246871282004,0.3334575633934188,0.044512938081308975,1162.825907931609,0.4771569638911647,0.010834191777918136,0.0,0.05996898952900225
0.001423462358784798,7.948608643371413e-05,0.0008870453398440584,0.30814216121235666,0.06275104219010448,0.028505824610512015,1.0284791299139618e-07,0.13446071071062335,0.1208203851627931,0.00021720704206222574,0.5261958457887048,0.1607125255862564,0.42332357597406345,0.04323096522936198,947.5066351445633,0.36548332020244845,0.01933624175878657,0.0,0.0017977681644497448
0.0011837495683829015,0.00010338761694846438,0.0005273261581785704,0.07713502159552638,0.279690025726901,0.07504031388073183,4.5946404831468055e-07,0.8608653506792772,0.04879144004009263,0.0007147139563860295,0.6901851607432382,0.16449743051819793,0.5433357119354577,0.02243575063190063,1762.369159448759,0.5256877302250402,0.021573896174497835,0.0,0.014648347246950258
0.000561382237409882,0.0001144144287904931,0.0015012899991636878,0.6308212873865776,0.27298884226522224,0.1253273946044463,2.2151724677165256e-05,0.8576407338023924,0.05023228924020188,0.004735213399222076,0.641729650185854,0.1162629838998739,0.36021661222196866,0.03605540936171622,1831.6244410363822,0.5254666662859802,0.17220717291991886,0.0,0.09426632691532585
0.000980100108954491,8.981021109446731e-05,0.0009711485138889155,0.5984952583052465,0.162503841694691,0.024728712385178583,1.9797955848080133e-06,0.06514475415803248,0.026591842458226097,0.014629845267709439,0.6987779215507088,0.16237103686741675,0.49316910513806406,0.044013779106948696,1743.1223620855126,0.5364068846832921,0.09725777871065898,0.0,0.5501629039316057
0.0005379922072412447,0.000299820535985361,0.0013235184528838037,0.31736875218050714,0.2773465281590612,0.01737757364252044,2.9974343364270856e-07,0.0054732265063027336,0.025476031031510738,0.0006500380250571665,0.6775736596809032,0.08989681645127537,0.5308826301268301,0.04836702352935605,1748.6773227425713,0.5876768432296279,0.08802112156343714,0.0,0.02551567095569749
0.0019555020745309908,0.00013002277012398963,0.0006646567701910855,0.17132002811140445,0.03346549271801524,0.0419143734920095,2.7978782011775223e-05,0.6891957142258037,0.053049841560127625,0.00038304003183327724,0.6619187098691527,0.16097085841701947,0.273223421841488,0.07064539122657411,1897.6718533051042,0.5009478514521333,0.005733309153212371,0.0,0.007220380317236819
0.0009267406474597247,0.0004407902280393112,0.0009626638285391532,0.46212173475198587,0.09248436800400663,0.07448431912139523,1.8887344698301103e-06,0.7123931151448473,0.3445894134533046,0.03287302278848908,0.7292009891711015,0.15488185386554593,0.3715586609588924,0.018362683216923865,965.6647049539795,0.5743191353055557,0.0427390365794526,0.0,0.09539765734255128
0.0009834973341857904,0.0003816780956531655,0.001424021885917627,0.48523385356310894,0.027092262866078534,0.10326182777919718,4.6693396175854114e-05,0.32047909736535296,0.21464173500157227,0.001671577693921375,0.5361274593105488,0.05428067050286407,0.41273707526184383,0.07813098630219963,1430.1253311062014,0.4818467888076848,0.013146083112252006,0.0,0.0077877570916445055
0.0005574906677871782,0.00040394723553276434,0.0016683009773539655,0.45438828200675757,0.0779881785855716,0.1284581184864421,0.00018845548696368023,0.8056935532077627,0.08312752252424993,0.0001354150697077759,0.5320718421721493,0.12045585900123704,0.455483222859665,0.08621922553303947,1685.5651481174564,0.4116159831709123,0.03543691448433408,0.0,0.0016290040361574914
0.001759552881951944,3.977571781444724e-05,0.0005522246449602136,0.17295314852367516,0.03762467267062306,0.14367514570139933,5.191056814439394e-05,0.1460793491676856,0.0752513048189837,0.0023617971830718117,0.5485128493349875,0.24612194389387898,0.5630108966801824,0.011476090428765698,1677.0685760065362,0.30239090544110847,0.006507305600556932,0.0,0.03138546486008571
0.0019393539659237713,0.00024547972126393963,0.0010728747247025338,0.6725750480462985,0.05549520761614833,0.07673909967720174,5.408454078293875e-06,0.3786264100776087,0.04245865903621485,0.0015713954361684102,0.7381053948849801,0.05245462672859005,0.4887600409790013,0.03680694797140375,1508.8093850014234,0.68565076815639,0.037324691928770276,0.0,0.037010010957437396
0.0016649787899719942,7.129572090353046e-05,0.0022347614357380524,0.5940166907286177,0.1744829210914099,0.08827592342587783,0.00024739320347082726,0.10151631439347938,0.11411798574027078,0.06704283475778881,0.6548388227453693,0.07833776487244352,0.4394257750072614,0.08936639566164908,1226.9067840354155,0.5765010578729258,0.10364576737538184,0.0,0.5874870146269174
0.0008657803718257255,0.00032321610667283726,0.001134116106668748,0.4459741128592858,0.2363066318042011,0.049775831469591955,4.4501247144644275e-07,0.1372404147729255,0.2801281047080478,0.011178886623657874,0.7031235447977796,0.20624035969217785,0.5626608880461874,0.032796100007747846,1069.1945916849763,0.49688318510560175,0.10538664048164448,0.0,0.039906337264190676
0.0012422190321660412,9.666448249642692e-05,0.0006696090764289461,0.5178079697330454,0.06920904955262021,0.14995276737077864,3.0171953752397734e-06,0.04070853733681901,0.02766327527015515,0.0009627832986015342,0.7268906945531104,0.1420006608089493,0.49206868292031986,0.09560556211219083,922.9483898315941,0.5848900337441612,0.035836997435996006,0.0,0.03480366258872623
0.0014333836486773374,0.00012138343373446921,0.0008999930139118406,0.7909772111718028,0.174419366772675,0.1224348547718622,9.611597404553806e-05,0.6965427340535593,0.35234268969784366,0.0015557340648112376,0.6147007592560599,0.16546972441138202,0.556332716471811,0.07140208773169436,1367.836568391428,0.4492310348446779,0.13796174430420227,0.0,0.004415400433439896
0.0013076621969365424,2.47170132888315e-05,0.0014878151355731842,0.7884555062962595,0.12624391135053092,0.025582313447455443,8.399483149038189e-05,0.04338588480065788,0.35040274012327166,0.009742557685966777,0.5888767943135115,0.14983035777801562,0.21262368792626926,0.07324895126633346,1773.4973213042203,0.43904643653549585,0.09953770704070296,0.0,0.02780388555905512
0.0005241683558010987,0.00028353723216344086,0.001042490571936479,0.4202615497235595,0.292863443202806,0.14500065583075597,4.077550290952198e-06,0.600603865792438,0.04359633791403043,0.0073573592060023904,0.7222292528593295,0.22683406206585038,0.5076901129923013,0.021646826114633727,1693.4829728028287,0.4953951907934791,0.1230792444977889,0.0,0.16876094548378576
0.0012900304190255813,0.00021766512971015478,0.0024154490406942545,0.26239595506540214,0.10081731931140726,0.10637125886378405,4.220191999154971e-06,0.4461165477411741,0.05914999866146893,0.08192986657494779,0.7320039810363689,0.05111806120840672,0.37357981451040645,0.09685356083176198,1846.6081192139125,0.6808859198279622,0.02645405678785032,0.0,1.3851203453757295
0.0017290314641583771,0.00026390446208928993,0.0006960212131726731,0.552390195282245,0.195018741825869,0.09945412310264172,0.00019930030057266742,0.31128194674122944,0.0482870773142165,0.0005550716905376204,0.6962160367847354,0.09323530454134096,0.34442131197165227,0.015053547841699592,1264.4130886821376,0.6029807322433944,0.10772644088088949,0.0,0.011495243063182834
0.0008283158853839767,0.00014169594006256255,0.0024188882319061164,0.7185094231731883,0.17617077142932827,0.06436395510843108,2.2969341926109457e-06,0.8427813125575281,0.21835665758409165,0.025514744513118272,0.6771637671490491,0.18488488804666847,0.4933351632864029,0.02226160248841829,1502.7024421137512,0.49227887910238066,0.12658035935966228,0.0,0.11684894243855264
0.0012935166750360175,0.0002696177319626994,0.0009193426621069158,0.08503840905775316,0.24415389479133073,0.02666787545406313,1.0355468291126164e-05,0.15632134372863107,0.30566147749254013,0.054161396564955,0.7444077927298792,0.080377740287061,0.21842896881568663,0.04296057677316751,1150.3985969696757,0.6640300524428182,0.02076245877830881,0.0,0.17719405470804492
0.0011194439324922025,0.00029544222194218824,0.0006516632689411477,0.48250784414319015,0.04218238730247317,0.13038266881660943,2.6451884035590393e-05,0.5332080977504652,0.046879067672425175,0.00013219737505046266,0.6399099857289203,0.20837812061633815,0.5301680357359209,0.04558612161370842,1689.4246515013467,0.4315318651125822,0.020353332758129408,0.0,0.0028199659595240355
0.0008383081051681388,8.735093310162968e-05,0.002395798046509736,0.2675913173395528,0.24116003263464905,0.04588410860675687,1.438000533755674e-07,0.6358402496139776,0.05210279890998362,0.0746566597119374,0.7397636858562413,0.1323378313744049,0.25265852040965514,0.0806557967645301,1267.9984015867583,0.6074258544818364,0.0645323308223553,0.0,1.432872346088727
0.0012237489566695986,6.945462381781197e-05,0.0006309501160577536,0.2602597634946559,0.28743605287234736,0.05435372917765372,2.980615356994567e-05,0.9114825513734902,0.425293687009296,0.02871472870010612,0.5525125590846602,0.1964462232303359,0.2576195264991159,0.019413148658354237,801.2414037747824,0.35606633585432435,0.07480803914039454,0.0,0.06751741109074699
0.0006968024638355348,0.0002981479338156677,0.00110570836218279,0.709412902295578,0.10714905685426442,0.008900062258395873,4.444702149647535e-07,0.048215603175802674,0.2066305568495215,0.05789127620606079,0.624423921717154,0.1933813813607222,0.30491440109831086,0.010420937505354118,1294.609299198724,0.4310425403564318,0.07601292340121761,0.0,0.2801680307536511
0.0018729390949769487,0.00044132662146941485,0.0008240980361362627,0.4474820959620295,0.01918560083142786,0.00211688782257811,1.1102317143043487e-07,0.5575379399239123,0.07167378569785035,0.009382911096000352,0.7285950949820942,0.09473352036780422,0.40107449707856885,0.0432973263867841,785.0865910783127,0.6338615746142899,0.008585212872338195,0.0,0.1309113367550469
0.000634360948654281,3.446420410212034e-05,0.000603429312709748,0.21808627603163927,0.06150584087063528,0.10010563114616457,5.412155924928396e-05,0.4931669679380935,0.31115788027374885,0.00013096147990794666,0.6198752542146421,0.07070215663405555,0.4032058535909281,0.0916590195731693,887.1558628578734,0.5491730975805865,0.013413579789671445,0.0,0.0004208843426775181
0.0010742195986885041,5.835663406957738e-05,0.0009137514470235371,0.792370813935115,0.0009382723251107172,0.11699187208996525,5.936907672545185e-06,0.5386137074075108,0.03112680479565432,0.00887778892676209,0.7414172595241719,0.06231286244840239,0.4594435056092727,0.08911246122641213,1951.6436192995552,0.6791043970757695,0.0007434596059407718,0.0,0.2852136280946362
0.00095313270893772,0.0004939030474606068,0.000862226635002622,0.6927483640281199,0.15580932356180763,0.08707397374712499,0.0005306458530060894,0.9549226054302401,0.10871203433380155,0.000895319411299856,0.6592958676371626,0.19040347595315066,0.3465892651566084,0.05671061606224645,1606.8155213230973,0.468892391684012,0.10793665399777023,0.0,0.008235697333661952
0.0016468443787600415,0.0002879278479489296,0.001302196843671522,0.5156712462336858,0.05740865868645069,0.11128244728308298,0.00017936130097974181,0.9588817702538628,0.09101324584739327,0.00010790620529522944,0.5999322935902476,0.19209398245365383,0.5159889312609706,0.03739488293083905,1545.9401710784375,0.40783831113659375,0.029603994569446335,0.0,0.0011856098998618452
0.0010085452400480945,0.0002586676134427799,0.0011387108785498364,0.3386345257845414,0.21844509351088265,0.03735289796053969,2.386094516091361e-07,0.6770401328313554,0.13724216843223896,0.003934510707271976,0.5382962039199842,0.18542417028311414,0.5499238792275154,0.050485369229601826,1236.7464874202149,0.3528720336368701,0.07397305065101754,0.0,0.028668380514656287
0.000991468167937377,0.00021307915220149286,0.0012752666658529554,0.7654830536808882,0.11284207807522077,0.09972542164384501,5.852467595982419e-07,0.7927895655597725,0.05957558894292464,0.00880328512646163,0.6931568450126682,0.11168648576328379,0.2667528563677304,0.09320488107125108,993.4683089668267,0.5814703592493844,0.0863786985087172,0.0,0.14776664876776066
0.0006692418046587949,0.0003074947632836152,0.0009880757206689832,0.6990399128196936,0.2259547097005844,0.105577414232869,1.3232664691797606e-07,0.9141556249451827,0.06032867242659676,0.01000200528530058,0.583975711791911,0.118691593232712,0.463149254418403,0.04980134418080543,1727.999436283993,0.465284118559199,0.15795136057029568,0.0,0.16579190098158123
0.0007350743439822617,4.134978218900869e-05,0.0009971744053027087,0.34555057411365664,0.19346665773238594,0.04078124418286901,0.0009424519774418747,0.2198150090316985,0.1702157362848815,0.012907287057847504,0.6313905262821284,0.22356859850232402,0.5120221335772456,0.07041244640248726,1890.8800922332262,0.4078219277798044,0.06685251465127627,0.0,0.07582898819792565
0.0010412234053224449,8.823152778925455e-05,0.0005017967139115821,0.5721022443114133,0.10892308191300247,0.06100690437087652,5.234779267297308e-06,0.37014999619890143,0.07240240134113479,0.010872407265663174,0.6539876953529191,0.1961785373369696,0.4665717289552125,0.061114377748135024,1947.5095262729521,0.4578091580159495,0.06231513961974462,0.0,0.15016639039962493
0.0013972987898584032,9.480049913689691e-05,0.0007841815302711215,0.36714539267170343,0.09586299883406074,0.003211826501497555,0.00011736061206203503,0.9763463292514525,0.42148544136238886,0.06554663696557032,0.6702935572641472,0.18051926452603578,0.41580652744530855,0.07010440553083312,1800.17075855408,0.4897742927381114,0.035195658349618276,0.0,0.1555134069487681
0.00099651750040133,6.297549628491815e-05,0.0006922714424439956,0.11120090845114605,0.13989070233300002,0.03211099032119251,3.5920698193503793e-07,0.5291968710713233,0.09287015185186251,0.04712975493152452,0.6000478318787225,0.08298160222858206,0.3564478914421319,0.03991954228240213,1148.1802254021277,0.5170662296501404,0.015555973183298459,0.0,0.5074801105817223
0.0014846122192340662,5.906510439716995e-05,0.0007286300807012432,0.2578128634815332,0.10868226137791338,0.04508985471972016,3.4649950739260496e-07,0.5023392920307692,0.1690838535379586,0.024418564203817068,0.6730179746862598,0.12565493935415678,0.306158449525618,0.0392831765026075,1819.2876303825124,0.5473630353321031,0.028019685015488294,0.0,0.14441688956618914
0.0010272371436351089,2.241606757368183e-05,0.0010146885940239367,0.7113565866622142,0.02758942865634333,0.1362849009025999,0.0005225258578493267,0.7263515947887278,0.22443460134483717,0.001283042513641117,0.6364478500316942,0.06123383155604471,0.245468761091271,0.014596909939822093,873.4699535240848,0.5752140184756496,0.01962592179693707,0.0,0.005716776762375244
0.0007542166874932415,0.00034432425908928433,0.0018673179021957546,0.34242984236027707,0.12433330117480897,0.04690706453445271,1.9348091305379493e-06,0.5508897335243226,0.4261220171041653,0.013001631484586152,0.6114599100793957,0.22349241841689932,0.482546588349671,0.021865704862084147,1742.308490371095,0.3879674916624964,0.04257543272142269,0.0,0.030511522434213744
0.001232926087973423,0.00042063155814844454,0.0013604607346598924,0.5013103967545506,0.18690330617971698,0.10896288758844173,5.814600343854578e-07,0.45662180148175774,0.3791942944250714,0.0008353810239100178,0.6299584329651864,0.2224171016271667,0.4965779975020073,0.02233925602622384,1781.7580287013539,0.4075413313380197,0.09369657057569117,0.0,0.0022030421770364707
0.0005536060703170664,3.1972722657160856e-05,0.0006936581816299954,0.4438965473538525,0.22957486285779335,0.05485755486090444,2.7006445249782527e-07,0.6631661381608381,0.12393793911585074,0.02150609417567779,0.5894853829631046,0.09706025752672218,0.2798716980262853,0.018866597115336385,1160.9709376748324,0.4924251254363824,0.10190748898180865,0.0,0.17352309009733502
0.0018173749741530565,2.8925548788595274e-05,0.000644359529500032,0.604345717383515,0.2725064416090667,0.07392434900082269,5.7398008696341975e-06,0.6811198361410484,0.42253676738766055,0.00041174626066141167,0.534717099474706,0.07793357593191455,0.34219152263647257,0.09251433574674471,1666.9593469534534,0.4567835235427915,0.16468810094586034,0.0,0.0009744625614642689
0.0005269090756532139,0.00011559448637241152,0.0006372771019524276,0.3358756591301941,0.27638744212000843,0.05965666443416326,5.349976152090964e-07,0.5016391390251107,0.34564493489644643,0.0062799995062273765,0.5193749901103352,0.2333239376485336,0.5495990015460475,0.06864350832862848,965.6017026198217,0.28605105246180157,0.09283181429736621,0.0,0.01816893254376441
0.0007669184479742828,7.761803028056517e-05,0.0015404919703230378,0.16624820593922945,0.2258023542557827,0.04542120361807363,1.187679806052297e-07,0.509883760198417,0.037084906657435086,0.019922302543179022,0.6695001789266488,0.22823243465090198,0.566470449453303,0.05433805439498753,1986.0038413123227,0.44126774427574683,0.037539236291878206,0.0,0.5372078384127423
0.0005566003061870339,3.761598227310592e-05,0.000505371288289506,0.29092764552110395,0.0763051172115007,0.034379803051848457,7.892493444202894e-06,0.5007440277364978,0.06076069840756956,0.09415209103501326,0.6954147012748462,0.10551248607205058,0.32388486132606,0.038934095617432565,1915.870101457794,0.5899022152027956,0.022199268091553762,0.0,1.549555773757923
0.0007884707016224295,0.0002920290636444835,0.0007345725471142132,0.5275422039981188,0.20042960558440245,0.05009985265413958,6.54076876567733e-06,0.10650836741972552,0.03308276404985909,0.0011388294949915825,0.706148308584583,0.24962826821830203,0.4677650257526225,0.06089127569992143,815.5833662699953,0.45652004036628097,0.10573507587646933,0.0,0.03442365013017808
0.00135226463564339,0.00015350970852159848,0.0006241134450647329,0.22942313068910503,0.22057512431167756,0.13017147885090566,4.968777459896857e-07,0.38580941100116695,0.027915961340880074,0.08455915931025061,0.6271918194960697,0.08608944269961025,0.3414019415619294,0.023747347027243612,1588.7470365533022,0.5411023767964594,0.050605035571723585,0.0,3.0290613415638443
0.0005156045157436672,3.6695742340368396e-05,0.0011455150680648321,0.1406985136833825,0.2540682604774648,0.03140275630406072,5.277995566902884e-05,0.8662820535053098,0.0388428389931716,0.001782220294961209,0.5255874050866074,0.13692214920294737,0.537670622716233,0.055311782033828145,1118.787234996229,0.38866525588366,0.035747026623301766,0.0,0.04588285360075034
0.001164456964316717,9.455602906987797e-05,0.000710786828037187,0.39930287182793484,0.04962294710650825,0.12377339349722558,0.0001198861849691191,0.6369510184862047,0.15004511523862754,0.050403099718850625,0.5681771636369264,0.18435386440598445,0.2918392049929059,0.056515168587505465,758.6444476264614,0.38382329923094194,0.019814585288194454,0.0,0.33591963083030696
0.0008294114506999045,2.290268209956495e-05,0.0007144682051074528,0.7265498483001389,0.08194830597045887,0.1233379530721595,0.000889158003284145,0.541773190694424,0.49290941095983093,0.001807141806745389,0.5136691181291375,0.09937626947591992,0.3544113191358458,0.07085857101699221,1165.4973097297184,0.4142928486532176,0.059539529271290255,0.0,0.003666275722401778
0.000623791650924893,0.00041475697003939724,0.0006711143510816267,0.24795508032552493,0.2930023286860873,0.1300816820842381,1.603871514143448e-07,0.3146103612540225,0.023816754156017552,0.00012912803135550717,0.6224598175198396,0.13831997897235299,0.27360053047420635,0.09368460189732107,1726.0737454677294,0.4841398385474866,0.07265141594492464,0.0,0.005421730875232704
0.0016198609902945108,3.883740013554044e-05,0.0006531084746421404,0.2119008940835717,0.1758514360653147,0.1384949245981292,0.0002177091248315852,0.06826560876400477,0.0725155894640891,0.09912085565107889,0.5608892368990958,0.2499974600342349,0.5595788588214168,0.09326766092479691,1537.700161558309,0.31089177686486086,0.037263076528120234,0.0,1.3668902974327355
0.0010148576289690304,0.00020036027450804985,0.0009746897389284955,0.6780246999875433,0.15119666694493447,0.14311958136118313,1.1121152284076597e-05,0.7449532639382211,0.3532878910047253,0.060530777389410026,0.7087301015746353,0.23806017872839863,0.48983039640087406,0.0763174271950638,1815.5451762764421,0.4706699228462367,0.1025150747444557,0.0,0.17133555644170215
0.0018957806377295691,4.183502307672674e-05,0.0023184779846386473,0.28109115752246366,0.11578379622920101,0.03958621744352692,0.00046452466255772495,0.8052628247182421,0.3641231820863574,0.0004031576537591275,0.5210453546435696,0.12068029292108313,0.30801181352403095,0.06770907974747181,1212.9235325693166,0.4003650617224865,0.032545801304411176,0.0,0.0011072012813057106
0.0008066229571943181,0.00019341216292217766,0.0009123462122973097,0.24491398295694122,0.2518397772954662,0.1433916540255956,1.6154551197677445e-07,0.7151203839958542,0.22756089728095077,0.001239502781812687,0.583435142610284,0.0840040936692927,0.35299225824244573,0.04969301351601574,1585.8571319584432,0.4994310489409912,0.06167908292442168,0.0,0.0054469058464045985
0.0006022987545707287,3.401110262858309e-05,0.0006939969700022662,0.5422395864412402,0.07114414178912637,0.06951956808832888,0.0005074373405004567,0.37229604909135117,0.06957264096307256,0.03757604459322898,0.5567071426910609,0.2410617282918714,0.4400522476230294,0.03722625359254073,1127.7443404865571,0.31564541439918953,0.038577170021452833,0.0,0.5400980050933156
0.0017633258480516836,6.532925885572846e-05,0.0021378402775268216,0.4468625475402555,0.11392386037207952,0.08963991792398444,0.00043374252651182875,0.6125583750428214,0.15690032600467563,0.00884292348451743,0.5995100329282718,0.18916667689694916,0.276813722303097,0.06208217786944196,1348.1964632446234,0.4103433560313226,0.050908306471487814,0.0,0.0563601345497135
0.001817834958115284,0.00012357714436275494,0.001736502817471809,0.5500565369108749,0.06010944693451528,0.14494888037117604,1.972397859332668e-05,0.15374162839743477,0.06357693871423924,0.0007501065947647463,0.6317459172188222,0.13450037540784993,0.20318607246533116,0.009369538153692337,985.8894945387725,0.4972455418109723,0.03306359421642748,0.0,0.011798406937085601
0.0005653575375383898,0.00010468198610416619,0.0014222947723850471,0.793621619056083,0.20004478418363794,0.0751841796249386,1.0427924724139866e-07,0.6940325937907671,0.3124623386685832,0.002652884029837006,0.6293059961356658,0.08282110841578663,0.39584940018672,0.019099213758417197,1962.2170735453074,0.5464848877198792,0.15875986550754345,0.0,0.008490252108913575
0.000976704051976164,0.00022887046826806565,0.0005766593497914726,0.7509390171625111,0.055913777703434274,0.10611030300601124,4.812464777553515e-06,0.19620275208410126,0.24641185536685525,0.03126381304523461,0.5989528988449553,0.14096173848268445,0.4702107051496989,0.01014133546055871,1259.66063861322,0.45799116036227083,0.04198783727446006,0.0,0.12687625357428273
0.0018389237733507223,4.206936190685565e-05,0.0011175534781741664,0.5147504184243066,0.12817079885158084,0.058189785779736214,9.689920389763692e-05,0.43624349713962035,0.40734128233843153,0.008924534957286278,0.6498745989936804,0.2406905890865182,0.42541567943615,0.049618367819820215,1317.3431417615852,0.4091840099071622,0.06597597233862887,0.0,0.021909232734902383
0.0018967888411616752,3.849561019768195e-05,0.0020171108892233294,0.5196791419453778,0.08876862043896615,0.0506870325812197,6.390083467673853e-05,0.6885259564616221,0.03978421544363012,0.002962578247763885,0.7432731472702523,0.09917989059982467,0.2174447163941534,0.0430387084122677,1173.1505937278966,0.6440932566704276,0.04613120050139685,0.0,0.07446617244373045
0.0008374658814073233,0.00010868371953350441,0.001033360911797662,0.1141533090502257,0.2553872789123805,0.06827289068065977,0.0003561066293876821,0.4067053408881689,0.10712296613545874,0.012710605849919792,0.66383995574208,0.19844623127198674,0.4566901595861137,0.022642944143411683,1045.636741453029,0.46539372447009325,0.029153302977181158,0.0,0.11865434937496992
0.0008302711075570855,6.976228214495189e-05,0.0005497992915135938,0.20828050176222107,0.050011727587858885,0.1285168456702187,1.495897900532105e-06,0.4508157579247356,0.07331922836187443,0.0011782681020012784,0.6279443177346715,0.19990863937035114,0.3810718775117786,0.06960458879277795,1411.697534836733,0.4280356783643204,0.010416467715994762,0.0,0.01607038328589354
0.0008052085950340869,0.00010893075747367644,0.001062985766234269,0.28196248254123674,0.07919081474348974,0.05061030814974351,1.220576072704938e-06,0.08397075389242975,0.021899217165052016,0.06111783625179326,0.7176895828309949,0.09196178150368421,0.4198172097668834,0.06370350588380305,1601.7401345381982,0.6257278013273108,0.022328838719537537,0.0,2.790868540695075
0.0005225207707974205,0.00020895892708421647,0.0014859337263769938,0.3400945469502675,0.15281615377397617,0.03757094897634472,4.2573109955505657e-07,0.9966374495993863,0.2407776511845113,0.0003421989937245717,0.6808830266060548,0.09663156651923568,0.5220204128544611,0.09842973142934985,1113.232681836781,0.5842514600868192,0.051971940584442836,0.0,0.001421224071424884
0.0007524177133036562,6.852968168949844e-05,0.0009816623622304964,0.5862179782808377,0.1231547058034913,0.13864912364499496,9.142410926495522e-06,0.9975214999533252,0.35642070034783596,0.0001092504505850024,0.6909533043799044,0.1510613263681963,0.24386590257142943,0.07434209523325463,1661.2154482374017,0.5398919780117082,0.07219550265189402,0.0,0.0003065210591819817
0.0005416451168323093,0.00025911405245589993,0.000771114162869622,0.17336186619777516,0.11731402823965535,0.008368608571529304,1.131379372855603e-06,0.6138939045928333,0.15110626749306433,0.0011233338568579455,0.7252194581423232,0.2259046123939818,0.514736711101328,0.0827105859101411,1044.041700318317,0.49931484574834145,0.02033777886680515,0.0,0.007434065280644337
0.0015464044411701398,2.2170957576492363e-05,0.0013700918556497702,0.3845006679262123,0.19005171620834574,0.11245880812323268,6.409470204511863e-05,0.017326232850671433,0.07142241573777124,0.00015248064402070778,0.6367760239738162,0.21151665472195047,0.4794659105267967,0.0875595233791043,766.6278326899031,0.4252593692518657,0.07307501182263189,0.0,0.0021349130023905014
0.0005233970631343799,5.692710405400684e-05,0.0012736682072780063,0.10919476541603215,0.03382764393248079,0.06301780046158373,4.542564653931049e-07,0.03463080899413079,0.3014302433024288,0.0005383272994011405,0.5875266964947925,0.10711275228568162,0.3449280859031511,0.025560801464747342,822.0020277855706,0.4804139442091109,0.0036938016437843032,0.0,0.0017859100450681384
0.0016218260268492377,2.504423605321717e-05,0.0009474053747430012,0.43185261306836914,0.03601294720002614,0.13350473524389134,3.4603392114919552e-06,0.9578446929440726,0.2675490815933354,0.0030353061653194315,0.5204882981333491,0.11905444753971928,0.22720060046459145,0.054885186863617694,939.1558190669749,0.4014338505936298,0.015552285352624496,0.0,0.011344857351941814
0.0010652584140243752,9.419788560406474e-05,0.0013312674262903846,0.43259450100878266,0.29766219605847666,0.06184085701568981,4.398394895319408e-06,0.699388685658417,0.22095542567632537,0.037997061600979085,0.7456928647077269,0.08158377847981252,0.44524654264138835,0.0832832834571399,1343.3868548763487,0.6641090862279144,0.12876702917309515,0.0,0.1719670901254105
0.0019160465975108457,0.00010290574535274795,0.001065706502753093,0.2951704090611144,0.0817568314549577,0.06884293446084365,4.618258400069152e-06,0.7099117165581739,0.024022075714288098,0.0002338693385545693,0.5357522517377742,0.061953389043431596,0.57574312661438,0.0526877264956392,1603.5733110475635,0.47379886269434257,0.02413219738410045,0.0,0.009735600758908027
0.0012489764363305131,0.0002414854261323567,0.0007399368133546839,0.5529768946872986,0.09484167869932593,0.1192014926146704,1.2618000578364402e-06,0.5715244540414306,0.034916143434019255,0.0008586976396423641,0.5646353464342799,0.1547027947351538,0.25435768058309,0.0546257625294245,1793.1467574763003,0.4099325516991261,0.05244525697408377,0.0,0.024593141028448284
0.0014898170050419329,0.00030819284851894477,0.000555785601106441,0.14330466001183367,0.06755693153834692,0.08328449065452372,3.7562743343081344e-07,0.8394055302449691,0.03127602811117493,0.0009559455903678313,0.5098502959824517,0.23893840662582622,0.3918635929790603,0.0572446983510787,1126.1149825358384,0.27091188935662547,0.00968122310554553,0.0,0.030564801482138068
0.0005611498831518541,0.00027935059431236813,0.000684206839150133,0.6458068990763602,0.18997611920844665,0.03597745542140552,1.2612963498145104e-07,0.9459769082001217,0.021805689199370905,0.000893109590956658,0.6805141774294619,0.18233215187357454,0.26752662755078044,0.08426485004757699,888.3711081149424,0.4981820255558873,0.12268788844456789,0.0,0.04095764104454099
0.001492816095181741,0.00048744364555555693,0.0021663251890245592,0.4594720131388235,0.1546711451129038,0.12590266081125692,1.0625214905669495e-05,0.45887979867588197,0.050849227653090225,0.00014412504607401114,0.6332656854012001,0.05567824495585098,0.5010719254084699,0.08664690088083878,1952.6731474182545,0.5775874404453492,0.07106706241951302,0.0,0.0028343605739162554
0.0010826033246283187,4.482178774561237e-05,0.0005385125648556278,0.5815506619735489,0.2615347790668323,0.12833710778245114,0.0006148735603554477,0.10221830173470976,0.02996852967153267,0.00015034191021016257,0.7337811035274654,0.0577920218413248,0.21716765649300152,0.06551930095896788,1284.5840689921636,0.6759890816861406,0.1520957238954222,0.0,0.005016659537787517
0.001706692722320405,0.00028187507400080023,0.0008502712966798655,0.7322443391364951,0.2812253202397043,0.044038926644876665,2.2031619700277875e-05,0.5080957631930157,0.029223560605285397,0.0013385295628716516,0.6513187500160611,0.17478399850830295,0.4088446469324353,0.00559621309768417,1927.2835102477786,0.47653475150775815,0.2059256487673715,0.0,0.0458030963766121
0.0009118511420206618,0.00042805484022483635,0.0005514318022971391,0.3491668688489881,0.2230648785566065,0.05503881830512495,2.2065491779679977e-06,0.7368695958340247,0.03208216454050319,0.0008513370981081937,0.6966245931767994,0.1594378117597324,0.5075940668398355,0.009517173698849732,908.4464107285023,0.537186781417067,0.07788686519579009,0.0,0.026536148988120647
0.0007010757844577257,5.440561003875546e-05,0.00245371573300052,0.10186175136991843,0.16068596606970093,0.10147330475052044,1.2253112661998556e-07,0.26511258639937685,0.10717850261992462,0.00604195265689824,0.6452499235353135,0.13971663499522424,0.4922507290676713,0.01834509410331613,1457.1256865997711,0.5055332885400893,0.016367753924427023,0.0,0.05637280339998922
0.0007648654268064643,4.9080660495264375e-05,0.0007259608461028766,0.5314479652707274,0.2655983597368079,0.02917117164896857,4.854499604732844e-07,0.028373011536227077,0.20849132555084665,0.05286853608457153,0.5583915115720063,0.06514327273708222,0.35994093864098764,0.02595798688899288,1154.2119707631675,0.4932482388349241,0.14115170786136924,0.0,0.2535766701319092
0.0006635088296693446,0.00011952559173265668,0.0006675831912441842,0.7100093778946591,0.2701988640037762,0.0010127846207835564,8.009379102279516e-07,0.9776281216207543,0.033516874740544864,0.013914692060000173,0.5545149487833099,0.2147139334309085,0.4479411076738009,0.07645026253792207,1449.370897266649,0.33980101535240137,0.19184372733916474,0.0,0.41515481881035216
0.001157734775877897,0.00010356829774128116,0.0008269309755407686,0.35101786923638834,0.2280019589456618,0.09090214267781406,0.0003241437471729465,0.48333256461058616,0.19491798619283163,0.02976992642708746,0.5792034130499772,0.10896735646135179,0.5450454125914488,0.09410134959680135,832.9027183079723,0.47023605658862544,0.08003276181082869,0.0,0.15273052532789963
0.001643019158125336,0.00014724354355428006,0.0023503236277955908,0.32982699656140096,0.13866589521554634,0.14859585562875183,0.00022706330777773876,0.42078058540186436,0.1409827600355157,0.0011891165156412296,0.5903485103116753,0.11066024542321728,0.49080219911227696,0.05897089821035337,1782.7639209794243,0.47968826488845806,0.04573575574444159,0.0,0.008434481743311545
0.0006157495214411836,0.0003663850420449585,0.00206730243193316,0.7747458866622052,0.1888600079438266,0.07349224823202487,0.0006896103095138912,0.3960795850766136,0.08965152522967135,0.006681725672726365,0.6611704610360507,0.15704094084937942,0.20527031386040728,0.027997903305345795,1928.866155873977,0.5041295201866713,0.14631851430947107,0.0,0.07452997208479127
0.0009155160602225639,0.00038641990772681606,0.0008287594401371508,0.7390043182555663,0.12240787743138866,0.0280683594201307,5.064779440734559e-06,0.6490425561491409,0.06253238950872521,0.0010968750110180836,0.5523097335841588,0.11212140836032507,0.5142156669437887,0.012067983093752283,917.4843607508651,0.4401883252238337,0.0904599500102943,0.0,0.017540909913014525
0.0017682184736810974,0.0004069444681527758,0.0006979122543036792,0.6151770904338323,0.07198296948580493,0.10584627473278063,0.00015032758927009405,0.09043156449350255,0.053429739828405806,0.007733290685562182,0.5970639042481132,0.14862754530742472,0.3452152022029674,0.08353643167365325,1371.823690303185,0.44843635894068845,0.04428227372906481,0.0,0.1447375695707729
0.0005281802509497157,6.020117435589774e-05,0.0010372194661722087,0.7723519224198622,0.020768653904605135,0.1349172286160641,0.0006534811456414309,0.1771134385360407,0.022216367533157456,0.005235709497007518,0.6101246320740845,0.1539564731001063,0.2488228744180491,0.08834545826300894,1166.6464785359644,0.4561681589739782,0.016040709769294552,0.0,0.23566901696208137
0.0013910897128068095,4.818401050810973e-05,0.0013116458173126765,0.2098679374646683,0.1806042330438757,0.08854956399015244,0.00019489647854484786,0.11232398294045354,0.03659512912854296,0.00010854388622397823,0.57488262558038,0.10615403382095444,0.43094910223929284,0.07230505374938237,778.0400980234638,0.4687285917594255,0.03790303788630649,0.0,0.0029660746883201374
0.0010061650580932586,0.000374052626101363,0.000978569880359557,0.3541211286025549,0.11606321760386479,0.023664702546612463,0.000994417179494918,0.5255188964067595,0.08148109551937627,0.0031205238478817445,0.527351218868961,0.17301529113481318,0.3966252942978444,0.04390325704886471,759.082751664966,0.3543359277341478,0.041100437607124514,0.0,0.038297519541077865
0.0006014552650172498,0.0002266819266186467,0.0021836805170957567,0.33150609654930047,0.07564211772864787,0.1486687975427219,2.2676169544109033e-06,0.813407027603797,0.05104794399291603,0.0002601070023556722,0.6032368952579763,0.1031866065960926,0.4748200445959302,0.045981132988993735,941.0694247403578,0.5000502886618837,0.025075823182946693,0.0,0.005095347275725101
0.0008205302056759942,3.1677482316781466e-05,0.0024614309083825546,0.38355721621458166,0.14503537716820059,0.14727984626409513,0.00015417656542353198,0.7776395438613245,0.19569937712225233,0.00035401526171037365,0.6196195403658743,0.10809650661817258,0.2912441626691361,0.08622950457525926,1396.6451148630308,0.5115230337477017,0.055629365519266914,0.0,0.0018089749028134222
0.0017747058351644327,0.00014308386356329532,0.0009057106133177239,0.7990770615437939,0.12650671587491863,0.1427959986514802,0.00011284960615406945,0.18487567770484123,0.17607261953361544,0.009658094157908177,0.5220030949607855,0.12792834994578528,0.5533352157195721,0.07302044719386133,1514.3016176766464,0.39407474501500017,0.1010886147868856,0.0,0.05485290207807848
0.0005807077144960914,4.331034104496116e-05,0.0008017766389690344,0.7362789622149538,0.05448907697300621,0.06636331580029384,1.5074148662431037e-07,0.613434903896038,0.28059072493053766,0.0003478245114201364,0.6015190863819244,0.20362051755435162,0.20224470404060205,0.08552855437735093,1931.8339628062658,0.3978985688275728,0.04011916104573575,0.0,0.0012396151423260443
0.000547493784516173,0.00014635852532607287,0.0005406844009966867,0.5403185879020017,0.0004865649438839081,0.05376320027384974,0.000563791652653914,0.3429622962083756,0.11606310449293594,0.007841463493834548,0.5333847791946772,0.12398285339170279,0.4497085820612138,0.07291613142412035,1619.6788085862222,0.4094019258029744,0.0002629000834019699,0.0,0.06756206916998167
0.0012737539510192383,7.198217543441918e-05,0.0018956808731038562,0.4514644303286489,0.22132751207468804,0.12451266826801485,2.462466765168972e-07,0.5732626704812411,0.12357687962575861,0.004960547674841936,0.5152048195073361,0.14678058794479665,0.45643207539412417,0.020935315040145258,1159.2498085475045,0.36842423156253945,0.0999214991548562,0.0,0.04014138963424635
0.0008751350731830069,2.761794079879592e-05,0.000547478491307153,0.7883262443155978,0.2444083916294639,0.07584943040400896,3.636110198662721e-06,0.23495346506381531,0.3253500406971855,0.0001782760224255145,0.5511455927002582,0.07914042476715435,0.2838828369766879,0.06746709392679089,1749.8961473130921,0.4720051679331039,0.1926735494524711,0.0,0.0005479514372996256
0.0012184754838315648,2.5727419098818864e-05,0.001238570951415121,0.5115458529498157,0.26871487455946486,0.09447711569950311,3.196125184197e-07,0.9517988192382261,0.06741556576958498,0.02987314834191486,0.5340446089756824,0.13250121184660152,0.49463971438403515,0.03395860780973379,1196.3549157768894,0.4015433971290809,0.1374599797068242,0.0,0.4431194487637505
0.0013763164804580506,2.5152195314505436e-05,0.0008821454066983655,0.7660505495969825,0.09737560904400626,0.09665511858435963,0.000499683173001326,0.015346361233125624,0.039984613399311385,0.0035053748434187926,0.6602714644833224,0.09629374461538873,0.48391250301324495,0.0779966017195718,1606.9958086845827,0.5639777198679337,0.0745946388255019,0.0,0.08766809393433231
0.0006133068803194875,0.00032030396127201064,0.0014267536469588326,0.40756129229258375,0.2827570190616172,0.08345097163267697,1.0250495482581872e-07,0.48768538165523123,0.1405368760442377,0.0016159187086644646,0.5057427327131996,0.24440840855759172,0.27459692993673607,0.08059900287617347,1751.4253637735392,0.26133432415560787,0.11524081609355145,0.0,0.011498182926421472
0.0008627949342864534,7.844702160729812e-05,0.0012415054530650073,0.6946671460869059,0.048517043428286506,0.12037124527064723,1.5917152599737975e-06,0.6805871699144974,0.10222083173677514,0.005216483654720424,0.7289800469736425,0.11722216296148708,0.42169368693413367,0.06888353005628454,1469.5882851556391,0.6117578840121554,0.033703196094902264,0.0,0.0510315125213732
0.0019494591009495668,4.3792249735478814e-05,0.0015844030029009812,0.32256509183955084,0.014859846464783921,0.03355969780152242,1.9873196855270875e-05,0.7362546629068001,0.3116215256502528,0.0018921874345625388,0.6555835985906951,0.21850656818254566,0.3379955276619977,0.08236381363440626,1323.941145784903,0.4370770304081495,0.004793267739634651,0.0,0.0060720690928335545
0.0005265715142052693,6.951654739464758e-05,0.0008241974871275635,0.11152097183191789,0.031611548737322415,0.106771788962451,5.8123094361830015e-05,0.06118848904204647,0.0647137943052939,0.0006121423444819914,0.5938878393257314,0.23726867224993675,0.2516659468965248,0.09712441787323918,1257.4062709215734,0.35661916707579466,0.0035253506362982324,0.0,0.009459225054771902
0.0006768751049898855,0.00018442031590357497,0.0009219813294776093,0.32439002308552206,0.014324389185509965,0.11460562365639124,0.00023445810998571826,0.26703049445944055,0.28418618662474415,0.0004496873526930283,0.6845746090993081,0.23436822561874465,0.4249876483515759,0.020519642680089396,774.6659386866611,0.45020638348056347,0.00464668893857358,0.0,0.0015823687915092841
0.0006194012998492005,4.8154530581161526e-05,0.0023942156813390415,0.6484341106301741,0.29144020831438955,0.008317083707678792,1.1933393149529986e-07,0.6323628806874583,0.06947500677015649,0.00027592719765540076,0.6366070318513654,0.14233782959007243,0.45931863916674587,0.09934391213151442,1416.9914140768658,0.4942692022612929,0.18897977228021384,0.0,0.0039716037533936216
0.0005048673165401537,4.0108532271018815e-05,0.0015953982580802187,0.4259054997770575,0.1496331867891013,0.05362042154590347,1.738236925215656e-05,0.4472560374088067,0.05355068807685331,0.0005275237307100799,0.7056868936263396,0.24925513081278566,0.5115064782225296,0.02033817683442863,1164.6386539652533,0.45643176281355397,0.063729597202646,0.0,0.009850923483055976
0.0009775364582083265,0.0002194079946595954,0.002216878653244915,0.22812006909313748,0.24297933477500455,0.03341600891342391,0.0006097705169952273,0.9551501429243153,0.09542662755897699,0.016230715898068557,0.6747007732743127,0.14489654717499384,0.20459777788860029,0.07695761933027531,1798.2865383468995,0.5298042260993188,0.055428462637078624,0.0,0.17008581685481242
0.0016473806063290954,0.00014363306693129303,0.002361761939403791,0.593113919946089,0.11750015530936825,0.1362575833337301,5.479899060044532e-07,0.2941125736311854,0.02277036312493996,0.0019665127497628518,0.6718925861558788,0.06208117727196888,0.20647081271742015,0.09061983858667567,790.8538121230077,0.6098114088839099,0.06969097770981367,0.0,0.08636281902807982
0.0005686328152595009,0.00018028104350961292,0.001466517414801114,0.36206579008934914,0.2722396809265995,0.0007581896641114735,5.845226750179703e-06,0.25740428250668096,0.41945036573811445,0.002063236845522277,0.5893492230180679,0.09860801132411559,0.5792315320860607,0.012379917533568718,1804.3926668550075,0.49074121169395235,0.09856867516836156,0.0,0.004918905820696
0.0008129751163679085,0.0004445614498572924,0.0005156988280225165,0.259773095679925,0.056983891476210594,0.04249858308173782,2.1251983531814237e-06,0.7202512840030699,0.07016548718602858,0.02381192289669965,0.5591619154750123,0.07994794319748513,0.5776509665840874,0.029957609454636873,1002.1057008253621,0.47921397227752716,0.014802881892664118,0.0,0.3393680262429804
0.0009352719418610952,3.987110492431724e-05,0.0014741634888256294,0.05470795438781519,0.21316126776165736,0.08280505624180066,5.383637258704075e-06,0.5651266772808092,0.38714344045535415,0.00017740892796425434,0.5478089681796015,0.07296073574831036,0.2708610896047833,0.03464659969347264,1186.9397203153658,0.4748482324312911,0.011661616913953612,0.0,0.00045825115299793736
0.0006188850636664209,0.00018099321620162752,0.0014807626853540533,0.7764532111637188,0.04168718225788938,0.03835796973873783,2.1083977068413222e-07,0.4391128999026159,0.15572943021035557,0.0027266330899816064,0.5162303887594897,0.11155016731067345,0.38343978476944424,0.07374474668726319,1559.1562643378625,0.4046802214488162,0.03236814652850541,0.0,0.017508784860373123
0.0015170666666966023,0.0004286431603703063,0.0007939244005041868,0.1085768046163557,0.1976720908559812,0.1198678580375026,1.2012002262422674e-05,0.1986680776314152,0.02148142315486869,0.0016437809966661284,0.5840992112444536,0.13346133536347982,0.4587037639082986,0.037916878849901234,1059.4583823947783,0.4506378758809738,0.021462603986976383,0.0,0.07652104727025831
0.0011758078645014661,0.00039406062191664926,0.0014028200572610856,0.7734090475826518,0.28470359429214115,0.09487076290020761,5.426214830858431e-07,0.10030385117010517,0.02465220767389584,0.013236075687103787,0.708892786571886,0.21112791234129125,0.3787550143918006,0.030319104315222535,1498.1114055364974,0.4977648742305948,0.2201923357048426,0.0,0.5369123878150448
0.000500506272645609,9.813535626042227e-05,0.002255872157619862,0.2823155729732831,0.281826526905462,0.1448549915639569,2.3564349559314556e-05,0.17041391787605348,0.30001749336594935,0.025702333714877994,0.735544342503193,0.09049265768773562,0.21565379178536112,0.017287519711904332,1229.1761863749332,0.6450516848154574,0.07956401742238589,0.0,0.08566945022611504
0.0007086790904484169,0.0001117749790940523,0.0005120380456853193,0.6638985366820658,0.26746963531776136,0.01723747534599326,2.3434780043854634e-06,0.2268112576252782,0.0974714617107638,0.000148870780606302,0.544699341746649,0.1036510228585465,0.42883641752316715,0.026615143579109053,1733.8673665676863,0.44104831888810253,0.17757269949434754,0.0,0.001527326850273983
0.0006062811298757247,7.900546563419894e-05,0.0012066050356693365,0.4391454484378021,0.12457486914373356,0.08375239934135541,1.66279327630924e-07,0.4705069666170058,0.08712960038357186,0.00035136130633115625,0.5073324504414944,0.17816976268605522,0.4691199419895517,0.08287610032559749,1876.098017458556,0.3291626877554392,0.05470648677420539,0.0,0.0040326284613306325
0.0006752388344337773,0.00010446139211230808,0.0009391279272783534,0.41355948543392584,0.26475818055876654,0.030409557237850625,0.00028631486333125823,0.8561218421323131,0.29293155461912246,0.01070478706023485,0.528111825776487,0.05927998431806732,0.5760878237741073,0.05835136958360464,1052.9595645996205,0.46883184145841966,0.10949325691630592,0.0,0.0365436460887715
0.0016450341364698418,0.00013247804187141384,0.0006982628984672841,0.11457750788001263,0.004763488605150753,0.14634941948040553,3.8048962218544e-06,0.6339787530599273,0.030872622851694537,0.014169443920112216,0.7475217942592095,0.13803615652782658,0.4460128277678398,0.07401262976162098,874.9798618049911,0.6094856377313829,0.0005457886531930108,0.0,0.45896469464804424
0.0007341716323825678,4.046666650170035e-05,0.0007213671566295894,0.6527139778421372,0.08947854954468197,0.027817417197418655,1.6793068368983788e-07,0.881717112325243,0.1088271931673984,0.0028346641538901946,0.6080551293032141,0.18968305965954546,0.43748074035890666,0.09421343200417295,1595.4418970616116,0.4183720696436687,0.058403900004854126,0.0,0.026047388261956766
0.0016742696450943073,4.8511374301461506e-05,0.0010244556172179199,0.14999413934280048,0.03801308057741089,0.1325244738109393,1.025820023406495e-05,0.8589029603384865,0.05285206030750423,0.004260921880820852,0.6051919206368804,0.1659275073264317,0.5054607258890734,0.0863602246804511,763.9287672428725,0.43926441331044874,0.005701739304977272,0.0,0.08061978768717674
0.0010794553079908097,0.0001599920748036184,0.001633738545448532,0.3688812670781796,0.21716256226921823,0.14146180853443566,4.305220187484457e-05,0.21321523581138585,0.0641600801194401,0.07060058467792779,0.7015397735798372,0.21606649833712677,0.47578823376011753,0.06990469927163034,966.5750162198765,0.48547327524271044,0.0801072011318133,0.0,1.1003818035528956
0.0009896541724075522,0.0003044039095600144,0.000821171870183203,0.20130491468942102,0.06551455481498193,0.12366945534033619,1.338582042681065e-07,0.5544885012983386,0.24935492311149954,0.00029934572887011743,0.6938725433441106,0.20143567448894634,0.5568234451277814,0.04225027099312827,1561.2724798103466,0.4924368688551643,0.013188401867945334,0.0,0.0012004805244461303
0.0007934980620251235,4.1488739599645375e-05,0.001811491014328411,0.3485043774343144,0.04235511221329954,0.022728512367389438,4.367493700005144e-05,0.9343152241196693,0.25068573993633975,0.007706169023961012,0.6220135705817516,0.06139381551559735,0.22924346996370618,0.014017033870058725,1122.1511113715796,0.5606197550661542,0.014760942013056482,0.0,0.03074035653530971
0.0016687414600421167,0.00020282518920300546,0.002423391814087756,0.5342655132957672,0.27680804488538335,0.06422227000818347,1.1434299798956728e-05,0.2823809360413829,0.1712963875604015,0.0001398429930381423,0.584591576956008,0.07426317271370907,0.5467441387483747,0.0962272994958842,781.3809296268261,0.510328404242299,0.1478889921850871,0.0,0.0008163802811593543
0.0008263183007367355,0.00020677238881707444,0.002057232595701289,0.5897473706381057,0.09005934340548247,0.05868120705969862,5.319608302718515e-06,0.9912524685776598,0.021861692279324968,0.07219075576948322,0.5067569979443585,0.18018069110232315,0.23536662671543482,0.07026609946464744,804.5943782530409,0.3265763068420353,0.0531122609747775,0.0,3.3021577125461343
0.0009652169311107068,3.314115607011197e-05,0.0006501571286400651,0.38682850154220816,0.17216135740241548,0.07229721645040879,3.2091916362557348e-06,0.037714255664114966,0.409372059122452,0.00013705017283820783,0.6391372291214752,0.166001395528866,0.3467182944686597,0.08129157318221454,1270.071953530691,0.4731358335926092,0.06659691990744893,0.0,0.00033478145316511007
0.0005777808066159291,0.00016869850947949592,0.0012135899232866376,0.09627952087008947,0.21125200093120464,0.05469670615113164,5.0194071588413245e-05,0.5013915500346074,0.47195916842926766,0.059057403827883985,0.6881806922375479,0.13550621430357884,0.5182208927807533,0.09930313127382631,1895.408334477219,0.552674477933969,0.020339241432504075,0.0,0.1251324431823913
0.0006749464414518759,2.6518678814320613e-05,0.001653588505225037,0.3132506006470172,0.2529817157342095,0.06345907048250647,1.1111366592443003e-06,0.8151610297466416,0.13004712326110093,0.006150903022137034,0.5130870386645191,0.10609378312327497,0.41915912015547785,0.07704609196035427,1040.85055203986,0.4069932555412441,0.0792466744064541,0.0,0.04729749392293449
0.0011385355185952657,0.0001782284482398854,0.0014691217390656072,0.5080956597156312,0.08645009427166389,0.09338667000426273,2.966494707735788e-05,0.7055251075814496,0.03992316214494733,0.0009851607711465209,0.5747469623776844,0.16050159502612915,0.23596407059658095,0.028318481085208656,772.5972115924802,0.41424536735155526,0.04392491768143957,0.0,0.024676421360856626
0.0012365144843392024,2.520713718373725e-05,0.0010351616151434645,0.4665634978975316,0.05994768935442099,0.08021134718786636,7.762872336378591e-06,0.18745930621595405,0.03317504098770357,0.00014100368666274685,0.5489734031342235,0.1809861061170966,0.5066869906077182,0.039122554989361784,1107.9398467322958,0.3679872970171269,0.027969403636073274,0.0,0.004250294271377398
0.0008708348510584218,0.0002270456808564101,0.000624863307978859,0.608961532678238,0.15716000080818252,0.062467090501803976,0.00022548853091284538,0.1276158214958428,0.08337743334509568,0.034810377243213696,0.5789157329604483,0.2321784163022329,0.2288696373713397,0.025201188871729525,1236.1233832497799,0.3467373166582154,0.09570439496786395,0.0,0.4175035839630013
0.0017409661405766057,0.000145723159351529,0.0018844532142022273,0.10312234155576055,0.011528025640149106,0.14014404360787036,0.00021527051609056426,0.4312638524345048,0.23855132621996392,0.0007067866136585928,0.6629114397716647,0.23467529432687484,0.5378747742452967,0.08011043349775526,1232.0345107284365,0.42823614544478983,0.0011887969975270213,0.0,0.002962828272046065
0.0017930964617411745,2.130356776093399e-05,0.0008521629455567447,0.33792273258157857,0.18526829582134907,0.04221845109478483,3.3635253198863037e-07,0.6244222466543625,0.29745967632435066,0.04647904258668927,0.7145198969108519,0.13106544142670923,0.37130574586953147,0.03629757930904051,1468.3978181278687,0.5834544554841428,0.06260636878468254,0.0,0.15625325476387739
0.0012218845230303678,3.0101297617969086e-05,0.0007524025092414139,0.2805713050964475,0.27770374950374277,0.14043869372486092,3.372537370787884e-06,0.5350712520924319,0.39317958193912017,0.01759556620500411,0.6857675774362215,0.1348213491397593,0.3723527931573719,0.09739415582417604,1957.7289151310445,0.5509462282964622,0.07791570342844205,0.0,0.0447519836056202
0.0006655571772428992,0.00011749608195104696,0.000746601220841379,0.7838459927272982,0.07541839340332829,0.11237270879323243,1.66627834311001e-06,0.11647268588316602,0.33446458976747795,0.012056333045632842,0.7050022771560758,0.21325963555486488,0.30730969406461084,0.029335284388141553,1660.4021477459514,0.4917426416012109,0.059116405447129775,0.0,0.036046665071523674
0.001772343620671753,6.87523663261139e-05,0.0012537011840983376,0.18100958984816623,0.06420735049218014,0.03130874324491952,3.33179537726033e-05,0.6184264456790549,0.03812545123672052,0.0022814014203301866,0.577777495123837,0.11749297690934762,0.46520906483188174,0.043451315808951584,995.9687130915966,0.4602845182144894,0.011622146177826982,0.0,0.05983932901318307
0.0009737439608082024,5.167628618357993e-05,0.0013010171387536796,0.472162427724301,0.058025691775804876,0.07576346945738752,1.4496110167048718e-06,0.21409351204371066,0.14684301200591934,0.0020295038690557694,0.5182915898826709,0.11512567773327981,0.5398721749812233,0.007429373500542078,1803.1938208430122,0.40316591214939107,0.027397551499246036,0.0,0.013820908746913736
0.0006083447216608427,0.00035471807383702304,0.0011263313775561141,0.5944263078446594,0.077831880146112,0.04869670129798929,0.0007170388054297667,0.855912990899874,0.06053262844249472,0.007887486453902071,0.6494879070553311,0.24795381812245093,0.5612166975204204,0.03824249098260127,1688.8035468553835,0.4015340889328802,0.04626531714786141,0.0,0.13030140367017254
0.0017463194306355202,2.003803748082024e-05,0.0018391008159471284,0.5025368098275685,0.1936250606154548,0.0508265197997843,9.34666748937869e-06,0.6312207049735116,0.11923951261869911,0.0018258086529007974,0.5690426366062444,0.1662117902621604,0.3924289306602945,0.056016341682352484,1191.039561575914,0.40283084634408406,0.09730372026436025,0.0,0.015312111000816642
0.0012182359384017717,0.00035620059630112955,0.0005722779134166609,0.44820347066733407,0.2335796677490448,0.030518972323471928,1.393299565904446e-06,0.18000892593761655,0.18177543386236392,0.020881271798257415,0.5298987975265786,0.13532852501386222,0.35717942304865197,0.051629282659614584,891.1701485610213,0.3945702725127164,0.10469121776244464,0.0,0.1148740033489246
0.0005483382328123664,5.0365360076204425e-05,0.0007759915558003722,0.6650090792648666,0.07841445724086832,0.044888002428023134,0.00014460833911748795,0.3311514007518465,0.02405264326199365,0.001427432309770297,0.709263498106913,0.17879763885215594,0.31814660060238226,0.009934434708474733,1258.7309340424506,0.5304658592547571,0.052146326010804094,0.0,0.059346172236538694
0.0009208214803311456,4.3664568348974994e-05,0.0012651999476675994,0.2540517779069791,0.21333680099737637,0.10933099217712228,0.0008662754135832912,0.5310655062816015,0.0368402994765,0.00012792784769423762,0.6558177687862742,0.1643454528364825,0.4330880955116042,0.07334600430033877,828.9641928035435,0.4914723159497917,0.05419859358637086,0.0,0.003472497496276905
0.0005051206085024345,5.88765555686628e-05,0.0020079459800803117,0.5455780320987454,0.08506345775927088,0.1074203514195987,3.0321882035564516e-06,0.41424825028978884,0.13642537428740198,0.0004121130582118304,0.736110923933433,0.13561082103130645,0.46202832778589553,0.09071757090695816,1274.1540735931812,0.6005001029021266,0.04640875388781776,0.0,0.003020794777836915
0.0005319740706649892,0.00011663350112962764,0.0024770392123860336,0.6345786659475837,0.2856146672163393,0.14612833587856866,4.890414601262942e-05,0.4441474508708761,0.1387760573041158,0.0013745376829730122,0.6794810638713689,0.21106913720505072,0.5441092121842152,0.02339423156080855,1022.8663858558242,0.46841192666631815,0.1812449744972077,0.0,0.009904717785437809
0.0008365513620562601,0.0003431351572698422,0.0006214612962043318,0.10741231426393832,0.11640434348636093,0.132938386989364,1.793086575943287e-07,0.19402298732494444,0.07554700689039792,0.02938354076542814,0.5345051130758356,0.14740947897357543,0.3698183909436231,0.07861175904316024,1094.4248293462783,0.38709563410226017,0.012503259924244423,0.0,0.3889438109448491
0.0009643058121205071,0.00012113322197267812,0.0016099458650588206,0.7055659788847396,0.030517575743743752,0.009316685100732473,2.1482384637757024e-05,0.7759033141792915,0.0414441766415727,0.018780160243626866,0.6121792949171044,0.19979952578865584,0.370662436129701,0.056580103336765435,1370.8751950102555,0.4123797691284486,0.021532163202823744,0.0,0.4531435237825057
0.0006859934129322449,2.9509652604940196e-05,0.0015202941606327707,0.6002455076238907,0.17002739204280573,0.12314686525473365,1.757043333683719e-06,0.7650028442179327,0.08277802388548938,0.001605354822676037,0.718861339296355,0.24099208536677752,0.44659301638124416,0.09981484096242242,1163.7285807877006,0.47786925392957746,0.1020581782467002,0.0,0.019393490534357252
0.0018896614488756762,4.115880380659623e-05,0.0024140261774392743,0.6213256214957035,0.05045606621793393,0.06953391509501222,2.331098353449138e-06,0.8701784243382734,0.3240996210010728,0.0042303839537178485,0.5698033925298593,0.058532658862890226,0.5357984066357628,0.047151373166864734,1296.5394987193313,0.5112707336669691,0.03134964670108617,0.0,0.013052727246798741
0.0016985197932783897,4.4166511067692205e-05,0.0011701830127251389,0.38405100858058944,0.27844647848844584,0.12750168260004655,4.166862550354302e-06,0.18067357958193314,0.09369332519204833,0.005366209083746455,0.7062629330280648,0.21713149180646946,0.3211366640030444,0.07365854710175399,1746.152527737755,0.4891314412215953,0.10693765089920103,0.0,0.05727418759817781
0.0010855375599231763,0.0003026101032157182,0.0007241554370603046,0.08421174803145935,0.15658856604019686,0.03886589084962269,1.0924658966877365e-07,0.9254740076393341,0.10245785026269205,0.001265183189648874,0.5812933554796249,0.23367212506396262,0.42211018166646663,0.06922374322015763,1392.9514374980272,0.3476212304156623,0.01318659686798459,0.0,0.01234832847268478
0.0006485675925727162,6.780627359163522e-05,0.0012789324473966538,0.29071007801832105,0.27234500420743396,0.08255752241299441,2.095662229758014e-05,0.6898846892068573,0.020147111574609276,0.000514414332318902,0.7249053796893293,0.06423641111048908,0.5172161493663963,0.09452689894886669,755.926687769367,0.6606689685788403,0.0791734374210431,0.0,0.025532907306037907
0.001675261729402425,0.0003063728072760962,0.0017281577472401581,0.585343664297914,0.2769270615540036,0.13501117901075121,2.3163144160496015e-07,0.5190286691329444,0.036346169530706705,0.010261457557038596,0.5493866055481263,0.10981129673459039,0.22986998873774553,0.0381515606740877,1032.2738558902895,0.43957530881353596,0.16209750095327444,0.0,0.2823256945513695
0.0006567622965639988,5.309381793929167e-05,0.001400079656142152,0.5831765668926856,0.08703604796475287,0.04069000674705049,1.2468725267996622e-05,0.8736772439454551,0.31541054454857864,0.055496463074240214,0.6383583790524954,0.23866356701820574,0.5692644341463757,0.005219051264991295,1249.2260570186854,0.39969481203428964,0.05075738364799169,0.0,0.17594992949163374
0.0014971619138687859,4.8922830666150336e-05,0.0013691642035510137,0.7328439137690437,0.01250805436963399,0.06385321686666998,4.020272741384689e-06,0.9194222914645723,0.37330152610518613,0.006879889050209474,0.5549907806557945,0.1986573233822257,0.3899349392670234,0.044830758280456205,1213.9610466508384,0.35633345727356885,0.009166451517878562,0.0,0.01842984442627462
0.0005104718805692276,0.0004488952759961637,0.0007442937677920057,0.3310671499829558,0.2065779976253507,0.017696638800202048,0.0006731371999490661,0.2546874770797357,0.07960737169207947,0.030288288786664615,0.6290001102231607,0.20809407047355538,0.30552417697826373,0.04829896633788469,1132.5765939214305,0.42090603974960533,0.06839118892301066,0.0,0.38047090543096207
0.0006271314812549222,0.0002810893345099302,0.0008055761413168901,0.13270220760591506,0.04264949078836311,0.028731031769991394,3.6809016851750667e-06,0.8685938559489222,0.4969454246249189,0.00014206742070909544,0.7165209353843142,0.05367093009849597,0.3981323666518681,0.04312406540849894,1896.8796635540161,0.6628500052858182,0.005659681580883923,0.0,0.00028588133358169887
0.000901184118907558,0.0004307358808631988,0.0021106517412410736,0.5260262635864377,0.14630253741556626,0.1280236729481073,2.2351144632087392e-07,0.2682126392008325,0.06597463421930419,0.0359351900903958,0.7004208997905981,0.05594028429118914,0.42956137703781283,0.04013853377936662,1392.0704722730475,0.6444806154994089,0.07695897710992532,0.0,0.5446819147332409
0.0013471486222180421,5.8041210347414504e-05,0.0019098973608835754,0.522574039517167,0.07670777732587336,0.045353590297178246,3.062689398584194e-05,0.04938052864967993,0.19113887320638012,0.0003111021015208848,0.5242619193786963,0.10393664100604122,0.5695106939990883,0.0735737911805995,1090.8060219128063,0.42032527837265504,0.04008549305956499,0.0,0.0016276233939339785
0.0009016530767248262,7.050004769044009e-05,0.0007794134366667785,0.6210850749726887,0.2912501772325084,0.011772041449882018,2.153449167246749e-06,0.8148668522435387,0.10636417437873136,0.0073021429740534795,0.7271570842047492,0.12636940686790063,0.377677352993019,0.0488365595122098,1990.2464715472652,0.6007876773368486,0.18089113816226135,0.0,0.06865227899059986
0.0014176809143965328,5.595217723921667e-05,0.0011258913692237058,0.5969906977628321,0.062430567991164636,0.05882723028385414,8.088911657563259e-06,0.48373017082669745,0.39140730827861586,0.0008566723661347347,0.59222431149278,0.10373384497373372,0.36690754230302003,0.08797810469442442,771.8614178897636,0.48849046651904626,0.037270468346775304,0.0,0.002188697931835572
0.0010736200901970987,2.947469446956345e-05,0.0006818155347470183,0.29665504504112444,0.28772847658277423,0.12976021388960562,0.00020203307555323826,0.510827366496059,0.024144293989692974,0.0016860267796175057,0.5066902858810804,0.14011422158897285,0.3948691599516726,0.012820766263546703,1530.097025328375,0.3665760642921076,0.085356104180277,0.0,0.06983127277762848
0.0017768297523920735,0.0004296620915861699,0.002009970469926444,0.13796947204858295,0.13525414463360455,0.1409982354053947,7.69266692756931e-07,0.4240710739538991,0.1520676348882109,0.010033555409350456,0.5909300872680807,0.06918732032030278,0.5566663370609288,0.037587631266468094,1486.2533291369245,0.5217427669477779,0.0186609429274811,0.0,0.06598087368641196
0.001530598517521628,9.217338560625498e-05,0.0012039883616817198,0.37191330506468295,0.13456933702639767,0.14890304957375886,1.0282897992746652e-06,0.026565782298279307,0.1854353449363539,0.0007656033958384628,0.5796163750112601,0.0672461059378782,0.21484589563623968,0.07689989639633649,977.2724896569158,0.5123702690733819,0.05004812689385077,0.0,0.004128681056468696
0.0009584686020445587,4.40931805410901e-05,0.0020505026147526243,0.1106033158215595,0.25767539467174333,0.049555955940328224,2.3753693107320063e-06,0.47685967301375654,0.020552643751129845,0.000553933878339677,0.5257569199930012,0.16427001361739435,0.4984536068426464,0.03367933532719901,966.9651679264797,0.3614869063756069,0.028499753056323816,0.0,0.026951952510208106
0.0011986720350304922,0.0002723936893717771,0.0020800057130710035,0.05335933027108379,0.171069505470855,0.026030796616553352,2.1242031111655598e-07,0.7409176008356333,0.13190413414257227,0.053248317860523496,0.7242259473402584,0.09728483681097391,0.20374755054010732,0.08140093299699204,1995.8735688611844,0.6269411105292845,0.009128154241730328,0.0,0.4036895295712913
0.0009670402751711753,0.0004395856317832979,0.0010812324882344042,0.6706982605260967,0.1804755741597469,0.002602731780049017,0.0001813411799145059,0.15275780926592358,0.179361692511394,0.0010080580069742116,0.7385667250518779,0.18367988975396005,0.5478590672542949,0.08349750438341495,1766.752284937395,0.5548868352979179,0.12104465365639082,0.0,0.005620252534749997
0.0009940660204517614,0.0001217939813074693,0.0010990457176098772,0.4843881505711955,0.21150113322385475,0.12416676082934547,6.908711153129937e-06,0.0998626850472586,0.03878490123174317,0.00018277773093929982,0.5138555409595321,0.1760506195529299,0.3641177702507684,0.007021868405182365,1995.0694093976203,0.33780492140660223,0.10244864276601504,0.0,0.004712600139089872
0.0019421740010043499,3.667849403669718e-05,0.0016881821189169452,0.26195139958767283,0.0519894926868989,0.029309461146456925,0.0007479331401605363,0.23147091820004936,0.036893846825732976,0.0011177650862748405,0.544026809987411,0.09093235067219227,0.5161722935068966,0.024744246824970343,1636.790289211514,0.45309445931521874,0.013618720373186247,0.0,0.030296788826455853
0.000837205580751371,2.3493712153422774e-05,0.0008084437715071001,0.2559056710030887,0.05358323778183052,0.14173806361630936,5.318933147509588e-05,0.2779720604897623,0.03286146837811719,0.02385729733944205,0.603471949784435,0.1555936904142069,0.5601589745825585,0.016064813562080605,1504.7765117087874,0.44787825937022807,0.013712254419077394,0.0,0.7259960834656094
0.0008504699439472051,2.1743320014361732e-05,0.000817388341093246,0.06377215759230066,0.04570954494452046,0.13456583235384062,6.155023314672566e-05,0.8849541288155028,0.07977310805279625,0.0014737931369352268,0.568541063255348,0.08864066132085999,0.21308634835028378,0.04821260016396727,1858.0581926763416,0.479900401934488,0.0029149963036743088,0.0,0.018474811536236323
0.0009420393541835978,0.00029103887097598207,0.0012003892220770215,0.13773342198845007,0.05316138175779794,0.007147197425806642,1.1015119885480623e-06,0.4087176529624701,0.12186276902374674,0.004279683719800037,0.5566064512565274,0.16346242547363016,0.24203306989106793,0.08421667879573494,1316.1728392103478,0.39314402578289726,0.0073220990271358755,0.0,0.03511887801405594
0.0006537888809982198,0.0002937889381410603,0.0008787964797639241,0.46053204618906757,0.1397318922186752,0.10839439215943583,0.000446631218797202,0.3873018114894244,0.0459132336824362,0.006928453838329464,0.6727220026993591,0.2189570178219879,0.5515340250985723,0.07885867862326162,1056.657920630497,0.4537649848773712,0.06435101424133674,0.0,0.15090319898290888
0.0005860156059315956,0.0001559267127346826,0.0008991031370810759,0.16921888985793176,0.29675271064810743,0.06117502354428002,7.831849993147656e-06,0.9748749342424613,0.08290491967250006,0.0002183985690953897,0.6759592516704808,0.05033397339898348,0.41396678005320564,0.08122340281287999,1510.5977610112113,0.6256252782714973,0.050216164258204785,0.0,0.0026343258030781676
0.0014383757659640014,0.00040911793512351564,0.0021073992240459535,0.3697254100273922,0.21197270878068122,0.06494525846398398,4.847248130092212e-06,0.7931794001397625,0.3201829106181351,0.0018612781784688238,0.6596307699501578,0.10121292284259797,0.3616678249283417,0.016421211738864218,1651.9898487420269,0.5584178471075598,0.07837169666855436,0.0,0.00581317152397515
0.0005144185608890955,2.9810702085631803e-05,0.0012869432688595714,0.4064835920689608,0.09344476010753522,0.08599368390199584,1.4206774679109185e-05,0.49453268660461,0.2579602894715532,0.005315839837227966,0.5100309149096511,0.1274109502555319,0.41753934955143257,0.010344273042920566,1458.9339103592556,0.38261996465411924,0.03798376174853325,0.0,0.020607202170992194
0.0006950332007861823,0.00011701264083815375,0.0014118130108788914,0.7701841652940492,0.07596910641388284,0.003329436608470964,6.467331588832497e-05,0.41949535357732426,0.0874668193619961,0.004135914574288219,0.6689816659680071,0.0955139374393567,0.5599773943270472,0.07995706855045254,1353.3422143185344,0.5734677285286505,0.058510202811511154,0.0,0.04728552615102011
0.0005219184766359558,3.154634190719986e-05,0.002067839240897596,0.7234091189643891,0.08312593986718478,0.04791346210603387,4.6049829485726815e-05,0.609360052792632,0.3855018437527534,0.0022202244467125058,0.6803977242061983,0.07865921075949138,0.42322605654389167,0.018038102435762402,1338.588828772562,0.6017385134467069,0.060134062922406924,0.0,0.005759309540777385
0.0008879130363747533,0.0001392017849289288,0.0011648863971780513,0.7291527067976364,0.025670337799109443,0.054083628852452326,0.00015339441753102354,0.6200973535392079,0.08165783923397085,0.0008999626231223934,0.6942036915405899,0.22504177794185776,0.5747428794645439,0.04613921894763712,878.2194956746301,0.46916191359873216,0.018717596290630332,0.0,0.011021141773587316
0.0017527125318441811,2.1692721243008556e-05,0.0012562871213142705,0.7421155201358305,0.19157381539709517,0.02155712427263207,1.2826182445195437e-06,0.23443777415900438,0.10963709852018791,0.006246818573823818,0.7342496724661419,0.14910770940805196,0.24734743077501092,0.0656904723893126,1836.9583660810758,0.58514196305809,0.14216990165782084,0.0,0.05697723360194147
0.0007409285963341252,0.0001948133010117008,0.000760263272250149,0.06225650923033401,0.1288615450839264,0.06292339294127218,3.23967361679324e-05,0.24942660435782826,0.05892062464666022,0.006640788192438639,0.7108421203666515,0.14906854157986776,0.3804213887440302,0.009482835661326752,1241.3572008885253,0.5617735787867837,0.008022469970952566,0.0,0.11270736235847181
0.0009132633182965192,2.32502600336379e-05,0.0024660746633772914,0.4322891440319679,0.20434876375588212,0.10737040882760483,1.2303174220991579e-05,0.18278130975498627,0.09547996955333878,0.0913366409905342,0.6722171221200581,0.18699587554151303,0.40079887214371634,0.09808161262715404,1471.076548306352,0.4852212465785451,0.0883377521680211,0.0,0.9566052588601849
0.000618172758064065,0.0002582555162962741,0.0014818115600737976,0.263842394869853,0.12003721036854317,0.11285290888197688,1.0101048072781663e-07,0.20670036531795788,0.14309806049127205,0.00903107163056206,0.6779786047899571,0.17073583408796628,0.4662243189993098,0.05825154142904456,1769.002047370144,0.5072427707019909,0.031670905057132784,0.0,0.06311106942719807
0.001017968638697822,4.614509470755558e-05,0.0010577608814132564,0.29886052029199034,0.21096217898111452,0.1157710195836272,0.000621721492308245,0.23816561288092886,0.29870662714793494,0.003486104062065726,0.597659202690309,0.14128294611340875,0.2570203771614428,0.08933165083083713,1420.7207671032597,0.4563762565769003,0.06304826657222787,0.0,0.011670661931244088
0.0013570682151638,0.00015332922512399964,0.0005945389545230313,0.20150348373683968,0.20016053109390566,0.0013154647624362076,0.0007112707093588957,0.21770297651283782,0.43814714408200656,0.01981826875384542,0.6230443132531694,0.23230384060735698,0.4622999038765126,0.09131758165291255,1126.9955983356015,0.39074047264581246,0.04033304432203801,0.0,0.045231993455915574
0.0014098203104008064,0.00017590480055931223,0.000880583896879344,0.6032521928723826,0.21073988612607927,0.009908599143707635,0.0002616889819642346,0.21619251173269416,0.03818152240139218,0.00023107315329950315,0.6924440913897834,0.11685835271344341,0.2240434244334741,0.032609767291576046,1508.2316396191927,0.5755857386763399,0.12712929843123352,0.0,0.0060519628020667335
0.001501755397672213,0.00014525198079188187,0.002124633321581989,0.7974200841281347,0.22913440422379544,0.09212030928841963,0.00012589518931988128,0.7385641636943302,0.055706402497707204,0.0006351077654561261,0.6281265219489397,0.07749362470833057,0.5090063602332471,0.05789911530201077,1058.4509264673823,0.5506328972406092,0.182716375892789,0.0,0.011400983315737651
0.0010952374041379846,0.0003952953850935089,0.0017743847491821915,0.5718042508871855,0.02144167517990008,0.1442716917525059,3.137263431917498e-06,0.35439870440025656,0.30243145745742406,0.059270194543484894,0.5953394682759859,0.23561472470549855,0.529114048465334,0.07265017715210245,1573.650077052056,0.3597247435704874,0.012260441014009124,0.0,0.1959789336789771
0.0005657743406434477,0.00017322144184267853,0.001042402302816035,0.06709155986306013,0.07558148319327311,0.08783264827281363,7.166567553122721e-07,0.22788990195844153,0.02113197401241089,0.0006314171367516584,0.6787404643825887,0.13966624553683538,0.5275567947955063,0.09077714909644961,1152.5279191554907,0.5390742188457534,0.005070879604200356,0.0,0.029879704393958872
0.0007218730961337182,0.00021921324824550196,0.0005308831229394117,0.33930834349843725,0.06616125156815754,0.08867707952611849,9.783952097572026e-05,0.18840134414943566,0.08729464503657204,0.0018429779519722098,0.6559888635049085,0.13496902454361187,0.3782980222700976,0.07941007402676199,1856.0309491323642,0.5210198389612966,0.02244906467337492,0.0,0.021112153571391408
0.0006695434772083669,0.0004908763999614716,0.0016491031320942549,0.7626315541843276,0.06631276598986045,0.026142964369232437,0.0007005191276294258,0.23325534365288977,0.08900591867252024,0.025169940097260146,0.5678196737989357,0.0730985472785836,0.3123398330670867,0.08865386988853016,1398.4197455552267,0.4947211265203521,0.0505722077891089,0.0,0.28278950964899296
0.0015343103450615155,0.00028250370189403625,0.00059664143712855,0.7432845021441082,0.12257083723374212,0.10305020568338884,9.042821066012569e-06,0.36582744231298475,0.022249129043287894,0.05464030662248258,0.736387770989374,0.20077732471496235,0.44530896542764936,0.046916360457253406,1484.0603993410084,0.5356104462744117,0.09110500373066854,0.0,2.455840249574463
0.001861660203904821,0.00014786896769966747,0.0011913248874290642,0.7359351951600399,0.2651999154904493,0.027826831295794874,1.1582973571184193e-06,0.49762690933714404,0.028628158085991656,0.05969030882571229,0.6716250234584445,0.08350295920120018,0.2884643220511163,0.09047478836080716,1732.5305054781593,0.5881220642572443,0.1951699515628899,0.0,2.085020931015467
0.0010454252747759095,0.0002620842811848223,0.0008189654578746298,0.49906262857945277,0.028751997742432707,0.03616379304332172,0.00010297363538303894,0.22842330370135847,0.4774702356908559,0.0014746287254459513,0.6273980561938115,0.08979942901201017,0.4799968208183459,0.04770899924421905,861.6923226808707,0.5375986271818013,0.01434904757024896,0.0,0.0030884202097169427
0.0014441815316688107,4.177034075082324e-05,0.000682324507642212,0.05137017206594244,0.16606925781048124,0.11665368465288516,1.7926614362879036e-06,0.1060771591255128,0.12897858344782082,0.0006343141113692039,0.5143505872708777,0.05103320892975533,0.5582915340807748,0.05770556805475864,1183.2123099001833,0.46331737834112235,0.008531006348587776,0.0,0.004917980136026382
0.0013838468546593678,2.0808706999246105e-05,0.0005436996819043955,0.10493352217614613,0.11065100617170585,0.14387892908950722,3.162273923277451e-05,0.7703253097267843,0.10033464730538545,0.01899040992906662,0.6600342734035509,0.18467138014194656,0.48524283131218887,0.07308455654766718,1859.5680953641954,0.47536289326160436,0.011610999809931579,0.0,0.18927070995990147
0.0005872597408865959,0.0001425275136498707,0.00215202053010106,0.46129972407238146,0.10222914928730076,0.10478868582515725,9.748780666010735e-07,0.13756972801872885,0.09185199378061117,0.00042955715389021655,0.5635360698734385,0.2427545014359943,0.5280190451379079,0.02288290037997586,1499.5493780845045,0.3207815684374442,0.04715827835838613,0.0,0.004676623078168727
0.0008025736644535815,2.7532733164217027e-05,0.0022153953788333464,0.3637863189078064,0.0455772517985564,0.09360593554127525,7.449144905435997e-06,0.6145935084162916,0.0341614293515847,0.00016005920121293384,0.6704228110541042,0.17839323786656613,0.5521006338583062,0.019740783631095153,1442.0807006341265,0.49202957318753804,0.01658038065773103,0.0,0.004685377756464073
0.0012964068294800501,0.000140901001075995,0.0019110631972037362,0.44609560933454534,0.08463890238568618,0.04129457886221181,0.0006289620157222271,0.08673045222247588,0.22001495697274723,0.0002564037696354232,0.5770764062807808,0.23487882618551453,0.31375373318140476,0.050668139266527634,1252.3950458980078,0.3421975800952663,0.03775704273314978,0.0,0.0011653924495105274
0.0005717457442688178,7.528156210473397e-05,0.002142897568248905,0.45109699600656555,0.07923512211459936,0.08116728937313698,1.4910370746450697e-07,0.000311126518997661,0.2259245331818463,0.03893423625859587,0.5426773408767968,0.2405543348298365,0.23124249760220417,0.04569831791611131,1466.209823627407,0.30212300604696024,0.035742725564109165,0.0,0.17233292777131806
0.000868124407167572,6.352114184970786e-05,0.0009792434081357974,0.3121053873114685,0.025255389426830224,0.05534287541970135,1.6385163176166993e-07,0.3589217635218353,0.06851323340011112,0.0926274695641628,0.5837372934927453,0.10732662630763098,0.30184104338901635,0.08826766503944684,1932.2438157814317,0.47641066718511427,0.007882343098762812,0.0,1.3519646492704076
0.0015389238646759764,0.00012340599331848336,0.0020110622419833766,0.7526439852856479,0.13101403820716037,0.06209643828529926,2.2195100202161205e-06,0.29361141551920444,0.16020663254115147,0.055016379980220534,0.5149870619299414,0.09460618555383701,0.36038882446396014,0.023935874966294686,1132.4385577992807,0.42038087637610433,0.09860692784460333,0.0,0.3434088783189969
0.0010971560712987436,0.0004400946293904313,0.000985832719391082,0.5035457430999392,0.21423735264310798,0.13186211654506758,4.886393446622462e-07,0.2720946630997629,0.11131400829649427,0.015705219224209737,0.7087875760566724,0.06389209418667362,0.29800192990951846,0.04970429999073377,1970.298432858858,0.6448954818699988,0.10787830693643752,0.0,0.1410893333602502
0.0015820407633103707,6.245496740228317e-05,0.0022801973298633457,0.6254769775799778,0.06306381142660299,0.06714617575993752,0.00014422575489927452,0.09128086396074937,0.04182806998084968,0.0010293965222461325,0.5386991569828417,0.20229881112652892,0.4376841800776806,0.0943041467990644,1979.6022159420513,0.33640034585631273,0.0394449621657853,0.0,0.024610184565470636
0.0015950418203553452,0.00022047859627469764,0.001641186176703294,0.36552116743080715,0.057760080709341556,0.14656532091506524,3.525560044909544e-05,0.5711712373768664,0.29406778316770327,0.020807653411065094,0.6792147401351627,0.05454536599280525,0.2436065053445382,0.01476823469168127,1050.258211477808,0.6246693741423575,0.02111253213177617,0.0,0.07075801771593165
0.0010126443256462023,5.700241728525611e-05,0.0012680587512435325,0.11539385097511971,0.258625363477888,0.04137182091730735,7.043098559921293e-07,0.3119112000672066,0.2346037555419646,0.005826324394538258,0.6306438916102414,0.06773058218815749,0.5101848480589706,0.06829667744308979,1704.7851835852207,0.5629133094220838,0.029843776651553577,0.0,0.024834744785217546
0.0017938384540524912,2.3579076132402468e-05,0.0017645569597832748,0.49828285616463847,0.1800907811942659,0.09234516718379959,6.376724782295141e-06,0.19152336393254815,0.32526692352538666,0.0017957588034984684,0.6079176115641738,0.1734701479782183,0.35129140554394656,0.014882431241483914,1372.5483744331232,0.4344474635859555,0.08973614882239976,0.0,0.005520877389054014
0.0009054966670981831,5.546631918837758e-05,0.0006151113251951418,0.16104163918550374,0.1920794250130708,0.038600380253732,4.159837420387444e-05,0.6614952050509941,0.055449677601345046,0.023584261921754477,0.5543872363960629,0.22700211021584615,0.36868076709127595,0.05590913761870017,1456.4872992141766,0.32738512618021676,0.030932785457913968,0.0,0.4253273047196652
0.0007457933070999491,2.374344764087052e-05,0.0009567474002471119,0.2584009261734124,0.00013717626503703548,0.13531912258622547,0.00017475868478180882,0.574140875997606,0.06341951521012612,0.007940717134542525,0.5105361037952578,0.19787968258722416,0.5506316803636254,0.06486281671777411,1599.5907632168146,0.31265642120803366,3.544647393457946e-05,0.0,0.1252093635252929
0.001836211821713546,0.0002492539825240913,0.0005466354988622223,0.409517246550319,0.26705406606664894,0.06194168229365907,3.881397836301567e-05,0.4855646230327454,0.1774174835822528,0.00899343448636701,0.621837700877586,0.2345791483679856,0.4812209291088887,0.07242695023659795,1958.6972335256928,0.38725855250960045,0.10936324581568106,0.0,0.050690801745012636
0.0008392010386320974,0.0002522134097137819,0.0008698270573864663,0.6388598950094145,0.0006921264354951688,0.13771086299117957,0.0005945211851909491,0.12201091849752453,0.18873756112764936,0.015178872862070104,0.6614589344107397,0.1957108957528585,0.2254977691325623,0.03369620743647289,1369.064679835658,0.46574803865788117,0.00044217182191368386,0.0,0.08042316946018041
0.000798229175375829,5.1400803430653234e-05,0.0008756268211821783,0.39990750517427387,0.23220526197591201,0.02881536928102506,1.0783090957237842e-05,0.3512128014114034,0.04402661346748816,0.0005034723924211534,0.7454628581100834,0.17528111466034724,0.48650388126466926,0.06558056392810409,1653.7739246195342,0.5701817434497362,0.09286062700512565,0.0,0.011435637510319686
0.0005757640930897979,5.445878453940072e-05,0.0006845098794992925,0.510014433994778,0.20145442130881108,0.07916930999029652,4.113116441722006e-05,0.08849857318114561,0.4113981332300995,0.003705071685478027,0.6188633643552661,0.19839830408785425,0.39527964602089116,0.08950406049353733,1084.0597031194825,0.42046506026741187,0.10274466265955882,0.0,0.009006048851966326
0.0008815980931128632,0.00032993551526322554,0.0005662418228476182,0.6961064625357393,0.18157983574836623,0.04997732486985104,8.089370060314245e-05,0.5907812419350048,0.1632417601137834,0.001246676075567842,0.7354242456472767,0.08682283273745028,0.4879168357010927,0.06325781990083698,1678.6509496913661,0.6486014129098264,0.12639889713061578,0.0,0.007636992364569452
0.0005184640921765977,0.00024107265406425,0.0013946602888035412,0.7195103216312301,0.14530249955410146,0.009448305517826829,6.988219215483026e-06,0.6453615323206838,0.41336256978003993,0.07953176039396895,0.7262350105096289,0.13651150652465016,0.42445803243501745,0.05210777127766406,768.3448171204595,0.5897235039849787,0.10454664818799321,0.0,0.19240194010863076
0.0012012323342014115,0.00018774929489754794,0.0010740545112295212,0.50662015341571,0.21081194371165335,0.006598538712057953,6.204151453350313e-06,0.006325249740662713,0.038637256957683976,0.00023684197260331346,0.6732694714436088,0.19029942758957763,0.23855188108487832,0.09556298920720195,1622.1941656551699,0.4829700438540312,0.10680157926506184,0.0,0.006129885795534239
0.0006148788360310036,0.0002305321761970148,0.000733366065233349,0.16939502037770554,0.022343459808899416,0.14703799526309363,2.4043566087890233e-07,0.7682158888179955,0.150459066071169,0.0002202575444835111,0.5305467224439793,0.14858719994191272,0.43707935913414864,0.06328690053753436,860.1731626575494,0.38195952250206655,0.003784870829636961,0.0,0.001463903440549914
0.0006584271419214197,0.0002988362843624404,0.0006554869627033122,0.08542058005490205,0.04254427160697081,0.07242219062890963,0.00010402150854168645,0.2080548656761037,0.12316603270381782,0.005659771634853506,0.6642032133049598,0.06756633109564358,0.43250651452216005,0.04572487160193585,1356.178452340057,0.5966368822093162,0.0036341563586807465,0.0,0.045952374291894096
0.0005174054862454327,8.85869119449854e-05,0.0012110514424337033,0.12748179234986307,0.29217448290122966,0.04821789624409068,0.000120600112725748,0.7190484700225339,0.16213846958353434,0.0013168312105340388,0.5087889893544927,0.23527897116011565,0.2517960705522688,0.0956937937673686,1472.7624766633244,0.27351001819437704,0.03724692675914318,0.0,0.00812164573846309
0.0009372269892328777,0.0003894255683573315,0.002471100497701223,0.7667219791803017,0.21495341511413085,0.13696651344233107,1.8052552857567678e-06,0.8371184783218012,0.02873250817171563,0.06604510306953178,0.5803181620632736,0.06527615303559398,0.46956458677222807,0.02455911346415437,1347.5850466857441,0.5150420090276796,0.16480950786787138,0.0,2.2986194826717834
0.0010275721303105601,0.00019363699456968192,0.0005623702107177353,0.48881946860729975,0.270850160629626,0.011854996313236055,2.634199118698321e-06,0.43975944279960666,0.4897884851727555,0.00047405102226470225,0.5736639583960037,0.14084206177827252,0.5019605376943379,0.09629021003123589,1086.9008661643952,0.4328218966177312,0.13239683159117557,0.0,0.0009678688589371341
0.001606947885020281,6.188609340376624e-05,0.0005588509803632707,0.2531299550566,0.2799373416706228,0.0399781935652891,1.3614083872854343e-05,0.6674736280706915,0.05553068406333691,0.0006174936252886534,0.6450410606724497,0.17744087235112443,0.5511273121483332,0.052142095266270456,1933.2533514628335,0.46760018832132527,0.07086052671574883,0.0,0.011119863471956435
0.0012626052689804134,4.864731568542173e-05,0.0022414573277974846,0.7469815246817879,0.03737312566333207,0.09534696122060196,3.849794854142527e-05,0.19925798252365165,0.35464165298734884,0.004792685799724423,0.5679132705804844,0.07452893733551783,0.32566952718350695,0.09901508149613673,971.4909718178307,0.49338433324496656,0.027917034390119846,0.0,0.013514164958777114
0.0014479964000683684,0.00023489853531441707,0.0006382233938232,0.5389768582461423,0.25314322090843844,0.03337319741945,2.2785921326655387e-06,0.9859122619863981,0.2595908530690986,0.0018466546592187075,0.6583604435323114,0.11038265872860718,0.22488143639630964,0.0848803386024662,1783.8100474816788,0.5479777848037042,0.1364383378915393,0.0,0.0071137123569109725
0.0007754723617094247,0.00020654829039859311,0.0007630447599173451,0.32096812589947743,0.214617119490426,0.10655951889359776,2.1826653782519844e-07,0.021590165795652802,0.2504101528335939,0.0027203401190226363,0.572838521940833,0.2052463242856551,0.38067760930692107,0.021124006064334462,944.4216745230813,0.36759219765517787,0.06888525462878624,0.0,0.010863537633118234
0.0016176710908839412,2.644529939773482e-05,0.0006505209867721707,0.23941351575928355,0.25210966993237305,0.14080453214955677,1.6543529944266307e-05,0.7291561217698147,0.30660229139549894,0.0002722559991243961,0.6684567028291624,0.19855697299299063,0.295931281455263,0.047985661221641614,1326.9824174568826,0.46989972983617173,0.06035846243542197,0.0,0.0008879777052063902
0.0018691831670975586,0.00018567151114932278,0.0007412330293807698,0.17380691977543156,0.24374490760515585,0.04064711660602861,0.00016700892292935166,0.7480235566548651,0.39937520458634157,0.0074070887021507595,0.6655056801150183,0.13869281289592814,0.3321499822072687,0.02757283973364575,1108.312416776277,0.5268128672190902,0.0423645516017993,0.0,0.018546691474806892
0.0007989954895365396,8.065364796074469e-05,0.0016248286602003996,0.24728429088042458,0.1343156041828173,0.12373804691618874,2.258942468213416e-07,0.11358367189049488,0.047824316803714774,0.005283096101087476,0.6572395946373152,0.1283707254743337,0.2418417014347388,0.0645315111311814,1438.3400850630417,0.5288688691629815,0.03321413893452377,0.0,0.1104688253628562
0.0005660872455701002,3.008536362633283e-05,0.0008371377873379501,0.1484530493567343,0.28146732840729727,0.10407011575296932,0.0008043800576512894,0.2819853917771363,0.021020146622532515,0.002268180373059383,0.6120745274555833,0.07035388379752486,0.4604667868732989,0.05952151193992745,1710.6567663436995,0.5417206436580585,0.04178468319635665,0.0,0.10790506906493272
0.0008193550210396644,0.00029516830602774487,0.0019780516724325283,0.17648688771837018,0.2942802248727282,0.016518872473560226,8.992067633902642e-06,0.6389419795850481,0.24309210456345723,0.00015331814290895374,0.515420467577505,0.1278316115517774,0.23004808783863948,0.030514667431578605,898.3344627634062,0.3875888560257276,0.05193660100484991,0.0,0.0006306998048508452
0.0005298682036996784,2.282153635984073e-05,0.00091323565367854,0.07860532175171078,0.08966999770212146,0.03723133044244905,2.4991307338765e-07,0.7754906454532257,0.1384513621446426,0.01576319448378501,0.672919008443741,0.06802139369050046,0.4632228075605041,0.010709452604254014,1042.0653814385619,0.6048976147532406,0.007048539020850424,0.0,0.11385366123965555
0.0016881692440479676,0.00016160963189510176,0.0009467794923287968,0.3112510562986601,0.20303527321365342,0.09491766905427573,5.284154233953426e-07,0.19599118128471563,0.3728848156332687,0.0028486893558787975,0.5391521215073516,0.12170102454709918,0.4782042057836329,0.02560432121730192,1044.7078486610092,0.4174510969602524,0.06319494325363668,0.0,0.007639596026566222
0.001071377453231082,2.2054250479259234e-05,0.0005533295506606435,0.10843447641058102,0.08117677301627761,0.08864836896234411,1.762008266224486e-05,0.5539430152508895,0.30426575786860033,0.0119485646737306,0.7083161981419899,0.18992182496207516,0.2684179976586505,0.07402252929133112,847.1149345308659,0.5183943731799148,0.008802360878720644,0.0,0.03927015894733276
0.0006003764511365336,5.068069609133626e-05,0.0013329090729211808,0.40487488836949703,0.14583316554098313,0.11932509343973477,7.248962641595251e-07,0.3169320284867394,0.020616399828262022,0.001058016219795918,0.5083232332287072,0.09152207580728222,0.29286723161515726,0.08675666662198295,1565.5417542296996,0.416801157421425,0.059044186618975925,0.0,0.05131915507117469
0.0007611721762811211,8.653293261014874e-05,0.0012939929075401525,0.4554150813893645,0.0694721758900282,0.03416414477384658,1.5461458739460948e-07,0.37999009563631286,0.02513926415578344,0.08408749467358917,0.610286790366305,0.07136761542373136,0.4625337280149525,0.013010403584868727,938.33950532148,0.5389191749425736,0.031638676637253435,0.0,3.3448669838748772
0.0014474747567924237,2.5282129948372514e-05,0.0021696477644948765,0.18947435620662706,0.10937712953238005,0.08204807825744012,7.822263999707987e-05,0.8872601099068954,0.1602732242381841,0.0001289482186276801,0.5633320960464822,0.07947198889338485,0.2659251925829748,0.05352202779782646,807.3657445390845,0.4838601071530973,0.020724161201876565,0.0,0.000804552471197862
0.0011766445076574288,0.00035500055965199376,0.0005129495098513753,0.5918263594793229,0.2923709222445594,0.14347497191433478,5.0043043831688945e-05,0.86133731639083,0.0375666279404696,0.0031440938784606386,0.5660627134906867,0.10049881298181726,0.5745332575044071,0.036376427531426996,1654.4181215080002,0.4655639005088694,0.17303281852960978,0.0,0.0836938008767506
0.0006005915319409525,7.02162135023953e-05,0.0006689920217009535,0.1868979105848957,0.28610472217065397,0.040488564050878376,1.0077294135378555e-05,0.07567186034958459,0.038993345497045764,0.0009359085057880922,0.5760667160142843,0.19418003076845808,0.4141826400241322,0.06425420816552245,1429.767305959865,0.3818866852458262,0.053472374782167306,0.0,0.024001749371799837
0.00099985077824185,2.842200391254619e-05,0.001864835536086759,0.27759078443272395,0.22847578460767837,0.03668381925881553,0.00013043021530950017,0.35224238528596447,0.0773565510354436,0.0003027733816103148,0.6792654324450693,0.13273505165919264,0.3915744487613947,0.02119245092445865,1814.9875317547524,0.5465303807858767,0.06342277227312751,0.0,0.003913997942741638
0.0013441070791538373,0.0001074013268273745,0.0007595121076367275,0.5471124681570344,0.15594352762507543,0.05156597033171876,3.0462154436118356e-06,0.49867163976453854,0.31475294494554273,0.029630998013687425,0.6796630775267806,0.1633105179590011,0.3695098244241109,0.05763514097463247,985.0201669258901,0.5163525595677795,0.0853186482920697,0.0,0.09414049491678007
0.0007305203937345539,0.00023942233558948807,0.0013363468100803472,0.6777305843854167,0.2714225587912054,0.10117112224500795,1.4968256431377798e-05,0.17285151202791801,0.41232524798485387,0.00010881247578304857,0.6724410120606064,0.18643854883574457,0.47352567382812893,0.09957379639280466,795.3851179355053,0.4860024632248618,0.18395136938494877,0.0,0.00026389961884421307
0.0008127128557556889,3.127394020005287e-05,0.000827555232978917,0.7696254075641417,0.11180600189704402,0.06080966849117187,2.4631884027065187e-06,0.9181172829194771,0.047488708086695315,0.00027804745033156735,0.6577788290820864,0.15236150398038562,0.4952828323518313,0.05866360560027495,1642.415351425494,0.5054173251017008,0.0860487397781297,0.0,0.005855022415517481
0.0018869379887835672,0.00019776207795213426,0.0008983444667234919,0.5164488901835261,0.2694483223078448,0.08081989769491481,0.0001123675378347237,0.5497989950226633,0.05877263832770914,0.00010592651658126288,0.5051130451151872,0.22903678064502336,0.5340331926636055,0.016663706458281163,1113.7572411116791,0.2760762644701638,0.1391562870176995,0.0,0.0018023100475876104
0.0007555745112506363,3.4529189779385445e-05,0.0021920935709833413,0.6899568374918313,0.2748826399281463,0.031792155176336045,0.0005195249666401473,0.474354273820456,0.43276700775874044,0.00011004322366713919,0.6458921567509766,0.1814559598388497,0.20890017384688303,0.02098952201452941,1569.0008124357364,0.46443619691212684,0.18965715692622964,0.0,0.00025427821828896495
0.0015431709216591199,4.015019295286296e-05,0.0007095440420358271,0.7739304030378132,0.26079581917843625,0.14536820259609287,1.1135507306063685e-07,0.37069281161336437,0.03542412744693649,0.000457291649451796,0.739223745304989,0.218020092513541,0.457290527864827,0.02690641685477087,1189.9053693499968,0.5212036527914481,0.20183781344734383,0.0,0.012909044834958751
0.0019997580168021364,0.00011775094893532556,0.0016005846789389688,0.4376649064838675,0.22869972875210165,0.027552957084201822,0.0005764053116548257,0.07022879668767558,0.22503124434847308,0.02812369885339853,0.5124168494149541,0.13999908670849537,0.2057942510544491,0.09584593789891514,1131.771608106094,0.37241776270645877,0.10009384539717443,0.0,0.12497686236782062
0.0005837187568704286,0.00041876592498242126,0.000570693881696424,0.08079509887371908,0.24966408003107557,0.04700337449672718,0.00034306442547191895,0.023787888207472616,0.06911465144094012,0.00010102763354109878,0.5806593256065241,0.24017734164114818,0.28188797841176066,0.05096575045065943,1691.0991886296026,0.34048198396537593,0.020171634031326862,0.0,0.0014617397532190257
0.000630330120640116,6.105885836559106e-05,0.0018056001097287863,0.7959985117515629,0.21888702203593297,0.11019731041128132,2.310085878824768e-05,0.28866010482745863,0.06614714940117704,0.0003274478896672436,0.710592034390124,0.1492956356907098,0.270622813162059,0.04278091764882346,1342.4358156122007,0.5612963986994142,0.1742337437823342,0.0,0.0049502947992709255
0.0009101518713094247,3.235891179839206e-05,0.0007310233181852827,0.7485760822533151,0.09578988493130092,0.12697431189787534,8.593495945561933e-07,0.6544899645523075,0.2810556974772996,0.00010129489945999583,0.7342659876769531,0.14889586436705435,0.5236285476519296,0.044423727691696675,1492.144169586135,0.5853701233098987,0.0717060167813691,0.0,0.00036040863205833877
0.0013857745910977903,3.470498641489942e-05,0.0005712490290205371,0.6626541798673721,0.29192562693678725,0.14903058979429115,3.399764000606888e-06,0.3832560182896775,0.07234992800858926,0.0004992829851172231,0.6740660248926844,0.21508322445056438,0.30012777237902377,0.03082303302188518,1290.8800238251808,0.45898280044212003,0.19344573690006517,0.0,0.006900946536642705
0.0006893456667958841,7.730680670339937e-05,0.0005231173109544781,0.5679402754168554,0.01091095797852246,0.14852223528599556,2.4100379748084516e-07,0.568245817367957,0.027817581037075656,0.0002118594171766282,0.5296058230735569,0.05091709066906457,0.3143448318951807,0.008930852125018594,1222.5841822035102,0.4786887324044923,0.006196772479383782,0.0,0.007616025882849377
0.0008602668555638,0.00010731322766589646,0.001559119555579148,0.21257723259521183,0.25504468868550234,0.08447873413572081,1.703746848194116e-05,0.21562912650914548,0.0254074013636164,0.005756079141953681,0.608622965250096,0.16873784994434515,0.5035647146782168,0.09232454274687071,913.504395304129,0.4398851153057508,0.05421669410887142,0.0,0.22655127376373219
0.0017118136767578405,0.0004417329176587274,0.0013343554879548052,0.23787914254503068,0.06524223091065803,0.10958589438246724,3.259538429305282e-06,0.15686807656461388,0.020329414631984163,0.02064639270592596,0.7114697480881991,0.1074781836252234,0.34748399695370824,0.03877486203626848,1473.8998319865627,0.6039915644629756,0.015519765946752228,0.0,1.0155920905584312
0.00132013746702337,0.0003986063557698975,0.0005205083616704441,0.06401488788545598,0.2341687246199527,0.05829088654452855,8.928883428548332e-06,0.9061907068371551,0.25388425943075543,0.000930097152761037,0.5429867121268309,0.147235727423462,0.41926230775951423,0.027330686666269113,1078.1175689057775,0.3957509847033689,0.014990284652826487,0.0,0.003663469152622722
0.001778182065923163,0.00031212858786755173,0.0005796832307154869,0.6842017967242224,0.21938635304680673,0.009090286223283603,1.1017985259183177e-07,0.11536526481031713,0.4670301753966018,0.0005407228678980554,0.6466307186831209,0.12260884586203791,0.48562550023973505,0.012440458980435328,1436.3901673175008,0.524021872821083,0.15010453693139975,0.0,0.0011577900024101735
0.000580066475595634,3.121361704736473e-05,0.0007589687225066044,0.25231483764738305,0.1774416776004586,0.14684328164207955,1.3353965229534265e-06,0.3606404174861517,0.11490499751307227,0.0001821453462305382,0.6649715597046869,0.16062208433995478,0.5627924665543769,0.0837255592478987,1720.8131386442888,0.5043494753647322,0.044771168075638995,0.0,0.001585182108461525
0.0016955359423326912,4.730716513072182e-05,0.0006970165050250504,0.7845367272904742,0.016715764490274197,0.004245346029126703,2.690483380985963e-06,0.35003136841193094,0.4462828030732293,0.06389975817499405,0.5878500314820185,0.17054351841148735,0.5608571093662409,0.0639411474508677,1249.378114178958,0.4173065130705312,0.01311413116735804,0.0,0.1431822103270892
0.0012214985353286969,0.00041261492792138817,0.002148693140527145,0.7244201879557051,0.08550487133382415,0.03814974772103888,3.5555772619194846e-05,0.8957038704642472,0.062469749109181,0.08554178611043403,0.5448129234400639,0.21268387850371068,0.2844442087875565,0.0652332092589356,1608.3848459016585,0.33212904493635326,0.06194145496277727,0.0,1.3693313536593377
0.0010529473353690167,0.00042186125197548783,0.0014791542300679643,0.5076415435560269,0.11341245950686996,0.06767501631147456,0.000869238515012303,0.5805916119179152,0.11736951157212969,0.00019075198028611293,0.5196959490067233,0.08377062567182064,0.4877715047070946,0.039463507828699465,1290.214303978872,0.4359253233349027,0.057572876002552856,0.0,0.0016252259869794711
0.0018319714242832678,6.414865354005128e-05,0.0006135367167304803,0.43563705329878716,0.2844833761566439,0.130024210558678,1.8036769430932293e-05,0.577615638413163,0.23664354337073942,0.00060391214627319,0.5365173270475074,0.1797284952185082,0.4203006204376505,0.04789203660375021,1705.8428268321381,0.35678883182899923,0.12393149970137078,0.0,0.0025519908030073165
0.0006202479616631574,2.2334332287358107e-05,0.001692484254696869,0.21517834603206665,0.08072634209985952,0.07326048227475718,0.00016523732464419512,0.9423759674494725,0.030432988093687743,0.005014411983536258,0.5248415112368872,0.18085718210584506,0.21506005144638363,0.05182885043760273,1852.352347057907,0.3439843291310421,0.01737056077426656,0.0,0.16476896610018793
0.0007822962644948978,8.926659097191066e-05,0.002348355106007485,0.3596904810172473,0.03437900690564652,0.020238188477923302,3.293404971977994e-06,0.48855815332387337,0.24780704063878828,0.013136084304676509,0.6769611899376231,0.18708492069553856,0.5258699064338065,0.025847384438525318,1602.4381959197694,0.48987626924208455,0.012365801530787264,0.0,0.05300932641306225
0.0008638725698023923,7.117194134034106e-05,0.0016111990103401931,0.3462202407832621,0.12765840596558325,0.08433874153397254,0.0004233590420661302,0.2865716173075139,0.021035352872459726,0.0019405001177558415,0.6667746847814342,0.23427058025219544,0.3515056456725331,0.007393684099873465,1812.3171235301786,0.43250410452923876,0.04419792405141165,0.0,0.09224946828899729
0.0018756967097462985,0.00013063653287912906,0.0021188582646671414,0.33234533845426567,0.008223902847995491,0.0765770681354749,0.0009200330470395247,0.6656157069811438,0.023629667764105754,0.00013440037197745298,0.6328712156325642,0.1500223189521487,0.42788434979897016,0.04154203913268179,1350.4921102541389,0.48284889668041553,0.002733175775432061,0.0,0.0056877808574867725
0.0008321863129221334,2.6315774428876107e-05,0.001603881348169148,0.6122771831155058,0.2547844743769027,0.14330742508557312,0.0004083164844382565,0.8141499315244023,0.17793797876921755,0.004701710652276542,0.725977569246379,0.24071557882551337,0.25900439343772297,0.09802850589410333,1950.7947166966646,0.48526199042086565,0.15599872027305475,0.0,0.02642331156506267
0.0014279751398634827,0.00015791112351050846,0.0007239453623700039,0.5739495961630858,0.19532704948948815,0.0602646082944851,4.441592309043172e-06,0.864758442894906,0.35787717856960444,0.000358538410955475,0.6773171085618366,0.1459103023035713,0.24136615691020047,0.0954721768678332,1235.0798034156026,0.5314068062582653,0.1121078811742188,0.0,0.0010018476517237378
0.0005962948198196667,3.2001433433036004e-05,0.0005259564355777208,0.7730661968195554,0.28994272073072785,0.05093248950363551,3.1188441977532755e-06,0.4228947854484273,0.0847628108689196,0.0403233379257837,0.535105341677907,0.09508765766934135,0.23055834506483205,0.020467936686288955,1424.037174144789,0.44001768400856567,0.22414491641081824,0.0,0.4757196878256106
0.0005600763460169957,5.8624378008969375e-05,0.0007968536677323803,0.5239627416991953,0.1543932286410445,0.11600167221640395,1.6919002971465153e-06,0.5946828713692923,0.1575441751725893,0.004468020395451181,0.5479070748059665,0.18331589630467998,0.528865162553259,0.09638889808565838,1528.1372406761375,0.3645911785012865,0.0808962993785524,0.0,0.02836042900701644
0.0013752088590270302,0.0004547182094351465,0.0017870730708808532,0.4941975566070439,0.12802344833204324,0.084011631501043,0.00016209610342885904,0.9640087615247611,0.05359883149877466,0.0003169674929756692,0.6883135133876739,0.050848143829946686,0.5331482869710973,0.03155573793403499,1246.7208271402037,0.6374653695577271,0.0632688753541039,0.0,0.005913701551178695
0.0016785756319822312,5.49072797304897e-05,0.0015522531217310124,0.4108104680721612,0.056454752963226856,0.020658027896530783,2.9390255329612075e-06,0.9645048351808281,0.020288257276484516,0.001453605807137969,0.587498904253773,0.08174389669879656,0.32038295263128863,0.010069156064204318,1347.4469440717457,0.5057550075549765,0.023192203489721456,0.0,0.07164764264019848
0.0012440262502147023,0.0003233029032156815,0.000948518219600464,0.6279433744164713,0.27538084714715516,0.006909269983800868,3.1665660366887566e-05,0.5784274420345961,0.02247863396731193,0.007800935546420138,0.6550444988748381,0.08547050272518998,0.22056266397635754,0.047835324655626586,1505.721199957591,0.5695739961496481,0.17292357840725112,0.0,0.3470377941010176
0.0006324169234308767,6.67871226321902e-05,0.0005674826826294173,0.18860566660165518,0.25726190886505956,0.1069290075154999,6.428748994711686e-05,0.8902097436040515,0.047661248036714496,0.00941624900587612,0.5658378074880386,0.22481154766971867,0.4918868034869962,0.07957583136245935,920.520604202073,0.3410262598183199,0.048521053812708825,0.0,0.19756614427348984
0.0010112789537546764,0.0001206370446084123,0.001988785904006966,0.06314730801027535,0.19648964549175188,0.006621332452125597,0.00017378222621805848,0.5628645319468407,0.13386572006801153,0.00017454002182547718,0.7365793758076468,0.21543196674196674,0.397707897631752,0.02878998212471874,1143.6673455434463,0.52114740906568,0.012407792164697467,0.0,0.0013038440441421504
0.0005137907833116019,0.0004988938247130379,0.0014384002143215473,0.12829426044654035,0.043639278687565425,0.029662499506267884,3.2063910092913115e-05,0.8988607847319146,0.032191468282822475,0.008143749893526581,0.5805029101142196,0.22020207637089811,0.41767315701377505,0.07733915629066976,1252.6605848439153,0.3603008337433215,0.005598668985641676,0.0,0.2529785166050387
0.001866818052788272,0.0002679025096681872,0.0019267061518441792,0.267137635374127,0.1014819043764409,0.09186159070642087,7.106251655349622e-05,0.9863320973911569,0.07419065112568415,0.00020463147524200445,0.5712517293284006,0.12592810864963477,0.34900344280471574,0.011683844682889083,1817.2050295683134,0.44532362067876585,0.02710963596838569,0.0,0.0027581841126497787
0.000814434031890357,0.0002478809601198943,0.0019499011448587606,0.35594794533062385,0.011063207833204145,0.04013399615791408,9.355583242957206e-05,0.8017651445827612,0.3828896357672796,0.005446176583272338,0.6645086808425208,0.17327399883222555,0.24097453790648088,0.05644481897858717,1169.7017884006887,0.49123468201029524,0.003937926096994678,0.0,0.014223880916386374
0.0007642480412923194,0.00010326875564470925,0.0015787805888529314,0.3190700088762566,0.023805059772918587,0.062556010493648,4.695519172704196e-05,0.8682666769467028,0.028580911415941934,0.00020975162876221598,0.7434735109214698,0.12168146252521055,0.45338747584874084,0.010233465678842611,972.7910879479591,0.6217920483962593,0.007595480633044952,0.0,0.0073388712385575
0.0014775458431953784,6.36899580811333e-05,0.0016739421818628328,0.5870462140702234,0.13339606690498873,0.1054687320667236,3.512811605078474e-06,0.05230524286722671,0.23655876801246484,0.04988676762019981,0.5944835262372995,0.11085582841132606,0.48381757189725255,0.08303498031868475,1863.5998024335304,0.4836276978259734,0.07830965604843186,0.0,0.21088530363656255
0.0012024453487147959,3.266990923739176e-05,0.0005933015840445786,0.30423191020800266,0.20346138991225582,0.11341435201714876,8.782691959671774e-07,0.6108737725190034,0.0509896317190145,0.04690462437511233,0.6934459982955901,0.24587234496003213,0.4522729688795967,0.07617292650483626,1467.579499806227,0.44757365333555793,0.06189944730658083,0.0,0.9198855295442576
0.0014092762041690307,7.704175348756195e-05,0.0014572105921473442,0.7358114301688409,0.21720218545850387,0.08776262631945851,4.26937807354e-06,0.22223089962309484,0.0884951763801165,0.00010677811136325202,0.517727770952347,0.0685761005752002,0.5529584892032696,0.02413474756575397,1645.9307980845424,0.4491516703771468,0.15981985071801955,0.0,0.0012065980964273597
0.0007842881653243472,0.00022805651196071097,0.0009259048706736478,0.6086175985903217,0.06291942193570671,0.06012043029450018,5.046941269911848e-05,0.5697731974758363,0.02352915852197143,0.0008430717379176087,0.510750840089409,0.09438330584529024,0.4795611966577379,0.009751368769083914,1295.0817805649795,0.4163675342441187,0.03829386748320103,0.0,0.03583093450326121
0.0009276938891095367,5.10518877181888e-05,0.0022606061364860604,0.09530347651476614,0.20467467897167888,0.026726756911038728,3.657039720837906e-06,0.9683648885843421,0.18606471980555372,0.00909093943254956,0.7091829454807661,0.13527464245742987,0.40381077923916897,0.047689906979887974,960.9013956808174,0.5739083030233363,0.019506208460544697,0.0,0.048859017668959566
0.0005069401323690343,8.631388113318025e-05,0.0014529265432648747,0.4908602619704618,0.2609993940843485,0.0735479020761263,0.0005279535728104107,0.723454568600792,0.17402904497848679,0.005603597118324528,0.6516825049966656,0.06255165020162992,0.5749214974780104,0.02974684724854732,1764.521119671931,0.5891308547950357,0.1281142309543751,0.0,0.03219920628201595
0.0016261354324885588,0.00028070785959139263,0.0023126852452423708,0.21121941854460857,0.24459523180140036,0.03238615682983309,6.33469199101417e-05,0.10721218475285435,0.05088751886058771,0.0003897053151506244,0.6176831240917893,0.1078215715543102,0.39120862550549035,0.07187521073251883,1477.6395581935744,0.5098615525374791,0.051663262639875536,0.0,0.007658170881120527
0.0019672361251051648,0.00018122044330853775,0.0013297970174533339,0.6311888123209136,0.29614108725025573,0.010604717225303055,1.436133250381691e-05,0.4013298304765564,0.07989820352524693,0.021809803065304226,0.6269864317196384,0.19385986061604366,0.521021256198889,0.059999178895042984,1855.0512449895582,0.43312657110359476,0.18692094114091296,0.0,0.27296988046061105
0.001078097949427846,0.00013086220291716257,0.0005998678820941262,0.46940276784823853,0.19071597488268757,0.003563538766930464,8.483006521440531e-06,0.9294663340372635,0.09981342691410304,0.060882361345770596,0.5564940102154439,0.15868885711315012,0.4866120093516535,0.0876191153519558,1315.3996581402685,0.39780515310229375,0.08952260648280869,0.0,0.6099616377079653
0.0005112225276140544,0.00021611490212233335,0.001102221690206242,0.6631570349787225,0.1769165782521329,0.1460203997982313,2.744562426762826e-07,0.405451966861273,0.08584945069929943,0.034384859789403074,0.6044314124326439,0.1872397355601209,0.4228535020548482,0.06285347446730782,1747.4860311082264,0.41719167687252295,0.11732347347226559,0.0,0.4005250995704236
0.000684736482693835,0.00013371572983757334,0.0009445552991444213,0.6257325128522624,0.14438341673682462,0.06658535136522421,1.8594111419966015e-07,0.3432422855656515,0.20874795298703885,0.00020406957727437736,0.6411512583218547,0.17187219470512927,0.4569482922343244,0.08310727229194033,1695.128875377818,0.46927906361672544,0.09034539816892867,0.0,0.0009775883995712669
0.0008805699517728116,0.00011222104784793667,0.000904179823292933,0.6474174877122637,0.1446594328017308,0.14619275620727362,2.0014651873192854e-05,0.6509186508297458,0.04388994957763891,0.01838161848376096,0.518183476308577,0.05830147857305722,0.3135118779298414,0.05780284011817415,1200.8933487559025,0.45988199773551974,0.09365504655837759,0.0,0.41881156530482877
0.001743957751962755,8.391884499951028e-05,0.0007364110762302709,0.28632402317391686,0.25445587511099116,0.0011892249400924316,7.440749456904576e-07,0.8231652054679933,0.10107518774914358,0.006110910896652876,0.5372028286481781,0.2172574954567157,0.542324591785768,0.00767038485866719,1641.0135090239514,0.31994533319146246,0.07285682988201873,0.0,0.06045906055420267
0.0007233721760940154,0.00045451612126536176,0.0019456026920826805,0.3159570926315505,0.019451574524503072,0.12133175464931731,6.0608752212372997e-05,0.6286277803067047,0.36345099382423113,0.005051110436555049,0.5212743617398264,0.09811356185033926,0.4457486146753079,0.09135799691660562,1954.3132523638615,0.4231607998894872,0.006145862933867924,0.0,0.01389763825765688
0.0017819093535292668,7.100605784036586e-05,0.0022778506821455467,0.236110946983205,0.032839965500547415,0.08496085733929509,0.00014888604660831097,0.211972913132905,0.025014757906916877,0.0004106184902475553,0.6130963516364716,0.10695505538484276,0.3757283500515545,0.09323492714246427,862.1416967970247,0.5061412962516288,0.007753875353230032,0.0,0.016415049538976927
0.0010300114020787624,0.0002776144091991624,0.0012890226597758075,0.41324127146397216,0.24833020662013278,0.14380310993370404,8.223475757761736e-06,0.31928954127651576,0.022989565354248894,0.0021376485244434308,0.6239488323925437,0.2462864381826509,0.4380702385428077,0.0732867094896795,1293.189815186799,0.37766239420989284,0.10262029032661459,0.0,0.09298342493666824
0.0012813794710482035,2.497909259375033e-05,0.0007884525968582559,0.13316560978784653,0.06127553530480336,0.10313751318128353,7.127909824695014e-06,0.23766161562954274,0.26730468758997966,0.0012101414077851948,0.6505566033579533,0.13127670661113527,0.21876619060269836,0.06664351796918146,1715.9283803102442,0.519279896746818,0.008159794023940858,0.0,0.004527198601325833
0.0007708609532895331,0.0001223974359672595,0.0016370357692848609,0.23275657985291853,0.19177688845743268,0.11393621729448947,0.00011918228721994164,0.2906822666878013,0.035576132594162584,0.0002584504671639863,0.6545040274512195,0.18573241047602634,0.29338903076383127,0.0581023817825794,1555.924183748335,0.46877161697519315,0.04463733265218668,0.0,0.00726471508615845
0.0016051547878202738,7.825260337296678e-05,0.001658628113845037,0.11679456555091329,0.10011823046848664,0.1276860361281631,4.746595483736615e-06,0.003317359142981394,0.08046377987359091,0.04927795403458723,0.7139412796893418,0.14007678140494512,0.4511312407613672,0.018935151739562468,809.7523897546591,0.5738644982843968,0.011693265231293107,0.0,0.6124240510699746
0.0007143336353261574,2.9687178220087728e-05,0.002320248293123709,0.26911562335799694,0.2584357109020429,0.05518506689666256,2.3231954494840743e-07,0.9904499441608166,0.19059588107169756,0.07255359603772293,0.6285232499208581,0.051358733131863885,0.25745853247398065,0.07929406078613659,1279.6474772511492,0.5771645167889942,0.06954908743737037,0.0,0.3806671772221039
0.0006277017352254508,0.0002797936512958472,0.0006095682481681687,0.17821339679036274,0.21225085009054093,0.027975640580208752,9.031623830252772e-05,0.7005734989386996,0.19168721035183525,0.01283909325190162,0.6025369732120047,0.11592654144237985,0.33491793356461286,0.013901539340603869,1410.2876104365787,0.4866104317696249,0.03782594496627737,0.0,0.06697939433901672
0.0005524259311342869,0.0004992816246990963,0.001514629582990342,0.09662231097301717,0.05273287531272185,0.11058950313475313,0.00010366287211674778,0.8163810669084504,0.028206687967696133,0.016520830472513258,0.575597720024563,0.1164698478855869,0.48759025347533613,0.0420916444215515,1612.430118737423,0.4591278721389761,0.00509517227696715,0.0,0.5857061449906431
0.001156056108864436,0.00018357703685591915,0.0011282758015626671,0.20917250156796136,0.053531641559887565,0.011558206133587384,2.1013082626353778e-05,0.17068218619892597,0.026371490545508077,0.0049934399553990694,0.536444373309218,0.12142318202553835,0.5475170550772228,0.041949495872442844,1554.1011388206703,0.41502119128367965,0.011197347378121126,0.0,0.18934993252588883
0.0008009834055924568,0.00022093408523679554,0.0024584842311634048,0.28748928744250857,0.2455019310512413,0.009846691067722043,6.208718357954313e-05,0.03145993362412205,0.11204154560892168,0.00044518800347620317,0.5710811220615899,0.07286177835569611,0.37589025034088497,0.08800180625014412,1806.3001805413753,0.49821934370589377,0.07057917522368123,0.0,0.003973418976476111
0.0015854223872682563,0.0002602628906661331,0.0018799571383296262,0.05185235125229909,0.17896352575499785,0.13100613791333723,6.904397540625407e-05,0.978116398353216,0.268618739992927,0.002548634753028987,0.6521532127821577,0.15352314877101703,0.23944976480094854,0.06059603034789515,1586.9634910908212,0.49863006401114063,0.009279679598798024,0.0,0.009487926095908629
0.0006138027303986055,3.960203131675747e-05,0.0008578143056365392,0.5839215862627969,0.0467201298943933,0.10538034334899032,3.083310033881282e-07,0.6171634913001013,0.023759472770537537,0.0005811398611233616,0.6624823617814778,0.20958030224564028,0.25819831839583934,0.08361655544639043,1519.899292346172,0.4529020595358375,0.027280892358338055,0.0,0.02445929111036473
0.0010206687105330787,0.00018845942334646032,0.002044553385074378,0.7535373811842783,0.17406100266976568,0.1228016597797786,9.395852466061707e-06,0.23371750567575478,0.25677618449007444,0.03899012836045536,0.533521202126483,0.08460884819942589,0.5635022244874901,0.05918385375426139,1684.5289557861836,0.44891235392705714,0.1311614721180849,0.0,0.1518447999291091
0.0009922338407464528,0.00048551265385657626,0.0009120499461671668,0.34656875048842734,0.03416554763921051,0.03579821770547184,2.286288520618871e-06,0.5030704768128547,0.030727998984808526,0.008906723447085475,0.6952806521894854,0.17829190597531674,0.43376803103308254,0.0705563153977489,1755.7328629923422,0.5169887462141687,0.011840711155074025,0.0,0.28985692987977607
0.0008552308909851671,0.00013743079905814123,0.0007220116944553434,0.6180935815112631,0.24059480922340248,0.0897435992115443,1.708712128146138e-05,0.7468396710820616,0.1612757925972183,0.0013691661487220403,0.7370516517061534,0.23693990908685947,0.2137809366432997,0.016126275755113533,1734.9442864473162,0.5001117426192939,0.14871010732591192,0.0,0.008489594914851814
0.001682667510053079,0.0003383267411248382,0.0009272488293031339,0.6784168476767453,0.293731589519899,0.13661679587156586,0.00044008781696585936,0.8376858906219674,0.1658333106704743,0.017864702939029732,0.706574314059132,0.10635555718516498,0.33330972127253355,0.026978257959222665,1647.9755026533567,0.600218756873967,0.19927245902516957,0.0,0.1077268666156494
0.0014017326088788767,5.769045357791374e-05,0.0014507028452749994,0.6642535418693591,0.2534179847976222,0.1440722505784949,3.3823434731883207e-06,0.29016975258063604,0.1661432768240698,0.00039899144833533486,0.6736390327666482,0.12946653630795385,0.387593376332006,0.040848758112141344,1579.7851552150073,0.5441724964586943,0.16833379397521595,0.0,0.0024014901834266186
0.001524032279019974,2.79065778869844e-05,0.0005356499883629715,0.5464670677236194,0.1442328400564551,0.10139576362354039,1.0722753884650817e-07,0.811759016807208,0.09707516433473375,0.043955843905141345,0.6749459809651034,0.061445835525288234,0.35361317418003424,0.03712262570088919,1208.5069752383574,0.6135001454398151,0.07881849717510081,0.0,0.4528021580635515
0.0015738084908824698,0.00047818725897717806,0.0009841566232132953,0.4921153189444895,0.023032352315073713,0.11680213181453303,4.6758121927028677e-07,0.6902607788557455,0.0385571459425806,0.005087761049967078,0.5631107038666463,0.059804018693255696,0.3233776449799042,0.00642060234511014,1637.897993029042,0.5033066851733906,0.01133457340557435,0.0,0.13195377732428082
0.0006051249507276269,0.00011093157819957245,0.000858955822385161,0.3037875615013072,0.16733405433776596,0.051848023257815096,9.048166496379254e-05,0.25138057064321573,0.3450869038306329,0.0008042145490377216,0.5027210169763169,0.0965771972924658,0.3164156615243171,0.01051649614531516,912.5743201258186,0.40614381968385105,0.05083400432339716,0.0,0.0023304696298542425
0.001432394286900735,3.558025888528833e-05,0.0012659162689520824,0.18958664279070397,0.00023539694653512206,0.10663303448680231,1.5750317499926344e-05,0.7870606793145188,0.1286158725763524,0.0010696366930278399,0.7001137868048559,0.12869121992173257,0.5656215756164871,0.039498370587987476,1147.066873568387,0.5714225668831233,4.462811681677663e-05,0.0,0.008316521682756173
0.0008649897372803091,4.3546837214944926e-05,0.0006601153538452982,0.35488845704060495,0.26675670033018156,0.07815770453497038,2.4718350884997537e-06,0.7241483841566921,0.14219619541929499,0.00033945552688846516,0.6946696779142789,0.16014273562990183,0.37432569745162814,0.08337091536307653,1525.6436133681686,0.534526942284377,0.09466887378542117,0.0,0.0023872335394594076
0.0018410237120178741,0.0004601804134572039,0.0008050461649982109,0.4290252287942559,0.06895948809055473,0.06895345692067227,6.840435811068505e-06,0.3308751289141819,0.04427179598713534,0.005802469464298156,0.6807874342679157,0.05216023134634995,0.376223190160705,0.06788615457493999,1374.9118973996785,0.6286272029215657,0.029585360155585008,0.0,0.13106469559048967
0.0011822961062937453,9.925777580440428e-05,0.0017805267894434435,0.5669732674008268,0.16333373629871847,0.010444277166747179,1.1441778139678326e-06,0.2749937798474098,0.09521622325216743,0.03208171393715188,0.7254432244901272,0.13214544088844743,0.475894511409683,0.02441004518707087,1629.9551162805387,0.5932977836016797,0.09260586214606943,0.0,0.3369353755209105
0.0012879909594788114,0.00018393616162224583,0.0005638265655732566,0.3085728872258423,0.058917413010195645,0.05277279471308443,4.1433318002722296e-06,0.8329628034381045,0.192854652573329,0.0010022622994383095,0.6989104458471247,0.09960302396457026,0.2139414876450782,0.01427907738081182,1319.8310270085226,0.5993074218825545,0.018180316240433474,0.0,0.005196982733186693
0.0009112486213701147,0.00028501422423831573,0.0017714236555416976,0.22025401501688469,0.2265229997118471,0.00819456870587939,8.973269108369845e-07,0.636401782506889,0.23720991514963813,0.005062057771148799,0.6547000087378623,0.17571409668835558,0.5715663758191734,0.09607426175683736,784.8240012648089,0.4789859120495067,0.04989260018020294,0.0,0.02133999233529308
0.001779476277738569,6.290192078123376e-05,0.0013096104765225314,0.3716265133622581,0.0433414070644585,0.14513041625330186,6.660058262801474e-06,0.5913158869739861,0.40424937351842616,0.0010618086803290915,0.5423503712112537,0.23872992378106178,0.5448593224308951,0.07591821790888618,1245.8452344118941,0.30362044743019195,0.016106815991579055,0.0,0.0026266179984090763
0.0014800636093126427,7.769600510505665e-05,0.0013550212847227839,0.25452756663320003,0.19112733889003528,0.09953766392270089,3.7747999754640195e-07,0.924116227945083,0.22007355900087403,0.0003182345283476554,0.6267237661071646,0.06664250846970746,0.5539396546400386,0.015139737901366912,1004.580220115303,0.5600812576374572,0.048647176484759656,0.0,0.001446037087746609
0.0009096855572795404,0.00037916093628782545,0.0020955646249669812,0.11908876311620073,0.08429383744861939,0.09835491267180312,7.419794632152903e-05,0.030940802826999406,0.4029802793818693,0.003601425134780849,0.6631080917003511,0.2139723083648895,0.30348278064753365,0.029631078061715763,1083.4142174295025,0.4491357833354616,0.010038448840074165,0.0,0.008936976122764787
0.0010719036990884667,2.524370217580276e-05,0.0010290477289005492,0.768889886691149,0.09774046369217947,0.0590387487816998,0.0004415465777358714,0.9490741795067219,0.2912907203254236,0.00019922982016933033,0.6288342332154385,0.24901020051592027,0.3297175911449576,0.008220639236558051,1655.7983611622412,0.37982403269951825,0.07515165405342024,0.0,0.0006839552593599794
0.0010912597496163098,6.123680278877293e-05,0.0005107067097856618,0.6796524064780601,0.008613526198158201,0.09200446154940897,4.470783469333239e-05,0.5854560797707927,0.08267076174656596,0.034572797887593064,0.6598051000085732,0.14615005847799628,0.4148737262769594,0.072989360338788,975.2038999255011,0.513655041530577,0.005854203808840038,0.0,0.4181986128733013
0.0011511709417550008,0.00023713880326611347,0.0007097611898704247,0.25880748361463374,0.06851547167841833,0.1499062488498671,7.90368062518801e-05,0.15095335708481597,0.10893973393290764,0.00015439324694397128,0.5733385087917977,0.21686284132366407,0.23957693160653365,0.07485512104950512,1613.8415243777872,0.35647566746813364,0.017732316813761154,0.0,0.0014172353958479184
0.0010383436580935768,3.5839565251135713e-05,0.000932892808671482,0.553663737010043,0.009024918245731968,0.14447587423527108,0.0007955002037481105,0.5169336832985969,0.027980511823627107,0.0015082338850921323,0.6595349864049346,0.1739927106710224,0.42106673336927636,0.014046477510845898,1010.748183613787,0.4855422757339122,0.004996769962142083,0.0,0.05390301273254623
0.000647800817680026,0.00021515703022127836,0.0016302720945770008,0.24682277974353817,0.02173987960930218,0.039171114688265236,0.0008228757014448416,0.01606629874588265,0.030357377558803928,0.0038979931667436894,0.5821022789714727,0.06087819277842961,0.5012158318673001,0.03989513134086372,1229.533247597717,0.5212240861930431,0.0053658975164578284,0.0,0.12840348805469312
0.001139862272025854,0.00014365576741161984,0.0011141568128499113,0.4113331392520891,0.28716798728088005,0.008058659270311363,4.1357848619509185e-07,0.6531116779535917,0.1219480596331006,0.015099834503948513,0.585358662079067,0.050280489905465464,0.29889639229742715,0.020219318830536098,1945.586947736077,0.5350781721736015,0.11812170970094839,0.0,0.12382185128142814
0.0008721300846909005,3.562570596906061e-05,0.0005902136655858676,0.5638145239156998,0.27509854779719095,0.024888920209505942,5.643652871627911e-05,0.20067508653040675,0.02865639504226368,0.0033699294119591307,0.5395874426735127,0.2299047848316626,0.47001250428685,0.020562413117057175,1182.2692150691566,0.30968265784185006,0.1551045567561736,0.0,0.11759781392561815
0.001365457012693569,0.0002925508246805091,0.0006235256579506301,0.3977947307648142,0.23549896692560296,0.1367409316315419,7.136178671478653e-07,0.6624112726996881,0.058837183351402075,0.0009476004636483146,0.5048403088233765,0.1251680783094721,0.5519347317820601,0.015275668623381165,1760.032341314457,0.3796722305139044,0.09368024814356211,0.0,0.01610546952917204
0.0007831140983439796,3.675318963173384e-05,0.0007004114633206246,0.5129478677651345,0.23526207310787595,0.03027749874225738,4.463457620995356e-06,0.38475463297513096,0.03478627558288559,0.044757490844231605,0.7440352616887609,0.24292170636573318,0.3176314777594279,0.007853810614614425,1947.1272552545447,0.5011135553230277,0.12067717876669015,0.0,1.2866422200786487
0.0017256344173004379,0.0003592313571485005,0.0007578275296903535,0.5430812334362396,0.10845641485268678,0.12073481830440573,2.899036529476343e-07,0.7436819939185014,0.12894663824787583,0.026456578062987363,0.6443648314650634,0.09144716863086418,0.44818354428963736,0.027003824382872493,1240.608783104875,0.5529176628341992,0.058900643552269635,0.0,0.20517462434444808
0.0007717253329728853,2.0269184426938987e-05,0.0005063388647365587,0.10384714017406564,0.16361888977455588,0.0798694872601821,3.2272103020819593e-07,0.5346564844568724,0.37104527685210215,0.024057291022478448,0.570144838187622,0.06906395566900102,0.3954489398873009,0.006073358480082984,1804.2428389004085,0.5010808825186209,0.0169913537815433,0.0,0.06483653754220306
0.0005167670720205524,3.0270141319349736e-05,0.0010074658764284935,0.10103171080769882,0.26015486476312943,0.1335793894199914,2.772196475408669e-07,0.033806851862257174,0.18773048094005973,0.011454420576562277,0.626480113745703,0.11415870840006076,0.5217623886114392,0.08959451576154732,1442.612584468082,0.5123214053456422,0.02628389106196449,0.0,0.061015241207524246
0.0013045562783991435,2.255516843140254e-05,0.0006365149468301321,0.347716184229703,0.17997093589592852,0.049720582638266654,0.0004667923558860197,0.43668675568827425,0.15494510335585127,0.0053999817204628715,0.5064100417096296,0.12275261314583574,0.5151778880278461,0.04059827253592706,982.0404436819225,0.3836574285637938,0.06257880710198076,0.0,0.0348509349666967
0.0014262742114357948,0.00012887379120166674,0.0017185626736892505,0.6382771877595749,0.16486251382769213,0.12545747068629315,3.438726149673652e-05,0.5632235050183203,0.1450371316750089,0.01079433179266419,0.5009070747831803,0.23190041257891242,0.3027336825694259,0.023627865851088954,1920.2023806786976,0.2690066622042679,0.10522798169291335,0.0,0.07442460884328246
0.0005208650338558452,3.733004262901219e-05,0.0018774752743857266,0.44964164180630434,0.14190941223120795,0.11755540140592802,0.00029492680385471694,0.013447771830206342,0.044788461503022875,0.0021151751473940154,0.7302514086824126,0.14780178026015742,0.29044094334880544,0.02424933712559779,1352.9176679940456,0.5824496284222551,0.06380838110340799,0.0,0.047225894268577574
0.0005665161318232283,0.000337753207360514,0.0019892394551345753,0.21082759132363194,0.25332654203398286,0.039971161443267136,1.8967301418626025e-07,0.4593402986251347,0.04465708103572924,0.0013078981973460642,0.6838130184027802,0.07859100199356818,0.3608102417987206,0.06467402856145996,817.8858435131933,0.605222016409212,0.0534082246753694,0.0,0.029287588149786166
0.0011695458285069231,9.599555379058142e-05,0.0005300488801232209,0.7941794958545346,0.028475864847004227,0.11148734747171432,0.00023110874633423798,0.09780384011320546,0.2826236436162261,0.015016741415593194,0.5467844535618037,0.15197146435062792,0.3364376373775496,0.06228874746902231,751.9737626119248,0.3948129892111758,0.022614947988215683,0.0,0.05313335156058064
0.0012294245137520023,0.00018290966510203945,0.0006263320812299384,0.26825256750566523,0.27556754687761975,0.07789619193316528,3.961241220322619e-06,0.9814323483210357,0.06780342950660126,0.0035735262320771718,0.5689028028413288,0.07386287817995282,0.45211748776362626,0.05377642937262165,976.5463216983792,0.4950399246613759,0.07392170197115926,0.0,0.05270421065838945
0.000570412901473642,0.00022251567841232258,0.0008947912118750641,0.49173976118546897,0.22949990650310187,0.10338436544388421,1.843685120012489e-06,0.5689422287079349,0.14011685340451902,0.009510301147976977,0.7313982662977752,0.08933832788541482,0.38210760694584756,0.07114056985884339,1833.6703447140915,0.6420599384123603,0.11285422921592277,0.0,0.06787407022708841
0.001332370744310779,4.9782381716000184e-05,0.0017661245466774292,0.28442865164187175,0.03287255112171977,0.06671667272480615,0.00032914095570326675,0.8733261597097217,0.06586905916338529,0.00044692840737981974,0.6437952079358434,0.15694984951943086,0.550079486685018,0.07606145918490224,1738.7361329748778,0.4868453584164126,0.009349895391579254,0.0,0.006785103856899392
0.0008481396969628243,4.547522542237836e-05,0.0010349136628842156,0.7238607282895266,0.15770306621374142,0.005731412801357641,2.441598166250564e-06,0.49011654734967874,0.042688129780363696,0.008784596740554535,0.6902953110295997,0.24861099798271868,0.42932621068055826,0.03651274748849445,1085.7114097364865,0.44168431304688105,0.1141550563629703,0.0,0.20578546742976314
0.0012610728080452176,4.6977970042166656e-05,0.0019027221080702213,0.5256423587862027,0.2621468288673954,0.008427718447014232,1.168983671366996e-07,0.4962047306867164,0.028110058457931995,0.0030581544442005192,0.6803050198114828,0.214449689325301,0.4444393248432359,0.08320575358758305,1905.4905207985212,0.46585533048618183,0.13779547747418072,0.0,0.10879217660743001
0.0013989110216888639,0.00010159876462098933,0.0014553030929931414,0.6588963485909651,0.042761613963121795,0.048084355828001114,1.8225635973401455e-07,0.14761327167153318,0.06759588291152992,0.02853602074528243,0.6904083157887633,0.057236898954566844,0.4409350132820936,0.07420386001191198,968.3925656048931,0.6331714168341964,0.02817547130015738,0.0,0.42215619526163484
0.001183188457381453,5.005145340949031e-05,0.0017778663300144998,0.7366720169655046,0.05518924408909954,0.04444401763874406,4.073776614186986e-05,0.01776044157441865,0.021300247229763924,0.00017968056024300004,0.6040583810824134,0.15779460813378876,0.5169943836282254,0.029917865448579155,1841.2784319617247,0.4462637729486246,0.04065637175791851,0.0,0.008435609141283731
0.0010381203464512783,0.00022499052722399395,0.0024578433187668887,0.3765244561839538,0.17509639100448376,0.05116978563876907,2.8419236725119264e-05,0.9685072774948116,0.025215450704763904,0.0034493594132046783,0.7019318976423421,0.0869848315356122,0.32642475284992944,0.01289856850243281,857.8926229583423,0.6149470661067299,0.0659280734027362,0.0,0.13679546931727055
0.0014221857712086797,0.0002389024130230348,0.001235394191672701,0.10016900573011882,0.24325088622011054,0.11635871525939913,2.3801626821038298e-06,0.892154599440927,0.18100774719441592,0.0023734731998066704,0.6226680203390681,0.13793193911099066,0.30383426769519845,0.06154317049650286,1960.493189587905,0.48473608122807743,0.024366199415638733,0.0,0.01311255035541314
0.0005044859707564526,0.00023261801941694893,0.0005372562504445426,0.6365748629273997,0.00425617574030687,0.036262160426005476,1.21420044620302e-06,0.5087024186117666,0.05200238105822735,0.052738816145755235,0.7246159588027318,0.2109177668366337,0.4278023833928861,0.04185693299882462,969.4215176208561,0.5136981919660981,0.00270937448848077,0.0,1.014161564769569
0.0005311012376563591,5.05065621148785e-05,0.0023763187568830945,0.19194011639135455,0.2833019234385411,0.028879794408558826,6.363709243655045e-05,0.5282832256009726,0.07324802525655658,0.00011759203469342768,0.6828595687976128,0.18851691783100777,0.39985944999106415,0.06265050388100679,1068.3076939637428,0.494342650966605,0.054377004158688194,0.0,0.0016053952892457232
0.001042598449437027,2.1935405869593365e-05,0.0005553830877628808,0.7856365222279305,0.07493823009947868,0.011454395574103406,4.092936012023801e-06,0.8960951158970406,0.17896360267224218,0.05515022467500454,0.7331756245108088,0.19288231380435533,0.5049668454861491,0.04590616425067569,782.7244325622324,0.5402933107064534,0.05887421047727085,0.0,0.30816447507490036
0.0011147507672436697,0.00011526600390931394,0.0005789145284078347,0.6557553044932377,0.298046490761964,0.10670749816984587,9.997797871475752e-07,0.2874315214122745,0.04801003350025822,0.05831637867502453,0.5186335229240897,0.18418978569837052,0.24911981937714353,0.04938181034658877,1345.3882135073077,0.3344437372257192,0.19544556730275264,0.0,1.2146706515985015
0.0005117376805226011,6.615435149745976e-05,0.0005304316282163521,0.745312331388684,0.12924590057407664,0.051300297453878,1.8689483543835182e-07,0.8363824382110615,0.13929203057041442,0.00020568773993364918,0.7325205117107896,0.18380520146335078,0.4976528201360215,0.038017033667317096,1589.2514155566823,0.5487153102474388,0.09632856347929512,0.0,0.0014766655284680528
0.0011876147892191245,0.00023165923014281545,0.0006639541955120327,0.05798416533618758,0.16053613820486123,0.07438668250930626,2.7838016678609613e-07,0.08102626296325775,0.1279460608991512,0.0024580154543445416,0.6502516649366363,0.11113456922092312,0.25963598314364317,0.030659908911184964,1328.5667411374147,0.5391170957157132,0.009308553980103733,0.0,0.019211341381443408
0.0012341336743252266,0.00027861504022073415,0.0010598048602437017,0.18497751751592584,0.18783965936894878,0.06686876930896596,1.4166116476494661e-07,0.10915206317888361,0.1494507634145834,0.0013937528961936335,0.7219981707286067,0.24852299182656512,0.22115371268026784,0.09703131810618329,1079.0730576936069,0.4734751789020416,0.03474611388110527,0.0,0.009325833233299035
0.0017974721804791124,8.684676730795581e-05,0.0015228282762270802,0.19856205046547637,0.1481066069527671,0.11067248882452706,2.181013655231148e-05,0.6982035611565135,0.31298689681239045,0.00023516489491376115,0.6045539428805176,0.18783463543286333,0.5284863115136913,0.02293436408710694,1664.7161623534114,0.41671930744765423,0.02940835156402581,0.0,0.000751356997078133
0.0005950949347448127,9.743123493398201e-05,0.0006633695019213032,0.34371840656206576,0.21183190189212747,0.09706410485301296,0.00015878425437730574,0.33410947528205204,0.029118288625459853,0.08676555291697959,0.6700377089351061,0.1759342152772509,0.36669149165652337,0.015848116386129256,1761.2236944206397,0.49410349365785516,0.0728105237773739,0.0,2.979761415000032
0.0016120178673334705,3.950012912858774e-05,0.0006337514389275729,0.5396671332308037,0.2813707828392896,0.08012026281021525,1.9844550519106886e-05,0.624561308587645,0.0853473001076945,0.029005780342257315,0.530752643287334,0.08003328975204083,0.5019064300577796,0.07014040263033677,1665.5424969331107,0.45071935353529313,0.15184656374978645,0.0,0.33985586311056953
0.0008787723509242284,2.0764507193749717e-05,0.0009230955448869518,0.47520849006482213,0.12477217656505651,0.07666813913508369,0.0007072552156018359,0.03189835347580803,0.09651424915103399,0.004653861210022311,0.7387932883263971,0.2437059239629389,0.26383001453163035,0.05326814685616118,1643.7204533660379,0.49508736436345824,0.05929279762758189,0.0,0.04821942097626993
0.0011037769742322354,3.660780967418237e-05,0.0008660289145610233,0.2654105748440352,0.21368030433263913,0.12338153682139326,2.8089059938991638e-05,0.09323984583937797,0.03625660740763324,0.003206684848746698,0.7300544611080617,0.20492650672446133,0.4364381001068526,0.03883905076769952,1332.5507220974055,0.5251279543836004,0.05671301240577413,0.0,0.0884441506811137
0.0006714880196233123,0.0001799150312398761,0.0007170994648723326,0.5544584545358253,0.014538576908642332,0.09866108144345177,1.2166471330870123e-05,0.22137361510207051,0.03434775120729571,0.0035464106575737895,0.615938306030425,0.11525155609527771,0.2226309126878942,0.06115817513508223,820.5245647314064,0.5006867499351473,0.008061036883916064,0.0,0.10325015562650594
0.000884794700663628,0.00028951140998460605,0.002270353581556053,0.21146830989058485,0.023508677332427192,0.008772626068803923,5.87102663103133e-06,0.7977040846329865,0.2435372428675302,0.0005764623685631058,0.7007550864609347,0.2468418632457834,0.44508255943578023,0.03960729334026719,936.5078067786076,0.45391322321515126,0.004971340263251481,0.0,0.0023670398899796495
0.0013586043076102337,8.33986021048152e-05,0.0009805992765403461,0.2420941567605518,0.17922724424270825,0.03462331745083134,1.0548849206139756e-06,0.6781252727585176,0.13277231312242022,0.010606532827945688,0.5074983989305519,0.12959897816811528,0.4619372758440176,0.04815448346468347,1626.498271094401,0.37789942076243666,0.04338986856345591,0.0,0.0798851249820897
0.0009484322891266424,0.00015011487386620771,0.0011206068828691206,0.6567708732218099,0.01978808697116089,0.040268610336339945,2.0683843311479078e-05,0.3072801638892349,0.06649173951159061,0.000672309310531755,0.7198826273425751,0.11099097759331195,0.41862222072150135,0.07172403019801471,1101.2326808138487,0.6088916497492631,0.012996239159438459,0.0,0.010111170432149099
0.0007694399590212062,2.1411910669272294e-05,0.000748860368842174,0.4364318855305408,0.11629943134369303,0.11434021163141041,1.5313304976361616e-06,0.8972822091962275,0.422971355125621,0.037636550885832516,0.5051656648426287,0.20679377601744287,0.26633590351258596,0.0727917875560596,1206.23611878573,0.29837188882518584,0.05075678010745762,0.0,0.08898132327342732
0.0006821945899046348,0.00014077319558246127,0.0007852892969554908,0.33742970563173463,0.11615409309600283,0.14166944465164946,0.00015553473068235954,0.46182101838642015,0.44132306149518835,0.004391748375883063,0.6211909146432227,0.13414974507553695,0.2772693340189387,0.03409045391326912,835.255800621134,0.4870411695676858,0.03919384144130533,0.0,0.009951323098783828
0.0016488695341415178,2.661560540530141e-05,0.0016782000903264073,0.34096954653160494,0.298578411153149,0.12864966861799929,5.359582630304961e-06,0.9607368501612139,0.20355878573127312,0.0005441491259481267,0.6987211961890505,0.22788051266182452,0.22440124622069174,0.06610717700653887,931.5395747053038,0.47084068352722597,0.1018061454550163,0.0,0.0026731792685503724
0.0011321721745354923,4.719402705013274e-05,0.0019818237944778335,0.608116360652784,0.2956758241243263,0.004030173247659284,1.251293642443052e-05,0.9225083362401,0.02317127771828837,0.09202687288390593,0.5705990344290683,0.16588567780468588,0.4432468331995558,0.03695040304928323,1198.7506345401075,0.40471335662438246,0.17980530609949794,0.0,3.9715925035619413
0.0013724307920864058,0.00033063966617883045,0.0005538670159919813,0.3927639602332181,0.05612258225924684,0.12677440868839254,6.463469040063123e-07,0.6962871214100825,0.45379075722724443,0.014061883917347534,0.5140191779552119,0.2408301178291578,0.4225971045970004,0.013405301679808076,1865.642752010223,0.2731890601260541,0.022042927666656338,0.0,0.030987594377788915
0.0007931351022251464,3.463751185131568e-05,0.0011115227937450428,0.7155742114568138,0.11882635610213671,0.0337071132268381,0.0003978748315796414,0.06304819268620407,0.26460575645328777,0.07513924983911882,0.5796680708267214,0.11265890193254068,0.2986049843369789,0.08530124863105551,1013.1734949578719,0.46700916889418076,0.08502907606807303,0.0,0.2839667996882129
0.0008929146583471056,2.386681496903209e-05,0.001987577512926369,0.6532039519403189,0.11024485695249396,0.039062791039700666,1.26716507902435e-06,0.4604529254722688,0.02235367469997766,0.09022633585175667,0.7340806271998762,0.24638589686159368,0.23386910444592912,0.04212680249993784,1057.208889796338,0.48769473033828253,0.07201237624246419,0.0,4.036308887140012
0.001811512047671586,0.00014604593372065207,0.0006355690981230644,0.6182599736425627,0.09137307631255735,0.022124910958340505,5.939487594994525e-07,0.03268681202856418,0.03616498839912884,0.00690911354909845,0.5518703323891653,0.24238929864376263,0.4483351384026674,0.09360425560098305,1709.2185324688649,0.30948103374540264,0.056492315752641575,0.0,0.19104426283363274
0.0010608493697820576,3.700652597168246e-05,0.0018036417895208174,0.5502597091005919,0.18514159881657488,0.04703494577065262,1.37179682768528e-05,0.6568455687107921,0.026509426737558024,0.0006772870861777475,0.6410277586060695,0.1297845309895273,0.2846074002657473,0.006687947481531148,1736.813387588195,0.5112432276165422,0.10187596230722698,0.0,0.025548914840100287
0.0011533996967007288,3.872219948816981e-05,0.000610495891709295,0.61683918252488,0.13288884147894803,0.14437896527953628,1.7578744090329536e-07,0.7459901318131049,0.3596219931158581,0.0007859627125904117,0.638511551497093,0.0810707511901669,0.4771734498969296,0.09160103831059101,1873.57899084709,0.5574408003069261,0.08197104434455267,0.0,0.002185524599818346
0.000597095311316127,7.427974341131448e-05,0.000726542637482215,0.7830724214852668,0.15545223852035783,0.09029454901262378,0.00032067687665251565,0.033249760820211756,0.39829644243383516,0.07319151610404678,0.570068659269299,0.19246994408382978,0.4672929001181489,0.04356099029848066,1312.4759417364412,0.37759871518546917,0.12173036084344187,0.0,0.18376141061366705
0.000731921457104582,0.00016089580578791554,0.0022244921192695853,0.31510943870705066,0.13764102128237807,0.025862076199062396,6.882398597990911e-06,0.5297476846413145,0.1960727401419599,0.0009694434244833617,0.5266817173900518,0.24556383584171454,0.522960919919836,0.04037155558729083,855.3449878488693,0.2811178815483372,0.04337198495935537,0.0,0.004944304974681685
0.0005332287815230259,0.00011928577314167876,0.0015138334760809384,0.2769375881869829,0.159109845874958,0.029191967709919033,1.9099654256951894e-07,0.4450222256785592,0.11955889355795982,0.00014829085841067832,0.6606228092346019,0.19144908900446223,0.24614584981852536,0.008844242593058388,1146.0764682551608,0.4691737202301397,0.044063496973413434,0.0,0.0012403164164344646
0.0008823556853643811,8.675132444587271e-05,0.0011758927118377957,0.3348182214689104,0.05916287008509057,0.007329257728759301,0.0003955624803941182,0.40380830087155695,0.44453812734126996,0.0011822906125110043,0.6714669137254824,0.05603079553805046,0.3844606227847509,0.01306650127049028,1879.8847774590238,0.6154361181874319,0.019808806938886227,0.0,0.0026595932717450913
0.0005505625000967481,0.00046891366095457135,0.0005008579343914238,0.11996505455663274,0.26501702369198665,0.09983358197072177,3.331134265016787e-07,0.1352166030511583,0.3070824313156151,0.00011199392257587824,0.7408614103450042,0.2030798266063804,0.26500419612174003,0.055403423432959335,1495.4661809980557,0.5377815837386237,0.03179278170564561,0.0,0.00036470312578961063
0.0008518725113082506,0.00024905659505397663,0.0017095766810127202,0.1398955183107679,0.18237045446294947,0.030190475229532394,4.065678673826949e-06,0.9117611549775534,0.24736902051740492,0.002144786477092802,0.7070677666019198,0.06308895187382457,0.3772118837798784,0.09082452629297,927.5194321470863,0.6439788147280953,0.025512809251664614,0.0,0.008670392406481209
0.0013611930027902796,9.109558837117755e-05,0.0013734799973170097,0.6967963475655807,0.12668128401680645,0.060941781869378646,1.9049508983091155e-05,0.8861180105085522,0.0642372980952138,0.009292669716969003,0.5574820363769213,0.07162586595762319,0.24429332416495458,0.030043445244240765,1138.8178100191194,0.4858561704192981,0.08827105600782871,0.0,0.14466159057928035
0.0012913950102554726,0.00032069113572178733,0.0017716546050218335,0.5384564446128617,0.09994552232386843,0.12530349272025218,1.3334946229810487e-07,0.276737240229719,0.09620294191787271,0.024590700242912312,0.6763021594449288,0.24779334154729393,0.27311331631423374,0.047091312425259275,1107.338280391165,0.42850881789763484,0.05381631060548559,0.0,0.2556127676833947
0.0010450724840085188,0.00012854574591157674,0.0011848603499537722,0.745668483179365,0.13799726036603946,0.14221106972259837,3.28617374963302e-07,0.11403562895798336,0.024831023651789692,0.020278667226013482,0.6566986808499052,0.20515037464304992,0.3252213883674945,0.01543689272468492,1362.0632686003564,0.4515483062068553,0.10290020782005255,0.0,0.8166665825132787
0.0007674545635782333,2.5480258028415884e-05,0.000628373584265778,0.6840733186047753,0.2226244907571867,0.1119194372505958,1.9534328634284962e-07,0.8175608195359719,0.42677829216589325,0.00012651796940666552,0.6751656358453053,0.14509171806416435,0.36143283868349685,0.054133482310687805,903.234620155889,0.530073917781141,0.15229147419496683,0.0,0.0002964489331558753
0.0012548319241740987,0.00040545952118549704,0.0008494010223057094,0.13433484912962318,0.1294605672643008,0.07092661818872144,7.385248121986724e-05,0.4640617209253188,0.20081513269163664,0.003297660512852691,0.5899988298765245,0.1702040240600033,0.5384967511652445,0.09474021495681334,1341.4517400830455,0.41979480581652123,0.017391065771685282,0.0,0.016421374568003504
0.0011518918957739873,8.18319938430314e-05,0.0008876865907661991,0.6595080976859762,0.04750683331280003,0.023925045392475378,1.6237756862908575e-07,0.1785126944048339,0.3171656925219736,0.08266957488158072,0.6050885093730654,0.07415718969625115,0.2720553230925338,0.050098324066399746,1820.58277419655,0.5309313196768142,0.03133114126520951,0.0,0.26065106293251844
0.001965156454769387,9.860233289122824e-05,0.001675196803448758,0.10998091204054926,0.07976987075056612,0.024265812242194495,1.4538777821351612e-05,0.2560390561994462,0.02808657666859091,0.09699023947199033,0.6557368544403017,0.07098534676718525,0.33753872049079503,0.07522775422851938,1052.082903224868,0.5847515076731165,0.008773163138503995,0.0,3.4532595629731575
0.0006778089747814392,4.8027237372909434e-05,0.0012424194764147144,0.7887569653148981,0.15995917853124944,0.1375775468360578,7.377839820302335e-05,0.8463457176963984,0.04345346709187709,0.0009907823833979691,0.5571647044691981,0.20285771433733263,0.5468599008452356,0.042717679134766574,1593.2964620956425,0.35430699013186545,0.12616891623257231,0.0,0.02280099724385812
0.001608626686055425,2.6409806104594605e-05,0.0009737497242773731,0.1552421099944234,0.29750339425069783,0.08389807713625556,1.8581461813841855e-06,0.5422561992340232,0.15083784728347588,0.0007486643396819783,0.5269366149747251,0.16566643083875243,0.20419693242425863,0.031532351953895414,1758.902502633072,0.36127018413597267,0.04618505465398114,0.0,0.004963371946531311
0.0005630837588927087,0.0001635158021050881,0.001768017257789188,0.7252257017960108,0.2726473740814888,0.07772934765194527,1.0403904126192305e-05,0.8510529846403191,0.21441650958888062,0.003071699323337395,0.6456271985531965,0.09673480945488777,0.4804941109533793,0.0066298528763105566,1974.3355667358353,0.5488923890983087,0.1977308832110872,0.0,0.014325852655782106
0.0007445221255000482,0.0004618917366821057,0.00226440707380964,0.6120783731365583,0.27916930544369856,0.11160206325807388,0.0001393078428312133,0.12691581935885526,0.08871571531704427,0.010422416837370024,0.7330178109441541,0.07985674579430382,0.2875857712349327,0.04936468554071741,1642.877596803741,0.6531610651498503,0.17087349430564194,0.0,0.1174810663491054
0.0019460264486169377,7.588332145605858e-05,0.0006386553541245623,0.10777910324270404,0.2864103315429895,0.06448521050733694,1.0851133853786158e-05,0.8211178750068236,0.1985721973786362,0.08293886241115149,0.5578665421825844,0.18514591603877217,0.36474897599972794,0.01714589967090828,853.0473735030658,0.3727206261438122,0.030869048693148958,0.0,0.4176761072598909
0.0007247363047212402,0.0004525343926614029,0.0006462820774554317,0.68466981226516,0.23564627062349502,0.11713322111437366,0.0003991082712652889,0.4690426443955268,0.422078232240545,0.0009663103066617393,0.6892158492456729,0.2493579344913927,0.34117386419685036,0.09129135104804459,822.9250843068163,0.4398579147542802,0.16133988786877343,0.0,0.0022894104288018174
0.0019683978896549207,0.00010934181329897508,0.0007701254938272625,0.47612670423142806,0.24849529963416328,0.06332135327869207,3.840498352509902e-07,0.4062218779312919,0.024757100675204872,0.0003589770757589326,0.7106713169253791,0.15297197591959844,0.4660035145729499,0.010569582948860812,1308.161381832758,0.5576993410057807,0.11831524803181535,0.0,0.014499964291798558
0.000660849609308046,0.0002434854661691987,0.0012235788679281442,0.3581501188817319,0.07686092739794421,0.13117968448241646,1.046249400247693e-06,0.9610502684203412,0.04434132776576449,0.00021573064689236142,0.7437749495983477,0.11531684230399798,0.3010943220588338,0.08808414521193912,819.9389594117511,0.6284581072943497,0.027527750284933886,0.0,0.004865227492328837
0.0007291922569523195,0.0003427211114780372,0.0006793979317282905,0.7898378287788934,0.149277869225646,0.030811799241102666,1.294289653564107e-06,0.33905382439055465,0.0819382623689046,0.0001223251262568985,0.6565887151131289,0.10622745283145653,0.22537104021881707,0.01989667622378887,788.9821762513354,0.5503612622816724,0.11790530811392383,0.0,0.0014928938290900422
0.0015211097529334357,2.1381668869187824e-05,0.0008535214924766787,0.7831337042087738,0.1782072394146889,0.048396583283877685,0.0006977666880518379,0.9846910986288453,0.021837323988222877,0.006165765068986153,0.7164069417469526,0.20533905026564908,0.5573297046760435,0.049141568756499526,1014.9247972729536,0.5110678914813036,0.13956009551964513,0.0,0.2823498461767303
0.0017498414648562798,0.0001538726004399494,0.0013283418250242952,0.7808939448942104,0.15743222960271647,0.11891236017931507,2.119199685922933e-05,0.2629135419964632,0.09452157268673236,0.0022958649321210825,0.5726552419703904,0.15768484307444722,0.27884078882903107,0.08029142836722983,1553.3546491959187,0.4149703988959432,0.12293787482795634,0.0,0.024289322181827645
0.0006027036178259575,2.1095998696581373e-05,0.0013398154344642218,0.3700970397864262,0.2916968881620231,0.09882570172095141,1.3053076744024465e-07,0.49292191938607854,0.043839951565212976,0.00021633125653092468,0.6553400615153877,0.09741425166695526,0.48509834354147807,0.0813451655790956,1920.8759091510492,0.5579258098484324,0.10795615482367699,0.0,0.004934568785029946
0.001133246863243544,0.0002524622748449327,0.0006332001551948461,0.4007446241626699,0.117795129994216,0.01695606307723589,1.318041672189352e-06,0.6730901716037264,0.07166395019232155,0.014315687982133472,0.6998076032773733,0.22640392985278862,0.21044610218722642,0.0901865046418092,1567.946958812941,0.4734036734245847,0.047205765097724936,0.0,0.19976135761027766
0.0007109678175580503,3.082317323142082e-05,0.0005573625105117986,0.26584129431829656,0.10451845592938887,0.09386508255181256,2.3220120906004773e-05,0.8452749530697242,0.10604499274857257,0.002343825270157374,0.5417706079579457,0.20397280526934697,0.3935261324236407,0.08175337671457789,1330.6396265602184,0.33779780268859877,0.027785321604418576,0.0,0.022102177664479337
0.0013300864677763446,0.00020139077498967985,0.0021969159199965176,0.5541803576813493,0.26376250949066543,0.037124548652938814,0.0008113493072810182,0.5560573684052059,0.2614571162921144,0.0011344690940294111,0.5217729044373182,0.09921247530551022,0.3974382080051686,0.06243627169914243,871.2544721152133,0.4225604291318079,0.14617200185246726,0.0,0.004339025497251792
0.0011731113483004307,4.2159954022217034e-05,0.0008863260669743656,0.3986782108843799,0.13496087814221525,0.021640865365200712,5.408130922895087e-07,0.3866217067002806,0.0928420035045859,0.00018426780371967526,0.6474252501957941,0.18492077339316282,0.25674261405349164,0.06738086638417078,1616.389200886466,0.4625044768026313,0.053805961437123184,0.0,0.001984746092974754
0.0017473297213775496,4.261742370255984e-05,0.0020748822425842284,0.5286835106432423,0.07458269269770373,0.060867030123502155,7.290764126042238e-07,0.663721938393567,0.03211663848562218,0.0004405798577996808,0.5911207364259745,0.15624927682743367,0.530370337934386,0.009286592447768229,1336.0463550889033,0.43487145959854084,0.03943063980864812,0.0,0.013718118662914162
0.0010103428660759855,2.1241558390433124e-05,0.0010226889466302927,0.29719817248162334,0.029450280838773418,0.01703770250468293,3.014863395139385e-05,0.7088996601695678,0.2321058115612782,0.04888851603863783,0.6608389697472637,0.18878977104875677,0.21250578664778533,0.03442105944167118,992.5830256289905,0.472049198698507,0.008752569644354028,0.0,0.21063029706057482
0.0009080740973008393,0.0003346791332056295,0.0005085408333251477,0.3332350383292087,0.2361170185796884,0.018239132280440634,4.589951891757003e-05,0.6326784766344664,0.15907543568493412,0.0001253402917792376,0.732917286675247,0.19088507447202396,0.32180585090811387,0.07635163828393998,1412.212459440116,0.5420322122032231,0.07868246373658094,0.0,0.0007879298977843908
0.0006562429227355772,8.024973064735983e-05,0.0018149235924576677,0.1489411234562278,0.28685128906062163,0.0636034058249791,2.729733583100222e-05,0.12338787714754794,0.11589724671102045,0.014011951082227438,0.5643382865498323,0.10117846732702448,0.5352241972010636,0.035921655693793846,1117.3611791976937,0.4631598192228078,0.04272395325755613,0.0,0.1208997752739114
0.0006902293483265903,0.00017603534372415247,0.0018082709451381364,0.4398638024568429,0.13854154631670948,0.009151388766038411,0.0005032422212284023,0.49180961996764744,0.45120583992484314,0.012161923849863573,0.6876948603613307,0.20904960868653705,0.4808608787518125,0.0430735865172868,1334.3621226270839,0.4786452516747936,0.060939411361118655,0.0,0.026954269589882462
0.0018429042302408104,0.00019998384137775283,0.001240861506258247,0.28586891112221857,0.08150631279130788,0.10899823823974679,1.809969984048886e-07,0.922205679237348,0.4583905516020034,0.0003686777251771591,0.7368711774925274,0.05498180828234205,0.30769717678073727,0.03427117084199454,1410.9838324187492,0.6818893692101854,0.023300120887238138,0.0,0.0008042873569027284
0.0006393542928048307,2.924843162180357e-05,0.0014052753380827058,0.08738273251001662,0.23999685810444754,0.03172438237877803,6.881373813725295e-07,0.9031576516638318,0.0935596425611121,0.017606136136415537,0.6506543587699437,0.20456123717426838,0.5214984050273583,0.015334739323763759,1778.3695742245711,0.4460931215956753,0.020971581254985352,0.0,0.18818088285144322
0.001032682519196693,3.7217232871035965e-05,0.0005101856973051739,0.6375659377974964,0.21284811529272651,0.057132188943481925,4.905033525309505e-06,0.43596598598341824,0.041595471338799664,0.000374833853586142,0.7020514401128428,0.07546689452916855,0.3510120929123026,0.06199568051531506,1866.5188195056553,0.6265845455836743,0.1357047082350368,0.0,0.0090114101733114
0.000635864464452168,0.00012400513688829636,0.0024023145716834025,0.1925568944031651,0.08095490953320193,0.08191529650291066,1.20425280945447e-06,0.16266632377058146,0.16359650032655454,0.021122326279001968,0.7060223851951801,0.1762815302965599,0.3646691125002033,0.0864806449818348,1050.9386745339543,0.5297408548986202,0.015588425966402548,0.0,0.1291123357580373
0.0017649327550487465,9.09246327145115e-05,0.0022218494599059377,0.06632786579778255,0.15704338266329396,0.0943865331313094,1.2340908193039898e-06,0.13141778055994463,0.2678230855791837,0.006868392037929926,0.6053703329321554,0.09272578445809325,0.5651193912786261,0.027272277147504465,1510.9204960561037,0.5126445484740622,0.010416352409720771,0.0,0.02564525766356776
0.0009608541179255356,0.00040636826771121593,0.0005635024212070327,0.5289449287976236,0.01305924596221253,0.10374331146501212,5.164448749758653e-07,0.39903839257869744,0.34931349068078105,0.03560078779941615,0.5001754445957997,0.0764729684497851,0.2262596061749817,0.08774709138087236,863.180583921788,0.42370247614601453,0.00690762192563316,0.0,0.10191644110289978
0.0013003661536940066,3.3508612217692095e-05,0.0005049769689741629,0.2548720271059837,0.049668454711192446,0.024370965765739667,0.0002090143992749921,0.8840962468606666,0.05252446573113619,0.07022644902635947,0.5666876870129693,0.23598348122846596,0.548426849363731,0.0551678698927432,1502.4238253488334,0.3307042057845034,0.012659099735463366,0.0,1.3370235765145468
0.0007944232117259904,4.095684984658382e-05,0.0006733751842757128,0.6984696663427827,0.21007420636990204,0.018811560640624402,4.001363189052289e-06,0.9801814301476479,0.02368054246867485,0.017782001020997685,0.5876377328603642,0.20913119931485935,0.2602726366170832,0.02840427336173496,1539.8112880057522,0.3785065335455049,0.14673046083041036,0.0,0.7509118950513956
0.0019361476023695857,4.32077641257346e-05,0.0005182893173897939,0.10265750327833859,0.27803353706703315,0.12646279895206078,4.410337285129473e-05,0.7047652280994164,0.1340718337153869,0.09048611540413373,0.5957403185476464,0.17164180329723677,0.5013613695559413,0.0519656531694828,1523.2177993223495,0.42409851525040965,0.02854222874294703,0.0,0.6749077184714376
0.0011543399602190047,3.953195744146945e-05,0.0006366450896268836,0.6877231763637832,0.29187697680843994,0.05334720983362551,1.2952780152980229e-07,0.5455132664260243,0.09927274641022793,0.010126824913074211,0.5490021147820523,0.08390550405019108,0.2512059162470985,0.037787849959000475,879.626528567233,0.4650966107318612,0.2007305615981586,0.0,0.10201012140055853
0.0005743322467205221,0.0004318664098473388,0.0019250096312912353,0.16147781833762845,0.054420745724585544,0.05979209310036214,7.311482974429238e-06,0.6036655000577371,0.2099359283151816,0.051017774819159964,0.7155777775947596,0.11475656078607716,0.5222310893578979,0.020739760482658853,1320.288440331773,0.6008212168086824,0.008787743291912894,0.0,0.2430159298058111
0.0012536491510834443,2.4938929887723924e-05,0.0008250812877459054,0.5803310875062027,0.28231505667342927,0.12076082173760469,5.066429531523389e-05,0.6856211200679376,0.043784599661739476,0.0023065449672940415,0.6372776461904421,0.06289449579401771,0.3186624574569512,0.07935094558477218,1625.112858629018,0.5743831503964244,0.16383620385866643,0.0,0.05267936637798202
0.000643031277644091,0.000257898098168693,0.001662578997573613,0.3796257090660584,0.25051256220451434,0.06874418654802043,1.0069153831000298e-06,0.32730454874435644,0.044852964431200494,0.03474337850010151,0.5188715049606754,0.08560370444208193,0.37981579061149917,0.04315209449144162,1268.246874306671,0.4332678005185934,0.09510100905684382,0.0,0.7746060698706776
0.0007373594119281334,0.0004975365237614643,0.0010294424516066505,0.30335646604400485,0.029821059289285017,0.12475113165590986,0.0003099885840920329,0.5707538190060097,0.1365958950857177,0.002126927308022488,0.5310231647573134,0.08211298679165857,0.5265003025328314,0.08324631810421725,1228.402141625922,0.4489101779656548,0.009046411159686246,0.0,0.015570946013332115
0.0014683027236048675,0.00021006730349587574,0.0008218669824813097,0.6127577984451534,0.2220501448916001,0.08487984833109856,1.1642902960927738e-06,0.4104973507005922,0.05140598566758116,0.019990274246784366,0.5443778617845841,0.19893385186521068,0.5617247003849836,0.016876014273855308,1622.5518691038326,0.34544400991937346,0.13606295792820422,0.0,0.38887055635995904
0.0008961049396810941,0.00017112135172279766,0.0014323105459948767,0.20446460099404656,0.2582118337339637,0.08610713848513851,0.0001273138544500667,0.6739517172056328,0.18214729494867765,0.06037408015990502,0.5096350864315676,0.07719760207554452,0.45173571910444044,0.09817686184207922,1811.1634439832364,0.43243748435602314,0.05279517955635599,0.0,0.3314574623626236
0.0011915397810176576,2.777343062755256e-05,0.0009601160892961918,0.5249564153907028,0.1875158072425814,0.11844828311743445,0.0002108210669202168,0.15000096396279985,0.33993828469608683,0.0006680262778285996,0.615261291628228,0.1868620266070889,0.5126164127028715,0.046101434795958574,1796.9900172661191,0.42839926502113906,0.09843762599915952,0.0,0.00196513987362686
0.0012450625829996556,0.00047250728908914,0.0009575939302987975,0.23682312543695344,0.2564734384953152,0.03205401340500805,4.044687993757932e-05,0.8939593909922134,0.19653965516008431,0.01285380898094874,0.5723487028304133,0.0887878152533551,0.35473802719382963,0.0792442339741907,1001.097254027854,0.4835608875770582,0.06073884129602279,0.0,0.0654005878380072
0.000542284868566702,0.0004437829185542589,0.0012326388999577191,0.5120222856421696,0.010773512238375306,0.08523910002738476,3.611724729533878e-06,0.11035793528302268,0.12416485407005201,0.00016222447304975603,0.5671302172298248,0.10816874941989209,0.4909919737594585,0.006520752676623153,894.2449716398714,0.45896146780993274,0.005516278360686811,0.0,0.0013065248959921569
0.0006588668475938656,2.3050820673177078e-05,0.0024498455199103916,0.7759256695812198,0.2853181573451231,0.13241426197516382,4.72920137159953e-06,0.27413503259984046,0.1623329875952013,0.03158186644499993,0.7485964349090026,0.09717675458761173,0.49109046338475326,0.0851795617349756,1421.4700884685824,0.6514196803213909,0.22138568228169447,0.0,0.1945498996405677
0.001882438035692783,9.027603794266918e-05,0.0005874196416832318,0.5646449186554157,0.13957430051900285,0.014796447354728471,0.00012967997390334255,0.6882682387897491,0.06724709793030584,0.0003850947782346099,0.7244246955156117,0.20841799901351293,0.4493680539637287,0.08919823007800762,1909.9903062077924,0.5160066965020988,0.07880991956293891,0.0,0.00572656352596387
0.0011043898387087265,0.00019199088310301856,0.0005190908387043251,0.06740088029688127,0.21920160698763702,0.13553936900567223,7.172078348013056e-06,0.9939630347511433,0.2568041599341188,0.030993866194625012,0.718221242144674,0.12052564239455799,0.24514859116351428,0.0607445171065424,1072.384399694796,0.597695599750116,0.014774381273457735,0.0,0.1206906702857783
0.0007295929709662405,0.00020206047780817202,0.001762503776628046,0.6935938961484958,0.002293057459915128,0.0684626245930001,1.094238046948079e-05,0.030499971989451757,0.05332435154866409,0.001513305817023276,0.6340115769740537,0.06534719185823315,0.3838235679003942,0.010631649240754121,1321.6127605952565,0.5686643851158206,0.0015904506577149068,0.0,0.028379263377300047
0.001676235534940196,2.8844378090257708e-05,0.0006674730347612541,0.1008990329838554,0.021006171087109816,0.019035489025454856,2.79223888931674e-06,0.15578710620763825,0.12576157960771167,0.04520849842325725,0.5274522384008264,0.15017090361540697,0.26012434613433133,0.04235144443022742,1245.061485517274,0.3772813347854195,0.002119502349382803,0.0,0.35947781957157504
0.0014619719711876779,4.7943372866363746e-05,0.0018458689558888794,0.7214679595091698,0.12694571446444766,0.1270394055446115,9.572213446569983e-06,0.7987720400658856,0.23847059405626844,0.021471196978643123,0.7111026364478477,0.08143364362053679,0.4862215581969918,0.08987708622467312,831.8469715736514,0.6296689928273109,0.09158726558309875,0.0,0.09003708429382651
0.0005337907918262405,9.288106155514886e-05,0.0006205930060172428,0.11783507296118217,0.12558999188589878,0.04569036511706989,8.840339388164994e-05,0.35164326171655735,0.39664268834211075,0.001049955989035769,0.7412777291756562,0.1767457364183495,0.439904998350065,0.06204128770465335,1825.486847101359,0.5645319927573067,0.01479890585706916,0.0,0.002647107888019771
0.0006728194649094759,0.00016274108167198617,0.0008506390491947526,0.33192077410912185,0.1432856972105047,0.029084483577228253,3.580648050101069e-07,0.9817052013218698,0.21821012921906427,0.06464336369382301,0.6172588544076889,0.06503351593325704,0.20728489179486353,0.007603350176361259,1971.2768910230345,0.5522253384744319,0.04755949953687596,0.0,0.29624364334126124
0.0008968982086013452,4.299250367011171e-05,0.00147632478556534,0.6561868522960352,0.1725946698708678,0.002367851246661248,0.00013325570259416526,0.9218319100890201,0.020492755891128724,0.07190428203714667,0.6409785687867502,0.10643916143865668,0.3525354366952823,0.06273148829299023,1349.356255055972,0.5345394073480935,0.11325435314563809,0.0,3.5087658497056466
0.0005182124699147456,0.00023298855763768768,0.00150609486945167,0.3307019329955389,0.02323980335468594,0.11508938899623568,1.8481276212392856e-06,0.3929125856014756,0.12345860752515594,0.005852707994141094,0.6795907917372708,0.18589501324142543,0.31620835456668306,0.0489760691203582,1533.1773379157862,0.49369577849584534,0.00768544789183085,0.0,0.047406236887521554
0.0006062087657250915,9.423026822435996e-05,0.0008297960523414861,0.7784681358475318,0.1979848456443823,0.0004813961891528153,0.00017029903612386156,0.10076234414356351,0.02979804688321084,0.0049522537422002876,0.6648143942663243,0.17205347090399414,0.42016798349619644,0.08003592748582068,790.1416787790819,0.4927609233623301,0.1541248937148436,0.0,0.16619390396994588
0.0008343570027423365,5.505689664219487e-05,0.0013041803170983704,0.349724659919257,0.03114406547558639,0.0017817974671915126,6.120502979011902e-06,0.6348111432916757,0.16418182593595293,0.007383693959375086,0.6979982522934968,0.11390761520245675,0.5031772209078796,0.07778946795274658,963.9989660078302,0.58409063709104,0.010891847706952522,0.0,0.04497266318779676
0.0005441894444123645,0.00014225750381317807,0.0010201425290855002,0.5159716605950178,0.0860276628959521,0.1306137135844149,1.027978014484799e-06,0.8769459660062807,0.16676816936387637,0.00017426448917850102,0.5918116931200383,0.2023216387450545,0.438609885423208,0.09780383147594048,1000.3391064046716,0.38949005437498385,0.044387836081532794,0.0,0.0010449505432794444
0.0013728743466506536,7.47872678431883e-05,0.002310497177510217,0.6445034278584156,0.2276228379932802,0.12094393543199167,0.0001599964389004813,0.6708392516353521,0.17578866912625063,0.00012176704555992984,0.6454252327827417,0.22295109360653875,0.4900170581622131,0.08566185980964049,1007.2115938866918,0.4224741391762029,0.1467036993455299,0.0,0.0006926899564412613
0.0016099809707153234,0.0003333690499275401,0.002426575816867112,0.7963215647396186,0.2387224275923577,0.11730351272919137,3.481855416084239e-07,0.6572721924349856,0.0749777430825529,0.07536731748111046,0.7394907573262333,0.2020294548524208,0.38177009499892556,0.016354095441811548,785.7807244864694,0.5374613024738124,0.1900998170787866,0.0,1.005195867233942
0.001575235266402273,2.097050232998133e-05,0.0018546697414590489,0.6359946108553629,0.16844156369142804,0.08443748879438605,4.835410420147268e-05,0.4700964953524279,0.3357825736216025,0.008104407045508806,0.6760553846064639,0.08958505000416468,0.214358368035341,0.03334986078341565,1594.8268461510315,0.5864703346022991,0.10712792675179861,0.0,0.024135877446224356
0.0009382269127448036,0.00024311274431590502,0.0013504443766150997,0.6525126784647897,0.24565301802090303,0.14762745425960216,1.1364582021220619e-07,0.8934015327996936,0.02017319566916086,0.00040216120148593005,0.6406616243598764,0.24364854466638497,0.39262249305696106,0.05185464534250928,1938.5766976932869,0.3970130796934914,0.16029170876177867,0.0,0.0199354236225806
0.0018497441398383366,8.582248261657135e-05,0.0005479127747570338,0.7403693179312578,0.2851145811525436,0.14471153558850972,4.636751844112106e-06,0.21056485965067107,0.14465636410061034,0.02124368154443864,0.6102465649688534,0.09024921200546539,0.3381649679006607,0.046663254961764086,815.9768772040233,0.519997352963388,0.211090087980165,0.0,0.1468561834560102
0.0011679325243243099,0.00023823059979688547,0.0008127789312354926,0.7839650907480188,0.24518473324622664,0.06397937676531908,5.7865693417367534e-05,0.14443419554949008,0.12218776750756358,0.0004903544675820764,0.6496856417744937,0.09424111366836457,0.41963344787484136,0.011520051088588053,1066.1736903312515,0.5554445281061291,0.19221627164940686,0.0,0.004013122406477578
0.0005317431217709319,9.6843843170801e-05,0.0018222117880450097,0.4854259649693942,0.1981123025491316,0.082162283653358,3.357868044147226e-05,0.7319485655967228,0.1307970787594485,0.00010965590307921337,0.6476517922954366,0.05188001195723291,0.4606990426516241,0.05990108368041626,1728.364716286134,0.5957717803382037,0.09616885563722079,0.0,0.0008383666066494017
0.0005431719744177062,0.00020395820946341115,0.0006198663347623675,0.3827842624194027,0.2884410445818296,0.14356958242159257,0.00040286257450109,0.7673947874191163,0.22517656686371973,0.000938463576072075,0.7403858011086472,0.11776423853420244,0.255170680595707,0.023458177128035954,1492.5569978646404,0.6226215625744447,0.11041069250173771,0.0,0.004167678676085542
0.0006040200066270869,0.000495787832697817,0.0006084805349953434,0.64255576497577,0.050700417220534616,0.12295418241383257,2.049370286742352e-06,0.29921533796175404,0.2687732295606197,0.0029053550419280284,0.570673520318056,0.144082648104365,0.22819401654099383,0.03631671123042044,1585.515471522254,0.42659087221369096,0.03257784537173133,0.0,0.010809689070141371
0.0005463999542410518,7.640354261079606e-05,0.0017987225880668374,0.4006175307085891,0.17523621761714403,0.03883330619426049,2.406482277221104e-06,0.5040048119902969,0.16175095427993713,0.005166205535581287,0.6342553988328538,0.12546288944306416,0.38024981313425027,0.09649367392228425,798.139268937073,0.5087925093897896,0.0702027007924932,0.0,0.03193925846422088
0.0012113620848791104,0.0002704577977219452,0.002039541024587543,0.5017173785839554,0.24616498536184564,0.04470911187233939,1.832184189910336e-06,0.21492795581241755,0.18984129975761466,0.00019864041604537817,0.7377029731500415,0.07356174214940729,0.5241521817824448,0.04290614634712823,1764.3574735925686,0.6641412310006343,0.12350525115490295,0.0,0.0010463498527401467
0.0016510847620219353,2.7004384606141627e-05,0.0019206957152517884,0.570399476598036,0.09867336392192597,0.031110149789178036,0.0004946321670603807,0.1738034477269266,0.03888496875527758,0.044572637071888584,0.6083900390911823,0.23054021642301575,0.3039954276001351,0.013846536878503818,1010.2066355959239,0.3778498226681665,0.0562832351352341,0.0,1.14626907256648
0.0011305026271148228,0.0001780118429944325,0.0024891003590453444,0.19312121406993105,0.0034506453063705453,0.07423221543649797,0.0005110782361905637,0.9501659888940976,0.04598990854911204,0.00942341535947296,0.5592632881797608,0.15202819053106434,0.3025160269171776,0.02574968467026701,1883.2096583295586,0.4072350976486965,0.0006663928108909888,0.0,0.20490180686943124
0.0007608393093233494,6.274913873913214e-05,0.0011170895435598125,0.2553724816362715,0.11562669818550568,0.09133688548050324,4.716769386493472e-06,0.1484253857484983,0.023554787743466168,0.04489262297659356,0.662542011539637,0.1991830009341728,0.21345861485700868,0.025639394208196765,1340.7670915956444,0.4633590106054642,0.02952787685904076,0.0,1.905881023659246
0.0015409180405492819,5.195826846611984e-05,0.0006576874357117938,0.6225239007863818,0.24749110975661326,0.06451116328832197,0.0003418188748830385,0.19392242642323032,0.05791901165920835,0.00012512008837421902,0.5353127985578392,0.15514181803840937,0.4790352697753641,0.02924193041836362,1223.2884514019265,0.3801709805194298,0.15406913105563744,0.0,0.002160259382712146
0.0005461874405107288,0.00019698651076064923,0.000574146063062269,0.39346793805527225,0.23976098120611194,0.12568050699056527,0.0001637386034342384,0.3595314645004297,0.05946704680296111,0.008085974851001345,0.7198206002517962,0.14031616218335718,0.4705947486082503,0.0879332156384328,1220.307573879794,0.579504438068439,0.09433825890127776,0.0,0.13597404420961948
0.001028433309650484,5.977625465718872e-05,0.001593579038365192,0.21865675681051222,0.10741638094727649,0.0047243870295647795,8.490405937919461e-07,0.023344540822239128,0.3216296142035366,0.012982177698496966,0.5033398860065457,0.13184055612817558,0.4551674614988507,0.017866746400102544,1226.3398321209709,0.3714993298783701,0.02348731748625397,0.0,0.04036375111366911
0.0016638950471037405,0.00021235868967155958,0.0023543962714369427,0.37590183918471287,0.1957573268598832,0.025370107356409162,7.713954759518896e-06,0.26027331327364694,0.03369314825610523,0.07484479763283657,0.5720643008750137,0.14394094925901074,0.2475655764943546,0.008888211938801785,839.5292758309163,0.42812335161600296,0.07358553920051308,0.0,2.221365515146677
0.0007160331215351324,4.774647724717298e-05,0.001776917592754752,0.6835936934709903,0.21945499125633194,0.062317448028114564,0.000646629735756975,0.7147770638959108,0.03907671066835806,0.005024934430232723,0.722723936603131,0.053829609288849806,0.4995177775025994,0.09754437432437832,1197.0372391161586,0.6688943273142811,0.15001804802355984,0.0,0.12859154069745202
0.0013815836930450038,5.716247960250877e-05,0.0005629690445382985,0.6473586501055792,0.2922955039641778,0.10927497985416816,1.0686106348760849e-07,0.9906517958254648,0.06196994718026975,0.01364784097201301,0.6872532937698679,0.2347043676718697,0.24290585907519774,0.09112587497694699,1029.7353808199287,0.4525489260979982,0.18922002287818013,0.0,0.22023321937505647
0.0015228475764495863,0.0004795766242912989,0.0019223168979420444,0.38324270444902914,0.09431795249474532,0.13393884253357155,1.632170986735772e-05,0.2932202076611674,0.10402276894433053,0.005416068413750926,0.5687654379636539,0.12384992386542815,0.4350772770477222,0.03268153186881186,777.1306914508036,0.4449155140982257,0.03614666719218125,0.0,0.05206618193993108
0.0006647935832479124,8.176616194025975e-05,0.0012639651462057109,0.5556166709205678,0.20703131901640637,0.12389789316100053,6.402909883517089e-06,0.8324265937668079,0.09136582563691094,0.0007339288195549459,0.7001387096143818,0.0662080660034351,0.2827911425083598,0.09395107980223531,1780.6847421918646,0.6339306436109468,0.11503005224818974,0.0,0.008032859271382161
0.0012852673190287662,9.585745070206826e-05,0.0009985434398202553,0.5661761113725601,0.2933299043431241,0.12889121252220498,1.989959120555354e-06,0.12978182199431992,0.03249794035931867,0.0003712328538954889,0.695775687834352,0.23889767714605292,0.4926620633379945,0.0340024056416897,1957.3144281973935,0.45687801068829903,0.16607638459027504,0.0,0.011423273284118735
0.0005122971552470354,3.3860767195644014e-05,0.0013180307908451647,0.7589893265375515,0.2303647601252466,0.07281580731082643,1.3535638726827565e-06,0.04598985623920635,0.12829378287602877,0.00013645779992121858,0.7236713097508565,0.09341518102387211,0.3956182321635468,0.06701835738191107,751.3783524342291,0.6302561287269843,0.1748443941454455,0.0,0.0010636353287133075
0.0006416968792565167,2.670681369099888e-05,0.0006057975556820845,0.597929472454041,0.22399682017207576,0.023352443646079597,7.7320279915136e-06,0.11135443337729552,0.115709609235976,0.050075759065816856,0.5905287892228154,0.18979730378045367,0.5064363668852598,0.03699457814338392,1182.7673823660868,0.4007314854423617,0.13393430051687197,0.0,0.43277096341837346
0.0005912569268609568,7.342622301451531e-05,0.001077875095146379,0.7176623676410032,0.04144852951546155,0.08590688464759,1.3099585249805165e-07,0.6153140783108686,0.3162279473428826,0.018578616582093394,0.7328422219997733,0.1212018484318162,0.541367299720446,0.08749830216995773,1230.00854918106,0.6116403735679572,0.029746049827304142,0.0,0.05875071048653646
0.0018850985390152263,0.000442640077813274,0.0019697298326721074,0.3070423539355313,0.1645596828337331,0.0012333794505589748,7.368844134809033e-07,0.9720597104628814,0.29233698236009975,0.0014307232695923474,0.606947406563588,0.10107531490084762,0.4806888583756739,0.07393199704758062,1165.721991203238,0.5058720916627404,0.050526792380153854,0.0,0.004894089205005158
0.0010808203134660959,3.3374954295738036e-05,0.0011034802214974077,0.4616639175940182,0.27386966131718576,0.09261964892780955,0.00014800785642854898,0.9361646956371887,0.024538988248235426,0.0002889767645347025,0.6447512229912059,0.07268541805055848,0.2742518084880701,0.07061575110757815,1729.631852621871,0.5720658049406474,0.12643574075383893,0.0,0.011776229794457093
0.0008946769663692342,2.064449829402239e-05,0.0007207585932311737,0.06913515823187508,0.048123691107258,0.14709435561666923,4.983950823660666e-06,0.8518010947940085,0.026135328198366232,0.0004710699313564476,0.6420136021679937,0.0811459700908154,0.22341566121474254,0.005349570556046431,1483.5757387269982,0.5608676320771784,0.0033270389994021613,0.0,0.01802425926244519
0.0005099213285161561,2.2236765626564757e-05,0.001244602109072936,0.7273810836213876,0.09215762014123739,0.12358585073487811,0.000367732939358789,0.5368596128557873,0.09578053484909929,0.0005955955999476416,0.51216825269502,0.07763032682378049,0.3575756928583633,0.05819761454230644,780.827799572527,0.4345379258712395,0.06703370960230147,0.0,0.006218336542868475
0.0014128413974288483,3.8528312772933964e-05,0.002025110120119603,0.14800899161888836,0.09386878085723724,0.11588633787259435,1.6197510078276767e-05,0.7275811424522705,0.04073572786874741,0.0010420276441409032,0.5858098906712533,0.05684969948019005,0.4739416027331747,0.009642583566280137,1774.1906264334111,0.5289601911910633,0.013893423599174094,0.0,0.025580189643311872
0.0013488084369267577,0.00032723373113157267,0.0007708681725814334,0.5548605655713158,0.011790928168084119,0.14694538445153058,9.860006670778478e-06,0.11913129890477693,0.028727198700119215,0.0007209316689626075,0.6802494231534854,0.09636254803835366,0.45190546125250947,0.014249876300947956,846.1981920955752,0.5838868751151317,0.006542321071953913,0.0,0.025095787322960094
0.0019111473816783892,0.0003129451412376676,0.0008486354820430957,0.4336378671380508,0.17961343731522625,0.06133703866721215,1.5749680918616914e-06,0.34207607867775264,0.3575260883177315,0.05447064377761735,0.6766251149678422,0.08137786065670942,0.34583220425894867,0.03515696597726765,1847.3906135815075,0.5952472543111328,0.0778871878667087,0.0,0.15235431918805764
0.0019434670169759748,2.03165194851802e-05,0.002111870917161049,0.42670985504837466,0.07471526660281479,0.03547744529458248,1.0739219936056208e-06,0.392207692013707,0.0257193378105809,0.0019440551558626421,0.5623457398821045,0.17854699327829032,0.3865408619338502,0.034119314094041564,1184.3731678213576,0.38379874660381413,0.03188174058198777,0.0,0.07558729428340338
0.000768328880098079,2.7953330978501037e-05,0.0022637633524934682,0.3157672459338156,0.24201504056715764,0.06620108818135596,5.125500979889892e-06,0.17339641569173533,0.10324627163929535,0.00017076215931873553,0.6060546383870464,0.20447291067038387,0.5547813291567908,0.06629823043552399,1515.3997805107206,0.40158172771666256,0.07642042283445202,0.0,0.001653930515915538
0.0018429639575705714,0.00034927700593494486,0.0015751948356491326,0.6923025790528867,0.15870240680305728,0.038752896027136344,3.7450268416009264e-07,0.44272661559297677,0.060035022421990734,0.038267187115851746,0.5743669725939405,0.2349973980104338,0.5712858745353808,0.04687526179586425,1441.6254310314728,0.33936957458350675,0.10987008553165695,0.0,0.6374143886691468
0.001705577220695308,0.00015422110529082005,0.002421892395997504,0.22358812110412013,0.04692355355962446,0.0874288614595319,0.0006116533505053503,0.19266595041684234,0.0973750382797138,0.000321327221774387,0.6062072617399893,0.22134792562444033,0.42899329905230366,0.008970990152047182,1121.872898469066,0.38485933611554896,0.01049154917592498,0.0,0.0032998931497347536
0.0008588002936945012,0.00018414721161288876,0.0010959686164238836,0.180273248067562,0.16049304024779917,0.0670185028534962,1.0038364470462581e-07,0.4337141615033464,0.19986806737241306,0.0007936633009061021,0.5649373479184526,0.0710019682724964,0.2309211487776272,0.018203887067783236,1194.4677286536257,0.49393537964595624,0.028932601657708713,0.0,0.003970935984622665
0.001225185980371699,3.4455622033773876e-05,0.002181428380857772,0.7062454175052136,0.10513682282936669,0.1326024930985895,1.732459657253496e-07,0.17640144370186087,0.022160161903252405,0.000316471351409248,0.563850488766396,0.09945390435326311,0.563189716814972,0.023251267057268456,1064.6376116856356,0.46439658441313286,0.07425239933429775,0.0,0.0142810938291385
0.0005084502874181999,2.0241400138939806e-05,0.0020695158492477577,0.22245903312643944,0.10405086581425993,0.060505723393713726,1.6743267056009053e-06,0.27142858942596315,0.07643638826930763,0.001170766297476667,0.6091104208718138,0.16159877434465414,0.4434933652726141,0.009396421136249219,1597.418756044892,0.44751164652715963,0.023147055005009156,0.0,0.01531687098233523
0.0005289493924099112,5.932487982101188e-05,0.0012247997533430097,0.7726688917619142,0.07016657429079455,0.13077631865063344,3.690164336373978e-07,0.5880201658890255,0.1347208731400876,0.02532769090614834,0.6733762564094008,0.21820107642048753,0.43010172028740007,0.027049251802572047,1312.8814622982882,0.45517517998891327,0.05421552919599825,0.0,0.1880012377874934
0.000868982832362759,6.712868480948218e-05,0.0009437404134626678,0.11808342858488381,0.18390516867193643,0.13923176055216183,2.6481290527624305e-06,0.8984190511492264,0.10348998095737041,0.00013803864470531625,0.7333392853837278,0.20937682302495614,0.2761574660801867,0.08549926419190658,880.4802335363386,0.5239624623587718,0.021716152851263618,0.0,0.001333835830563899
0.0010980621893542876,0.000415763833213445,0.0011505662997346562,0.46278213444394184,0.16305220112852073,0.13273009191699775,7.4305878609259545e-06,0.783313274709438,0.21378105808910708,0.06348985785330669,0.5768614502857419,0.14608318032013998,0.4842276602955929,0.0866037371233527,752.957313456025,0.43077826996560187,0.07545764566403973,0.0,0.2969854224729451
0.0011943873021911626,0.00019847433265893203,0.001455894097564167,0.6064268680672961,0.2801940167925828,0.14958809615100266,2.373426211569306e-05,0.9017540160474273,0.13455025434109658,0.00030545455572616423,0.5808034152294215,0.11149352105161237,0.27966188976713496,0.017318016050029587,984.0193334978974,0.4693098941778091,0.16991718005472137,0.0,0.002270189359522208
0.0006745041019726661,5.3592848044325055e-05,0.0014456407264241784,0.1853476488939525,0.16778298081245874,0.01780887755391164,1.723555659046771e-07,0.30769756054156827,0.18972680999848351,0.0007016325782361718,0.7309972308716091,0.16935777084059683,0.3319553644264205,0.04948833966159022,1494.1444486065857,0.5616394600310122,0.03109818101800837,0.0,0.0036981203565367485
0.001478810450256253,6.89758882764866e-05,0.001327206684004044,0.7301955948962686,0.0669398485882729,0.1484653272750192,1.4454484278226147e-05,0.8694761310374014,0.06272153005397849,0.0011046025398522322,0.5476710756417607,0.23074640950565817,0.4119829504038963,0.042155052883042436,1903.5088718819288,0.3169246661361025,0.048879182562180074,0.0,0.017611218012405075
0.0012763979414544577,4.957506027934102e-05,0.0011300050462789938,0.592777997074718,0.027267694681328763,0.14038193122524104,4.216230056003205e-07,0.06465864794032804,0.24266100881964775,0.05861148628323238,0.6534450016722828,0.11698246229725465,0.5043271050514695,0.05886182359160141,1926.1282250191778,0.5364625393750282,0.016163689438043007,0.0,0.2415364815646754
0.0008714455722099713,8.327426388428392e-05,0.0006078342597913377,0.7166644637281229,0.10631278146517972,0.07286069062156247,2.0882673218164325e-05,0.3254081338487045,0.021095295635012414,0.0020560980034618846,0.5242251763577567,0.11227789072906819,0.38703853967384316,0.037632635182933784,1151.8730471252263,0.4119472856286885,0.07619059251618815,0.0,0.09746713385942432
0.0010579788543155783,4.6905352682395026e-05,0.0007517855117624378,0.43301887289460855,0.24152064723628114,0.04961186658064321,0.00038122050753231233,0.5401384049858986,0.27418435685749365,0.0663999368801357,0.5998357383528898,0.20019519314416634,0.4460532692455416,0.07046335449454191,1493.5697570710236,0.3996405452087235,0.10458299844703081,0.0,0.24217259380208486
0.0006049905622722311,7.718566290143764e-05,0.0006856114018429702,0.14361012202613832,0.0985384029174697,0.007007612074382021,7.448331994373595e-05,0.6167900297070913,0.03427520789401308,0.032956795504277644,0.6884197220429502,0.2188609744021317,0.4639483384659993,0.06483658395968796,1147.8481883284644,0.4695587476408185,0.014151112067238607,0.0,0.9615345180746306
0.0016039550682985728,4.8783737753009654e-05,0.0012800707619423247,0.5959011266630578,0.011203296385875658,0.11676449853406204,4.7325779486315946e-05,0.3225109515999343,0.1474320591838515,0.0009097772126350162,0.6155253886551427,0.0504803967648633,0.4880870536100909,0.01747307744650465,1030.6740882654763,0.5650449918902795,0.006676056938683468,0.0,0.0061708234808041385
0.000982471710769459,3.267537432098375e-05,0.0007691451072131311,0.0793964096930754,0.201845891212205,0.03786422577893379,2.8543524643442786e-05,0.10472552459813744,0.35541548506631215,0.03838576598204821,0.5111778174794367,0.2288481898831169,0.41105541512931154,0.05659365957976025,1846.1050690206496,0.2823296275963198,0.016025839073548157,0.0,0.10800251422609325
0.0012514720263654378,0.00038732701587755906,0.001008723649024091,0.30578487611593513,0.10932848435262837,0.046274976898050935,2.962923593112919e-06,0.3124000324065968,0.06281186741290705,0.00039182354257493286,0.5238151247583397,0.22250082187123377,0.5345137857797861,0.0737958838482695,1956.4880380036914,0.3013143028871059,0.03343099704371142,0.0,0.006238049571097739
0.0006740446761093598,3.071962363765285e-05,0.0009336885838558574,0.455801936991799,0.11666384884427593,0.0589985002896454,5.391220299725697e-07,0.875145495681113,0.12779133054586161,0.0025724634976456106,0.6221862360442996,0.11953160358079136,0.30447067548634593,0.08696727178899313,1572.705513916667,0.5026546324635082,0.05317560828013942,0.0,0.020130187913822588
0.001089332231360153,0.0002235579416110332,0.0010923942273443144,0.47397523413328707,0.09964492325847117,0.1085501070683687,0.00018918628696946361,0.06598009387478222,0.029917752928806638,0.0013349334906719438,0.588725441012414,0.19558559410443693,0.23037854135758834,0.09378138595539613,1021.40732656452,0.39313984690797704,0.047229225831627294,0.0,0.044620112140393686
0.000728472008871942,0.00025495343021372736,0.0013134005029014886,0.48646200346121443,0.0056750395130621715,0.05146786945209423,1.3802831766853392e-05,0.4340836224904667,0.06115350738831998,0.0021991370175289487,0.5239930634903317,0.13172800067888152,0.3151096097529944,0.06417247202786744,1923.8082106105103,0.3922650628114502,0.0027606910912457787,0.0,0.035960930312052275
0.0005514917448072647,0.0001276535459199616,0.0011101869783950772,0.184229666732933,0.2104514968308627,0.09304300001261775,0.0006071474288082237,0.056419740005636425,0.262385054636832,0.03512965278726692,0.7379906324473592,0.09269490666200615,0.368728830383214,0.03202545126954649,797.5651824275208,0.645295725785353,0.03877140912459674,0.0,0.13388587561090318
0.0009733203084191878,0.00048487035965935187,0.0011131620417172345,0.7108829683277513,0.23399914805030653,0.09643923841966234,2.1907122132168333e-05,0.45527731250943004,0.23474176256351054,0.010950337951764009,0.5244312696615894,0.1967065248817308,0.2971763468080321,0.09121754556911418,1871.395272705674,0.3277247447798586,0.16634600895216686,0.0,0.04664844394188845
0.0007137661604512807,3.2873245707120145e-05,0.0007117569854572308,0.3899497689302422,0.23515208567687282,0.02823478457577425,2.219957750268502e-07,0.6081447575879173,0.4603292550538195,0.09220642217420855,0.6518751120929933,0.06600688496507698,0.2434281699638608,0.03140114706471548,1634.4760838697234,0.5858682271279163,0.09169750147316107,0.0,0.2003053709098463
0.0012826680800554614,7.68189076852641e-05,0.001651234810465921,0.11645507026716644,0.19091832336539796,0.1002256768161929,4.651280388241329e-05,0.7422844211542874,0.03858866643748258,0.0001204234006831049,0.5569778165757773,0.14162915818539729,0.4129063231362324,0.024572940495645047,1149.3165346345463,0.41534865839038,0.022233406762807023,0.0,0.003120693504094074
0.0005633449965260714,9.126243202107599e-05,0.0007387891127159977,0.22878184109658822,0.06782630349455118,0.03281433713481205,5.1650572698985866e-05,0.2258310575228775,0.11512960943997405,0.016940791410927112,0.668593232977237,0.21836559972895447,0.530564105499874,0.09119327875490188,1406.900449659087,0.4502276332482826,0.015517426588259374,0.0,0.1471453911233813
0.0005791357743537448,0.00037866727000707953,0.0013240703626892507,0.6037618581759625,0.1894799367362119,0.09194597538715431,2.5777323388757546e-05,0.13225570906194664,0.09830607640093182,0.0017452924753786935,0.6388625043310252,0.08515989098720106,0.5288937301694018,0.09866998256243507,979.7761810534607,0.5537026133438241,0.11440075869091912,0.0,0.01775365815904082
0.0012120940515020972,5.405056001741068e-05,0.0006317854489845717,0.353401648404285,0.17713825239145706,0.011000545258778834,1.6000974420784894e-05,0.819752606415455,0.1471966034790369,0.0008171627914207748,0.5234861777808824,0.0663050703754656,0.20608800237488892,0.007077494379230175,1925.1290404575022,0.45718110740541673,0.06260095039059521,0.0,0.005551505755614474
0.0009749079079433921,4.5164076966456405e-05,0.0007657799769179019,0.2209892608171246,0.2274122511651735,0.08637781430545098,3.319236253770182e-05,0.9918469187916675,0.11397425935051582,0.0015003168044338646,0.7156394969995858,0.16818454609860523,0.33370709787606834,0.09596351315921241,1374.0420898902257,0.5474549509009806,0.05025566528574998,0.0,0.013163646010804934
0.0010006125050883434,0.00012593636437513298,0.0017173370001652504,0.39128992625383024,0.2807881930820632,0.1410568567434461,1.1281555711229878e-07,0.08775725932938655,0.19156168796576678,0.027777196415142213,0.5028877976688803,0.22587881465822607,0.4238079477674661,0.07873725213689776,1562.3957626835736,0.2770089830106542,0.10986959136402676,0.0,0.14500392385405458
0.000614489539591481,0.0004966675786079847,0.0011924670101671488,0.6379625564273945,0.04913555567823225,0.05774538378112197,3.635273399093493e-07,0.7342945963919222,0.10483342941219818,0.00012379068728370342,0.5025508293847174,0.10286814789402145,0.5062258307487034,0.040924704474196626,778.8247427558046,0.39968268149069597,0.03134664471196563,0.0,0.0011808321828046524
0.0006355094114440041,0.0002276598032602887,0.002218080315259481,0.6315142154857792,0.1739263447506244,0.10937953728349813,3.4112782205535403e-06,0.6742184055814371,0.12231762901797338,0.011516539876489136,0.6253210954691439,0.13594907462120703,0.36241312676834614,0.09403352165308934,1576.0543343076006,0.4893720208479369,0.10983695915749975,0.0,0.09415273962510255
0.0011226996040337807,2.566423901355648e-05,0.0017959500243258364,0.5393142479509128,0.11265752670088672,0.12950760360294905,0.00035766880162468417,0.47115634678191975,0.21012394556743083,0.0002810667691378729,0.6379175478654061,0.23619626785186776,0.31666218538486907,0.029472695048209693,806.6659876279974,0.40172128001353835,0.060757809288698596,0.0,0.0013376236981409424
0.0013868255264584822,0.00010412379689156663,0.001494778618594661,0.1193758299909725,0.07812770683936146,0.1381434064173617,1.363494183212148e-05,0.06059681288594006,0.1787499024485725,0.0012756790840261166,0.6766009730665075,0.17986112398149878,0.450056621638085,0.09869777137158539,1856.5793160443866,0.4967398490850087,0.009326559849240154,0.0,0.007136670099124321
0.001787514648985955,0.00024002835842332115,0.001619076169350274,0.5068121761597627,0.1105264115926287,0.08791458314762272,0.0007594052760367918,0.8341070737353005,0.46182381648997495,0.000246099563410972,0.6200497266006926,0.21878020318711566,0.38626015573880246,0.08598545837684897,875.0849752855122,0.4012695234135769,0.056016131182389774,0.0,0.0005328862536397886
0.0015129953613080489,2.4788499605018137e-05,0.0008359466124035024,0.25950548120451816,0.07428431354109852,0.023064006793353346,8.378029852380308e-06,0.6211252370294948,0.02579514450790741,0.000491512311839692,0.7270303388760322,0.21346924175186616,0.5325954493688305,0.06290939328141393,953.3890879285522,0.513561097124166,0.019277186531430075,0.0,0.019054450797475496
0.000614188877849244,0.00025713499886833544,0.0012610202731508332,0.2253819357199212,0.12194236889452849,0.03848907493530666,1.2430458657453753e-06,0.36652767906370104,0.3538313090093302,0.0006090908017164148,0.6975186276189282,0.0866895441735876,0.2504258459917326,0.039716127881534516,1326.1493648297699,0.6108290834453407,0.02748360714772154,0.0,0.0017214157882799277
0.0011465216646129792,5.655235235621979e-05,0.0018336324020048638,0.69343726968882,0.277082375135435,0.0018808981599763657,5.515895912135533e-06,0.3620303756966276,0.09783846057625357,0.0003776172639746493,0.5512637563909883,0.09066463192782098,0.5768718514531925,0.006281310554333198,1842.3795065755037,0.46059912446316736,0.19213924569280943,0.0,0.00385959940242867
0.0008462469304562669,9.631789159507391e-05,0.0013811773029203257,0.4271117961908457,0.04759834560676699,0.12256115139738086,1.1638979552992652e-05,0.2813500945725164,0.07374835412062898,0.013590357671290729,0.7123014836149363,0.15445144165524707,0.2028848778211575,0.06070323979360865,1869.3198672743677,0.5578500419596892,0.0203298148878189,0.0,0.1842801488025238
0.0006657820108412622,2.469098305460685e-05,0.0007464557171962632,0.5482627692257251,0.05102382047474403,0.10801740524600324,1.256486776248894e-06,0.20726327307384257,0.030325180128044256,0.03984290064937045,0.5495475574427708,0.21921549285240244,0.396809766764904,0.035074532590936056,1904.2437672515805,0.3303320645903684,0.02797446110995942,0.0,1.3138553664360382
0.0006872246144966817,2.1184004330746627e-05,0.0006624698626998047,0.29142720974350206,0.030045458631890756,0.035115605322307564,2.755390093876332e-06,0.30026877921897493,0.028332607189643973,0.00011276743173058757,0.6046406475475362,0.194707584933423,0.3277665142412488,0.05058070485469342,1500.6968734655266,0.4099330626141132,0.008756064174555742,0.0,0.003980129007393499
0.0009524484655996651,3.113164739137434e-05,0.0016387424639122308,0.3389120688956219,0.08907223677682752,0.10792893808996297,0.0002779335594399395,0.948901080125357,0.2661742953133748,0.015855768300373788,0.7399893900109493,0.1827838577582248,0.4855665635741846,0.0465271538002864,1824.429474701859,0.5572055322527245,0.030187656047195317,0.0,0.05956911910560833
0.0005457270594792099,0.0003320000334960306,0.001779456605119438,0.6189196697823532,0.07375119720688374,0.07265680719816026,7.64496123859977e-06,0.9695646672650294,0.03172066333896244,0.0005068868147744097,0.6330920709110928,0.09850511260496529,0.23870841547316804,0.025259656306902117,765.6958179097742,0.5345869583061275,0.045646066621337696,0.0,0.015979704124024465
0.0005190409492400386,4.685434127840008e-05,0.0005239479990051505,0.32612736020067395,0.16895067596505015,0.0947282943490597,2.72098592187158e-07,0.046220277274191035,0.04337677692825332,0.05195435658944491,0.5973568308331517,0.06613832088116306,0.2563981657179782,0.0694674265446244,1936.781956125937,0.5312185099519886,0.05509943795660126,0.0,1.197745896966462
0.000775148035082825,0.00012817799993563038,0.0015803104170092636,0.31835426808445816,0.20653891802929183,0.07115885753278793,3.4912269596972337e-07,0.08996905052830065,0.06810614895725056,0.0009520818476543979,0.5183904994965157,0.18565851214025297,0.20543027908077047,0.09460970384660324,1837.8942301608693,0.33273198735626275,0.0657525460801711,0.0,0.013979381630460542
0.0015266996116451124,0.0001325989323621048,0.0010274517249577997,0.22756654444565194,0.20938462171232056,0.005976046709608512,3.7588957938256096e-05,0.6252140078899214,0.11636503128502018,0.00021080966045620064,0.5652341729322015,0.14278643132130103,0.3984720143797038,0.05718047203084299,1937.90662329085,0.42244774161090043,0.047648934823132816,0.0,0.0018116238025137578
0.0006362587399800772,0.00038145263592903426,0.001657113254686868,0.07220058234706789,0.28650867799498114,0.00755568588920533,1.3810123625779588e-05,0.6267481136436723,0.16183852843842939,0.05713635980733185,0.5652810283887509,0.073767195223502,0.4030741591144925,0.053792578523049576,1891.9711725580873,0.49151383316524894,0.020686093398726194,0.0,0.3530454729083197
0.0012673335561237792,5.1187542024939976e-05,0.0007322691546900375,0.6419515771791673,0.018473136221873663,0.05104319632646681,8.136902316019933e-07,0.3304712342325032,0.02086066984404278,0.000550078548964794,0.6930363295382448,0.22031229345672587,0.20403493154846283,0.018776162538626167,1631.907950009272,0.4727240360815189,0.011858858933077402,0.0,0.026369169977630467
0.0014558814846348956,6.17199277782248e-05,0.0008842384763922998,0.36392739370985966,0.23925808206282995,0.046012958602450416,1.1392169318622164e-06,0.8477393780452123,0.31920965772919985,0.0044106058006974725,0.7099100515508812,0.11841401744598079,0.35844918488324606,0.026515067973922092,1529.9590965143607,0.5914960341049004,0.08707257022914543,0.0,0.013817269289637819
