alpha1,theta,node_phi,event_phi,delta_phi,node_Au,event_Au,delta_Au,node_AR,event_AR,node_cycles,event_cycles,node_regime,event_regime
0.0,0.01,0.10228583200521134,0.09908062536749714,-0.003205206637714203,2.0,1.921726408478572,-0.0782735915214281,48.77987518985613,48.670986792649195,4.0,4.0,1,1
0.0,0.011110798059892322,0.10231093995147451,0.09910536018652058,-0.0032055797649539336,2.0,1.9217477283556952,-0.07825227164430482,48.78900449695898,48.67895272266034,4.0,4.0,1,1
0.0,0.012344983352770704,0.1023379868429114,0.09913277855380694,-0.0032052082891044636,2.0,1.9217713624762847,-0.07822863752371534,48.79776077453372,48.68778304414537,4.0,4.0,1,1
0.0,0.013716261708536773,0.10236795995262991,0.09916316384336718,-0.0032047961092627336,2.0,1.9217975555046005,-0.07820244449539948,48.80746474869329,48.697569067547676,4.0,4.0,1,1
0.0,0.015239861398018572,0.10240116639639225,0.09919682756052912,-0.0032043388358631297,2.0,1.9218265764240647,-0.07817342357593526,48.81821596385972,48.70841117618338,4.0,4.0,1,1
0.0,0.016932702245413263,0.10243794334458468,0.09923411172327694,-0.0032038316213077456,2.0,1.921858720667661,-0.07814127933233905,48.83012372466791,48.72041959540013,4.0,4.0,1,1
0.0,0.018813583525707212,0.10247951244212279,0.09927539134284291,-0.00320412109927988,2.0,1.9218943122483332,-0.07810568775166682,48.84368850558537,48.73371519548062,4.0,4.0,1,1
0.0,0.020903392733704982,0.10252457263915499,0.09932107698913147,-0.0032034956500235218,2.0,1.9219337060465482,-0.07806629395345177,48.85828033836979,48.748430321633116,4.0,4.0,1,1
0.0,0.023225337543081658,0.10257441973940959,0.09937161740328251,-0.003202802336127075,2.0,1.9219772897951777,-0.07802271020482232,48.87442328215203,48.764709641354465,4.0,4.0,1,1
0.0,0.02580520353140161,0.102629536121219,0.09942750212599029,-0.003202033995228712,2.0,1.922025487059728,-0.07797451294027202,48.89227386400879,48.78271099654356,4.0,4.0,1,1
0.0,0.028671640533182347,0.10269044683890716,0.09948926408316382,-0.0032011827557433398,2.0,1.922078759165016,-0.07792124083498408,48.91200250988139,48.80260624350895,4.0,4.0,1,1
0.0,0.031856480801001244,0.10275772204070711,0.09955748205969882,-0.003200239981008296,2.0,1.9221376072266148,-0.07786239277338525,48.93379434463197,48.824582059286165,4.0,4.0,1,1
0.0,0.03539509250787618,0.10283197919175953,0.0996327829860549,-0.0031991962057046353,2.0,1.9222025744034918,-0.07779742559650815,48.95784993215977,48.84884068759753,4.0,4.0,1,1
0.0,0.03932677251662197,0.102913884998965,0.09971584392334218,-0.003198041075622826,2.0,1.9222742476849821,-0.07772575231501788,48.98438592259552,48.87560059089084,4.0,4.0,1,1
0.0,0.04369518277795103,0.10300415691247887,0.09980739362515595,-0.0031967632873229207,2.0,1.9223532587289818,-0.07764674127101823,49.01363556649507,48.9050969681348,4.0,4.0,1,1
0.0,0.048548835203589866,0.10310356405426103,0.09990821352943793,-0.0031953505248231012,2.0,1.9224402864638255,-0.07755971353617452,49.04584904803481,48.93758209014026,4.0,4.0,1,1
0.0,0.05394163039900783,0.1032129273977467,0.10001913799349002,-0.003193789404256686,2.0,1.9225360554410151,-0.07746394455898487,49.08129358066156,48.973325395026876,4.0,4.0,1,1
0.0,0.059933456238472516,0.10333311899505356,0.10014105357232732,-0.003192065422726237,2.0,1.9226413354859693,-0.07735866451403073,49.12025319959512,49.012613277887,4.0,4.0,1,1
0.0,0.06659085292970618,0.10346506002026182,0.10027489710765099,-0.0031901629126108305,2.0,1.922756944427966,-0.07724305557203404,49.16302817642183,49.05574849929105,4.0,4.0,1,1
0.0,0.07398775195379542,0.10360971737086923,0.10042165235876,-0.003188065012109234,2.0,1.9228837403235965,-0.07711625967640345,49.209933972241416,49.10304912824372,4.0,4.0,1,1
0.0,0.0822062970864025,0.10376889987751343,0.10058234489439237,-0.003186554983121065,2.0,1.9230226189072717,-0.07697738109272834,49.26168195466639,49.154846927540255,4.0,4.0,1,1
0.0,0.09133775661785326,0.10394203910175065,0.10075803494939346,-0.0031840041523571866,2.0,1.9231745080964182,-0.07682549190358179,49.31784794597781,49.21148508408802,4.0,4.0,1,1
0.0,0.10148353690245611,0.104131007458861,0.10094980791959807,-0.0031811995392629355,2.0,1.9233403601218022,-0.0766596398781978,49.37916293857285,49.27331518322569,4.0,4.0,1,1
0.0,0.112756308492682,0.10433688178140538,0.10115876221510359,-0.0031781195663017903,2.0,1.923521139041987,-0.07647886095801293,49.44598016367401,49.34069332932092,4.0,4.0,1,1
0.0,0.1252812573641112,0.10456073584885639,0.10138599417460227,-0.0031747416742541196,2.0,1.92371781115071,-0.07628218884928994,49.51865256780022,49.41397532196814,4.0,4.0,1,1
0.0,0.13919747512620373,0.10480362231934234,0.10163257983500022,-0.003171042484342121,2.0,1.9239313317113564,-0.07606866828864356,49.597527021491864,49.49351081424753,4.0,4.0,1,1
0.0,0.1546595036574134,0.10506730193652486,0.1018995534038047,-0.0031677485327201577,2.0,1.9241626194387216,-0.07583738056127842,49.683321472460065,49.57963640496647,4.0,4.0,1,1
0.0,0.1718390513180699,0.10535174456374026,0.10218788241812841,-0.0031638621456118454,2.0,1.9244125408411499,-0.07558745915885012,49.77679847777478,49.6726676547329,4.0,4.0,1,1
0.0,0.1909268997998548,0.10565746549970226,0.10249843972058516,-0.0031590257791171,2.0,1.924681878875709,-0.07531812112429104,49.87618920184274,49.77289006557025,4.0,4.0,1,1
0.0,0.21213502278774823,0.1059864571110183,0.10283197259416621,-0.003154484516852088,2.0,1.9249713227967737,-0.07502867720322626,49.98334148863476,49.88054912762351,4.0,4.0,1,1
0.0,0.23569893996253266,0.10633784259218117,0.10318906961046131,-0.0031487729817198523,2.0,1.9252814222825698,-0.07471857771743018,50.097677706815546,49.9958396114393,4.0,4.0,1,1
0.0,0.26188033248543857,0.10671272359231974,0.10357012603973559,-0.003142597552584156,2.0,1.9256125556712511,-0.07438744432874889,50.21971532193804,50.1188943708528,4.0,4.0,1,1
0.0,0.2909699490103167,0.10711124872319396,0.10397530893824182,-0.0031359397849521353,2.0,1.9259649215091494,-0.07403507849085056,50.34951372473932,50.24977301313066,4.0,4.0,1,1
0.0,0.32329083449507945,0.1075341419755482,0.10440452330309297,-0.003129618672455231,2.0,1.9263384832709567,-0.07366151672904331,50.489093647432775,50.38845088326544,4.0,4.0,1,1
0.0,0.35920191766889,0.10798031669500686,0.10485738095710714,-0.003122935737899721,2.0,1.926732950948645,-0.07326704905135495,50.63583495659159,50.53480889298027,4.0,4.0,1,1
0.0,0.39910199699451043,0.10844783465755434,0.10533317399079545,-0.0031146606667588894,2.0,1.9271477685368161,-0.07285223146318387,50.78837756532302,50.688624786559124,4.0,4.0,1,1
0.0,0.4434341693905757,0.10893672110590899,0.10583085469474841,-0.0031058664111605766,2.0,1.927582066506148,-0.07241793349385195,50.94798940242827,50.849566468902985,4.0,4.0,1,1
0.0,0.4926907508954772,0.10944616387572054,0.10634902388401274,-0.003097139991707798,2.0,1.9280346880841541,-0.07196531191584588,51.114618929506946,51.01718801295082,4.0,4.0,1,1
0.0,0.5474187439176361,0.10997324409645809,0.10688592930305553,-0.0030873147934025597,2.0,1.9285041423980156,-0.0714958576019844,51.28692997900862,51.19092890402485,4.0,4.0,1,1
0.0,0.6082259117868763,0.1105170271988595,0.10743947547331334,-0.0030775517255461626,2.0,1.9289886557438884,-0.07101134425611155,51.46503832859676,51.37011696743299,4.0,4.0,1,1
0.0,0.6757875280657863,0.11107425417513077,0.1080072457780987,-0.00306700839703207,2.0,1.9294861475820662,-0.07051385241793384,51.64858318330608,51.553975256341076,4.0,4.0,1,1
0.0,0.7508538755732771,0.11164283277986574,0.1085865369586635,-0.0030562958212022456,2.0,1.9299942970043056,-0.07000570299569442,51.83509747665147,51.74163296525719,4.0,4.0,1,1
0.0,0.8342585783982197,0.11221910973938422,0.10917440537894466,-0.0030447043604395624,2.0,1.9305105413543067,-0.06948945864569334,52.02404816804984,51.9321401865306,4.0,4.0,1,1
0.0,0.9269278594315465,0.1128009808915977,0.10976772368392268,-0.0030332572076750136,2.0,1.9310321628698155,-0.0689678371301845,52.21522107507325,52.12448607217456,4.0,4.0,1,1
0.0,1.029890826223217,0.13799801890778576,0.11036324566762869,-0.027634773240157076,2.5,1.931556317635114,-0.568443682364886,52.45442748935397,52.31761971733908,4.0,4.0,1,1
0.0,1.1442908993901826,0.1386813739750245,0.11095767660048543,-0.027723697374539072,2.5,1.9320801106106962,-0.5679198893893038,52.64765114767466,52.51047287883845,4.0,4.0,1,1
0.0,1.2713985104896872,0.13935822849221516,0.1115477458110519,-0.027810482681163262,2.5,1.9326006498537034,-0.5673993501462966,52.837636993006335,52.701983498895835,4.0,4.0,1,1
0.0,1.412625210369881,0.1400268191135981,0.11213027814410712,-0.027896540969490985,2.5,1.9331151162041358,-0.5668848837958642,53.02599377573462,52.891118940895126,4.0,4.0,1,1
0.0,1.5695393446732664,0.14068207271297783,0.11270226101945852,-0.02797981169351932,2.5,1.9336208303226168,-0.5663791696773832,53.210299171956585,53.076897866724906,4.0,4.0,1,1
0.0,1.7438834705720385,0.14132236835977915,0.11326090413121465,-0.02806146422856451,2.5,1.9341152827022603,-0.5658847172977397,53.39110109323757,53.258409791442745,4.0,4.0,1,1
0.0,1.9375937081510104,0.1419433135967992,0.11380368943691249,-0.028139624159886717,2.5,1.934596211975441,-0.565403788024559,53.56730122707367,53.43483152977897,4.0,4.0,1,1
0.0,2.1528212413383825,0.14254392352749976,0.11432840973242528,-0.028215513795074476,2.5,1.9350616056995937,-0.5649383943004063,53.73729116619633,53.60543997537175,4.0,4.0,1,1
0.0,2.3919562071557467,0.1431207619459251,0.11483319496423668,-0.028287566981688425,2.5,1.935509767447366,-0.564490232552634,53.90017691923457,53.76962090980987,4.0,4.0,1,1
0.0,2.657654238581348,0.1436727951609568,0.11531652614723771,-0.028356269013719085,2.5,1.9359392860555098,-0.5640607139444902,54.05619123850058,53.92687379070383,4.0,4.0,1,1
0.0,2.952865955789426,0.144199239948427,0.11577723752058315,-0.02842200242784386,2.5,1.9363490792573437,-0.5636509207426563,54.20568349162835,54.07681270140639,4.0,4.0,1,1
0.0,3.2808697332707224,0.14469814499540573,0.11621450809902671,-0.02848363689637902,2.5,1.9367383556789726,-0.5632616443210274,54.34691691404931,54.21916383351255,4.0,4.0,1,1
0.0,3.64530810671838,0.14516971746591803,0.11662784424436493,-0.028541873221553105,2.5,1.9371066259569496,-0.5628933740430504,54.482353172964594,54.35376001475358,4.0,4.0,1,1
0.0,4.050228223983634,0.1456133469719458,0.11701705508119382,-0.028596291890751982,2.5,1.937453673657729,-0.562546326342271,54.6081316837265,54.48053287686104,4.0,4.0,1,1
0.0,4.500126789315846,0.1460294056976912,0.11738222270948641,-0.028647182988204803,2.5,1.9377795140491807,-0.5622204859508193,54.72617009361834,54.59950329101961,4.0,4.0,1,1
0.0,5.000000000000001,0.14641864939556054,0.11772366909291783,-0.02869498030264271,2.5,1.938084398698994,-0.561915601301006,54.837304399142425,54.71077068360724,4.0,4.0,1,1
0.01694915254237288,0.01,0.10245421566842183,0.09958480413597444,-0.002869411532447394,2.0,1.9298451615148229,-0.07015483848517712,48.93649665027563,48.83462718716363,4.0,4.0,1,1
0.01694915254237288,0.011110798059892322,0.10253390928911373,0.09966401042748292,-0.002869898861630804,2.0,1.9299064522259874,-0.07009354777401255,48.96247442034978,48.86054828858307,4.0,4.0,1,1
0.01694915254237288,0.012344983352770704,0.10262224099868729,0.09975180922160456,-0.0028704317770827242,2.0,1.929974400094944,-0.07002559990505608,48.99127048597389,48.88928225782691,4.0,4.0,1,1
0.01694915254237288,0.013716261708536773,0.10272012108265846,0.09984910767125948,-0.002871013411398976,2.0,1.930049709882588,-0.06995029011741205,49.02318242543342,48.921126266434555,4.0,4.0,1,1
0.01694915254237288,0.015239861398018572,0.1028285497649585,0.09995690294596289,-0.002871646818995613,2.0,1.9301331567810858,-0.06986684321891423,49.05853735430164,48.95640702141039,4.0,4.0,1,1
0.01694915254237288,0.016932702245413263,0.10294862471075504,0.10007628983465928,-0.0028723348760957557,2.0,1.9302255925431386,-0.06977440745686136,49.09769442196872,48.99548327087593,4.0,4.0,1,1
0.01694915254237288,0.018813583525707212,0.10308154882694559,0.10020846867258139,-0.002873080154364202,2.0,1.9303279482934166,-0.06967205170658342,49.141047415982236,49.03874842022851,4.0,4.0,1,1
0.01694915254237288,0.020903392733704982,0.103228638284393,0.10035475352945777,-0.0028738847549352325,2.0,1.9304412490921103,-0.06955875090788965,49.18902745149724,49.08663323707354,4.0,4.0,1,1
0.01694915254237288,0.023225337543081658,0.10339133065776786,0.10051658055549194,-0.002874750102275919,2.0,1.93056661564624,-0.06943338435376001,49.242105714237255,49.13960861380428,4.0,4.0,1,1
0.01694915254237288,0.02580520353140161,0.10357119304464692,0.10069551635388121,-0.002875676690765702,2.0,1.9307052704039969,-0.06929472959600314,49.30079621454566,49.19818834624006,4.0,4.0,1,1
0.01694915254237288,0.028671640533182347,0.10377078569083356,0.1008932662226944,-0.0028775194681391614,2.0,1.9308585456397858,-0.06914145436021424,49.36610930328897,49.26293187437523,4.0,4.0,1,1
0.01694915254237288,0.031856480801001244,0.10399024611476364,0.10111168203343943,-0.0028785640813242114,2.0,1.931027890281985,-0.06897210971801493,49.43775738836495,49.334446914960886,4.0,4.0,1,1
0.01694915254237288,0.03539509250787618,0.10423243169852939,0.10135276948756361,-0.0028796622109657777,2.0,1.931214869150427,-0.06878513084957305,49.51684378015094,49.41339189892378,4.0,4.0,1,1
0.01694915254237288,0.03932677251662197,0.10449950106537721,0.1016186944084072,-0.002880806656970006,2.0,1.931421185005457,-0.06857881499454299,49.604079332269414,49.50047810534786,4.0,4.0,1,1
0.01694915254237288,0.04369518277795103,0.10479377452436202,0.10191178767023265,-0.0028819868541293675,2.0,1.9316486709925818,-0.06835132900741825,49.70022913231849,49.59647136079195,4.0,4.0,1,1
0.01694915254237288,0.048548835203589866,0.10511773634181804,0.102234548272323,-0.0028831880694950296,2.0,1.9318992954562426,-0.06810070454375738,49.806113528954,49.702193146564106,4.0,4.0,1,1
0.01694915254237288,0.05394163039900783,0.1054748855470874,0.10258964399211615,-0.0028852415549712462,2.0,1.932175154838479,-0.0678248451615211,49.92310964366246,49.81852092873135,4.0,4.0,1,1
0.01694915254237288,0.059933456238472516,0.10586701012094546,0.10297990895983954,-0.0028871011611059233,2.0,1.9324785001284916,-0.06752149987150835,50.052528410025566,49.94638749559212,4.0,4.0,1,1
0.01694915254237288,0.06659085292970618,0.1062965534095814,0.1034083373945479,-0.0028882160150335012,2.0,1.9328117036668122,-0.06718829633318779,50.19311547797706,50.086779057485906,4.0,4.0,1,1
0.01694915254237288,0.07398775195379542,0.10676814997402742,0.10387807267286692,-0.002890077301160504,2.0,1.9331772612000355,-0.06682273879996448,50.34780170817607,50.24073183485058,4.0,4.0,1,1
0.01694915254237288,0.0822062970864025,0.10728332672554362,0.1043923908156085,-0.0028909359099351245,2.0,1.9335777974803938,-0.06642220251960618,50.51659858558707,50.40932683478185,4.0,4.0,1,1
0.01694915254237288,0.09133775661785326,0.10784709751977195,0.10495467742686612,-0.0028924200929058286,2.0,1.9340160214400393,-0.06598397855996074,50.70171737592893,50.59368249810623,4.0,4.0,1,1
0.01694915254237288,0.10148353690245611,0.13270823987404437,0.10556839709239169,-0.027139842781652684,2.5,1.9344947351899473,-0.5655052648100527,50.99651949986757,50.794944889048665,4.0,4.0,1,1
0.01694915254237288,0.112756308492682,0.13357560776116975,0.10623705429054574,-0.027338553470624014,2.5,1.9350167736352897,-0.5649832263647103,51.221369125736906,51.014275107693585,4.0,4.0,1,1
0.01694915254237288,0.1252812573641112,0.13451582652225663,0.10696414492287126,-0.02755168159938537,2.5,1.9355849950166892,-0.5644150049833108,51.464713311529096,51.25283362884928,4.0,4.0,1,1
0.01694915254237288,0.13919747512620373,0.13553671687924593,0.10775309777358963,-0.0277836191056563,2.5,1.9362022330926276,-0.5637977669073724,51.729962762043094,51.51176132678123,4.0,4.0,1,1
0.01694915254237288,0.1546595036574134,0.1366404269665424,0.10860720546199953,-0.028033221504542877,2.5,1.9368712266848893,-0.5631287733151107,52.017125734653725,51.79215702813193,4.0,4.0,1,1
0.01694915254237288,0.1718390513180699,0.137829559087538,0.10952954482204713,-0.028300014265490864,2.5,1.9375945809239061,-0.5624054190760939,52.3275623805041,52.095051553753606,4.0,4.0,1,1
0.01694915254237288,0.1909268997998548,0.13910940564127797,0.110522887174523,-0.028586518466754973,2.5,1.9383746882609563,-0.5616253117390437,52.66156322936852,52.421378380083716,4.0,4.0,1,1
0.01694915254237288,0.21213502278774823,0.14048156713329332,0.11158959957691521,-0.028891967556378115,2.5,1.939213650592138,-0.560786349407862,53.020271751206565,52.7719412499175,4.0,4.0,1,1
0.01694915254237288,0.23569893996253266,0.14194871246614013,0.11273153888924815,-0.029217173576891978,2.5,1.940113207377727,-0.559886792622273,53.40603781001732,53.147379309520524,4.0,4.0,1,1
0.01694915254237288,0.26188033248543857,0.14351047432512445,0.1139499413774345,-0.029560532947689955,2.5,1.9410746189707435,-0.5589253810292565,53.81591149701238,53.548130635343554,4.0,4.0,1,1
0.01694915254237288,0.2909699490103167,0.14516771644957985,0.11524531141691423,-0.02992240503266562,2.5,1.9420986203360378,-0.5579013796639622,54.25175201158789,53.974395296628806,4.0,4.0,1,1
0.01694915254237288,0.32329083449507945,0.14692015175149734,0.11661731384873428,-0.030302837902763058,2.5,1.943185289361282,-0.556814710638718,54.71530890708323,54.42609942088359,4.0,4.0,1,1
0.01694915254237288,0.35920191766889,0.14876418045677547,0.11806467521054767,-0.030699505246227804,2.5,1.9443339867284528,-0.5556660132715472,55.202534540139396,54.902861970703675,4.0,4.0,1,1
0.01694915254237288,0.39910199699451043,0.1506969959079957,0.11958509978100987,-0.03111189612698584,2.5,1.9455432697955992,-0.5544567302044008,55.71447415039125,55.40396617260707,4.0,4.0,1,1
0.01694915254237288,0.4434341693905757,0.15271436393914148,0.12117520655625764,-0.031539157382883834,2.5,1.9468108419037897,-0.5531891580962103,56.25200973051702,55.92833762977593,4.0,4.0,1,1
0.01694915254237288,0.4926907508954772,0.15480867749267585,0.1228304932106059,-0.031978184282069944,2.5,1.9481334962241823,-0.5518665037758177,56.809705373204906,56.47453113025481,4.0,4.0,1,1
0.01694915254237288,0.5474187439176361,0.15697527953430274,0.12454533242333986,-0.03242994711096288,2.5,1.949507126025856,-0.5504928739741439,57.39183497532257,57.04072798043075,4.0,4.0,1,1
0.01694915254237288,0.6082259117868763,0.15920046567833632,0.12631300482017346,-0.032887460858162854,2.5,1.950926712725778,-0.5490732872742221,57.987904463723616,57.62474532203275,4.0,4.0,1,1
0.01694915254237288,0.6757875280657863,0.16147895641295248,0.128125771048934,-0.03335318536401849,2.5,1.952386360359379,-0.547613639640621,58.60663742136986,58.224058353940045,4.0,4.0,1,1
0.01694915254237288,0.7508538755732771,0.1637949578670727,0.12997498332914495,-0.03381997453792776,2.5,1.9538794105290445,-0.5461205894709555,59.2331423756967,58.835835673873504,4.0,4.0,1,1
0.01694915254237288,0.8342585783982197,0.1661395112217313,0.13185123450033975,-0.034288276721391536,2.5,1.9553985153266702,-0.5446014846733298,59.86925021387101,59.45698717501345,4.0,4.0,1,1
0.01694915254237288,0.9269278594315465,0.1684977155669931,0.1337445399190387,-0.03475317564795441,2.5,1.95693578295759,-0.54306421704241,60.511410112070955,60.08422307706834,4.0,4.0,1,1
0.01694915254237288,1.029890826223217,0.1708571778794603,0.13564454527819925,-0.03521263260126106,2.5,1.9584829297207769,-0.5415170702792231,61.15373459210115,60.71412188226994,4.0,4.0,1,1
0.01694915254237288,1.1442908993901826,0.1732076047813906,0.13754075140880026,-0.035666853372590346,2.5,1.9600314707204238,-0.5399685292795762,61.80038059735363,61.3432043698752,4.0,4.0,1,1
0.01694915254237288,1.2713985104896872,0.17553187131179224,0.13942274586317208,-0.03610912544862016,2.5,1.9615728983248126,-0.5384271016751874,62.43733913618791,61.968010282933705,4.0,4.0,1,1
0.01694915254237288,1.412625210369881,0.17782203923259798,0.1412804304774989,-0.0365416087550991,2.5,1.9630988767836253,-0.5369011232163747,63.0720237693604,62.585174138507085,4.0,4.0,1,1
0.01694915254237288,1.5695393446732664,0.18006238845477054,0.14310423450445076,-0.03695815395031979,2.5,1.9646014134516017,-0.5353985865483983,63.69005020196136,63.191496681130275,4.0,4.0,1,1
0.01694915254237288,1.7438834705720385,0.18224664956595293,0.14488530395945542,-0.03736134560649751,2.5,1.9660730179923127,-0.5339269820076873,64.29988119122758,63.78400881097931,4.0,4.0,1,1
0.01694915254237288,1.9375937081510104,0.18436136203230952,0.14661565958998896,-0.03774570244232056,2.5,1.967506873566891,-0.532493126433109,64.88703261185114,64.36002540503205,4.0,4.0,1,1
0.01694915254237288,2.1528212413383825,0.18640102750392362,0.14828831846931032,-0.03811270903461331,2.5,1.968896916892846,-0.5311030831071539,65.4578585897127,64.91718723046719,4.0,4.0,1,1
0.01694915254237288,2.3919562071557467,0.18835814011444035,0.14989737624800675,-0.0384607638664336,2.5,1.970237931102748,-0.529762068897252,66.00457860505834,65.45348989413269,4.0,4.0,1,1
0.01694915254237288,2.657654238581348,0.19022979459078504,0.15143804987647264,-0.038791744714312404,2.5,1.9715256229974338,-0.5284743770025662,66.53847435887138,65.9672996824803,4.0,4.0,1,1
0.01694915254237288,2.952865955789426,0.15505897561705317,0.15290668312030764,-0.0021522924967455337,2.0,1.9727565883949876,-0.027243411605012424,68.40095194728013,66.45735687162322,3.0,4.0,1,1
0.01694915254237288,3.2808697332707224,0.15639196300318806,0.15430071805243697,-0.002091244950751081,2.0,1.9739283593604349,-0.02607164063956513,68.89864807011942,66.92276766585121,3.0,4.0,1,1
0.01694915254237288,3.64530810671838,0.1576500627053377,0.15561863834554737,-0.0020314243597903403,2.0,1.975039337715135,-0.024960662284865043,69.36385393128973,67.36298647147603,3.0,4.0,1,1
0.01694915254237288,4.050228223983634,0.15883371245026812,0.15685989007826664,-0.0019738223720014714,2.0,1.9760887223528707,-0.023911277647129303,69.80206299419068,67.77779047123458,3.0,4.0,1,1
0.01694915254237288,4.500126789315846,0.15994410545600188,0.15802478556667343,-0.0019193198893284469,2.0,1.9770764840708583,-0.022923515929141658,70.21938707133197,68.16724837546333,3.0,4.0,1,1
0.01694915254237288,5.000000000000001,0.1609811232109641,0.15911439746738,-0.0018667257435841245,2.0,1.9780032397247858,-0.021996760275214244,70.60424848660436,68.53168560998914,3.0,4.0,1,1
0.03389830508474576,0.01,0.10261792388540528,0.10008877648362091,-0.002529147401784365,2.0,1.938050473690965,-0.06194952630903505,49.09120174856663,48.998177507210706,4.0,4.0,1,1
0.03389830508474576,0.011110798059892322,0.10275220762831665,0.10022242870565722,-0.0025297789226594314,2.0,1.9381524486118002,-0.06184755138819975,49.13520371119771,49.04204477039718,4.0,4.0,1,1
0.03389830508474576,0.012344983352770704,0.10290103598063641,0.10037057887940444,-0.002530457101231967,2.0,1.9382655029185123,-0.061734497081487705,49.183978465999445,49.09067260130784,4.0,4.0,1,1
0.03389830508474576,0.013716261708536773,0.10306593922120809,0.10053475739738667,-0.002531181823821421,2.0,1.9383908158342824,-0.06160918416571759,49.23802974906915,49.14456399694687,4.0,4.0,1,1
0.03389830508474576,0.015239861398018572,0.10324859825905165,0.10071664645974872,-0.002531951799302934,2.0,1.9385296793130697,-0.06147032068693026,49.29791124723751,49.20427195965703,4.0,4.0,1,1
0.03389830508474576,0.016932702245413263,0.10345085706448424,0.10091809288331924,-0.0025327641811650065,2.0,1.9386835149605766,-0.06131648503942344,49.36423080816368,49.27040374236934,4.0,4.0,1,1
0.03389830508474576,0.018813583525707212,0.126275543083848,0.1011411214552488,-0.025134421628599204,2.5,1.9388538820319814,-0.5611461179680186,49.50359424230984,49.34362528210276,4.0,4.0,1,1
0.03389830508474576,0.020903392733704982,0.10392330687257609,0.10138794871783714,-0.0025353581547389453,2.0,1.9390424882411033,-0.06095751175889674,49.519400963601576,49.42466578472958,4.0,4.0,1,1
0.03389830508474576,0.023225337543081658,0.10419725558058188,0.10166099701336971,-0.0025362585672121657,2.0,1.9392512010235812,-0.06074879897641883,49.609299390022585,49.514322408865986,4.0,4.0,1,1
0.03389830508474576,0.02580520353140161,0.1273621927742979,0.10196290858192163,-0.025399284192376262,2.5,1.9394820695568349,-0.5605179304431651,49.781207530478824,49.61346497901993,4.0,4.0,1,1
0.03389830508474576,0.028671640533182347,0.1278022386293291,0.10229655940405231,-0.025505679225276787,2.5,1.9397373235027777,-0.5602626764972223,49.89356430731466,49.72304063591388,4.0,4.0,1,1
0.03389830508474576,0.031856480801001244,0.12828987202073644,0.10266507244501523,-0.02562479957572121,2.5,1.9400193773442886,-0.5599806226557114,50.01862226082315,49.84407830691155,4.0,4.0,1,1
0.03389830508474576,0.03539509250787618,0.1288265903505007,0.10307182982288852,-0.025754760527612178,2.5,1.9403308706358082,-0.5596691293641918,50.157026175490365,49.97769284834147,4.0,4.0,1,1
0.03389830508474576,0.03932677251662197,0.12941726458258196,0.10352048334726877,-0.025896781235313193,2.5,1.9406746462918827,-0.5593253537081173,50.30814589989745,50.12508867780535,4.0,4.0,1,1
0.03389830508474576,0.04369518277795103,0.1300696835807834,0.10401496273539215,-0.02605472084539126,2.5,1.9410537774791017,-0.5589462225208983,50.47574605458229,50.28756267386609,4.0,4.0,1,1
0.03389830508474576,0.048548835203589866,0.13078549146982613,0.10455948068777417,-0.02622601078205196,2.5,1.941471576772165,-0.5585284232278349,50.659178630889215,50.46650607828535,4.0,4.0,1,1
0.03389830508474576,0.05394163039900783,0.13157487512271124,0.10515853386274777,-0.026416341259963463,2.5,1.941931576794014,-0.558068423205986,50.864115123824455,50.663405086803344,4.0,4.0,1,1
0.03389830508474576,0.059933456238472516,0.13243962063248607,0.10581689863273247,-0.0266227219997536,2.5,1.9424375540635088,-0.5575624459364912,51.08747570925643,50.87983976487728,4.0,4.0,1,1
0.03389830508474576,0.06659085292970618,0.1333888651739945,0.1065396203487175,-0.026849244825277008,2.5,1.9429935232270519,-0.5570064767729481,51.33222798884922,51.11748087290269,4.0,4.0,1,1
0.03389830508474576,0.07398775195379542,0.13442631858220355,0.10733199471416043,-0.027094323868043127,2.5,1.9436037026229322,-0.5563962973770678,51.599278734732295,51.37808413879477,4.0,4.0,1,1
0.03389830508474576,0.0822062970864025,0.13556267563762694,0.10819953971436849,-0.027363135923258453,2.5,1.9442725269938825,-0.5557274730061175,51.8929636591652,51.66348146902841,4.0,4.0,1,1
0.03389830508474576,0.09133775661785326,0.13680308894504975,0.10914795648549568,-0.027655132459554074,2.5,1.945004613860511,-0.554995386139489,52.21400463880513,51.97556855815535,4.0,4.0,1,1
0.03389830508474576,0.10148353690245611,0.1381536302494742,0.11018307746184525,-0.027970552787628944,2.5,1.945804718212458,-0.554195281787542,52.56464060415148,52.31628834473975,4.0,4.0,1,1
0.03389830508474576,0.112756308492682,0.1396235854549928,0.11131080017428807,-0.028312785280704716,2.5,1.9466776951390792,-0.5533223048609208,52.946320377740456,52.68760976599566,4.0,4.0,1,1
0.03389830508474576,0.1252812573641112,0.1412189092315042,0.11253700525109216,-0.028681903980412052,2.5,1.9476284504577057,-0.5523715495422943,53.36132311488844,53.091501310206965,4.0,4.0,1,1
0.03389830508474576,0.13919747512620373,0.1429472232105396,0.11386745743509737,-0.02907976577544223,2.5,1.9486618597758942,-0.5513381402241058,53.813457859719406,53.529898957167966,4.0,4.0,1,1
0.03389830508474576,0.1546595036574134,0.1448131554002751,0.11530768891273047,-0.029505466487544624,2.5,1.9497826716338758,-0.5502173283661242,54.30095062654636,54.004668231934964,4.0,4.0,1,1
0.03389830508474576,0.1718390513180699,0.14682330762852647,0.11686286484927404,-0.02996044277925243,2.5,1.9509954560082414,-0.5490045439917586,54.82735386779183,54.5175603044609,4.0,4.0,1,1
0.03389830508474576,0.1909268997998548,0.1489854832732307,0.11853763198239943,-0.03044785129083126,2.5,1.9523044229950766,-0.5476955770049234,55.398255802987315,55.070162349906276,4.0,4.0,1,1
0.03389830508474576,0.21213502278774823,0.15129790912274016,0.12033595206231587,-0.03096195706042429,2.5,1.9537133533798632,-0.5462866466201368,56.00716494422661,55.66384271518925,4.0,4.0,1,1
0.03389830508474576,0.23569893996253266,0.1537669823957372,0.12226092334642372,-0.03150605904931347,2.5,1.955225429125131,-0.544774570874869,56.66117158789439,56.29969187156767,4.0,4.0,1,1
0.03389830508474576,0.26188033248543857,0.15639424594855889,0.12431459471352425,-0.03207965123503463,2.5,1.956843081541593,-0.5431569184584071,57.35898678140751,56.97846059725196,4.0,4.0,1,1
0.03389830508474576,0.2909699490103167,0.15917689120141637,0.12649777847819194,-0.032679112723224435,2.5,1.9585678512637976,-0.5414321487362024,58.10086531703223,57.70049733461747,4.0,4.0,1,1
0.03389830508474576,0.32329083449507945,0.1621157975836992,0.12880986954064175,-0.03330592804305746,2.5,1.9604002296284313,-0.5395997703715687,58.889227152788905,58.465687180344,4.0,4.0,1,1
0.03389830508474576,0.35920191766889,0.16520423105229728,0.13124867979370106,-0.03395555125859623,2.5,1.9623395114962487,-0.5376604885037513,59.72162498175201,59.27339542754055,4.0,4.0,1,1
0.03389830508474576,0.39910199699451043,0.16843608538464716,0.13381029770666883,-0.03462578767797833,2.5,1.9643836537841715,-0.5356163462158285,60.59562882469678,60.122418919422174,4.0,4.0,1,1
0.03389830508474576,0.4434341693905757,0.17180218564012084,0.1364889834443649,-0.035313202195755955,2.5,1.9665291604818784,-0.5334708395181216,61.509904578629495,61.01094866458474,4.0,4.0,1,1
0.03389830508474576,0.4926907508954772,0.1752913135824769,0.13927710964812023,-0.03601420393435667,2.5,1.9687710294441794,-0.5312289705558206,62.46190524099765,61.93654714628874,4.0,4.0,1,1
0.03389830508474576,0.5474187439176361,0.17888914140697482,0.14216515696858334,-0.03672398443839148,2.5,1.9711026756034706,-0.5288973243965294,63.44543296253119,62.896143419493924,4.0,4.0,1,1
0.03389830508474576,0.6082259117868763,0.1471206147061136,0.14514177129232514,-0.001978843413788456,2.0,1.9735159634612507,-0.02648403653874931,65.83366681333958,63.8860484770925,3.0,4.0,1,1
0.03389830508474576,0.6757875280657863,0.1500553449363304,0.14819388696590532,-0.0018614579704250844,2.0,1.976001245965018,-0.023998754034981973,66.92574074426625,64.90199251144676,3.0,4.0,1,1
0.03389830508474576,0.7508538755732771,0.15304008122471907,0.15130691639352045,-0.0017331648311986192,2.0,1.9785474886710297,-0.021452511328970303,68.03963740808177,65.93918440476698,3.0,4.0,1,1
0.03389830508474576,0.8342585783982197,0.15605921839700249,0.1544650025400509,-0.0015942158569515752,2.0,1.981142439326505,-0.01885756067349509,69.16971047374705,66.99239256362561,3.0,4.0,1,1
0.03389830508474576,0.9269278594315465,0.15909687164701206,0.15765132649978353,-0.0014455451472285274,2.0,1.9837728240294388,-0.016227175970561225,70.31433701783118,68.0560447015683,3.0,4.0,1,1
0.03389830508474576,1.029890826223217,0.16213537157893318,0.16084845818089713,-0.0012869133980360492,2.0,1.986424639087637,-0.013575360912363,71.45872716777106,69.12434282033828,3.0,4.0,1,1
0.03389830508474576,1.1442908993901826,0.16515692617537941,0.16403873526264084,-0.0011181909127385703,2.0,1.9890834202175036,-0.010916579782496383,72.59365956144913,70.19138858055068,3.0,4.0,1,1
0.03389830508474576,1.2713985104896872,0.16814811055734488,0.16720465288464043,-0.0009434576727044564,2.0,1.9917345780821059,-0.008265421917894145,73.72700834833073,71.25131331142084,3.0,4.0,1,1
0.03389830508474576,1.412625210369881,0.17109171525107564,0.17032924617834783,-0.0007624690727278116,2.0,1.99436371602933,-0.005636283970670064,74.84581377563778,72.29840670293824,3.0,4.0,1,1
0.03389830508474576,1.5695393446732664,0.17397304297973845,0.1733964479378322,-0.0005765950419062416,2.0,1.9969569346983924,-0.0030430653016075837,75.94436898266451,73.32723816713768,3.0,4.0,1,1
0.03389830508474576,1.7438834705720385,0.17677869250182987,0.17639140583978632,-0.00038728666204354556,2.0,1.9995011375634937,-0.0004988624365063199,77.01740066170865,74.3327655762451,3.0,4.0,1,1
0.03389830508474576,1.9375937081510104,0.1794967791129706,0.17930074661269527,-0.0001960325002753338,2.0,2.0019842913839976,0.001984291383997583,78.0601623774821,75.31042689632557,3.0,4.0,1,1
0.03389830508474576,2.1528212413383825,0.1821175031995694,0.18211277880650908,-4.724393060318022e-06,2.0,2.004395607591142,0.004395607591141992,79.07392843753742,76.2562117268858,3.0,4.0,1,1
0.03389830508474576,2.3919562071557467,0.1846300608581422,0.18481762914260003,0.00018756828445781748,2.0,2.006725722813281,0.006725722813281099,80.03580371081517,77.16671080263096,3.0,4.0,1,1
0.03389830508474576,2.657654238581348,0.1870313105909355,0.1874073124726115,0.0003760018816759969,2.0,2.008966817165493,0.00896681716549308,80.96539998541111,78.03914325828501,3.0,4.0,1,1
0.03389830508474576,2.952865955789426,0.18931486323094615,0.18987573929745913,0.0005608760665129775,2.0,2.0111126201925806,0.011112620192580636,81.85208678560599,78.87136270384522,3.0,4.0,1,1
0.03389830508474576,3.2808697332707224,0.1914760192120907,0.19221866613634075,0.0007426469242500511,2.0,2.0131584551185377,0.013158455118537749,82.6851638263109,79.66184380709831,3.0,4.0,1,1
0.03389830508474576,3.64530810671838,0.19351633245499755,0.19443359895826173,0.0009172665032641802,2.0,2.0151011484209453,0.015101148420945343,83.481972180264,80.4096525575414,3.0,4.0,1,1
0.03389830508474576,4.050228223983634,0.1954325902217235,0.19651965843204305,0.001087068210319564,2.0,2.0169389674963902,0.016938967496390234,84.22366768520492,81.11440329150071,3.0,4.0,1,1
0.03389830508474576,4.500126789315846,0.19722909778558143,0.19847741781122225,0.00124832002564082,2.0,2.018671500566416,0.0186715005664162,84.92930476469728,81.77620585049453,3.0,4.0,1,1
0.03389830508474576,5.000000000000001,0.19890502153796327,0.20030872371099806,0.0014037021730347876,2.0,2.020299511787017,0.020299511787016833,85.58040378237573,82.39560648223667,3.0,4.0,1,3
0.05084745762711865,0.01,0.1248527249936844,0.10059253863653383,-0.024260186357150562,2.5,1.9463438425795183,-0.5536561574204817,49.31099933724859,49.16163658643631,4.0,4.0,1,1
0.05084745762711865,0.011110798059892322,0.1251014786801717,0.10078061082933604,-0.024320867850835676,2.5,1.9464872227632448,-0.5535127772367552,49.374507728497285,49.22344086985226,4.0,4.0,1,1
0.05084745762711865,0.012344983352770704,0.12537713021791383,0.10098908286991443,-0.024388047347999403,2.5,1.9466461992764388,-0.5533538007235612,49.444903202462996,49.29195262909633,4.0,4.0,1,1
0.05084745762711865,0.013716261708536773,0.1256824991688774,0.10122010784536438,-0.024462391323513008,2.5,1.9468224283307798,-0.5531775716692202,49.52291229180805,49.36788064924186,4.0,4.0,1,1
0.05084745762711865,0.015239861398018572,0.1260206802179997,0.10147605234739059,-0.024544627870609112,2.5,1.94701773163979,-0.5529822683602099,49.60933349078034,49.4520041975051,4.0,4.0,1,1
0.05084745762711865,0.016932702245413263,0.12639691898385774,0.101759514470866,-0.024637404512991748,2.5,1.9472341050917754,-0.5527658949082246,49.70597502156017,49.545179011307255,4.0,4.0,1,1
0.05084745762711865,0.018813583525707212,0.1268112248403322,0.10207334257330974,-0.02473788226702245,2.5,1.947473758860725,-0.5525262411392751,49.81195483258623,49.64834355303409,4.0,4.0,1,1
0.05084745762711865,0.020903392733704982,0.12726950238081852,0.10242065463036554,-0.024848847750452985,2.5,1.947739105147776,-0.5522608948522241,49.92923784993937,49.7625254795687,4.0,4.0,1,1
0.05084745762711865,0.023225337543081658,0.12777617317173648,0.10280485795872796,-0.02497131521300852,2.5,1.9480327695782769,-0.5519672304217231,50.05897329492165,49.88884825387419,4.0,4.0,1,1
0.05084745762711865,0.02580520353140161,0.1283387868453649,0.10322966898840889,-0.025109117856956006,2.5,1.9483576554048347,-0.5516423445951653,50.204872843869204,50.02853779956056,4.0,4.0,1,1
0.05084745762711865,0.028671640533182347,0.12895709550501716,0.10369913268369096,-0.025257962821326196,2.5,1.9487169094558348,-0.5512830905441652,50.3634348103276,50.18292907070319,4.0,4.0,1,1
0.05084745762711865,0.031856480801001244,0.12964207729113872,0.10421764109463705,-0.02542443619650167,2.5,1.9491139585617936,-0.5508860414382064,50.54164022370212,50.3534723708248,4.0,4.0,1,1
0.05084745762711865,0.03539509250787618,0.1303946471117528,0.10478995038670673,-0.025604696725046075,2.5,1.9495525306207135,-0.5504474693792865,50.734980192160876,50.54173921388912,4.0,4.0,1,1
0.05084745762711865,0.03932677251662197,0.13122394970197512,0.10542119555673755,-0.02580275414523757,2.5,1.9500366560532718,-0.5499633439467282,50.9482157287779,50.74942747057417,4.0,4.0,1,1
0.05084745762711865,0.04369518277795103,0.1321398025883788,0.10611690186633534,-0.026022900722043454,2.5,1.9505706983618447,-0.5494293016381553,51.18598849235207,50.97836548786809,4.0,4.0,1,1
0.05084745762711865,0.048548835203589866,0.13314605007514208,0.10688299183083583,-0.026263058244306248,2.5,1.9511593577219182,-0.5488406422780818,51.44609404591538,51.23051480839098,4.0,4.0,1,1
0.05084745762711865,0.05394163039900783,0.13424957803402232,0.10772578641951025,-0.02652379161451207,2.5,1.951807659299812,-0.5481923407001881,51.73086798445463,51.50797104850188,4.0,4.0,1,1
0.05084745762711865,0.059933456238472516,0.13546263967585714,0.10865199887823582,-0.026810640797621327,2.5,1.9525209828570957,-0.5474790171429043,52.04519069261159,51.81296242084483,4.0,4.0,1,1
0.05084745762711865,0.06659085292970618,0.13679210007956372,0.1096687194077342,-0.02712338067182951,2.5,1.9533050453930634,-0.5466949546069366,52.39018941347894,52.147845321734266,4.0,4.0,1,1
0.05084745762711865,0.07398775195379542,0.13824602298566152,0.11078338869451683,-0.02746263429114469,2.5,1.9541658918140463,-0.5458341081859537,52.76861015545424,52.51509632461123,4.0,4.0,1,1
0.05084745762711865,0.0822062970864025,0.13983599565063853,0.1120037581482902,-0.02783223750234834,2.5,1.955109864939005,-0.5448901350609949,53.182602087132686,52.91729986846355,4.0,4.0,1,1
0.05084745762711865,0.09133775661785326,0.14157057343003374,0.11333783453882512,-0.028232738891208614,2.5,1.9561435889336287,-0.5438564110663713,53.63512703149127,53.35713087738156,4.0,4.0,1,1
0.05084745762711865,0.10148353690245611,0.14346038191505925,0.11479380672568099,-0.028666575189378263,2.5,1.957273915578845,-0.542726084421155,54.13089453216423,53.8373315301903,4.0,4.0,1,1
0.05084745762711865,0.112756308492682,0.14551324713079475,0.1163799521892677,-0.029133294941527055,2.5,1.9585078654810792,-0.5414921345189208,54.66889919346814,54.36068140641207,4.0,4.0,1,1
0.05084745762711865,0.1252812573641112,0.14774250947832987,0.11810452134409494,-0.029637988134234933,2.5,1.9598525550856727,-0.5401474449143273,55.25791037408944,54.92996030613476,4.0,4.0,1,1
0.05084745762711865,0.13919747512620373,0.15015118012080175,0.11997559799377214,-0.030175582127029615,2.5,1.9613150676363156,-0.5386849323636844,55.892652108901416,55.547903152060684,4.0,4.0,1,1
0.05084745762711865,0.1546595036574134,0.15275365350400263,0.12200093489088407,-0.030752718613118568,2.5,1.9629024037567442,-0.5370975962432558,56.584192479370465,56.21714658109708,4.0,4.0,1,1
0.05084745762711865,0.1718390513180699,0.15555125071553313,0.12418776441623397,-0.031363486299299165,2.5,1.9646212914958603,-0.5353787085041397,57.326138465031825,56.94016713519427,4.0,4.0,1,1
0.05084745762711865,0.1909268997998548,0.1585564037861546,0.12654258545957117,-0.032013818326583426,2.5,1.9664780406455986,-0.5335219593544014,58.1300207803717,57.7192113329014,4.0,4.0,1,1
0.05084745762711865,0.21213502278774823,0.16177080279160164,0.12907092918620103,-0.03269987360540061,2.5,1.9684783474891454,-0.5315216525108546,58.99321393294537,58.55621839217912,4.0,4.0,1,1
0.05084745762711865,0.23569893996253266,0.16519719177239803,0.13177710810477342,-0.03342008366762461,2.5,1.9706271553121049,-0.5293728446878951,59.917813973486496,59.45273695527598,4.0,4.0,1,1
0.05084745762711865,0.26188033248543857,0.1688368823085409,0.1346639550760879,-0.03417292723245302,2.5,1.9729283487598883,-0.5270716512401117,60.903615114134304,60.40983787122212,4.0,4.0,1,1
0.05084745762711865,0.2909699490103167,0.1726881238042511,0.13773256064419254,-0.03495556316005857,2.5,1.9753846262756276,-0.5246153737243724,61.95160637346412,61.428025732792584,4.0,4.0,1,1
0.05084745762711865,0.32329083449507945,0.14240125559003702,0.14098201966418664,-0.0014192359258503873,2.0,1.9779972208780243,-0.02200277912197568,64.3882393376889,62.507152652992964,3.0,4.0,1,1
0.05084745762711865,0.35920191766889,0.14569340325158886,0.14440919970437088,-0.001284203547217977,2.0,1.9807656710618184,-0.019234328938181555,65.61720602194424,63.646338390125976,3.0,4.0,1,1
0.05084745762711865,0.39910199699451043,0.1491394877144715,0.14800854504873207,-0.0011309426657394317,2.0,1.9836876629153273,-0.016312337084672723,66.9075388929072,64.84390136328494,3.0,4.0,1,1
0.05084745762711865,0.4434341693905757,0.1527301482636265,0.15177193112120052,-0.0009582171424259711,2.0,1.9867588359862576,-0.013241164013742424,68.25628562552322,66.09730553811374,3.0,4.0,1,1
0.05084745762711865,0.4926907508954772,0.15645355784461384,0.1556885833237313,-0.0007649745208825331,2.0,1.9899726242234472,-0.010027375776552772,69.65954841999147,67.4031279015976,3.0,4.0,1,1
0.05084745762711865,0.5474187439176361,0.1602961877968609,0.15974507295710558,-0.0005511148397553123,2.0,1.993320222024341,-0.006679777975659107,71.11716178682394,68.75705101642819,3.0,4.0,1,1
0.05084745762711865,0.6082259117868763,0.16424011917538275,0.163925400042183,-0.00031471913319974787,2.0,1.9967905557132333,-0.003209444286766727,72.6142140758189,70.153884117497,3.0,4.0,1,1
0.05084745762711865,0.6757875280657863,0.16826750472394528,0.16821116886151516,-5.633586243011801e-05,2.0,2.000370318815113,0.00037031881511317977,74.1485882889854,71.58761510351297,3.0,4.0,1,1
0.05084745762711865,0.7508538755732771,0.17235806355399377,0.17258185658668787,0.00022379303269409734,2.0,2.0040441286517314,0.004044128651731427,75.7129328872739,73.05149393050378,3.0,4.0,1,1
0.05084745762711865,0.8342585783982197,0.17649016917969884,0.17701516996650107,0.0005250007868022322,2.0,2.0077947466110353,0.007794746611035297,77.29927695808222,74.53814616993053,3.0,4.0,1,1
0.05084745762711865,0.9269278594315465,0.18064327041673398,0.1814874789810157,0.0008442085642817176,2.0,2.011603349767393,0.011603349767392857,78.9079934561732,76.03971344888949,3.0,4.0,1,1
0.05084745762711865,1.029890826223217,0.18479125468889757,0.18597431034142445,0.001183055652526882,2.0,2.015449937985978,0.015449937985978046,80.51899704525218,77.54801540704807,3.0,4.0,1,1
0.05084745762711865,1.1442908993901826,0.1889117312038345,0.1904508802598165,0.0015391490559819865,2.0,2.019313693110599,0.01931369311059905,82.12033136172575,79.05472653903118,3.0,4.0,1,1
0.05084745762711865,1.2713985104896872,0.1929831905659719,0.19489264151617874,0.0019094509502068369,2.0,2.02317345221527,0.023173452215270007,83.70897434357437,80.55155975652221,3.0,4.0,1,1
0.05084745762711865,1.412625210369881,0.19698445118261487,0.199275819507524,0.0022913683249091155,2.0,2.0270081994647633,0.027008199464763294,85.27649596964257,82.03044813244105,3.0,4.0,1,1
0.05084745762711865,1.5695393446732664,0.20089793791716282,0.20357791315375742,0.002679975236594606,2.0,2.0307974983472388,0.030797498347238772,86.82540945538747,83.48371665173178,3.0,4.0,3,3
0.05084745762711865,1.7438834705720385,0.20470162087319452,0.20777813819603294,0.0030765173228384235,2.0,2.034521934529767,0.03452193452976715,88.32773098763123,84.9042360866217,3.0,4.0,3,3
0.05084745762711865,1.9375937081510104,0.208381890707755,0.21185779572142327,0.0034759050136682623,2.0,2.0381635162106257,0.03816351621062575,89.78702069315699,86.28555294203525,3.0,4.0,3,3
0.05084745762711865,2.1528212413383825,0.21192617118877302,0.21580055412762536,0.0038743829388523388,2.0,2.0417059827886996,0.041705982788699636,91.20482417269112,87.62199104230764,3.0,4.0,3,3
0.05084745762711865,2.3919562071557467,0.2153219701727667,0.21959263754823305,0.004270667375466358,2.0,2.0451350944931628,0.045135094493162775,92.56189487180586,88.908721912801,3.0,4.0,3,3
0.05084745762711865,2.657654238581348,0.21856161370777585,0.22322292232621233,0.004661308618436472,2.0,2.048438752198127,0.04843875219812688,93.86144902839293,90.14180418291785,3.0,4.0,3,3
0.05084745762711865,2.952865955789426,0.221639061746087,0.22668294382349913,0.005043882077412132,2.0,2.0516071527148605,0.051607152714860494,95.10053482705993,91.31819225144459,3.0,4.0,3,3
0.05084745762711865,3.2808697332707224,0.224550575475954,0.2299668257053309,0.00541625022937689,2.0,2.054632779554232,0.05463277955423207,96.2771149476669,92.43571823049058,3.0,4.0,3,3
0.05084745762711865,3.64530810671838,0.22729228268801138,0.23307114191524825,0.0057788592272368655,2.0,2.057510344544426,0.05751034454442605,97.37735093933532,93.4930500318393,3.0,4.0,3,3
0.05084745762711865,4.050228223983634,0.2298690290909499,0.23599472663298052,0.006125697542030628,2.0,2.0602366881154017,0.060236688115401726,98.42597702273056,94.48963121475316,3.0,4.0,3,3
0.05084745762711865,4.500126789315846,0.2322813979259937,0.23873844490461288,0.00645704697861918,2.0,2.062810638692463,0.06281063869246317,99.41923710054581,95.42560616778061,3.0,4.0,3,3
0.05084745762711865,5.000000000000001,0.23453124151132929,0.24130494162946226,0.006773700118132969,2.0,2.0652327804709794,0.06523278047097936,100.34150112794143,96.30173727752526,3.0,4.0,3,3
0.06779661016949153,0.01,0.12481982187282419,0.10109608673483146,-0.023723735137992724,2.5,1.9547268088266727,-0.5452731911733273,49.47267132729766,49.325003232225676,4.0,4.0,1,1
0.06779661016949153,0.011110798059892322,0.12513919684057484,0.10133855251105905,-0.023800644329515785,2.5,1.9549123495467946,-0.5450876504532054,49.55465158218878,49.404735259339155,4.0,4.0,1,1
0.06779661016949153,0.012344983352770704,0.1254930726893414,0.10160731642925813,-0.02388575626008327,2.5,1.9551180872018457,-0.5448819127981543,49.64552023538041,49.49312086296776,4.0,4.0,1,1
0.06779661016949153,0.013716261708536773,0.12588505829836696,0.10190515371954516,-0.023979904578821806,2.5,1.9553461577394051,-0.5446538422605949,49.74621451742886,49.59107457691847,4.0,4.0,1,1
0.06779661016949153,0.015239861398018572,0.12632096065214796,0.1022351147210568,-0.024085845931091157,2.5,1.9555989353277263,-0.5444010646722737,49.85874862289467,49.69960190075551,4.0,4.0,1,1
0.06779661016949153,0.016932702245413263,0.12680142825094465,0.10260054804896379,-0.024200880201980857,2.5,1.9558790265524302,-0.5441209734475698,49.98230921457572,49.819807033538034,4.0,4.0,1,1
0.06779661016949153,0.018813583525707212,0.12733304686253083,0.10300512474008809,-0.02432792212244274,2.5,1.9561892684199855,-0.5438107315800145,50.11909753573516,49.952900954066386,4.0,4.0,1,1
0.06779661016949153,0.020903392733704982,0.1279244453902678,0.10345286315935433,-0.02447158223091346,2.5,1.9565328154247261,-0.5434671845752739,50.274941466260906,50.10020977987709,4.0,4.0,1,1
0.06779661016949153,0.023225337543081658,0.12857438288816914,0.10394815436179165,-0.024626228526377483,2.5,1.956913089629962,-0.543086910370038,50.442459435396316,50.26318331237175,4.0,4.0,1,1
0.06779661016949153,0.02580520353140161,0.1292943176246157,0.10449578751613826,-0.02479853010847745,2.5,1.957333843503148,-0.542666156496852,50.62880805003913,50.44340364119952,4.0,4.0,1,1
0.06779661016949153,0.028671640533182347,0.1300871389826549,0.10510097485540557,-0.024986164127249327,2.5,1.9577991758764264,-0.5422008241235736,50.83350409843063,50.64259364147857,4.0,4.0,1,1
0.06779661016949153,0.031856480801001244,0.1309619178339232,0.1057693754880057,-0.025192542345917487,2.5,1.958313566300786,-0.541686433699214,51.05956070062977,50.86262515284769,4.0,4.0,1,1
0.06779661016949153,0.03539509250787618,0.13192921795621876,0.10650711724004495,-0.025422100716173804,2.5,1.958881849958562,-0.5411181500414379,51.3119070082514,51.105526572755196,4.0,4.0,1,1
0.06779661016949153,0.03932677251662197,0.13299370131323293,0.10732081547883737,-0.02567288583439556,2.5,1.959509297966725,-0.540490702033275,51.5884735545543,51.37348953265681,4.0,4.0,1,1
0.06779661016949153,0.04369518277795103,0.13416321140900733,0.10821758768470013,-0.0259456237243072,2.5,1.9602016113058205,-0.5397983886941795,51.89182717937262,51.66887425559885,4.0,4.0,1,1
0.06779661016949153,0.048548835203589866,0.1354511200182721,0.10920506228014265,-0.026246057738129436,2.5,1.9609649149177137,-0.5390350850822863,52.22728248204641,51.994213116524236,4.0,4.0,1,1
0.06779661016949153,0.05394163039900783,0.1368664533579307,0.11029137993635062,-0.026575073421580095,2.5,1.9618058043648496,-0.5381941956351504,52.59801956536507,52.35221183021277,4.0,4.0,1,1
0.06779661016949153,0.059933456238472516,0.13841797118830218,0.11148518537411799,-0.026932785814184193,2.5,1.9627313267264987,-0.5372686732735013,53.00350743480757,52.745747615046184,4.0,4.0,1,1
0.06779661016949153,0.06659085292970618,0.14011561477995352,0.1127956073116558,-0.027320007468297713,2.5,1.9637489918270157,-0.5362510081729843,53.446833412680306,53.17786357179783,4.0,4.0,1,1
0.06779661016949153,0.07398775195379542,0.14197787802590547,0.11423222403427472,-0.02774565399163076,2.5,1.964866740966682,-0.535133259033318,53.938309500132114,53.65175843979708,4.0,4.0,1,1
0.06779661016949153,0.0822062970864025,0.14400860757776276,0.11580501177438421,-0.028203595803378556,2.5,1.9660929423407658,-0.5339070576592342,54.47237410170407,54.17077080236707,4.0,4.0,1,1
0.06779661016949153,0.09133775661785326,0.1462227526324863,0.11752427296590906,-0.028698479666577237,2.5,1.9674363554921008,-0.5325636445078992,55.05609103327644,54.738356762250916,4.0,4.0,1,1
0.06779661016949153,0.10148353690245611,0.1486333235718979,0.11940054139449176,-0.029232782177406144,2.5,1.968906055256958,-0.5310939447430421,55.69518593819604,55.358060073260596,4.0,4.0,1,1
0.06779661016949153,0.112756308492682,0.15125244954755418,0.12144446129808746,-0.02980798824946672,2.5,1.970511379232631,-0.529488620767369,56.39130023012635,56.03347372916959,4.0,4.0,1,1
0.06779661016949153,0.1252812573641112,0.1540893308606704,0.12366663784192529,-0.030422693018745103,2.5,1.9722618144063753,-0.5277381855936247,57.14799949008708,56.768192099652445,4.0,4.0,1,1
0.06779661016949153,0.13919747512620373,0.1571582750635502,0.12607745682985158,-0.031080818233698626,2.5,1.9741669018112598,-0.5258330981887402,57.97140494968087,57.56575283148361,4.0,4.0,1,1
0.06779661016949153,0.1546595036574134,0.1604660962247102,0.12868687244882346,-0.03177922377588674,2.5,1.9762360852735592,-0.5237639147264408,58.86002681114104,58.42956802790071,4.0,4.0,1,1
0.06779661016949153,0.1718390513180699,0.13252618020011758,0.1315041630367806,-0.001022017163336969,2.0,1.9784784744726502,-0.02152152552734976,60.97988651496117,59.36284456696829,3.0,4.0,1,1
0.06779661016949153,0.1909268997998548,0.1354495299481352,0.13453765616806992,-0.0009118737800652699,2.0,1.9809027629555211,-0.019097237044478854,62.072408824737145,60.36849387396182,3.0,4.0,1,1
0.06779661016949153,0.21213502278774823,0.13857790580388293,0.13779442688032692,-0.0007834789235560136,2.0,1.9835169035068254,-0.016483096493174587,63.24122932125027,61.44903220350509,3.0,4.0,1,1
0.06779661016949153,0.23569893996253266,0.14191535906188524,0.14127997460715624,-0.0006353844547289933,2.0,1.986327855935088,-0.013672144064911906,64.49163351758811,62.60647312587581,3.0,4.0,1,1
0.06779661016949153,0.26188033248543857,0.14546319287558532,0.1449978872063783,-0.0004653056692070223,2.0,1.9893413592595612,-0.010658640740438763,65.82481288621943,63.84221479506621,3.0,4.0,1,1
0.06779661016949153,0.2909699490103167,0.14922040172592504,0.1489495034772864,-0.00027089824863865686,2.0,1.9925616069405812,-0.007438393059418846,67.24114451182332,65.15692560858534,3.0,4.0,1,1
0.06779661016949153,0.32329083449507945,0.1531834016305466,0.15313358783365835,-4.981379688825949e-05,2.0,1.9959909300378063,-0.004009069962193745,68.74007647464212,66.55043260795398,3.0,4.0,1,1
0.06779661016949153,0.35920191766889,0.15734580144043037,0.1575460333842558,0.00020023194382542964,2.0,1.999629541562172,-0.000370458437827903,70.32002421679547,68.02161796286126,3.0,4.0,1,1
0.06779661016949153,0.39910199699451043,0.1616990836863708,0.16217961155618332,0.0004805278698125359,2.0,2.0034752230159945,0.0034752230159944553,71.9831932631948,69.5683294981809,3.0,4.0,1,1
0.06779661016949153,0.4434341693905757,0.16622911977757301,0.167023786769407,0.0007946669918339755,2.0,2.007523084816058,0.007523084816058123,73.71611837120304,71.18731148349359,3.0,4.0,1,1
0.06779661016949153,0.4926907508954772,0.17092333540365567,0.17206461456653746,0.0011412791628817864,2.0,2.0117653860244906,0.01176538602449062,75.52663216741728,72.87416205773691,3.0,4.0,1,1
0.06779661016949153,0.5474187439176361,0.1757590406346353,0.17728473929266156,0.0015256986580262644,2.0,2.0161913811345595,0.016191381134559535,77.39234378998455,74.623322882169,3.0,4.0,1,1
0.06779661016949153,0.6082259117868763,0.18071700659826315,0.18266350371633017,0.0019464971180670199,2.0,2.020787298836513,0.0207872988365132,79.31363141730633,76.4281056628043,3.0,4.0,1,1
0.06779661016949153,0.6757875280657863,0.18577572599499775,0.18817717813858234,0.002401452143584587,2.0,2.025536335993093,0.02553633599309313,81.2914616100312,78.28075859940759,3.0,4.0,1,1
0.06779661016949153,0.7508538755732771,0.19090585253702397,0.19379930888515084,0.002893456348126877,2.0,2.030418876279146,0.03041887627914619,83.30419855859702,80.17257337903237,3.0,4.0,1,1
0.06779661016949153,0.8342585783982197,0.1960826684377656,0.19950118035494085,0.0034185119171752654,2.0,2.0354126376449138,0.03541263764491376,85.34842382556963,82.094031390735,3.0,4.0,1,1
0.06779661016949153,0.9269278594315465,0.20127407080216808,0.20525237444366917,0.003978303641501091,2.0,2.0404931851022416,0.04049318510224165,87.39911830781864,84.03498450263537,3.0,4.0,3,3
0.06779661016949153,1.029890826223217,0.20645607674159366,0.2110214078976611,0.0045653311560674426,2.0,2.045634207141121,0.045634207141120875,89.46631770774424,85.98486425050108,3.0,4.0,3,3
0.06779661016949153,1.1442908993901826,0.21159887812886125,0.21677641750679935,0.005177539377938106,2.0,2.0508082092565023,0.05080820925650231,91.53587983058222,87.93291001528306,3.0,4.0,3,3
0.06779661016949153,1.2713985104896872,0.21667031350170748,0.22248586430670425,0.005815550804996766,2.0,2.0559869744174653,0.05598697441746525,93.56963954724559,89.86840641124314,3.0,4.0,3,3
0.06779661016949153,1.412625210369881,0.2216477338326412,0.22811922197923767,0.006471488146596482,2.0,2.0611422618560034,0.061142261856003355,95.5753952584997,91.78091845941063,3.0,4.0,3,3
0.06779661016949153,1.5695393446732664,0.22650963289491258,0.23364761911175955,0.00713798621684697,2.0,2.066246412013425,0.06624641201342518,97.55599710798576,93.66051388359985,3.0,4.0,3,3
0.06779661016949153,1.7438834705720385,0.2897875619399315,0.23904440695183843,-0.050743154988093064,2.5,2.0712729413469795,-0.4287270586530205,103.66796398331242,95.4979626516672,3.0,4.0,3,3
0.06779661016949153,1.9375937081510104,0.2954592535396446,0.24428563061695122,-0.05117362292269337,2.5,2.0761970705119905,-0.42380292948800946,105.6997402251511,97.2849057062534,3.0,4.0,3,3
0.06779661016949153,2.1528212413383825,0.3008991262354123,0.2493503877427245,-0.05154873849268782,2.5,2.0809962348779667,-0.4190037651220333,107.64931106061091,99.0139868423625,3.0,4.0,3,3
0.06779661016949153,2.3919562071557467,0.3060918562862458,0.2542210683902522,-0.051870787895993586,2.5,2.085650407982758,-0.414349592017242,109.51444862013129,100.67894482060316,3.0,4.0,3,3
0.06779661016949153,2.657654238581348,0.31103338673869313,0.2588834742454461,-0.05214991249324702,2.5,2.0901424189389224,-0.4098575810610776,111.3125476779689,102.274664510896,3.0,4.0,3,3
0.06779661016949153,2.952865955789426,0.31571020369666597,0.2633268255895879,-0.05238337810707805,2.5,2.0944580975803553,-0.4055419024196447,113.0163550124847,103.79718934035185,3.0,4.0,3,3
0.06779661016949153,3.2808697332707224,0.3201221630503874,0.2675436670268076,-0.05257849602357978,2.5,2.0985863272449943,-0.4014136727550057,114.6346393292078,105.24369819768391,3.0,4.0,3,3
0.06779661016949153,3.64530810671838,0.32427160498057844,0.2715296871929642,-0.05274191778761422,2.5,2.1025190383661547,-0.3974809616338453,116.18455734893386,106.61245172595932,3.0,4.0,3,3
0.06779661016949153,4.050228223983634,0.3281558174246766,0.275283473450834,-0.052872343973842606,2.5,2.1062510394665885,-0.39374896053341146,117.6285668096507,107.90271505924039,3.0,4.0,3,3
0.06779661016949153,4.500126789315846,0.33178233609619356,0.27880621471142536,-0.052976121384768204,2.5,2.109779890946812,-0.39022010905318805,118.98552453906183,109.11466110663612,3.0,4.0,3,3
0.06779661016949153,5.000000000000001,0.3351581163185245,0.28210137944508457,-0.053056736873439925,2.5,2.1131055641104477,-0.3868944358895523,120.25677368353482,110.24926403340714,3.0,4.0,3,3
0.0847457627118644,0.01,0.12478574769312799,0.1015994168294993,-0.023186330863628687,2.5,1.963200952997432,-0.5367990470025681,49.634258935589344,49.48827622502388,4.0,4.0,1,1
0.0847457627118644,0.011110798059892322,0.12517444523639587,0.10189624936363112,-0.02327819587276475,2.5,1.9634294085961306,-0.5365705914038694,49.7346783567219,49.58592658129635,4.0,4.0,1,1
0.0847457627118644,0.012344983352770704,0.12560509264479897,0.10222527468208684,-0.02337981796271213,2.5,1.963682749663713,-0.536317250336287,49.84598311178033,49.69417579133542,4.0,4.0,1,1
0.0847457627118644,0.013716261708536773,0.1260839067021151,0.10258988960128869,-0.023494017100826423,2.5,1.9639636326639456,-0.5360363673360544,49.97034727241196,49.81414409633361,4.0,4.0,1,1
0.0847457627118644,0.015239861398018572,0.12661359614077228,0.10299382755450162,-0.023619768586270656,2.5,1.9642749631253547,-0.5357250368746453,50.11036787649924,49.947063193371164,4.0,4.0,1,1
0.0847457627118644,0.016932702245413263,0.12719810732335765,0.10344118691368698,-0.023756920409670673,2.5,1.9646199617302051,-0.5353800382697949,50.26174915726846,50.09428571801265,4.0,4.0,1,1
0.0847457627118644,0.018813583525707212,0.1278466203278957,0.10393646049760448,-0.023910159830291225,2.5,1.9650021500419834,-0.5349978499580166,50.43045277920496,50.257295153675415,4.0,4.0,1,1
0.0847457627118644,0.020903392733704982,0.12856168957717376,0.10448456600273266,-0.024077123574441098,2.5,1.9654253987653654,-0.5345746012346346,50.61593332609946,50.43771608509764,4.0,4.0,1,1
0.0847457627118644,0.023225337543081658,0.12935388352040128,0.10509087697870167,-0.024263006541699605,2.5,1.9658939656394074,-0.5341060343605926,50.82229434250555,50.63732468266101,4.0,4.0,1,1
0.0847457627118644,0.02580520353140161,0.1302268613771209,0.10576125386566398,-0.024465607511456905,2.5,1.9664124974515296,-0.5335875025484704,51.04915335579722,50.85805926372276,4.0,4.0,1,1
0.0847457627118644,0.028671640533182347,0.13119244614535044,0.10650207443867679,-0.024690371706673653,2.5,1.966986043611542,-0.5330139563884579,51.30112367317989,51.10203072838205,4.0,4.0,1,1
0.0847457627118644,0.031856480801001244,0.13225640781748477,0.10732026282491858,-0.02493614499256619,2.5,1.9676201670488815,-0.5323798329511185,51.57962110858059,51.371532606586854,4.0,4.0,1,1
0.0847457627118644,0.03539509250787618,0.1334301483677254,0.10822331610094389,-0.025206832266781512,2.5,1.9683208836650017,-0.5316791163349983,51.886628005347056,51.66905039844538,4.0,4.0,1,1
0.0847457627118644,0.03932677251662197,0.13472267703078222,0.10921932716697808,-0.025503349863804148,2.5,1.9690947154420437,-0.5309052845579563,52.22517738952948,51.99726979636867,4.0,4.0,1,1
0.0847457627118644,0.04369518277795103,0.13614272463947896,0.11031700237677709,-0.02582572226270187,2.5,1.9699487524339934,-0.5300512475660066,52.59665140202983,52.35908329841626,4.0,4.0,1,1
0.0847457627118644,0.048548835203589866,0.13770655552354558,0.11152567211629603,-0.02618088340724954,2.5,1.9708906028536157,-0.5291093971463843,53.009086003972506,52.75759463308407,4.0,4.0,1,1
0.0847457627118644,0.05394163039900783,0.13942239477242038,0.1128552921257454,-0.026567102646674987,2.5,1.9719285010942265,-0.5280714989057735,53.46077284927179,53.19612028056538,4.0,4.0,1,1
0.0847457627118644,0.059933456238472516,0.1413038133678418,0.11431643315612305,-0.02698738021171876,2.5,1.9730712307966323,-0.5269287692033677,53.95705505083087,53.678187308425095,4.0,4.0,1,1
0.0847457627118644,0.06659085292970618,0.14336497118969002,0.11592025608077385,-0.027444715108916176,2.5,1.9743281579983893,-0.5256718420016107,54.50373133395067,54.207526576257166,4.0,4.0,1,1
0.0847457627118644,0.07398775195379542,0.1456197148151066,0.11767846933144878,-0.027941245483657826,2.5,1.9757092546613428,-0.5242907453386572,55.102859510875945,54.7880602877959,4.0,4.0,1,1
0.0847457627118644,0.0822062970864025,0.14807977755596477,0.1196032653077308,-0.02847651224823397,2.5,1.977225009765244,-0.522774990234756,55.758676086453605,55.423882761951596,4.0,4.0,1,1
0.0847457627118644,0.09133775661785326,0.15075943481118514,0.12170723207348356,-0.02905220273770158,2.5,1.9788864302274312,-0.5211135697725688,56.47308018584521,56.11923320187133,4.0,4.0,1,1
0.0847457627118644,0.10148353690245611,0.12458436339419011,0.12400323675610829,-0.0005811266380818247,2.0,1.9807049711525913,-0.019295028847408746,58.269981175353266,56.878459239946494,3.0,4.0,1,1
0.0847457627118644,0.112756308492682,0.1269934714206798,0.12650427706456766,-0.0004891943561121381,2.0,1.982692449801835,-0.01730755019816499,59.16379368324698,57.70597002210537,3.0,4.0,1,1
0.0847457627118644,0.1252812573641112,0.1296078140686339,0.1292232977424346,-0.0003845163261992912,2.0,1.9848609316395602,-0.015139068360439767,60.13987536606541,58.60617769331908,3.0,4.0,1,1
0.0847457627118644,0.13919747512620373,0.13243630272608087,0.13217296942993384,-0.00026333329614702805,2.0,1.9872226068167957,-0.012777393183204255,61.19829200541954,59.583426359909645,3.0,4.0,1,1
0.0847457627118644,0.1546595036574134,0.13548950629372042,0.13536542850863112,-0.00012407778508929934,2.0,1.989789561013459,-0.010210438986540948,62.346925109683156,60.64190789952265,3.0,4.0,1,1
0.0847457627118644,0.1718390513180699,0.13877454498446964,0.13881197772072565,3.743273625600452e-05,2.0,1.9925736423756466,-0.007426357624353397,63.58263591661722,61.785564389114825,3.0,4.0,1,1
0.0847457627118644,0.1909268997998548,0.14229949625987603,0.14252274973013734,0.0002232534702613087,2.0,1.9955861698079398,-0.0044138301920602085,64.91239325630511,63.017977663356184,3.0,4.0,1,1
0.0847457627118644,0.21213502278774823,0.14606990567584088,0.14650633771105542,0.0004364320352145401,2.0,1.9988376571331181,-0.0011623428668818825,66.33913184809815,64.34224708758326,3.0,4.0,1,1
0.0847457627118644,0.23569893996253266,0.15008920574827153,0.15076940033744843,0.0006801945891768968,2.0,2.0023374888289265,0.0023374888289264817,67.86507611488413,65.76085778992206,3.0,4.0,1,1
0.0847457627118644,0.26188033248543857,0.1543583545492765,0.15531625128681337,0.0009578967375368785,2.0,2.006093603419141,0.006093603419140781,69.49159450770792,67.27554236551026,3.0,4.0,1,1
0.0847457627118644,0.2909699490103167,0.15887549018983732,0.16014844728042207,0.0012729570905847531,2.0,2.0101121100247843,0.010112110024784293,71.2190543538276,68.88714052109246,3.0,4.0,1,1
0.0847457627118644,0.32329083449507945,0.16363872365619825,0.16526439150647498,0.0016256678502767352,2.0,2.014396880875575,0.01439688087557478,73.05959753097179,70.5954619790051,3.0,4.0,1,1
0.0847457627118644,0.35920191766889,0.1686335488746247,0.17065897218630222,0.0020254233116775155,2.0,2.0189492410805547,0.018949241080554735,74.9860635297307,72.39915912910338,3.0,4.0,1,1
0.0847457627118644,0.39910199699451043,0.17385102685332826,0.17632325881308625,0.0024722319597579867,2.0,2.02376749602845,0.023767496028450186,77.00729263281713,74.29561681737623,3.0,4.0,1,1
0.0847457627118644,0.4434341693905757,0.17927787260758193,0.18224427809458826,0.0029664054870063294,2.0,2.0288467204896743,0.028846720489674293,79.12758651527896,76.28086681559259,3.0,4.0,1,1
0.0847457627118644,0.4926907508954772,0.184890192913136,0.18840489289104365,0.0035146999779076538,2.0,2.0341783546784433,0.03417835467844332,81.32282493768774,78.34953488502141,3.0,4.0,1,1
0.0847457627118644,0.5474187439176361,0.19067103501618207,0.19478380254269886,0.004112767526516792,2.0,2.0397501375409783,0.039750137540978336,83.6106339019366,80.49482717283287,3.0,4.0,1,1
0.0847457627118644,0.6082259117868763,0.19658989374983818,0.20135568099254578,0.004765787242707598,2.0,2.0455459110380625,0.04554591103806249,85.95984226074667,82.70856195317958,3.0,4.0,1,3
0.0847457627118644,0.6757875280657863,0.202618959809792,0.2080914603405162,0.005472500530724206,2.0,2.0515456568042287,0.051545656804228734,88.36627327261526,84.9812501468605,3.0,4.0,3,3
0.0847457627118644,0.7508538755732771,0.2087243835379825,0.21495876062251568,0.006234377084533171,2.0,2.057725653698436,0.05772565369843585,90.8066054961363,87.30222579386553,3.0,4.0,3,3
0.0847457627118644,0.8342585783982197,0.21487971832129676,0.2219224573328607,0.0070427390115639366,2.0,2.064058711234248,0.06405871123424811,93.29912946352214,89.65982454553343,3.0,4.0,3,3
0.0847457627118644,0.9269278594315465,0.2769436016944033,0.22894536817717717,-0.047998233517226124,2.5,2.0705146259861076,-0.4294853740138924,99.78917927658215,92.04160500449721,3.0,4.0,3,3
0.0847457627118644,1.029890826223217,0.284616502952886,0.23598903295068316,-0.04862747000220283,2.5,2.0770606669830167,-0.4229393330169833,102.48422249550009,94.4346047836729,3.0,4.0,3,3
0.0847457627118644,1.1442908993901826,0.29219975409073445,0.2430145520903164,-0.049185202000418066,2.5,2.0836622643982996,-0.4163377356017004,105.1827385452674,96.82562040797913,3.0,4.0,3,3
0.0847457627118644,1.2713985104896872,0.29965331929966565,0.2499834461881822,-0.049669873111483465,2.5,2.090283706062474,-0.40971629393752584,107.87713401495455,99.20149853060214,3.0,4.0,3,3
0.0847457627118644,1.412625210369881,0.3069313148498553,0.25685849590727033,-0.05007281894258497,2.5,2.0968889383890206,-0.4031110616109794,110.50802672943843,101.5494248300518,3.0,4.0,3,3
0.0847457627118644,1.5695393446732664,0.31401024400564703,0.2636045242762185,-0.05040571972942853,2.5,2.103442342998461,-0.396557657001539,113.10188320333835,103.85719733552268,3.0,4.0,3,3
0.0847457627118644,1.7438834705720385,0.3208539174444512,0.27018908692701515,-0.05066483051743603,2.5,2.109909532847815,-0.3900904671521852,115.62245369495088,106.11347196639699,3.0,4.0,3,3
0.0847457627118644,1.9375937081510104,0.32744101135910775,0.2765830437159479,-0.05085796764315986,2.5,2.116258057160304,-0.3837419428396962,118.07071774189025,108.30797035419069,3.0,4.0,3,3
0.0847457627118644,2.1528212413383825,0.3337543557120127,0.28276099305844105,-0.05099336265357163,2.5,2.122458041424398,-0.3775419585756019,120.45720210774026,110.43164271154896,3.0,4.0,3,3
0.0847457627118644,2.3919562071557467,0.33977229844995277,0.2887015598279278,-0.05107073862202499,2.5,2.128482728241943,-0.3715172717580568,122.73461400617298,112.47678161477081,3.0,4.0,3,3
0.0847457627118644,2.657654238581348,0.34548678936946,0.2943875374137273,-0.05109925195573267,2.5,2.134308864298511,-0.36569113570148915,124.91604271441257,114.43708588147643,3.0,4.0,3,3
0.0847457627118644,2.952865955789426,0.3508910672404728,0.29980589240710126,-0.05108517483337155,2.5,2.139916934305803,-0.3600830656941971,126.99673423848566,116.30767659569904,3.0,4.0,3,3
0.0847457627118644,3.2808697332707224,0.3559855068159504,0.30494764452862044,-0.05103786228732998,2.5,2.1452913576387806,-0.35470864236121935,128.99535816514302,118.08506903685803,3.0,4.0,3,3
0.0847457627118644,3.64530810671838,0.3607609781167955,0.3098076459174812,-0.050953332199314305,2.5,2.1504204106517144,-0.3495795893482856,130.85173297022453,119.76710811628482,3.0,4.0,3,3
0.0847457627118644,4.050228223983634,0.3652318983906248,0.3143842775893276,-0.05084762080129723,2.5,2.1552961234992845,-0.34470387650071554,132.61652060151536,121.35287323920095,3.0,4.0,3,3
0.0847457627118644,4.500126789315846,0.36939761239623425,0.31867908593968636,-0.0507185264565479,2.5,2.1599141253565914,-0.34008587464340856,134.2601882174878,122.84256044293038,3.0,4.0,3,3
0.0847457627118644,5.000000000000001,0.37327069834029525,0.3226963852912725,-0.05057431304902277,2.5,2.1642732992535465,-0.3357267007464535,135.79945060689545,124.23735046469925,3.0,4.0,3,3
0.1016949152542373,0.01,0.12475053316373941,0.10210252487993819,-0.022648008283801216,2.5,1.9717678695975345,-0.5282321304024655,49.79575401117035,49.651454317459915,4.0,4.0,1,1
0.1016949152542373,0.011110798059892322,0.12520728562290118,0.10245369689807012,-0.02275358872483106,2.5,1.9720400351448923,-0.5279599648551077,49.91457947483878,49.76701344700618,4.0,4.0,1,1
0.1016949152542373,0.012344983352770704,0.12571328703810414,0.10284295263911582,-0.02287033439898832,2.5,1.9723418794863399,-0.5276581205136601,50.0462827805501,49.89511586764907,4.0,4.0,1,1
0.1016949152542373,0.013716261708536773,0.12627621522190316,0.10327430994444843,-0.02300190527745473,2.5,1.9726765315746897,-0.5273234684253103,50.19525819147111,50.03708748510586,4.0,4.0,1,1
0.1016949152542373,0.015239861398018572,0.12689747783459385,0.10375218468175244,-0.023145293152841404,2.5,1.973047512635822,-0.526952487364178,50.35844340399974,50.19438615657309,4.0,4.0,1,1
0.1016949152542373,0.016932702245413263,0.1275858928207349,0.10428142420660044,-0.02330446861413446,2.5,1.9734586432750811,-0.5265413567249189,50.53871831939166,50.36861292636176,4.0,4.0,1,1
0.1016949152542373,0.018813583525707212,0.12834534920691493,0.10486734221181544,-0.023478006995099485,2.5,1.9739141605678021,-0.5260858394321979,50.737033506173404,50.56152376728204,4.0,4.0,1,1
0.1016949152542373,0.020903392733704982,0.12918690165715455,0.10551575465972278,-0.023671146997431766,2.5,1.974418668443105,-0.5255813315568949,50.9577278183147,50.77504173453767,4.0,4.0,1,1
0.1016949152542373,0.023225337543081658,0.1301147853601146,0.1062330163413659,-0.023881769018748694,2.5,1.9749772641283936,-0.5250227358716064,51.20049327638775,51.01126939503514,4.0,4.0,1,1
0.1016949152542373,0.02580520353140161,0.13113952614188973,0.1070260574899994,-0.024113468651890332,2.5,1.9755955156055287,-0.5244044843944713,51.46887177196454,51.27250135184484,4.0,4.0,1,1
0.1016949152542373,0.028671640533182347,0.1322733286080231,0.10790241967459777,-0.024370908933425334,2.5,1.9762794818147094,-0.5237205181852906,51.76848192149684,51.56123662681952,4.0,4.0,1,1
0.1016949152542373,0.031856480801001244,0.13352262405433363,0.10887028998907704,-0.02465233406525659,2.5,1.977035812992836,-0.522964187007164,52.09752313627622,51.880190590285075,4.0,4.0,1,1
0.1016949152542373,0.03539509250787618,0.13489919389240718,0.1099385323319507,-0.024960661560456482,2.5,1.9778717421635525,-0.5221282578364475,52.46061794444907,52.232306057213485,4.0,4.0,1,1
0.1016949152542373,0.03932677251662197,0.13641271173608308,0.1111167142762445,-0.02529599745983857,2.5,1.9787951033213182,-0.5212048966786818,52.859361221272614,52.620763073418075,4.0,4.0,1,1
0.1016949152542373,0.04369518277795103,0.13808051380595168,0.11241512767829183,-0.025665386127659853,2.5,1.979814408876701,-0.5201855911232991,53.302306665532925,53.04898680287129,4.0,4.0,1,1
0.1016949152542373,0.048548835203589866,0.1399119626434274,0.1138448009117234,-0.026067161731703994,2.5,1.9809388363850309,-0.5190611636149691,53.78794289941972,53.52065283545934,4.0,4.0,1,1
0.1016949152542373,0.05394163039900783,0.1419249614681297,0.11541750012322055,-0.02650746134490914,2.5,1.9821782913932118,-0.5178217086067882,54.32601617499579,54.03968907582122,4.0,4.0,1,1
0.1016949152542373,0.059933456238472516,0.11731415006195742,0.11714571661650872,-0.0001684334454487013,2.0,1.9835433724976614,-0.01645662750233856,55.786725718325336,54.610273267523105,3.0,4.0,1,1
0.1016949152542373,0.06659085292970618,0.11914020188683633,0.11904263698374343,-9.756490309290045e-05,2.0,1.9850454379804439,-0.014954562019556139,56.46446926156465,55.23682506436089,3.0,4.0,1,1
0.1016949152542373,0.07398775195379542,0.12113984104007552,0.12112209232933091,-1.7748710744613927e-05,2.0,1.9866965330962565,-0.01330346690374351,57.21130770152257,55.92399141882738,3.0,4.0,1,1
0.1016949152542373,0.0822062970864025,0.12332430788975728,0.12339848249636903,7.417460661175712e-05,2.0,1.9885093974182388,-0.011490602581761156,58.028524306888656,56.67662395041447,3.0,4.0,1,1
0.1016949152542373,0.09133775661785326,0.1257049408810231,0.1258866710540288,0.00018173017300568417,2.0,1.9904974464268899,-0.00950255357311014,58.9168180344723,57.49974685681991,3.0,4.0,1,1
0.1016949152542373,0.10148353690245611,0.12829813662400555,0.12860184681967593,0.0003037101956703814,2.0,1.9926746393030053,-0.007325360696994743,59.890452232555916,58.39851392377439,3.0,4.0,1,1
0.1016949152542373,0.112756308492682,0.13111521116832459,0.13155934756769422,0.00044413639936963234,2.0,1.9950554686947735,-0.0049445313052265405,60.950472440135286,59.37815313992808,3.0,4.0,1,1
0.1016949152542373,0.1252812573641112,0.13416957849463804,0.13477444233794825,0.0006048638433102105,2.0,1.9976547784055592,-0.0023452215944408383,62.105850823713645,60.443897591260956,3.0,4.0,1,1
0.1016949152542373,0.13919747512620373,0.1374696990963356,0.13826206935657656,0.0007923702602409544,2.0,2.0004875896323946,0.00048758963239459163,63.34915025772223,61.60090154296273,3.0,4.0,1,1
0.1016949152542373,0.1546595036574134,0.14103102550344834,0.14203652767030556,0.001005502166857214,2.0,2.003568962647115,0.003568962647114926,64.69966953751238,62.85414085027468,3.0,4.0,1,1
0.1016949152542373,0.1718390513180699,0.14486142560709425,0.14611112285181424,0.0012496972447199883,2.0,2.006913709104993,0.006913709104992893,66.15668306862919,64.20829763287564,3.0,4.0,1,1
0.1016949152542373,0.1909268997998548,0.14896887943354642,0.15049776874152962,0.0015288893079832,2.0,2.010536122496706,0.010536122496706213,67.7242486733322,65.66762950710311,3.0,4.0,1,1
0.1016949152542373,0.21213502278774823,0.1533613542073681,0.15520655069517317,0.0018451964878050675,2.0,2.0144496372959115,0.014449637295911533,69.41274158611087,67.23582495460913,3.0,4.0,1,1
0.1016949152542373,0.23569893996253266,0.15803809757890538,0.16024525869843786,0.0022071611195324803,2.0,2.0186664463311907,0.018666446331190745,71.21110768428727,68.91584716852134,3.0,4.0,1,1
0.1016949152542373,0.26188033248543857,0.16300257225537543,0.16561890269710863,0.0026163304417332056,2.0,2.023197138868273,0.023197138868273015,73.13265979093168,70.70977018162414,3.0,4.0,1,1
0.1016949152542373,0.2909699490103167,0.16825218730228378,0.1713292267407028,0.003077039438419027,2.0,2.028050167683978,0.028050167683978167,75.17594535136391,72.61861238884377,3.0,4.0,1,1
0.1016949152542373,0.32329083449507945,0.17377684187073328,0.17737424153284273,0.0035973996621094517,2.0,2.033231493446511,0.033231493446510996,77.32871686645095,74.64217376340439,3.0,4.0,1,1
0.1016949152542373,0.35920191766889,0.17957067788869369,0.18374779979899405,0.004177121910300369,2.0,2.0387439765501774,0.03874397655017736,79.60561763429766,76.77888459298757,3.0,4.0,1,1
0.1016949152542373,0.39910199699451043,0.18561674408038706,0.19043923946489644,0.004822495384509379,2.0,2.044587042654167,0.0445870426541668,81.9942710187437,79.02567416527584,3.0,4.0,1,1
0.1016949152542373,0.4434341693905757,0.1918973352539594,0.19743312259920603,0.005535787345246623,2.0,2.050756207614905,0.05075620761490507,84.49570856367268,81.37786877012773,3.0,4.0,1,1
0.1016949152542373,0.4926907508954772,0.19838440367008556,0.20470909590033487,0.0063246922302493125,2.0,2.057242667401443,0.057242667401443015,87.07822170084606,83.82912801186451,3.0,4.0,1,3
0.1016949152542373,0.5474187439176361,0.2566013820371205,0.21224189554236378,-0.04435948649475674,2.5,2.0640330895374075,-0.4359669104625925,93.32269184327772,86.37142779032997,3.0,4.0,3,3
0.1016949152542373,0.6082259117868763,0.2651936634886979,0.22000151464704956,-0.04519214884164832,2.5,2.071109386323952,-0.4288906136760482,96.29515227791558,88.99509682263079,3.0,4.0,3,3
0.1016949152542373,0.6757875280657863,0.27390822298012385,0.22795354293371425,-0.045954680046409596,2.5,2.078448659693823,-0.421551340306177,99.3551922114649,91.68891109388274,3.0,4.0,3,3
0.1016949152542373,0.7508538755732771,0.2826924242536618,0.23605967839989356,-0.046632745853768254,2.5,2.0860233778948905,-0.41397662210510955,102.45848031370028,94.44024742310997,3.0,4.0,3,3
0.1016949152542373,0.8342585783982197,0.2915005578541365,0.2442784015298551,-0.04722215632428137,2.5,2.093801588361385,-0.40619841163861503,105.60360969663604,97.23529422188152,3.0,4.0,3,3
0.1016949152542373,0.9269278594315465,0.30029021456306876,0.2525657895934934,-0.04772442496957535,2.5,2.101747358374997,-0.3982526416250032,108.80296339905603,100.05931319670138,3.0,4.0,3,3
0.1016949152542373,1.029890826223217,0.3089996886515051,0.26087643914122566,-0.048123249510279464,2.5,2.1098214283585555,-0.39017857164144454,111.98236036069483,102.89694232417035,3.0,4.0,3,3
0.1016949152542373,1.1442908993901826,0.31758864363873635,0.26916445757779656,-0.04842418606093979,2.5,2.1179818963282746,-0.3820181036717254,115.15229398430645,105.73252757844594,3.0,4.0,3,3
0.1016949152542373,1.2713985104896872,0.3260128229184138,0.27738447750827167,-0.04862834541014216,2.5,2.126185088284547,-0.3738149117154528,118.29567838283104,108.55046825671143,3.0,4.0,3,3
0.1016949152542373,1.412625210369881,0.3342347731485867,0.2854926464658719,-0.04874212668271477,2.5,2.1343865439528606,-0.36561345604713935,121.41641109639967,111.33555976515694,3.0,4.0,3,3
0.1016949152542373,1.5695393446732664,0.3422113712169836,0.2934475478372485,-0.04876382337973506,2.5,2.1425419378036175,-0.35745806219638254,124.45903018078697,114.07331830544489,3.0,4.0,3,3
0.1016949152542373,1.7438834705720385,0.34991408318951017,0.301211011815688,-0.04870307137382218,2.5,2.150608103594278,-0.3493918964057219,127.42896068379565,116.75027290465948,3.0,4.0,3,3
0.1016949152542373,1.9375937081510104,0.3573124320430203,0.30874878549260537,-0.04856364655041495,2.5,2.158543920458761,-0.3414560795412389,130.2984412117046,119.35421268718531,3.0,4.0,3,3
0.1016949152542373,2.1528212413383825,0.3643960548769358,0.31603104079350675,-0.04836501408342908,2.5,2.166311131749536,-0.33368886825046395,133.1092575778258,121.87438115603805,3.0,4.0,3,3
0.1016949152542373,2.3919562071557467,0.3711381310741639,0.32303270863091965,-0.04810542244324423,2.5,2.173875108460198,-0.32612489153980206,135.79211893269996,124.30161208009294,3.0,4.0,3,3
0.1016949152542373,2.657654238581348,0.37752723182761316,0.32973364186229787,-0.0477935899653153,2.5,2.1812053553760062,-0.31879464462399376,138.3458259777234,126.62840632151125,3.0,4.0,3,3
0.1016949152542373,2.952865955789426,0.38356095931478035,0.33611861544629207,-0.04744234386848828,2.5,2.188275908248034,-0.3117240917519659,140.78045341770994,128.84895158828567,3.0,4.0,3,3
0.1016949152542373,3.2808697332707224,0.3892411037788929,0.3421771819796242,-0.047063921799268715,2.5,2.1950655682478106,-0.30493443175218937,143.1176849330536,130.959090384289,3.0,4.0,3,3
0.1016949152542373,3.64530810671838,0.39456267974085596,0.34790340608082515,-0.04665927366003081,2.5,2.201557951356518,-0.2984420486434818,145.30538972478863,132.95624351460634,3.0,4.0,3,3
0.1016949152542373,4.050228223983634,0.3995348453850231,0.35329550357797734,-0.04623934180704575,2.5,2.207741397380597,-0.2922586026194032,147.36791753146287,134.83929780715349,3.0,4.0,3,3
0.1016949152542373,4.500126789315846,0.40416224866083017,0.3583554130693685,-0.04580683559146165,2.5,2.2136087317834616,-0.2863912682165384,149.28832784098626,136.6084673262894,3.0,4.0,3,3
0.1016949152542373,5.000000000000001,0.4084635221650899,0.36308832128914065,-0.04537520087594926,2.5,2.2191570269642407,-0.28084297303575934,151.10414631593466,138.26513584697645,3.0,4.0,3,3
0.11864406779661017,0.01,0.12471420776003748,0.10260540675054844,-0.022108801009489046,2.5,1.9804292397107937,-0.5195707602892063,49.95714848341456,49.81453623309938,4.0,4.0,1,1
0.11864406779661017,0.011110798059892322,0.125237777548474,0.10301089051900557,-0.022226887029468442,2.5,1.9807459187635694,-0.5192540812364306,50.09434644262446,49.94799443564021,4.0,4.0,1,1
0.11864406779661017,0.012344983352770704,0.12581774949698787,0.10346034519554706,-0.022357404301440814,2.5,1.981097125075758,-0.5189028749242419,50.24641027766474,50.09593951024757,4.0,4.0,1,1
0.11864406779661017,0.013716261708536773,0.12646339759102448,0.10395840907159222,-0.022504988519432265,2.5,1.981486586463871,-0.5185134135361289,50.419514171021994,50.25990298094043,4.0,4.0,1,1
0.11864406779661017,0.015239861398018572,0.12717434791547438,0.1045101797872281,-0.022664168128246287,2.5,1.981918338150718,-0.5180816618492821,50.606253105569195,50.44156882634471,4.0,4.0,1,1
0.11864406779661017,0.016932702245413263,0.127962872825507,0.10512125289986855,-0.02284161992563845,2.5,1.9823968785931363,-0.5176031214068637,50.8142772633823,50.642786469174865,4.0,4.0,1,1
0.11864406779661017,0.018813583525707212,0.12883295329705002,0.10579776206486141,-0.023035191232188612,2.5,1.9829271072929266,-0.5170728927070734,51.04322749960394,50.865584354483865,4.0,4.0,1,1
0.11864406779661017,0.020903392733704982,0.10649654465342291,0.10654642042773765,4.9875774314742105e-05,2.0,1.9835144673415932,-0.0164855326584068,51.96632029444592,51.11218400648884,3.0,4.0,1,1
0.11864406779661017,0.023225337543081658,0.10729596409614173,0.10737456275555864,7.859865941690913e-05,2.0,1.984164882439655,-0.015835117560345058,52.262205918776964,51.385014411396504,3.0,4.0,1,1
0.11864406779661017,0.02580520353140161,0.10818050689275138,0.10829018758307983,0.00010968069032844807,2.0,1.9848848578345504,-0.015115142165449624,52.59235986687983,51.686726511993655,3.0,4.0,1,1
0.11864406779661017,0.028671640533182347,0.10915556885158101,0.1093019985137995,0.00014642966221849185,2.0,1.9856815103034033,-0.014318489696596659,52.95382233242213,52.020207544525874,3.0,4.0,1,1
0.11864406779661017,0.031856480801001244,0.11023135818161023,0.11041944353848651,0.00018808535687628303,2.0,1.9865625866572378,-0.013437413342762161,53.35293719999141,52.38859486411696,3.0,4.0,1,1
0.11864406779661017,0.03539509250787618,0.11141738855470101,0.11165275093098564,0.0002353623762846313,2.0,1.9875365880725446,-0.01246341192745537,53.79333120192734,52.79528880524053,3.0,4.0,1,1
0.11864406779661017,0.03932677251662197,0.11272534832144562,0.1130129600518966,0.00028761173045097066,2.0,1.9886127057950953,-0.011387294204904697,54.28238597482722,53.24396405170098,3.0,4.0,1,1
0.11864406779661017,0.04369518277795103,0.11416323366011277,0.11451194485678137,0.0003487111966685996,2.0,1.9898009482305503,-0.010199051769449685,54.8174857104083,53.738578814421466,3.0,4.0,1,1
0.11864406779661017,0.048548835203589866,0.11574564447464976,0.11616242771243578,0.000416783237786017,2.0,1.991112090653042,-0.008887909346958045,55.410221497981425,54.283381043978146,3.0,4.0,1,1
0.11864406779661017,0.05394163039900783,0.11748185901610798,0.117977980468114,0.0004961214520060181,2.0,1.9925577869231357,-0.0074422130768643235,56.05805451736963,54.88291071230133,3.0,4.0,1,1
0.11864406779661017,0.059933456238472516,0.11938632045851541,0.1199730094516854,0.0005866889931699926,2.0,1.9941505552094905,-0.005849444790509528,56.769658443415885,55.541997054738,3.0,4.0,1,1
0.11864406779661017,0.06659085292970618,0.12147417846541418,0.12216272052379673,0.0006885420583825491,2.0,1.9959037898399408,-0.004096210160059233,57.55462562681562,56.26574953863588,3.0,4.0,1,1
0.11864406779661017,0.07398775195379542,0.12375790341375577,0.12456305990191986,0.0008051564881640938,2.0,1.9978317520522986,-0.0021682479477014294,58.414703956417426,57.05954112563225,3.0,4.0,1,1
0.11864406779661017,0.0822062970864025,0.12625019515083458,0.12719062606727452,0.0009404309164399438,2.0,1.9999495695461527,-5.0430453847338796e-05,59.35107891423441,57.92898227316452,3.0,4.0,1,1
0.11864406779661017,0.09133775661785326,0.12896904816461197,0.1300625479403238,0.0010934997757118259,2.0,2.0022731553704953,0.002273155370495328,60.3788864491894,58.87988404703514,3.0,4.0,1,1
0.11864406779661017,0.10148353690245611,0.1319274644484512,0.13319632425260491,0.001268859804153727,2.0,2.004819182946813,0.004819182946813161,61.49981484987644,59.91820862567557,3.0,4.0,1,1
0.11864406779661017,0.112756308492682,0.1351407709253393,0.13660961933987376,0.0014688484145344571,2.0,2.0076049868657724,0.0076049868657723785,62.72376083439568,61.05000548719465,3.0,4.0,1,1
0.11864406779661017,0.1252812573641112,0.13862127554981146,0.14032001119418752,0.0016987356443760593,2.0,2.0106483678682716,0.010648367868271613,64.0495883567441,62.281331799682235,3.0,4.0,1,1
0.11864406779661017,0.13919747512620373,0.14238301862999334,0.144344688082257,0.00196166945226367,2.0,2.013967499055435,0.013967499055434818,65.48678978364984,63.61815557728328,3.0,4.0,1,1
0.11864406779661017,0.1546595036574134,0.1464380515929614,0.1487000922002184,0.0022620406072570154,2.0,2.017580633208855,0.017580633208854834,67.04101202042833,65.06624086743125,3.0,4.0,1,1
0.11864406779661017,0.1718390513180699,0.15079686722857724,0.15340151002473967,0.002604642796162432,2.0,2.021505889773835,0.02150588977383494,68.71745334166377,66.63101452382347,3.0,4.0,1,1
0.11864406779661017,0.1909268997998548,0.15546796271619354,0.15846261253454452,0.002994649818350986,2.0,2.025760875316337,0.025760875316337195,70.52069779206983,68.31741528713592,3.0,4.0,1,1
0.11864406779661017,0.21213502278774823,0.16045961729743888,0.16389495105863297,0.0034353337611940926,2.0,2.0303623107902244,0.030362310790224445,72.46225723570984,70.12972662968062,3.0,4.0,1,1
0.11864406779661017,0.23569893996253266,0.16577162233411227,0.16970741859382296,0.003935796259710689,2.0,2.0353256918606357,0.03532569186063572,74.53538920126088,72.07139619764243,3.0,4.0,1,1
0.11864406779661017,0.26188033248543857,0.17140615437308088,0.17590569165131115,0.00449953727823027,2.0,2.040664663125063,0.040664663125062894,76.74716404373966,74.14484636056663,3.0,4.0,1,1
0.11864406779661017,0.2909699490103167,0.17735545776438705,0.18249167043933132,0.005136212674944268,2.0,2.046390628610971,0.046390628610970985,79.08608603984274,76.351281389748,3.0,4.0,1,1
0.11864406779661017,0.32329083449507945,0.22912552478810866,0.18946294187761448,-0.03966258291049418,2.5,2.0525120818580045,-0.4474879181419955,84.5345060954156,78.69049897314788,3.0,4.0,3,1
0.11864406779661017,0.35920191766889,0.23746533493716618,0.19681229170579193,-0.04065304323137425,2.5,2.059034137398704,-0.440965862601296,87.36064789796308,81.16071469437651,3.0,4.0,3,1
0.11864406779661017,0.39910199699451043,0.2461283586176469,0.20452729656890783,-0.04160106204873906,2.5,2.0659578783728656,-0.4340421216271344,90.31331854714989,83.75840958906848,3.0,4.0,3,3
0.11864406779661017,0.4434341693905757,0.2550856386129031,0.21259002637203264,-0.04249561224087048,2.5,2.07327990725753,-0.42672009274247014,93.39704624348165,86.47821123003318,3.0,4.0,3,3
0.11864406779661017,0.4926907508954772,0.26430002042415,0.22097688800291704,-0.04332313242123298,2.5,2.0809917913924445,-0.4190082086075555,96.60251070347677,89.31281916103225,3.0,4.0,3,3
0.11864406779661017,0.5474187439176361,0.27373225002738905,0.2296586358023264,-0.044073614225062646,2.5,2.08907973812311,-0.4109202618768899,99.93364387024592,92.25298404861857,3.0,4.0,3,3
0.11864406779661017,0.6082259117868763,0.2833331239120668,0.2386005700062614,-0.04473255390580538,2.5,2.0975242690066813,-0.4024757309933187,103.35790633149294,95.28754881742213,3.0,4.0,3,3
0.11864406779661017,0.6757875280657863,0.29304821236282885,0.247762933167274,-0.04528527919555486,2.5,2.1063001612608794,-0.3936998387391206,106.85329841960619,98.40355656723898,3.0,4.0,3,3
0.11864406779661017,0.7508538755732771,0.3028349606445556,0.25710150559772477,-0.04573345504683085,2.5,2.1153764639457227,-0.38462353605427735,110.44309942156997,101.5864272569216,3.0,4.0,3,3
0.11864406779661017,0.8342585783982197,0.3126252233074382,0.2665683868741367,-0.046056836433301496,2.5,2.1247167215042286,-0.37528327849577137,114.05055557636032,104.82020050199645,3.0,4.0,3,3
0.11864406779661017,0.9269278594315465,0.32237490562646653,0.2761129377150654,-0.046261967911401136,2.5,2.134279467957095,-0.3657205320429049,117.69816208383959,108.08783746121189,3.0,4.0,3,3
0.11864406779661017,1.029890826223217,0.33202286036904116,0.28568284575712544,-0.046340014611915725,2.5,2.144018881348894,-0.35598111865110615,121.34021754133933,111.37157082194797,3.0,4.0,3,3
0.11864406779661017,1.1442908993901826,0.3415286633507765,0.29522526965856827,-0.046303393692208206,2.5,2.153885540139164,-0.3461144598608361,125.00515689588418,114.65328854272668,3.0,4.0,3,3
0.11864406779661017,1.2713985104896872,0.35083322782833937,0.30468800699319093,-0.04614522083514844,2.5,2.163827461033362,-0.3361725389666379,128.61843492679427,117.91493323772407,3.0,4.0,3,3
0.11864406779661017,1.412625210369881,0.3598920000405443,0.31402063321249163,-0.04587136682805265,2.5,2.1737912016105843,-0.32620879838941574,132.16616420482052,121.13889934437567,3.0,4.0,3,3
0.11864406779661017,1.5695393446732664,0.3686772212732237,0.3231755596465235,-0.04550166162670022,2.5,2.1837229859665976,-0.31627701403340236,135.6848663975882,124.30840970863953,3.0,4.0,3,3
0.11864406779661017,1.7438834705720385,0.3771399635726225,0.33210896278127383,-0.045031000791348696,2.5,2.1935699312714867,-0.3064300687285133,139.08016169355471,127.40785397314387,3.0,4.0,3,3
0.11864406779661017,1.9375937081510104,0.3852598038920093,0.34078155120939363,-0.04447825268261568,2.5,2.2032811765966485,-0.29671882340335154,142.376102289996,130.42307611494698,3.0,4.0,3,3
0.11864406779661017,2.1528212413383825,0.39301849842327635,0.3491591448776953,-0.04385935354558107,2.5,2.2128088963974744,-0.28719110360252564,145.58629066011417,133.34160034745406,3.0,4.0,3,3
0.11864406779661017,2.3919562071557467,0.40039224702873155,0.35721305409618026,-0.04317919293255129,2.5,2.2221092892286842,-0.2778907107713158,148.64904660587024,136.15278969683362,3.0,4.0,3,3
0.11864406779661017,2.657654238581348,0.40737423673362,0.36492026102535985,-0.04245397570826015,2.5,2.231143266492291,-0.2688567335077088,151.58145772836036,138.84793583415018,3.0,4.0,3,3
0.11864406779661017,2.952865955789426,0.41395515158239027,0.37226341361903975,-0.04169173796335052,2.5,2.239877077593702,-0.260122922406298,154.35871990335173,141.4202829385222,3.0,4.0,3,3
0.11864406779661017,3.2808697332707224,0.42014629304684714,0.379230655569728,-0.04091563747711913,2.5,2.2482825833605613,-0.2517174166394387,157.04245465571128,143.86499170194497,3.0,4.0,3,3
0.11864406779661017,3.64530810671838,0.42593557959398903,0.3858153151396401,-0.04012026445434891,2.5,2.256337473250461,-0.24366252674953914,159.53607835703718,146.1790512736212,3.0,4.0,3,3
0.11864406779661017,4.050228223983634,0.4313382186995161,0.39201548668605857,-0.03932273201345754,2.5,2.264025197998855,-0.23597480200114518,161.88597568319608,148.36114984503809,3.0,4.0,3,3
0.11864406779661017,4.500126789315846,0.43636461720955516,0.3978335337789908,-0.03853108343056438,2.5,2.2713347760145566,-0.22866522398544342,164.09333410122497,150.41151405450705,3.0,4.0,3,3
0.11864406779661017,5.000000000000001,0.4410316458845157,0.40327554456760606,-0.03775610131690965,2.5,2.278260454669363,-0.221739545330637,166.19135288118875,152.33172789632167,3.0,4.0,3,3
0.13559322033898305,0.01,0.10265152830282663,0.10310805820905389,0.0004565299062272571,2.0,1.9891867368482061,-0.010813263151793873,50.7139818186507,49.97752066702569,3.0,4.0,1,1
0.13559322033898305,0.011110798059892322,0.1030933868665171,0.10356782552524246,0.0004744386587253596,2.0,1.9895487399480778,-0.010451260051922207,50.87802918340256,50.12886809396359,3.0,4.0,1,1
0.13559322033898305,0.012344983352770704,0.10358293767652381,0.10407744712048739,0.0004945094439635783,2.0,1.9899502882675744,-0.010049711732425637,51.05984683479872,50.29664509946796,3.0,4.0,1,1
0.13559322033898305,0.013716261708536773,0.10412516022191344,0.10464218117088461,0.0005170209489711725,2.0,1.9903955463261818,-0.009604453673818236,51.2613048716546,50.482588780373106,3.0,4.0,1,1
0.13559322033898305,0.015239861398018572,0.10472747211657918,0.10526780640661745,0.0005403342900382746,2.0,1.9908892366918742,-0.009110763308125769,51.489346804803674,50.68860919368823,3.0,4.0,1,1
0.13559322033898305,0.016932702245413263,0.10539195758068431,0.10596066580398572,0.0005687082233014062,2.0,1.9914364592172211,-0.008563540782778878,51.73654353849415,50.91680410702626,3.0,4.0,1,1
0.13559322033898305,0.018813583525707212,0.1061270941235641,0.10672771204800782,0.0006006179244437276,2.0,1.9920428818848457,-0.007957118115154316,52.01016769448392,51.16947441672265,3.0,4.0,1,1
0.13559322033898305,0.020903392733704982,0.10694001492245768,0.10757655439026448,0.0006365394678067987,2.0,1.9927147107780918,-0.007285289221908187,52.312920569475025,51.44914011376226,3.0,4.0,1,1
0.13559322033898305,0.023225337543081658,0.10783848731787511,0.1085155062872688,0.0006770189693936918,2.0,1.993458779371577,-0.0065412206284229946,52.64775130478393,51.75855662089486,3.0,4.0,1,1
0.13559322033898305,0.02580520353140161,0.10883235689561244,0.10955363307701048,0.0007212761813980423,2.0,1.9942825257545342,-0.005717474245465759,53.02104180851593,52.10073127141778,3.0,4.0,1,1
0.13559322033898305,0.028671640533182347,0.10992797212733631,0.11070079861700044,0.0007728264896641329,2.0,1.9951941682898915,-0.00480583171010851,53.430045659475084,52.47893960164927,3.0,4.0,1,1
0.13559322033898305,0.031856480801001244,0.11113659974480043,0.11196770970065925,0.0008311099558588192,2.0,1.9962026153865744,-0.003797384613425603,53.88163150417163,52.89674108730211,3.0,4.0,1,1
0.13559322033898305,0.03539509250787618,0.11247034983600504,0.11336595651675488,0.0008956066807498386,2.0,1.9973176510247874,-0.0026823489752125784,54.38339032414496,53.35799378481354,3.0,4.0,1,1
0.13559322033898305,0.03932677251662197,0.11393771144217607,0.11490804730467119,0.0009703358624951197,2.0,1.9985498593538078,-0.0014501406461921995,54.93287933824134,53.866867290461606,3.0,4.0,1,1
0.13559322033898305,0.04369518277795103,0.11555232303524662,0.11660743469985607,0.0010551116646094483,2.0,1.9999107919342356,-8.920806576440121e-05,55.53821675901591,54.427853234527355,3.0,4.0,1,1
0.13559322033898305,0.048548835203589866,0.11732870498211229,0.11847853102271268,0.0011498260406003907,2.0,2.0014129081740983,0.0014129081740983374,56.208404817071695,55.04577241675824,3.0,4.0,1,1
0.13559322033898305,0.05394163039900783,0.11927747115293748,0.12053670908255744,0.0012592379296199607,2.0,2.003069683531067,0.003069683531066847,56.941158972555016,55.72577750516921,3.0,4.0,1,1
0.13559322033898305,0.059933456238472516,0.1214161839736242,0.12279828466790726,0.0013821006942830588,2.0,2.0048956299608114,0.004895629960811387,57.75026708355054,56.47335002590647,3.0,4.0,1,1
0.13559322033898305,0.06659085292970618,0.12375831384856091,0.1252804763957977,0.0015221625472367911,2.0,2.0069062785187275,0.006906278518727493,58.63787550446459,57.29429026259304,3.0,4.0,1,1
0.13559322033898305,0.07398775195379542,0.1263176956976896,0.1280013379916865,0.0016836422939968954,2.0,2.009118209785084,0.00911820978508393,59.60560355348679,58.194698427223344,3.0,4.0,1,1
0.13559322033898305,0.0822062970864025,0.1291136605758666,0.13097965772399803,0.001865997148131432,2.0,2.0115490581782076,0.011549058178207616,60.6692698186742,59.18094533101688,3.0,4.0,1,1
0.13559322033898305,0.09133775661785326,0.13216068386152754,0.13423481958539757,0.002074135723870024,2.0,2.0142174171865923,0.014217417186592307,61.831150353271276,60.25963074871466,3.0,4.0,1,1
0.13559322033898305,0.10148353690245611,0.13547578879176086,0.13778662034500708,0.002310831553246212,2.0,2.017142845783383,0.0171428457833831,63.101934293463565,61.437527441765596,3.0,4.0,1,1
0.13559322033898305,0.112756308492682,0.13907311262511882,0.14165503736886975,0.002581924743750935,2.0,2.0203456674818887,0.020345667481888707,64.48117785854774,62.72150901891169,3.0,4.0,1,1
0.13559322033898305,0.1252812573641112,0.14296879348031255,0.14585994198043964,0.0028911485001270887,2.0,2.023846941499506,0.02384694149950617,65.97934239528573,64.1184597728858,3.0,4.0,1,1
0.13559322033898305,0.13919747512620373,0.1471771664632454,0.15042075497770171,0.0032435885144563026,2.0,2.027668188122335,0.027668188122334847,67.60308366703033,65.6351650677842,3.0,4.0,1,1
0.13559322033898305,0.1546595036574134,0.15171120740715083,0.1553560418097142,0.003644834402563385,2.0,2.0318312056537255,0.03183120565372555,69.35870754970485,67.2781811981987,3.0,4.0,1,1
0.13559322033898305,0.1718390513180699,0.156582079450608,0.16068304794392282,0.004100968493314816,2.0,2.036357695952757,0.03635769595275695,71.25200158406012,69.05368446524749,3.0,4.0,1,1
0.13559322033898305,0.1909268997998548,0.16180093922693303,0.16641717715477727,0.004616237927844241,2.0,2.0412689785589473,0.04126897855894729,73.29597491938082,70.96729993929041,3.0,4.0,1,1
0.13559322033898305,0.21213502278774823,0.1673704530448531,0.17257142006053702,0.005200967015683927,2.0,2.0465855837101126,0.046585583710112566,75.48503210501332,73.02391181154668,3.0,4.0,1,1
0.13559322033898305,0.23569893996253266,0.21564120358537556,0.1791557443831257,-0.036485459202249854,2.5,2.052326673589415,-0.4476733264105852,80.53056122245108,75.22745852483091,3.0,4.0,3,1
0.13559322033898305,0.26188033248543857,0.22365763224631327,0.1861764628232453,-0.03748116942306798,2.5,2.0585095762624412,-0.44149042373755876,83.21621348127242,77.58071746373632,3.0,4.0,3,1
0.13559322033898305,0.2909699490103167,0.2320888621643325,0.19363560055355727,-0.038453261610775225,2.5,2.065149137121626,-0.43485086287837404,86.05966336606303,80.08508587319785,3.0,4.0,3,1
0.13559322033898305,0.32329083449507945,0.24092684295861116,0.20153028864619713,-0.03939655431241404,2.5,2.072257099015406,-0.4277429009845939,89.08764340540658,82.74036640138463,3.0,4.0,3,3
0.13559322033898305,0.35920191766889,0.25013950689661235,0.2098522143116408,-0.040287292584971546,2.5,2.0798414505668927,-0.42015854943310726,92.26418199669885,85.54456719838785,3.0,4.0,3,3
0.13559322033898305,0.39910199699451043,0.25970304969009295,0.21858716244276916,-0.04111588724732379,2.5,2.087905690493063,-0.41209430950693715,95.60511741215812,88.49372806459643,3.0,4.0,3,3
0.13559322033898305,0.4434341693905757,0.26957444501253636,0.22771468310409226,-0.04185976190844409,2.5,2.096448215050623,-0.4035517849493768,99.08344465482801,91.58178453621245,3.0,4.0,3,3
0.13559322033898305,0.4926907508954772,0.2797214687609528,0.23720791905718433,-0.042513549703768444,2.5,2.105461746401853,-0.3945382535981472,102.72449104858387,94.80048186516034,3.0,4.0,3,3
0.13559322033898305,0.5474187439176361,0.29008299414914723,0.24703362381788305,-0.043049370331264186,2.5,2.1149327780876783,-0.3850672219123217,106.46278128720427,98.13935031730647,3.0,4.0,3,3
0.13559322033898305,0.6082259117868763,0.300616878099431,0.25715239212718316,-0.043464485972247835,2.5,2.124841190699954,-0.37515880930004597,110.32053712491705,101.5857505401218,3.0,4.0,3,3
0.13559322033898305,0.6757875280657863,0.31126689677174435,0.2675191147911162,-0.043747781980628175,2.5,2.1351600516238256,-0.3648399483761744,114.28825970563378,105.12499471526594,3.0,4.0,3,3
0.13559322033898305,0.7508538755732771,0.3219675683168984,0.27808365885853337,-0.04388390945836501,2.5,2.145855562883663,-0.35414443711633714,118.30999985089863,108.74054625809673,3.0,4.0,3,3
0.13559322033898305,0.8342585783982197,0.3326624032934731,0.288791756383411,-0.043870646910062094,2.5,2.1568873241660196,-0.3431126758339804,122.38291487989734,112.4142940899455,3.0,4.0,3,3
0.13559322033898305,0.9269278594315465,0.34329924722422245,0.29958607627110456,-0.043713170953117886,2.5,2.1682085980894055,-0.33179140191059453,126.52164517620605,116.12689529099055,3.0,4.0,3,3
0.13559322033898305,1.029890826223217,0.35380468169681106,0.3104074319964956,-0.04339724970031544,2.5,2.1797671536623975,-0.3202328463376025,130.63264060830102,119.85817165117041,3.0,4.0,3,3
0.13559322033898305,1.1442908993901826,0.3641344195609318,0.32119607850128384,-0.042938341059647944,2.5,2.191505994996988,-0.30849400500301183,134.75187997343252,123.58754574929743,3.0,4.0,3,3
0.13559322033898305,1.2713985104896872,0.3742291338804376,0.33189303217097016,-0.042336101709467444,2.5,2.2033646089665133,-0.2966353910334867,138.8111135977771,127.29449437408768,3.0,4.0,3,3
0.13559322033898305,1.412625210369881,0.38404567615325264,0.34244135950170423,-0.0416043166515484,2.5,2.2152800364827283,-0.2847199635172717,142.81188017344604,130.95900100074095,3.0,4.0,3,3
0.13559322033898305,1.5695393446732664,0.3935467023102592,0.35278736781864073,-0.04075933449161845,2.5,2.2271883712091958,-0.27281162879080423,146.76076885296357,134.56198335788113,3.0,4.0,3,3
0.13559322033898305,1.7438834705720385,0.40268911357424025,0.36288165446192544,-0.039807459112314814,2.5,2.2390260368469175,-0.2609739631530825,150.58786596442167,138.08568024124804,3.0,4.0,3,3
0.13559322033898305,1.9375937081510104,0.41144401956872734,0.3726799654516005,-0.038764054117126856,2.5,2.250731310143602,-0.24926868985639805,154.28374175609207,141.51397819702828,3.0,4.0,3,3
0.13559322033898305,2.1528212413383825,0.4198013281629129,0.38214384623665587,-0.03765748192625701,2.5,2.2622454760770787,-0.2377545239229213,157.900604134588,144.83267056120818,3.0,4.0,3,3
0.13559322033898305,2.3919562071557467,0.4277289097145959,0.3912410614679325,-0.036487848246663346,2.5,2.273514123121277,-0.2264858768787228,161.33185059855506,148.02963797592528,3.0,4.0,3,3
0.13559322033898305,2.657654238581348,0.4352250349318665,0.3999457941204883,-0.035279240811378176,2.5,2.284488067828353,-0.2155119321716472,164.61538512516293,151.09495230535444,3.0,4.0,3,3
0.13559322033898305,2.952865955789426,0.44228549619884233,0.40823863306069935,-0.03404686313814298,2.5,2.2951241309405312,-0.20487586905946875,167.74457746517388,154.02090501746264,3.0,4.0,3,3
0.13559322033898305,3.2808697332707224,0.4489153275066143,0.4161063740493967,-0.03280895345721757,2.5,2.30538562926231,-0.19461437073768995,170.746876117633,156.8019668637473,3.0,4.0,3,3
0.13559322033898305,3.64530810671838,0.45511154180111724,0.4235416613735859,-0.03156988042753134,2.5,2.3152428091387276,-0.1847571908612724,173.55709006985356,159.43468827545036,3.0,4.0,3,3
0.13559322033898305,4.050228223983634,0.46088342604753124,0.4305425128895886,-0.03034091315794263,2.5,2.3246727400284732,-0.17532725997152676,176.18429464914968,161.91755318056414,3.0,4.0,3,3
0.13559322033898305,4.500126789315846,0.4662515414903667,0.43711175362329097,-0.029139787867075717,2.5,2.3336592590319936,-0.16634074096800644,178.68462265761767,164.25079657411865,3.0,4.0,3,3
0.13559322033898305,5.000000000000001,0.4712223585874381,0.4432563989848585,-0.027965959602579582,2.5,2.342192584084115,-0.15780741591588487,180.99442770763227,166.4361989816264,3.0,4.0,3,3
0.15254237288135594,0.01,0.10262042784439389,0.10361047492279071,0.0009900470783968246,2.0,1.998042095295387,-0.0019579047046129894,50.87394704612983,50.14040628291897,3.0,4.0,1,1
0.15254237288135594,0.011110798059892322,0.10311032117884267,0.10412449710192596,0.0010141759230832964,2.0,1.9984502809355043,-0.001549719064495747,51.056987367216045,50.30963293497886,3.0,4.0,1,1
0.15254237288135594,0.012344983352770704,0.10365306155515024,0.10469425306980557,0.0010411915146553291,2.0,1.9989030565891885,-0.0010969434108114573,51.25985132590286,50.497230981376745,3.0,4.0,1,1
0.15254237288135594,0.013716261708536773,0.1042541597882234,0.10532562029170625,0.001071460503482849,2.0,1.9994052296562592,-0.0005947703437407803,51.4846241765291,50.70514303939122,3.0,4.0,1,1
0.15254237288135594,0.015239861398018572,0.10491965773833437,0.10602505792159937,0.0011054001832650068,2.0,1.9999620273069019,-3.797269309813167e-05,51.73359632716288,50.93550520235643,3.0,4.0,1,1
0.15254237288135594,0.016932702245413263,0.10565815273519687,0.10679965554995631,0.001141502814759443,2.0,2.000579277303769,0.0005792773037689436,52.014367048143185,51.1906635473705,3.0,4.0,1,1
0.15254237288135594,0.018813583525707212,0.106472929368928,0.10765718396044262,0.0011842545915146246,2.0,2.001263386622305,0.0012633866223050738,52.31963323561663,51.4731913975586,3.0,4.0,1,1
0.15254237288135594,0.020903392733704982,0.10737383438212265,0.10860614741076624,0.0012323130286435863,2.0,2.0020213651121606,0.002021365112160556,52.657385364859564,51.78590720323718,3.0,4.0,1,1
0.15254237288135594,0.023225337543081658,0.1083708481766609,0.10965583676316268,0.0012849885865017785,2.0,2.0028609427216004,0.0028609427216004235,53.03407805739736,52.131892840301276,3.0,4.0,1,1
0.15254237288135594,0.02580520353140161,0.10947051311130514,0.1108163826236331,0.0013458695123279574,2.0,2.0037905931938447,0.0037905931938446713,53.44705415461839,52.51451207252998,3.0,4.0,1,1
0.15254237288135594,0.028671640533182347,0.11068430060276695,0.11209880733004361,0.0014145067272766654,2.0,2.0048195980838504,0.004819598083850352,53.903284416944416,52.93742882359561,3.0,4.0,1,1
0.15254237288135594,0.031856480801001244,0.11202310694714723,0.11351507435340417,0.0014919674062569416,2.0,2.005958114878741,0.005958114878740872,54.40698841886123,53.404624816262476,3.0,4.0,1,1
0.15254237288135594,0.03539509250787618,0.11350015261412305,0.11507813331932391,0.0015779807052008626,2.0,2.0072172050597152,0.007217205059715237,54.96635826818939,53.920416021112295,3.0,4.0,1,1
0.15254237288135594,0.03932677251662197,0.11512504613678658,0.11680195840974826,0.0016769122729616837,2.0,2.008608944265871,0.008608944265871,55.579193835387926,54.48946721731052,3.0,4.0,1,1
0.15254237288135594,0.04369518277795103,0.11691422913151993,0.118701577497329,0.0017873483658090716,2.0,2.0101464314619086,0.010146431461908634,56.2582100827526,55.11680381596608,3.0,4.0,1,1
0.15254237288135594,0.048548835203589866,0.11887886939488344,0.12079308877361182,0.0019142193787283768,2.0,2.0118439225829214,0.01184392258292144,57.00134905413106,55.80781994202442,3.0,4.0,1,1
0.15254237288135594,0.05394163039900783,0.12103717617415108,0.12309366123595271,0.00205648506180163,2.0,2.0137167723965836,0.013716772396583643,57.82270735977232,56.568281575088164,3.0,4.0,1,1
0.15254237288135594,0.059933456238472516,0.12340171855631395,0.12562151454216283,0.0022197959858488853,2.0,2.0157815403479624,0.01578154034796242,58.72023431540607,57.40432331957947,3.0,4.0,1,1
0.15254237288135594,0.06659085292970618,0.1259922691139834,0.12839587345527448,0.0024036043412910824,2.0,2.018056070123567,0.018056070123567025,59.70949880485605,58.32243725234306,3.0,4.0,1,1
0.15254237288135594,0.07398775195379542,0.1288242016512752,0.13143689159825733,0.002612689946982133,2.0,2.0205592984508267,0.020559298450826713,60.793246837122496,59.329452064615715,3.0,4.0,1,1
0.15254237288135594,0.0822062970864025,0.1319149108253151,0.13476553804958583,0.0028506272242707353,2.0,2.023311564547476,0.02331156454747596,61.97879818509984,60.43250040267127,3.0,4.0,1,1
0.15254237288135594,0.09133775661785326,0.13528009223334136,0.13840344156280193,0.0031233493294605674,2.0,2.026334249944194,0.026334249944194088,63.26807472594685,61.63897256539535,3.0,4.0,1,1
0.15254237288135594,0.10148353690245611,0.13894385314953345,0.14237268497775846,0.0034288318282250096,2.0,2.0296500007098084,0.02965000070980839,64.68955060143001,62.956454060527186,3.0,4.0,1,1
0.15254237288135594,0.112756308492682,0.14291588008160455,0.1466955449406686,0.003779664859064058,2.0,2.0332823799806654,0.03328237998066541,66.22626527013941,64.39264519970865,3.0,4.0,1,1
0.15254237288135594,0.1252812573641112,0.1472154099303736,0.15139417046439646,0.004178760534022857,2.0,2.0372559129144068,0.037255912914406775,67.89521942996284,65.95526042168734,3.0,4.0,1,1
0.15254237288135594,0.13919747512620373,0.18780244283336534,0.15649019711786624,-0.03131224571549909,2.5,2.0415957507153517,-0.4584042492846483,71.80754848603608,67.65190594898476,3.0,4.0,1,1
0.15254237288135594,0.1546595036574134,0.1942450118398217,0.16200429370044422,-0.03224071813937748,2.5,2.0463275274552877,-0.4536724725447123,73.91250787937231,69.48993438388216,3.0,4.0,1,1
0.15254237288135594,0.1718390513180699,0.20114516171221242,0.16795564230876045,-0.03318951940345197,2.5,2.051476944866591,-0.4485230551334092,76.18287533091377,71.4762760123773,3.0,4.0,3,1
0.15254237288135594,0.1909268997998548,0.2085134056628965,0.17436135488010457,-0.03415205078279193,2.5,2.0570694852038294,-0.4429305147961706,78.63503873083758,73.61724735041027,3.0,4.0,3,1
0.15254237288135594,0.21213502278774823,0.21635143558310513,0.18123583473825694,-0.03511560084484819,2.5,2.0631298476771924,-0.43687015232280757,81.26128634268,75.91833901821998,3.0,4.0,3,1
0.15254237288135594,0.23569893996253266,0.22465418883035185,0.18859009531432758,-0.03606409351602427,2.5,2.0696814946306414,-0.43031850536935856,84.0611073142248,78.38398637299152,3.0,4.0,3,1
0.15254237288135594,0.26188033248543857,0.2334205168406643,0.1964310551067836,-0.03698946173388071,2.5,2.076745958050015,-0.42325404194998484,87.05145818706316,81.01732842676121,3.0,4.0,3,1
0.15254237288135594,0.2909699490103167,0.24263676125950373,0.20476083232748435,-0.03787592893201938,2.5,2.0843422516772994,-0.41565774832270064,90.23848794035362,83.8199622707649,3.0,4.0,3,3
0.15254237288135594,0.32329083449507945,0.252276985767066,0.2135760698698635,-0.03870091589720248,2.5,2.092486058839132,-0.40751394116086814,93.59493745980393,86.79170257806962,3.0,4.0,3,3
0.15254237288135594,0.35920191766889,0.2623168039473347,0.22286732445432697,-0.03944947949300773,2.5,2.101188998803264,-0.39881100119673585,97.12887645251044,89.93035719275433,3.0,4.0,3,3
0.15254237288135594,0.39910199699451043,0.27272558598552393,0.23261855837178907,-0.04010702761373486,2.5,2.110457833204419,-0.38954216679558096,100.84414182327161,93.23153151763951,3.0,4.0,3,3
0.15254237288135594,0.4434341693905757,0.2834622713153713,0.24280677296481526,-0.04065549835055601,2.5,2.120293728215621,-0.3797062717843791,104.73857407395793,96.6884752302366,3.0,4.0,3,3
0.15254237288135594,0.4926907508954772,0.2944729313024342,0.253401822928719,-0.04107110837371519,2.5,2.1306913437205375,-0.3693086562794625,108.76794548320733,100.29198515449654,3.0,4.0,3,3
0.15254237288135594,0.5474187439176361,0.3057111842915443,0.26436644111935265,-0.04134474317219167,2.5,2.14163845856092,-0.35836154143908017,112.95168672164378,104.03037562151844,3.0,4.0,3,3
0.15254237288135594,0.6082259117868763,0.3171160227185183,0.27565650407268366,-0.041459518645834637,2.5,2.1531151824747217,-0.34688481752527833,117.24986337134091,107.88952833175651,3.0,4.0,3,3
0.15254237288135594,0.6757875280657863,0.32862167150273836,0.2872215456955956,-0.04140012580714275,2.5,2.165093803452329,-0.3349061965476712,121.63448496864534,111.8530263403603,3.0,4.0,3,3
0.15254237288135594,0.7508538755732771,0.34017568560299594,0.29900552357936616,-0.041170162023629775,2.5,2.177538487786661,-0.32246151221333896,126.13298816320861,115.90237640480517,3.0,4.0,3,3
0.15254237288135594,0.8342585783982197,0.35169784070311094,0.31094781737809246,-0.04075002332501848,2.5,2.1904054566752174,-0.30959454332478265,130.65130814349243,120.01731533731753,3.0,4.0,3,3
0.15254237288135594,0.9269278594315465,0.36313536549694686,0.32298442763618845,-0.04015093786075841,2.5,2.2036434002860923,-0.2963565997139077,135.21593586531998,124.17619204343428,3.0,4.0,3,3
0.15254237288135594,1.029890826223217,0.3744217962396455,0.3350493295430406,-0.03937246669660488,2.5,2.2171939980820765,-0.2828060019179235,139.79525187208785,128.35641209325698,3.0,4.0,3,3
0.15254237288135594,1.1442908993901826,0.38549812495825525,0.3470759197179887,-0.03842220524026657,2.5,2.230992864107248,-0.26900713589275194,144.34880015022796,132.53492526293078,3.0,4.0,3,3
0.15254237288135594,1.2713985104896872,0.3963136968871965,0.358998489710166,-0.03731520717703046,2.5,2.2449707844294617,-0.25502921557053826,148.8866616969394,136.68873407819706,3.0,4.0,3,3
0.15254237288135594,1.412625210369881,0.406807066528738,0.3707536596224969,-0.03605340690624109,2.5,2.259055035584607,-0.24094496441539315,153.31394917975373,140.7954005319189,3.0,4.0,3,3
0.15254237288135594,1.5695393446732664,0.41694346061067844,0.38228170510801046,-0.03466175550266798,2.5,2.2731708632200034,-0.2268291367799966,157.65221467993857,144.83352704707548,3.0,4.0,3,3
0.15254237288135594,1.7438834705720385,0.42669507441572396,0.393527718986831,-0.033167355428892986,2.5,2.2872431738709573,-0.21275682612904268,161.93143620706172,148.78318975707643,3.0,4.0,3,3
0.15254237288135594,1.9375937081510104,0.4360161288330711,0.4044425642893042,-0.03157356454376692,2.5,2.3011981723946526,-0.19880182760534737,166.0358364622415,152.6263066554116,3.0,4.0,3,3
0.15254237288135594,2.1528212413383825,0.44488873454680855,0.41498359108039556,-0.029905143466412987,2.5,2.3149648804042964,-0.18503511959570362,169.97751454089175,156.34692884136052,3.0,4.0,3,3
0.15254237288135594,2.3919562071557467,0.45331013837285744,0.42511509687875215,-0.02819504149410529,2.5,2.328476658335422,-0.17152334166457806,173.81815529498982,159.9314440552448,3.0,4.0,3,3
0.15254237288135594,2.657654238581348,0.46125882577445065,0.43480854178449024,-0.02645028398996041,2.5,2.341672441572883,-0.15832755842711688,177.46314826378412,163.36869525891953,3.0,4.0,3,3
0.15254237288135594,2.952865955789426,0.46873215069207746,0.4440425243927349,-0.02468962629934257,2.5,2.35449780279887,-0.1455021972011301,180.91449523484275,166.65001206121468,3.0,4.0,3,3
0.15254237288135594,3.2808697332707224,0.47574099687946725,0.45280255470688635,-0.022938442172580897,2.5,2.366905662539649,-0.13309433746035104,184.22404393167088,169.76916760704145,3.0,4.0,3,3
0.15254237288135594,3.64530810671838,0.4822837519907701,0.4610806510253964,-0.0212031009653737,2.5,2.3788568101357677,-0.12114318986423234,187.3205337581464,172.72226802238026,3.0,4.0,3,3
0.15254237288135594,4.050228223983634,0.4883757713774103,0.4688748008584125,-0.019500970518997796,2.5,2.390320146450541,-0.10967985354945897,190.23798045362778,175.5075880349201,3.0,4.0,3,3
0.15254237288135594,4.500126789315846,0.49403168152508053,0.47618832843838405,-0.01784335308669649,2.5,2.4012725649925426,-0.0987274350074574,192.9909717642267,178.12536715083982,3.0,4.0,3,3
0.15254237288135594,5.000000000000001,0.4992675460436562,0.4830292028019773,-0.016238343241678888,2.5,2.4116987004934356,-0.0883012995065644,195.5575219405363,180.57757936618034,3.0,4.0,3,3
0.1694915254237288,0.01,0.10258854901380403,0.10411265245728077,0.0015241034434767403,2.0,2.006997088203207,0.0069970882032071025,51.03293905847958,50.303191714116835,3.0,4.0,1,1
0.1694915254237288,0.011110798059892322,0.10312560601155737,0.1046809003191182,0.0015552943075608228,2.0,2.0074523309187504,0.007452330918750416,51.23485707425003,50.49028743593042,3.0,4.0,1,1
0.1694915254237288,0.012344983352770704,0.10372056571655246,0.1053107575545285,0.0015901918379760405,2.0,2.0079573548282506,0.007957354828250551,51.45863879266175,50.697695457810525,3.0,4.0,1,1
0.1694915254237288,0.013716261708536773,0.10437945874856133,0.10600872034251348,0.0016292615939521443,2.0,2.008517456776463,0.008517456776463206,51.706583040823936,50.9275638688257,3.0,4.0,1,1
0.1694915254237288,0.015239861398018572,0.10510889514908249,0.10678192755466423,0.0016730324055817397,2.0,2.0091385963663932,0.009138596366393248,51.98121457417904,51.18225474871013,3.0,4.0,1,1
0.1694915254237288,0.016932702245413263,0.1059174588458835,0.1076382145934383,0.0017207557475548002,2.0,2.0098272616858606,0.009827261685860567,52.2882871550203,51.464362444559285,3.0,4.0,1,1
0.1694915254237288,0.018813583525707212,0.10681037036120707,0.1085861694065731,0.0017757990453660388,2.0,2.0105905606993484,0.010590560699348384,52.62494552959049,51.77673268187387,3.0,4.0,1,1
0.1694915254237288,0.020903392733704982,0.10779824004839622,0.10963519013142654,0.0018369500830303226,2.0,2.0114364283392216,0.01143642833922165,52.99972638148962,52.122482354354666,3.0,4.0,1,1
0.1694915254237288,0.023225337543081658,0.10889054387413473,0.11079554374955243,0.001904999875417701,2.0,2.012373450485757,0.012373450485756887,53.414949846751846,52.50501980787006,3.0,4.0,1,1
0.1694915254237288,0.02580520353140161,0.11009531541936711,0.11207842459395737,0.0019831091745902557,2.0,2.013411178550451,0.01341117855045093,53.87041211591841,52.92806527330581,3.0,4.0,1,1
0.1694915254237288,0.028671640533182347,0.1114249561305916,0.11349601167750065,0.002071055546909048,2.0,2.014559993857984,0.014559993857984121,54.373555965623765,53.39567113894065,3.0,4.0,1,1
0.1694915254237288,0.031856480801001244,0.11289283698957883,0.11506152302076102,0.002168686031182185,2.0,2.0158313258085405,0.01583132580854052,54.932646015639286,53.91224149882423,3.0,4.0,1,1
0.1694915254237288,0.03539509250787618,0.11450880091875679,0.11678926516270845,0.0022804642439516604,2.0,2.017237609636505,0.017237609636505002,55.54561384415123,54.48255041877446,3.0,4.0,1,1
0.1694915254237288,0.03932677251662197,0.11628799614877236,0.11869467529706793,0.002406679148295565,2.0,2.018792380479864,0.01879238047986398,56.22135554894437,55.1117581245587,3.0,4.0,1,1
0.1694915254237288,0.04369518277795103,0.1182466105441497,0.12079435301826798,0.002547742474118278,2.0,2.0205104396853137,0.02051043968531374,56.9697827501087,55.80542415723727,3.0,4.0,1,1
0.1694915254237288,0.048548835203589866,0.12039863148881194,0.12310607831184989,0.0027074468230379456,2.0,2.0224078407743953,0.022407840774395282,57.79338912182288,56.569516433417576,3.0,4.0,1,1
0.1694915254237288,0.05394163039900783,0.12275874588855855,0.12564881155216248,0.002890065663603933,2.0,2.0245018848974734,0.024501884897473403,58.694319534162986,57.410414848443054,3.0,4.0,1,1
0.1694915254237288,0.059933456238472516,0.12534739176469145,0.12844267058541345,0.0030952788207219972,2.0,2.026811339333654,0.026811339333653983,59.688419855999186,58.33490785316978,3.0,4.0,1,1
0.1694915254237288,0.06659085292970618,0.12818077814077594,0.13150887974787576,0.003328101607099815,2.0,2.0293563659419314,0.02935636594193136,60.77880646508166,59.35018028323732,3.0,4.0,1,1
0.1694915254237288,0.07398775195379542,0.16087204669701138,0.13486968473834215,-0.02600236195866923,2.5,2.0321585146652077,-0.4678414853347923,63.509398652521284,60.46379049101655,3.0,4.0,1,1
0.1694915254237288,0.0822062970864025,0.16526187491317554,0.13854822653317508,-0.026713648380000454,2.5,2.0352408521401237,-0.46475914785987626,64.91134163056235,61.68363444003356,3.0,4.0,1,1
0.1694915254237288,0.09133775661785326,0.17003668054817503,0.14256836815303564,-0.027468312395139388,2.5,2.0386277974117553,-0.46137220258824474,66.44992768249733,63.01789472539969,3.0,4.0,1,1
0.1694915254237288,0.10148353690245611,0.17521484362380949,0.14695446649245675,-0.028260377131352737,2.5,2.0423452242335776,-0.45765477576642244,68.12006633063451,64.47497173504956,3.0,4.0,1,1
0.1694915254237288,0.112756308492682,0.18081968994901068,0.15173108358469878,-0.029088606364311903,2.5,2.04642019107123,-0.45357980892877015,69.93771477554141,66.06339499468892,3.0,4.0,1,1
0.1694915254237288,0.1252812573641112,0.18687379700172302,0.15692263040311194,-0.02995116659861108,2.5,2.050880907347892,-0.4491190926521078,71.91731495487225,67.7917120867727,3.0,4.0,1,1
0.1694915254237288,0.13919747512620373,0.19338975090985552,0.16255293933573436,-0.03083681157412116,2.5,2.0557564782619018,-0.4442435217380982,74.05693866774241,69.66835352893874,3.0,4.0,1,1
0.1694915254237288,0.1546595036574134,0.20038807745533058,0.1686447622641321,-0.03174331519119847,2.5,2.0610767699603465,-0.4389232300396535,76.37620910619113,71.70147216507135,3.0,4.0,3,1
0.1694915254237288,0.1718390513180699,0.2078832369256406,0.17521919546253956,-0.032664041463101035,2.5,2.066871859092499,-0.4331281409075012,78.89429571447505,73.8987567725089,3.0,4.0,3,1
0.1694915254237288,0.1909268997998548,0.21587198512055034,0.1822950343321785,-0.033576950788371834,2.5,2.0731717816670434,-0.4268282183329566,81.5847424107794,76.2672203726707,3.0,4.0,3,1
0.1694915254237288,0.21213502278774823,0.22436527018661204,0.18988806767494953,-0.0344772025116625,2.5,2.0800059965229596,-0.4199940034770404,84.47675713003628,78.81296552971732,3.0,4.0,3,1
0.1694915254237288,0.23569893996253266,0.23335387085876033,0.19801032551623363,-0.035343545342526705,2.5,2.0874028179910975,-0.4125971820089025,87.55917087855637,81.54093054667464,3.0,4.0,3,1
0.1694915254237288,0.26188033248543857,0.2428410043063981,0.20666930111826326,-0.03617170318813484,2.5,2.0953886836708997,-0.4046113163291003,90.87241171355262,84.45462246356229,3.0,4.0,3,3
0.1694915254237288,0.2909699490103167,0.25279500665029475,0.2158671736300358,-0.036927833020258954,2.5,2.103987478156342,-0.39601252184365787,94.36588855238604,87.55584497900112,3.0,4.0,3,3
0.1694915254237288,0.32329083449507945,0.26319845527891816,0.22560006495555537,-0.03759839032336279,2.5,2.1132196522026794,-0.3867803477973206,98.05808215487826,90.84443169291904,3.0,4.0,3,3
0.1694915254237288,0.35920191766889,0.274023975348371,0.23585736845708055,-0.03816660689129042,2.5,2.123101410386153,-0.3768985896138468,101.95494713360097,94.31799690496042,3.0,4.0,3,3
0.1694915254237288,0.39910199699451043,0.28523312616109375,0.24662119246931213,-0.03861193369178162,2.5,2.1336437364516323,-0.3663562635483677,106.05619977447722,97.97171823435028,3.0,4.0,3,3
0.1694915254237288,0.4434341693905757,0.29677729466072394,0.2578659613535108,-0.038911333307213136,2.5,2.1448514824092864,-0.35514851759071364,110.33084328792653,101.79816585142763,3.0,4.0,3,3
0.1694915254237288,0.4926907508954772,0.3086036024869061,0.2695582155767963,-0.03904538691010978,2.5,2.156722539116164,-0.34327746088383604,114.77643401204259,105.78719317182752,3.0,4.0,3,3
0.1694915254237288,0.5474187439176361,0.32065420068058786,0.28165664806210366,-0.0389975526184842,2.5,2.1692469822010034,-0.3307530177989966,119.36504936457001,109.92590317783831,3.0,4.0,3,3
0.1694915254237288,0.6082259117868763,0.3328617445314419,0.2941124033800838,-0.038749341151358085,2.5,2.1824063729029155,-0.3175936270970845,124.0687045311276,114.19870153874929,3.0,4.0,3,3
0.1694915254237288,0.6757875280657863,0.34517121302662657,0.30686965376077346,-0.0383015592658531,2.5,2.1961732708965434,-0.30382672910345665,128.91621464058127,118.58744390614139,3.0,4.0,3,3
0.1694915254237288,0.7508538755732771,0.357502076526721,0.31986645100737154,-0.03763562551934946,2.5,2.2105109485855796,-0.2894890514144204,133.8266740955944,123.07168023073658,3.0,4.0,3,3
0.1694915254237288,0.8342585783982197,0.36979672898463806,0.3330358355219739,-0.036760893462664146,2.5,2.225373342452804,-0.27462665754719584,138.83701008491084,127.62899295255315,3.0,4.0,3,3
0.1694915254237288,0.9269278594315465,0.38197038420029367,0.3463071657498488,-0.035663218450444845,2.5,2.240705250727479,-0.25929474927252105,143.8398071766258,132.2354194875819,3.0,4.0,3,3
0.1694915254237288,1.029890826223217,0.3939608114173519,0.3596076139023505,-0.03435319751500138,2.5,2.2564430240367086,-0.2435569759632914,148.82893867293748,136.86594350419085,3.0,4.0,3,3
0.1694915254237288,1.1442908993901826,0.40572241092233874,0.3728637647902096,-0.03285864613212913,2.5,2.2725153477396827,-0.22748465226031733,153.85980388899833,141.49503478123097,3.0,4.0,3,3
0.1694915254237288,1.2713985104896872,0.41717725087243707,0.38600324171279904,-0.031174009159638028,2.5,2.2888445050979507,-0.21115549490204932,158.79612886840425,146.09721301526577,3.0,4.0,3,3
0.1694915254237288,1.412625210369881,0.4282870292155688,0.398956285005944,-0.029330744209624837,2.5,2.305347810598324,-0.19465218940167617,163.68776896330624,150.64760947160633,3.0,4.0,3,3
0.1694915254237288,1.5695393446732664,0.43899489736198444,0.41165721070449,-0.02733768665749442,2.5,2.321939284034307,-0.17806071596569284,168.4305457543729,155.1225005580431,3.0,4.0,3,3
0.1694915254237288,1.7438834705720385,0.4492811468274272,0.42404568582596186,-0.025235461001465342,2.5,2.338531510613394,-0.16146848938660607,173.10563158304737,159.49978913289462,3.0,4.0,3,3
0.1694915254237288,1.9375937081510104,0.45909959620833185,0.4360677721210213,-0.023031824087310526,2.5,2.3550375266466297,-0.1449624733533703,177.5876689449811,163.75941399732525,3.0,4.0,3,3
0.1694915254237288,2.1528212413383825,0.46844125882897436,0.44767670711959956,-0.0207645517093748,2.5,2.3713726458780013,-0.12862735412199866,181.93534945252745,167.88367357981744,3.0,4.0,3,3
0.1694915254237288,2.3919562071557467,0.477288007623405,0.45883340465453065,-0.018454602968874356,2.5,2.387456241360634,-0.11254375863936605,186.12564814374397,171.85745377961817,3.0,4.0,3,3
0.1694915254237288,2.657654238581348,0.4856274844046666,0.46950667802496304,-0.016120806379703534,2.5,2.4032134945737207,-0.09678650542627931,190.10054902152487,175.668358737671,3.0,4.0,3,3
0.1694915254237288,2.952865955789426,0.493458721638947,0.47967321196000245,-0.01378550967894454,2.5,2.418576506146929,-0.0814234938530709,193.8626242830624,179.30674973647078,3.0,4.0,3,3
0.1694915254237288,3.2808697332707224,0.5007984350961093,0.4893172968140535,-0.011481138282055825,2.5,2.4334855755849283,-0.06651442441507172,197.49277588472415,182.76569546389752,3.0,4.0,4,3
0.1694915254237288,3.64530810671838,0.5076385080587519,0.49843038250511684,-0.009208125553635038,2.5,2.4478897830180366,-0.052110216981963386,200.8651097545907,186.0408522742361,3.0,4.0,4,3
0.1694915254237288,4.050228223983634,0.5140003570493237,0.5070104769923807,-0.00698988005694301,2.5,2.461747496429599,-0.038252503570400886,204.04093618729502,189.13028177133262,3.0,4.0,4,4
0.1694915254237288,4.500126789315846,0.5199046217475864,0.5150614424488447,-0.004843179298741784,2.5,2.4750264752015947,-0.02497352479840531,207.06229563477072,192.03422474927126,3.0,4.0,4,4
0.1694915254237288,5.000000000000001,0.5253571088089193,0.5225922336720337,-0.002764875136885614,2.5,2.4877035793557307,-0.01229642064426928,209.82786015071034,194.75484716631226,3.0,4.0,4,4
0.1864406779661017,0.01,0.10255591374642856,0.10461458626505918,0.002058672518630622,2.0,2.0160535870585594,0.016053587058559415,51.19096263743558,50.46587556010394,3.0,4.0,1,1
0.1864406779661017,0.011110798059892322,0.10313928353621431,0.10523703012691453,0.0020977465907002224,2.0,2.0165567456569993,0.016556745656999272,51.41164372712368,50.6708300382708,3.0,4.0,1,1
0.1864406779661017,0.012344983352770704,0.10378551505661171,0.10592695496871501,0.0021414399121033045,2.0,2.0171149720845283,0.01711497208452828,51.65621538457361,50.898036795184005,3.0,4.0,1,1
0.1864406779661017,0.013716261708536773,0.10450114754217002,0.10669147507307085,0.002190327530900829,2.0,2.0177341962873476,0.017734196287347626,51.927188439840776,51.149849333831284,3.0,4.0,1,1
0.1864406779661017,0.015239861398018572,0.10529334669136618,0.10753840835510804,0.0022450616637418597,2.0,2.0184208999911797,0.018420899991179684,52.227320229454925,51.428855676048464,3.0,4.0,1,1
0.1864406779661017,0.016932702245413263,0.10617130510388029,0.10847633521055257,0.0023050301066722817,2.0,2.0191823238506923,0.019182323850692296,52.56267982377914,51.73789839678156,3.0,4.0,1,1
0.1864406779661017,0.018813583525707212,0.10714089868203153,0.10951465977623083,0.002373761094199303,2.0,2.0200264195853386,0.020026419585338573,52.9305770267077,52.08009558853211,3.0,4.0,1,1
0.1864406779661017,0.020903392733704982,0.10821279541232455,0.11066367298058058,0.0024508775682560296,2.0,2.0209619014698554,0.020961901469855437,53.33759849871123,52.45886258247831,3.0,4.0,1,1
0.1864406779661017,0.023225337543081658,0.10939923934593397,0.11193461656269928,0.0025353772167653055,2.0,2.021998401120073,0.02199840112007312,53.793460001819376,52.87793418637643,3.0,4.0,1,1
0.1864406779661017,0.02580520353140161,0.11070709258741207,0.1133397470761075,0.0026326544886954295,2.0,2.02314642937854,0.023146429378539946,54.291130813925676,53.341387145940736,3.0,4.0,1,1
0.1864406779661017,0.028671640533182347,0.11215032734144742,0.11489239835836441,0.0027420710169169943,2.0,2.024417599610752,0.02441759961075185,54.84087756108599,53.85366237870619,3.0,4.0,1,1
0.1864406779661017,0.031856480801001244,0.11374329327194362,0.11660704085419552,0.0028637475822518993,2.0,2.02582456781529,0.025824567815289967,55.45150591949714,54.41958647108466,3.0,4.0,1,1
0.1864406779661017,0.03539509250787618,0.14006081108123325,0.1184993354742,-0.021561475607033254,2.5,2.027381237252849,-0.472618762747151,57.240172718853984,55.04439176164336,3.0,4.0,1,1
0.1864406779661017,0.03932677251662197,0.1425846751323911,0.12058617940946399,-0.0219984957229271,2.5,2.029102706204868,-0.4708972937951321,58.03393914738392,55.73373416318488,3.0,4.0,1,1
0.1864406779661017,0.04369518277795103,0.14535763380718078,0.12288574051298937,-0.022471893294191414,2.5,2.031005440227455,-0.4689945597725451,58.9082676730588,56.49370770099999,3.0,4.0,1,1
0.1864406779661017,0.048548835203589866,0.14840072291992476,0.12541747641242815,-0.022983246507496613,2.5,2.033107397606364,-0.46689260239363595,59.87045856027351,57.3308545330139,3.0,4.0,1,1
0.1864406779661017,0.05394163039900783,0.15173598311775527,0.12820213397941294,-0.023533849138342333,2.5,2.0354279478429826,-0.46457205215701736,60.928277961656136,58.252169055099365,3.0,4.0,1,1
0.1864406779661017,0.059933456238472516,0.15538855100309942,0.13126172355272597,-0.02412682745037345,2.5,2.0379881249507896,-0.4620118750492104,62.09360076558713,59.26509431292947,3.0,4.0,1,1
0.1864406779661017,0.06659085292970618,0.15937766984410848,0.1346194623687058,-0.024758207475402666,2.5,2.040810544561828,-0.4591894554381719,63.36799802984806,60.37750885593937,3.0,4.0,1,1
0.1864406779661017,0.07398775195379542,0.16373193741014702,0.13829968041547008,-0.02543225699467694,2.5,2.0439194590318954,-0.4560805409681046,64.76809922099191,61.59770186371709,3.0,4.0,1,1
0.1864406779661017,0.0822062970864025,0.16847341810488917,0.142327681479876,-0.026145736625013155,2.5,2.047340853477363,-0.45265914652263683,66.29966455249163,62.93433406537201,3.0,4.0,1,1
0.1864406779661017,0.09133775661785326,0.17362829749207148,0.14672955228548168,-0.026898745206589803,2.5,2.0511023434752143,-0.44889765652478575,67.97998888870185,64.39638206767076,3.0,4.0,1,1
0.1864406779661017,0.10148353690245611,0.17921598009675707,0.15153191166601865,-0.027684068430738423,2.5,2.0552332369785296,-0.44476676302147045,69.80407565561804,65.9930632631505,3.0,4.0,1,1
0.1864406779661017,0.112756308492682,0.1852634904270788,0.15676159306781967,-0.02850189735925912,2.5,2.0597643089771744,-0.44023569102282556,71.7944696011689,67.73373886147473,3.0,4.0,1,1
0.1864406779661017,0.1252812573641112,0.191786280066739,0.16244525344483438,-0.02934102662190463,2.5,2.064727755461355,-0.4352722445386452,73.95026377679378,69.62779249995079,3.0,4.0,1,1
0.1864406779661017,0.13919747512620373,0.19880805133042392,0.16860890384400387,-0.030199147486420053,2.5,2.0701570054225167,-0.4298429945774833,76.29228159942576,71.68448238011192,3.0,4.0,1,1
0.1864406779661017,0.1546595036574134,0.20634140190041206,0.17527735903678043,-0.031064042863631625,2.5,2.0760864076961303,-0.4239135923038697,78.8239358418907,73.91276549531285,3.0,4.0,3,1
0.1864406779661017,0.1718390513180699,0.2144034094702218,0.18247360659571465,-0.03192980287450714,2.5,2.082550935482141,-0.417449064517859,81.57160673205252,76.32109349304504,3.0,4.0,3,1
0.1864406779661017,0.1909268997998548,0.22299285787355524,0.19021810016239032,-0.03277475771116492,2.5,2.0895857120864103,-0.4104142879135897,84.51492741457204,78.9171807812883,3.0,4.0,3,1
0.1864406779661017,0.21213502278774823,0.2321104653609195,0.1985279867379902,-0.03358247862292932,2.5,2.0972254632040865,-0.40277453679591346,87.6615932442992,81.70774733074022,3.0,4.0,3,1
0.1864406779661017,0.23569893996253266,0.24175778019263822,0.207416283454687,-0.03434149673795123,2.5,2.1055039981089076,-0.39449600189109235,91.03194671177377,84.69824030003737,3.0,4.0,3,3
0.1864406779661017,0.26188033248543857,0.25192658975814014,0.21689102685559353,-0.03503556290254661,2.5,2.114453444752144,-0.38554655524785586,94.64405342493549,87.89254099225995,3.0,4.0,3,3
0.1864406779661017,0.2909699490103167,0.26258858372308364,0.22695442434268703,-0.0356341593803966,2.5,2.1241033800994056,-0.3758966199005944,98.4621479688124,91.2926662426229,3.0,4.0,3,3
0.1864406779661017,0.32329083449507945,0.2737163522315961,0.2376020434749841,-0.036114308756612035,2.5,2.134479964897037,-0.3655200351029628,102.48584877404035,94.89847527264106,3.0,4.0,3,3
0.1864406779661017,0.35920191766889,0.2852893683252888,0.2488220810958718,-0.03646728722941697,2.5,2.145604999671924,-0.354395000328076,106.75962903085242,98.70739543967713,3.0,4.0,3,3
0.1864406779661017,0.39910199699451043,0.2972473582606962,0.26059475989195297,-0.03665259836874324,2.5,2.157494796864922,-0.34250520313507815,111.20901553427665,102.71418307202921,3.0,4.0,3,3
0.1864406779661017,0.4434341693905757,0.30955084119314535,0.27289189698287286,-0.03665894421027249,2.5,2.17015925582382,-0.32984074417618015,115.86247717926362,106.91073443816997,3.0,4.0,3,3
0.1864406779661017,0.4926907508954772,0.32214268050779843,0.28567669347781505,-0.03646598702998338,2.5,2.1836006933299363,-0.31639930667006366,120.71373605050185,111.28596485321596,3.0,4.0,3,3
0.1864406779661017,0.5474187439176361,0.33495211254141216,0.2989037814045738,-0.03604833113683836,2.5,2.1978129576309593,-0.3021870423690407,125.70527517746373,115.82576990476078,3.0,4.0,3,3
0.1864406779661017,0.6082259117868763,0.34791863735418116,0.3125195598298338,-0.035399077524347344,2.5,2.212780442938675,-0.28721955706132496,130.85790733965564,120.51308210851428,3.0,4.0,3,3
0.1864406779661017,0.6757875280657863,0.360962726452769,0.32646283296271905,-0.03449989349004995,2.5,2.2284775333420845,-0.27152246665791546,136.10371546328062,125.32803085283481,3.0,4.0,3,3
0.1864406779661017,0.7508538755732771,0.3740229799716799,0.34066575085718,-0.0333572291144999,2.5,2.2448679862834986,-0.2551320137165014,141.4804793159868,130.24820907490664,3.0,4.0,3,3
0.1864406779661017,0.8342585783982197,0.3870091309618742,0.3550550290920822,-0.03195410186979203,2.5,2.2619047850021166,-0.23809521499788344,146.8776553187764,135.24904288150978,3.0,4.0,3,3
0.1864406779661017,0.9269278594315465,0.3998653924951071,0.36955340838694706,-0.03031198410816005,2.5,2.279530216968852,-0.22046978303114795,152.35289331726963,140.30425421512027,3.0,4.0,3,3
0.1864406779661017,1.029890826223217,0.41250553791669786,0.3840812945327023,-0.028424243383995573,2.5,2.297676364541986,-0.20232363545801402,157.785619070641,145.3863993045243,3.0,4.0,3,3
0.1864406779661017,1.1442908993901826,0.4248772494353916,0.39855850852531716,-0.026318740910074467,2.5,2.31626582836616,-0.18373417163383987,163.2109181652717,150.46746105146505,3.0,4.0,3,3
0.1864406779661017,1.2713985104896872,0.4369174999811328,0.41290606317555206,-0.02401143680558071,2.5,2.335213014984039,-0.16478698501596112,168.59132072499284,155.51946790810155,3.0,4.0,3,3
0.1864406779661017,1.412625210369881,0.44856928007986874,0.42704788626144385,-0.021521393818424883,2.5,2.3544255664048257,-0.1455744335951743,173.85732380153092,160.51511109219481,3.0,4.0,3,3
0.1864406779661017,1.5695393446732664,0.4598008242459244,0.4409124103262007,-0.01888841391972368,2.5,2.373806098208298,-0.12619390179170198,179.06952599786518,165.42833135429998,3.0,4.0,3,3
0.1864406779661017,1.7438834705720385,0.47055792203569924,0.4544339578560892,-0.01612396417961004,2.5,2.3932543846953203,-0.10674561530467974,184.0941709339734,170.23484828295324,3.0,4.0,3,3
0.1864406779661017,1.9375937081510104,0.480824952727378,0.46755387535052967,-0.01327107737684835,2.5,2.412669298774564,-0.08733070122543607,189.00093038872126,174.91261172756882,3.0,4.0,3,3
0.1864406779661017,2.1528212413383825,0.4905678978672076,0.48022137513805363,-0.010346522729153984,2.5,2.4319510784349414,-0.0680489215650586,193.67725922725532,179.44215812866582,3.0,4.0,3,3
0.1864406779661017,2.3919562071557467,0.49979079854195574,0.49239407132596796,-0.007396727215987775,2.5,2.451003501325614,-0.048996498674386046,198.2295293383189,183.80686224869905,3.0,4.0,3,3
0.1864406779661017,2.657654238581348,0.5084702351926781,0.5040382182757855,-0.004432016916892545,2.5,2.4697357009747076,-0.030264299025292374,202.5226476811211,187.9930833221422,3.0,4.0,4,4
0.1864406779661017,2.952865955789426,0.5166150988483124,0.5151286607343627,-0.0014864381139496619,2.5,2.4880640932999096,-0.01193590670009037,206.60987316901063,191.9902061096765,3.0,4.0,4,4
0.1864406779661017,3.2808697332707224,0.524235863554399,0.525648545296631,0.0014126817422319693,2.5,2.5059136058436717,0.005913605843671732,210.5268701771828,195.79059122504356,3.0,4.0,4,4
0.1864406779661017,3.64530810671838,0.5313302193032473,0.5355888151995724,0.004258595896325046,2.5,2.5232188651221814,0.02321886512218141,214.16433485088643,199.38944028851716,3.0,4.0,4,4
0.1864406779661017,4.050228223983634,0.5379215162295514,0.5449475520960881,0.007026035866536717,2.5,2.539924900437473,0.0399249004374731,217.58820190192387,202.78459885571664,3.0,4.0,4,4
0.1864406779661017,4.500126789315846,0.5440323427422744,0.5537291989049294,0.009696856162655032,2.5,2.555987498583273,0.0559874985832729,220.84389352067427,205.97630683355882,3.0,4.0,4,4
0.1864406779661017,5.000000000000001,0.5496741244812188,0.5619437258484423,0.012269601367223548,2.5,2.5713730316376324,0.07137303163763242,223.85074734675376,208.96692042547275,3.0,4.0,4,4
0.2033898305084746,0.01,0.12285631685473043,0.10511627170615853,-0.0177400451485719,2.5,2.0252133464149673,-0.4747866535850327,52.117500408109784,50.62845639163608,3.0,4.0,1,1
0.2033898305084746,0.011110798059892322,0.12368310079304684,0.10579288136060654,-0.017890219432440305,2.5,2.0257653972425036,-0.4742346027574964,52.375565444423664,50.8512591497259,3.0,4.0,1,1
0.2033898305084746,0.012344983352770704,0.12459680087860381,0.10654283956049437,-0.018053961318109435,2.5,2.0263778813125106,-0.4736221186874894,52.65964758298079,51.09825321677349,3.0,4.0,1,1
0.2033898305084746,0.013716261708536773,0.12560823407922525,0.10737387810195154,-0.018234355977273714,2.5,2.027057298744331,-0.47294270125566884,52.974391098134404,51.371997457764586,3.0,4.0,1,1
0.2033898305084746,0.015239861398018572,0.12672914473198593,0.10829449320919744,-0.01843465152278849,2.5,2.0278108990285553,-0.47218910097144473,53.32496434056127,51.67530577773541,3.0,4.0,1,1
0.2033898305084746,0.016932702245413263,0.12796698949591978,0.10931400947134139,-0.018652980024578394,2.5,2.0286465453740683,-0.4713534546259317,53.71101872481303,52.01126894162302,3.0,4.0,1,1
0.2033898305084746,0.018813583525707212,0.12933718259164637,0.11044264625038372,-0.018894536341262647,2.5,2.029573025566061,-0.4704269744339391,54.140426152305764,52.38327737415132,3.0,4.0,1,1
0.2033898305084746,0.020903392733704982,0.13084911578443367,0.11169158611369737,-0.019157529670736306,2.5,2.030599953216734,-0.46940004678326597,54.61322518675639,52.79504481998947,3.0,4.0,1,1
0.2033898305084746,0.023225337543081658,0.13252043546854508,0.11307304424992337,-0.019447391218621712,2.5,2.031737953406992,-0.46826204659300785,55.138372001338354,53.250632558242636,3.0,4.0,1,1
0.2033898305084746,0.02580520353140161,0.13436454542592124,0.11460033785223102,-0.019764207573690226,2.5,2.032998578250409,-0.46700142174959103,55.71876354156931,53.75447387173291,3.0,4.0,1,1
0.2033898305084746,0.028671640533182347,0.13639933342627272,0.116287953739778,-0.02011137968649472,2.5,2.0343946968903768,-0.4656053031096232,56.36459652900847,54.31139827229248,3.0,4.0,1,1
0.2033898305084746,0.031856480801001244,0.13863942116464373,0.1181516126131551,-0.02048780855148863,2.5,2.035940257151379,-0.46405974284862106,57.07249203921961,54.92665495469058,3.0,4.0,1,1
0.2033898305084746,0.03539509250787618,0.1411051130616221,0.12020832721398496,-0.020896785847637142,2.5,2.0376506124506713,-0.46234938754932875,57.85342325492584,55.60593469697909,3.0,4.0,1,1
0.2033898305084746,0.03932677251662197,0.14381646733065173,0.12247645171181606,-0.021340015618835667,2.5,2.0395425079041165,-0.4604574920958835,58.71427897803523,56.35538933962216,3.0,4.0,1,1
0.2033898305084746,0.04369518277795103,0.14679473797916412,0.12497571867868991,-0.02181901930047421,2.5,2.0416341375908824,-0.4583658624091176,59.662450913690506,57.18164772597525,3.0,4.0,1,1
0.2033898305084746,0.048548835203589866,0.15006231260950115,0.12772725918672836,-0.022335053422772783,2.5,2.0439454745734116,-0.4560545254265884,60.70583702662044,58.09182668934,3.0,4.0,1,1
0.2033898305084746,0.05394163039900783,0.1536448015019685,0.1307536016964835,-0.022891199805484985,2.5,2.0464980415767067,-0.4535019584232933,61.856469978088754,59.09353570001848,3.0,4.0,1,1
0.2033898305084746,0.059933456238472516,0.15756219827883697,0.1340786433584226,-0.023483554920414373,2.5,2.0493151529284668,-0.4506848470715332,63.11620649776106,60.19487314924855,3.0,4.0,1,1
0.2033898305084746,0.06659085292970618,0.16184395329914147,0.1377275874996838,-0.024116365799457667,2.5,2.0524220699153384,-0.4475779300846616,64.50193963921387,61.40441220211987,3.0,4.0,1,1
0.2033898305084746,0.07398775195379542,0.166513330261742,0.14172684058610882,-0.024786489675633183,2.5,2.055845844489523,-0.4441541555104771,66.01985074258857,62.73117403619194,3.0,4.0,1,1
0.2033898305084746,0.0822062970864025,0.17159589532384167,0.1461038599840802,-0.025492035339761465,2.5,2.0596155902429025,-0.4403844097570975,67.68010279839316,64.1845855322717,3.0,4.0,1,1
0.2033898305084746,0.09133775661785326,0.17711908425756684,0.15088694547813516,-0.026232138779431674,2.5,2.0637623214337513,-0.43623767856624873,69.50109911922557,65.77441902391702,3.0,4.0,1,1
0.2033898305084746,0.10148353690245611,0.1831032103960715,0.15610496568674292,-0.026998244709328573,2.5,2.0683188969385817,-0.43168110306141827,71.4779325306105,67.5107109829849,3.0,4.0,1,1
0.2033898305084746,0.112756308492682,0.1895762734477709,0.16178701132916543,-0.027789262118605468,2.5,2.073320110398345,-0.42667988960165504,73.63458092815573,69.40365673840172,3.0,4.0,1,1
0.2033898305084746,0.1252812573641112,0.19655702886699097,0.1679619690891901,-0.028595059777800885,2.5,2.0788025153218777,-0.42119748467812235,75.97645425347937,71.46347880927246,3.0,4.0,1,1
0.2033898305084746,0.13919747512620373,0.20406412684284453,0.17465801046674378,-0.029406116376100744,2.5,2.08480413138168,-0.41519586861832014,78.51368838385152,73.70026639888536,3.0,4.0,3,1
0.2033898305084746,0.1546595036574134,0.21211844550705716,0.18190199247514555,-0.030216453031911616,2.5,2.091364252363565,-0.40863574763643484,81.27394737626601,76.1237844701595,3.0,4.0,3,1
0.2033898305084746,0.1718390513180699,0.22071993508074553,0.189718771068116,-0.031001164012629534,2.5,2.0985231580270924,-0.40147684197290756,84.23088657480564,78.74325185071743,3.0,4.0,3,1
0.2033898305084746,0.1909268997998548,0.229883178915685,0.1981304328334122,-0.0317527460822728,2.5,2.106321569567082,-0.39367843043291817,87.41734737922081,81.56708918983574,3.0,4.0,3,1
0.2033898305084746,0.21213502278774823,0.2396052578522398,0.20715545490086032,-0.032449802951379475,2.5,2.114800228073728,-0.38519977192627186,90.83216528271502,84.60263908680241,3.0,4.0,3,3
0.2033898305084746,0.23569893996253266,0.24988609287396724,0.21680781159911136,-0.033078281274855875,2.5,2.1239991205686244,-0.3760008794313756,94.50331561603359,87.85586327671753,3.0,4.0,3,3
0.2033898305084746,0.26188033248543857,0.26069892629645547,0.22709605117646225,-0.033602875119993214,2.5,2.133956829895033,-0.3660431701049669,98.38714311970504,91.33102351304157,3.0,4.0,3,3
0.2033898305084746,0.2909699490103167,0.2720317767807115,0.23802237592139353,-0.03400940085931797,2.5,2.1447096187039283,-0.3552903812960717,102.51644932047985,95.03035606810349,3.0,4.0,3,3
0.2033898305084746,0.32329083449507945,0.28385825653840746,0.24958176497580817,-0.03427649156259929,2.5,2.156290433392861,-0.343709566607139,106.90726515369437,98.9537521730978,3.0,4.0,3,3
0.2033898305084746,0.35920191766889,0.2961256352417955,0.26176118520832464,-0.034364450033470884,2.5,2.1687278206925846,-0.33127217930741537,111.4976765558679,103.0984588043662,3.0,4.0,3,3
0.2033898305084746,0.39910199699451043,0.3087978266035894,0.2745389403468637,-0.034258886256725685,2.5,2.1820448368729566,-0.3179551631270434,116.31849465185418,107.45881680608028,3.0,4.0,3,3
0.2033898305084746,0.4434341693905757,0.32182017047605954,0.2878842106250643,-0.033935959850995234,2.5,2.196257784235059,-0.3037422157649412,121.36550377878662,112.02605435198605,3.0,4.0,3,3
0.2033898305084746,0.4926907508954772,0.33512313320425713,0.301756831042471,-0.033366302161786154,2.5,2.211375045706519,-0.2886249542934811,126.58269113217814,116.78815338613485,3.0,4.0,3,3
0.2033898305084746,0.5474187439176361,0.34865042971641647,0.31610735160370895,-0.03254307811270751,2.5,2.227395914349473,-0.27260408565052696,132.00826886922388,121.72980588223112,3.0,4.0,3,3
0.2033898305084746,0.6082259117868763,0.36231305478543885,0.33087741112826713,-0.03143564365717172,2.5,2.2443094657966878,-0.2556905342033122,137.54392137793533,126.8324736656337,3.0,4.0,3,3
0.2033898305084746,0.6757875280657863,0.3760510596303706,0.3460004395388293,-0.030050620091541302,2.5,2.2620937613304717,-0.2379062386695283,143.2434534123165,132.07456088325924,3.0,4.0,3,3
0.2033898305084746,0.7508538755732771,0.3897741012865122,0.3614026881869575,-0.02837141309955471,2.5,2.280714961857303,-0.21928503814269718,149.01301196822726,137.4317028039343,3.0,4.0,3,3
0.2033898305084746,0.8342585783982197,0.4034129215002383,0.3770045613701338,-0.026408360130104502,2.5,2.3001270341163047,-0.1998729658836953,154.87476236217276,142.87716689559568,3.0,4.0,3,3
0.2033898305084746,0.9269278594315465,0.4168829792519512,0.3927222075723821,-0.02416077167956915,2.5,2.3202715216611987,-0.17972847833880135,160.74214384981883,148.38235572377522,3.0,4.0,3,3
0.2033898305084746,1.029890826223217,0.4301208025299195,0.408469303332388,-0.02165149919753151,2.5,2.34107791153947,-0.15892208846053002,166.6407589818852,153.91739265148263,3.0,4.0,3,3
0.2033898305084746,1.1442908993901826,0.4430461193726275,0.4241589535935151,-0.018887165779112425,2.5,2.362464285432362,-0.13753571456763813,172.45658533654156,159.45176656339285,3.0,4.0,3,3
0.2033898305084746,1.2713985104896872,0.45561557586495877,0.4397056211007692,-0.01590995476418955,2.5,2.384338276053314,-0.11566172394668595,178.26398087281646,164.95500674874992,3.0,4.0,3,3
0.2033898305084746,1.412625210369881,0.467762510674095,0.45502699133605434,-0.01273551933804068,2.5,2.406598686380313,-0.09340131361968718,183.94677312005544,170.3973557551957,3.0,4.0,3,3
0.2033898305084746,1.5695393446732664,0.4794507975229293,0.4700456903224579,-0.009405107200471385,2.5,2.429137286427432,-0.07086271357256813,189.54558649971838,175.75040908716397,3.0,4.0,3,3
0.2033898305084746,1.7438834705720385,0.4906303301279808,0.4846907827609326,-0.005939547367048215,2.5,2.451840857422213,-0.04815914257778697,194.94023330851257,180.98769411682153,3.0,4.0,3,3
0.2033898305084746,1.9375937081510104,0.501281631349688,0.4988989890679731,-0.002382642281714864,2.5,2.4745936343213555,-0.025406365678644516,200.16675483909572,186.08516265462987,3.0,4.0,4,3
0.2033898305084746,2.1528212413383825,0.5113894668737283,0.5126155882388049,0.0012261213650766045,2.5,2.4972797395719692,-0.002720260428030752,205.24604262288182,191.0215808665223,3.0,4.0,4,4
0.2033898305084746,2.3919562071557467,0.5209326211077725,0.5257949888438664,0.004862367736093942,2.5,2.5197856181475813,0.019785618147581285,210.08512236582314,195.7788054227503,3.0,4.0,4,4
0.2033898305084746,2.657654238581348,0.5299157475437388,0.5384009737502559,0.008485226206517038,2.5,2.542002386943206,0.042002386943206016,214.75214661562168,200.3419437072318,3.0,4.0,4,4
0.2033898305084746,2.952865955789426,0.5383276292408414,0.5504066368583521,0.012079007617510684,2.5,2.5638281067018407,0.06382810670184069,219.12946472249925,204.6994004863793,3.0,4.0,4,4
0.2033898305084746,3.2808697332707224,0.5461892509739297,0.561794055893903,0.015604804919973292,2.5,2.585169495246374,0.08516949524637418,223.32215883347058,208.8428230426998,3.0,4.0,4,4
0.2033898305084746,3.64530810671838,0.5535040040308217,0.5725537373489895,0.01904973331816784,2.5,2.605943525006297,0.105943525006297,227.2422736518806,212.7669561212028,3.0,4.0,4,4
0.2033898305084746,4.050228223983634,0.5602893896217946,0.5826838957395521,0.022394506117757507,2.5,2.626078419777333,0.12607841977733303,230.90435479698988,216.4694274188123,3.0,4.0,4,4
0.2033898305084746,4.500126789315846,0.5665737484855191,0.5921896018889808,0.02561585340346173,2.5,2.64551445770776,0.14551445770776006,234.38481782147693,219.95047515997416,3.0,4.0,4,4
0.2033898305084746,5.000000000000001,0.5723702252808333,0.6010818741379897,0.02871164885715649,2.5,2.664203965832713,0.16420396583271302,237.59787300007707,223.21264464610783,3.0,4.0,4,4
0.22033898305084745,0.01,0.1226263805316709,0.10561770400189331,-0.017008676529777583,2.5,2.0344784121087294,-0.4655215878912706,52.28227546099792,50.790932738320436,3.0,4.0,1,1
0.22033898305084745,0.011110798059892322,0.12350845725933547,0.10634844872149274,-0.017160008537842733,2.5,2.0350802151951943,-0.46491978480480567,52.55855820164008,51.03157313493082,3.0,4.0,1,1
0.22033898305084745,0.012344983352770704,0.12448517421047564,0.10715840544855508,-0.01732676876192056,2.5,2.03574798727641,-0.46425201272358985,52.86474023243717,51.29834290532848,3.0,4.0,1,1
0.22033898305084745,0.013716261708536773,0.12556799847193995,0.10805592286663487,-0.017512075605305072,2.5,2.036488856258803,-0.4635111437411972,53.20592400691015,51.59400621255669,3.0,4.0,1,1
0.22033898305084745,0.015239861398018572,0.1267641830255562,0.10905017483832076,-0.01771400818723544,2.5,2.0373106069688225,-0.4626893930311775,53.581705656486236,51.921602800737816,3.0,4.0,1,1
0.22033898305084745,0.016932702245413263,0.12808882513884187,0.11015122925899404,-0.017937595879847834,2.5,2.038222001009854,-0.4617779989901458,53.999881808071834,52.28447156134877,3.0,4.0,1,1
0.22033898305084745,0.018813583525707212,0.12955111064638758,0.11137011978235402,-0.01818099086403356,2.5,2.0392325135180736,-0.46076748648192645,54.460443134770124,52.68627522732,3.0,4.0,1,1
0.22033898305084745,0.020903392733704982,0.131168372746272,0.11271891945346024,-0.01844945329281175,2.5,2.0403527591610335,-0.45964724083896646,54.97226465825142,53.131025930128565,3.0,4.0,1,1
0.22033898305084745,0.023225337543081658,0.13295380050757796,0.11421081558675787,-0.01874298492082009,2.5,2.0415943098836586,-0.45840569011634136,55.538194554690065,53.62311142240914,3.0,4.0,1,1
0.22033898305084745,0.02580520353140161,0.1349216758182964,0.11586018439556557,-0.019061491422730822,2.5,2.042969912133413,-0.45703008786658694,56.161096278113526,54.16732153893505,3.0,4.0,1,1
0.22033898305084745,0.028671640533182347,0.13709313034710688,0.11768266384181386,-0.019410466505293017,2.5,2.0444936375482947,-0.4555063624517053,56.85180353768141,54.76887444698549,3.0,4.0,1,1
0.22033898305084745,0.031856480801001244,0.13948853086949362,0.11969522269233913,-0.01979330817715448,2.5,2.0461807935498664,-0.4538192064501336,57.622120366486804,55.43344205644292,3.0,4.0,1,1
0.22033898305084745,0.03539509250787618,0.14212091155352063,0.1219162229406088,-0.02020468861291183,2.5,2.0480482289334763,-0.45195177106652373,58.463576901339756,56.16717374654318,3.0,4.0,1,1
0.22033898305084745,0.03932677251662197,0.14501497617529818,0.12436547270129329,-0.02064950347400489,2.5,2.050114389974625,-0.4498856100253752,59.391103999568834,56.97671751992261,3.0,4.0,1,1
0.22033898305084745,0.04369518277795103,0.14819323246636804,0.1270642656291419,-0.02112896683722615,2.5,2.0523993375594736,-0.44760066244052643,60.41264900923994,57.86923733915264,3.0,4.0,1,1
0.22033898305084745,0.048548835203589866,0.15167935782787934,0.13003540210812561,-0.02164395571975372,2.5,2.05492502039997,-0.44507497960002995,61.536700632329605,58.852425162319584,3.0,4.0,1,1
0.22033898305084745,0.05394163039900783,0.1555003003871304,0.13330318724328957,-0.02219711314384082,2.5,2.057715211267351,-0.44228478873264887,62.77611368938737,59.93450609188748,3.0,4.0,1,1
0.22033898305084745,0.059933456238472516,0.1596773235716438,0.13689339911243037,-0.022783924459213428,2.5,2.060795713053085,-0.4392042869469148,64.13302423410772,61.12423456543927,3.0,4.0,1,1
0.22033898305084745,0.06659085292970618,0.164241234017781,0.14083322042008123,-0.023408013597699784,2.5,2.064194463606692,-0.4358055363933082,65.62542632308123,62.430879290715914,3.0,4.0,1,1
0.22033898305084745,0.07398775195379542,0.16921652815685587,0.14515112605463296,-0.02406540210222291,2.5,2.0679415474471177,-0.43205845255288233,67.26001687034068,63.864194530914645,3.0,4.0,1,1
0.22033898305084745,0.0822062970864025,0.17462995708819798,0.14987671782306639,-0.024753239265131594,2.5,2.072069288516651,-0.42793071148334905,69.04768952403833,65.43437473356565,3.0,4.0,1,1
0.22033898305084745,0.09133775661785326,0.1805126834378495,0.15504049787416824,-0.025472185563681277,2.5,2.0766122674918743,-0.42338773250812567,71.01333200921647,67.15198963629912,3.0,4.0,1,1
0.22033898305084745,0.10148353690245611,0.1868807400169792,0.16067357205606395,-0.026207167960915267,2.5,2.0816072441404696,-0.4183927558595304,73.14172183375663,69.02789675578279,3.0,4.0,1,1
0.22033898305084745,0.112756308492682,0.19376547708642056,0.16680727409206228,-0.026958202994358277,2.5,2.087093317770633,-0.4129066822293672,75.4632709706213,71.0731279477853,3.0,4.0,1,1
0.22033898305084745,0.1252812573641112,0.20118609556935937,0.17347270435935125,-0.027713391210008126,2.5,2.0931115459243306,-0.4068884540756694,77.98378748351175,73.29874744906192,3.0,4.0,3,1
0.22033898305084745,0.13919747512620373,0.20916144709309067,0.18070017621548295,-0.02846127087760772,2.5,2.0997049989353407,-0.4002950010646593,80.71406745461799,75.71567870209488,3.0,4.0,3,1
0.22033898305084745,0.1546595036574134,0.21771243632446588,0.18851856791621108,-0.029193868408254803,2.5,2.106918419076829,-0.3930815809231709,83.68338845539786,78.33449831383194,3.0,4.0,3,1
0.22033898305084745,0.1718390513180699,0.2268413306864416,0.19695458070564756,-0.029886749980794047,2.5,2.1147978224791597,-0.3852021775208403,86.87228131516314,81.16519654747266,3.0,4.0,3,1
0.22033898305084745,0.1909268997998548,0.2365557578962762,0.20603190824210726,-0.030523849654168933,2.5,2.1233901896572216,-0.3766098103427784,90.2994458587615,84.2169049731472,3.0,4.0,3,3
0.22033898305084745,0.21213502278774823,0.246854363118678,0.21577032973511798,-0.031084033383560028,2.5,2.1327429098018915,-0.3672570901981085,93.97126482147091,87.49759399054538,3.0,4.0,3,3
0.22033898305084745,0.23569893996253266,0.2577353459818091,0.22618474621910714,-0.03155059976270194,2.5,2.1429029893944977,-0.35709701060550225,97.91723400304312,91.01374546463175,3.0,4.0,3,3
0.22033898305084745,0.26188033248543857,0.2691727090596909,0.23728418533413384,-0.03188852372555703,2.5,2.1539163831155754,-0.34608361688442457,102.10190206528269,94.77000750789222,3.0,4.0,3,3
0.22033898305084745,0.2909699490103167,0.2811447641714496,0.2490708104443292,-0.032073953727120436,2.5,2.165827114431887,-0.3341728855681132,106.53859785164532,98.76884198690128,3.0,4.0,3,3
0.22033898305084745,0.32329083449507945,0.29362534067005347,0.2615389777812588,-0.032086362888794684,2.5,2.1786760898598017,-0.32132391014019834,111.2542409931489,103.01017835487308,3.0,4.0,3,3
0.22033898305084745,0.35920191766889,0.3065613210673499,0.27467438952518897,-0.031886931542160935,2.5,2.192500017140993,-0.30749998285900704,116.19612999086254,107.49108927009887,3.0,4.0,3,3
0.22033898305084745,0.39910199699451043,0.3199089640322419,0.28845339742090786,-0.03145556661133403,2.5,2.2073301789874686,-0.29266982101253136,121.39112624352263,112.20550605782343,3.0,4.0,3,3
0.22033898305084745,0.4434341693905757,0.33360542170743596,0.30284251332152634,-0.030762908385909615,2.5,2.2231910792121203,-0.27680892078787966,126.80060707682469,117.14399392592401,3.0,4.0,3,3
0.22033898305084745,0.4926907508954772,0.34758399784758687,0.31779817879773686,-0.029785819049850004,2.5,2.2400990483234646,-0.2599009516765354,132.41964815537958,122.29360589310983,3.0,4.0,3,3
0.22033898305084745,0.5474187439176361,0.36177193246103934,0.33326683972265103,-0.028505092738388305,2.5,2.258060901670252,-0.2419390983297478,138.21313626545876,127.6378337440916,3.0,4.0,3,3
0.22033898305084745,0.6082259117868763,0.3760916600453293,0.3491853589959565,-0.026906301049372805,2.5,2.277072695223615,-0.2229273047763849,144.16279607860335,133.15667070789962,3.0,4.0,3,3
0.22033898305084745,0.6757875280657863,0.3904668956216062,0.3654817851827885,-0.02498511043881768,2.5,2.297118526825216,-0.2028814731747839,150.26775254615472,138.82679634209103,3.0,4.0,3,3
0.22033898305084745,0.7508538755732771,0.4048156991614387,0.38207647400738626,-0.022739225154052467,2.5,2.3181694295606583,-0.1818305704393417,156.4926758348123,144.62188758332834,3.0,4.0,3,3
0.22033898305084745,0.8342585783982197,0.41904377671089416,0.3988835316999478,-0.020160245010946376,2.5,2.3401829287991864,-0.15981707120081357,162.73702051934643,150.51305065542894,3.0,4.0,3,3
0.22033898305084745,0.9269278594315465,0.43308527945987924,0.41581253876885543,-0.017272740691023802,2.5,2.3631024673813967,-0.13689753261860327,169.04395957635032,156.46936431387016,3.0,4.0,3,3
0.22033898305084745,1.029890826223217,0.4468563889925855,0.43277048021685954,-0.014085908775725964,2.5,2.3868573818937886,-0.1131426181062114,175.3177767326968,162.45851357851944,3.0,4.0,3,3
0.22033898305084745,1.1442908993901826,0.4603013666904218,0.44966379502378523,-0.010637571666636592,2.5,2.4113635152811193,-0.08863648471888075,181.6112236908926,168.44748657817559,3.0,4.0,3,3
0.22033898305084745,1.2713985104896872,0.4733405369172289,0.4664004565249202,-0.006940080392308701,2.5,2.43652394518722,-0.06347605481278018,187.77911697696715,174.4033056209561,3.0,4.0,3,3
0.22033898305084745,1.412625210369881,0.48593333057847116,0.4828919800581774,-0.0030413505202937507,2.5,2.4622303521493456,-0.0377696478506544,193.88160211455983,180.29375591348085,3.0,4.0,3,3
0.22033898305084745,1.5695393446732664,0.4980250193016044,0.49905526801248945,0.001030248710885029,2.5,2.4883649105206143,-0.01163508947938574,199.81695223811698,186.08807935415717,3.0,4.0,3,3
0.22033898305084745,1.7438834705720385,0.5095885348241593,0.5148142160870647,0.005225681262905346,2.5,2.5148023260990167,0.01480232609901666,205.63376041782158,191.75760249451568,3.0,4.0,4,4
0.22033898305084745,1.9375937081510104,0.520583051113664,0.5301010146500664,0.00951796353640244,2.5,2.541412382811542,0.041412382811541804,211.2047034309257,197.27627141515993,3.0,4.0,4,4
0.22033898305084745,2.1528212413383825,0.5310073096454119,0.5448571090636416,0.013849799418229725,2.5,2.56806261187303,0.06806261187302987,216.64250258536038,202.62107511635722,3.0,4.0,4,4
0.22033898305084745,2.3919562071557467,0.5408334559878134,0.5590338026709295,0.018200346683116098,2.5,2.5946210496884317,0.09462104968843166,221.79517863686294,207.77234656436642,3.0,4.0,4,4
0.22033898305084745,2.657654238581348,0.5500719091968209,0.5725925050436397,0.02252059584681876,2.5,2.6209590607031727,0.12095906070317275,226.7617489674216,212.71393675944915,3.0,4.0,4,4
0.22033898305084745,2.952865955789426,0.5587132631625771,0.5855046535745319,0.026791390411954774,2.5,2.646953865833349,0.1469538658333489,231.41797489929263,217.43326700050974,3.0,4.0,4,4
0.22033898305084745,3.2808697332707224,0.5667757213174922,0.597751343875011,0.030975622557518845,2.5,2.6724910194403506,0.1724910194403506,235.82939870071291,221.9212692756109,3.0,4.0,4,4
0.22033898305084745,3.64530810671838,0.5742784230207678,0.6093227264036215,0.03504430338285369,2.5,2.6974662256368913,0.1974662256368913,240.0409759647431,226.17223150587554,3.0,4.0,4,4
0.22033898305084745,4.050228223983634,0.5812306550892679,0.6202172125885239,0.03898655749925606,2.5,2.7217870160995528,0.22178701609955276,243.9607092407912,230.183562583098,3.0,4.0,4,4
0.22033898305084745,4.500126789315846,0.587663322967668,0.6304405546204231,0.042777231652755154,2.5,2.745373856142397,0.24537385614239682,247.68640994853672,233.95549965105062,3.0,4.0,4,4
0.22033898305084745,5.000000000000001,0.8414018355486905,0.6400048542229206,-0.20139698132576989,4.5,2.7681606258149274,-1.7318393741850726,251.16314068405856,237.49077717813654,4.0,4.0,5,4
0.23728813559322035,0.01,0.1223967055354865,0.10611887827856843,-0.016277827256918065,2.5,2.0438506754289856,-0.4561493245710144,52.44468324134883,50.95330310030412,3.0,4.0,1,1
0.23728813559322035,0.011110798059892322,0.1233344717176005,0.10690372677634134,-0.01643074494125915,2.5,2.044503252150026,-0.45549674784997407,52.740799762572635,51.21177032037633,3.0,4.0,1,1
0.23728813559322035,0.012344983352770704,0.12437447146158351,0.10777364658433429,-0.016600824877249218,2.5,2.045227385777981,-0.4547726142220192,53.07090939531101,51.498303993346724,3.0,4.0,1,1
0.23728813559322035,0.013716261708536773,0.12552369339525868,0.10873760266961936,-0.016786090725639316,2.5,2.0460308071633344,-0.4539691928366656,53.43453878249537,51.81587352418545,3.0,4.0,1,1
0.23728813559322035,0.015239861398018572,0.1267968453211432,0.10980544575825295,-0.01699139956289024,2.5,2.04692213102826,-0.45307786897173985,53.83937647129846,52.16774442450272,3.0,4.0,1,1
0.23728813559322035,0.016932702245413263,0.12820282976002764,0.11098798627929889,-0.017214843480728756,2.5,2.047910713095917,-0.4520892869040831,54.28534665458954,52.55750368146974,3.0,4.0,1,1
0.23728813559322035,0.018813583525707212,0.12975857406658953,0.11229707111291208,-0.017461502953677446,2.5,2.0490070418396504,-0.45099295816034957,54.78120180802001,52.989086272729025,3.0,4.0,1,1
0.23728813559322035,0.020903392733704982,0.13147695214636962,0.11374566268339527,-0.01773128946297435,2.5,2.0502225018281033,-0.4497774981718967,55.32971061434255,53.46680270236252,3.0,4.0,1,1
0.23728813559322035,0.023225337543081658,0.13337194344134448,0.11534791904146463,-0.01802402439987985,2.5,2.0515697905968415,-0.4484302094031585,55.93367175097419,53.99536718668326,3.0,4.0,1,1
0.23728813559322035,0.02580520353140161,0.13546429923920247,0.11711927384497399,-0.018345025394228484,2.5,2.053062799555483,-0.4469372004445171,56.603784353750534,54.579926134184696,3.0,4.0,1,1
0.23728813559322035,0.028671640533182347,0.1377706152646588,0.11907651432132124,-0.018694100943337566,2.5,2.0547168544668244,-0.4452831455331756,57.34393677247984,55.226086422956946,3.0,4.0,1,1
0.23728813559322035,0.031856480801001244,0.14031063892570356,0.12123785504828828,-0.019072783877415275,2.5,2.05654872066225,-0.44345127933774986,58.16094160390584,55.93994275669946,3.0,4.0,1,1
0.23728813559322035,0.03539509250787618,0.14310709401090113,0.12362300470694088,-0.019484089303960256,2.5,2.0585767605807637,-0.44142323941923634,59.06752326240883,56.728103289613095,3.0,4.0,1,1
0.23728813559322035,0.03932677251662197,0.14617919700770332,0.12625322229234653,-0.019925974715356787,2.5,2.060821134044091,-0.4391788659559088,60.061114652922626,57.597712399458906,3.0,4.0,1,1
0.23728813559322035,0.04369518277795103,0.14955435405698073,0.12915135889515003,-0.020402995161830695,2.5,2.063303912308766,-0.4366960876912338,61.15889291993874,58.55646947361853,3.0,4.0,1,1
0.23728813559322035,0.048548835203589866,0.15325330170983228,0.13234187999293878,-0.020911421716893502,2.5,2.0660490541486074,-0.4339509458513926,62.363085362078984,59.612642016272126,3.0,4.0,1,1
0.23728813559322035,0.05394163039900783,0.15730632050979418,0.13585086233293875,-0.02145545817685543,2.5,2.0690826876321813,-0.4309173123678187,63.6906846600945,60.775071303912014,3.0,4.0,1,1
0.23728813559322035,0.059933456238472516,0.16173587551345628,0.1397059590357952,-0.022029916477661088,2.5,2.072433242882836,-0.4275667571171642,65.1441021420809,62.053168515280255,3.0,4.0,1,1
0.23728813559322035,0.06659085292970618,0.16657404889833474,0.14393632529804293,-0.022637723600291815,2.5,2.076131466339576,-0.423868533660424,66.74241733959123,63.456898771261166,3.0,4.0,1,1
0.23728813559322035,0.07398775195379542,0.17184648692805246,0.14857249650286167,-0.023273990425190794,2.5,2.0802105490874974,-0.41978945091250264,68.49283377444613,64.99675054385469,3.0,4.0,1,1
0.23728813559322035,0.0822062970864025,0.17758357654904516,0.15364620954709138,-0.023937367001953785,2.5,2.084706223040121,-0.4152937769598788,70.41226952018681,66.68368719102132,3.0,4.0,1,1
0.23728813559322035,0.09133775661785326,0.18380993858899097,0.15919015800755515,-0.024619780581435824,2.5,2.0896569339267455,-0.41034306607325455,72.51105728064641,68.52907748432501,3.0,4.0,1,1
0.23728813559322035,0.10148353690245611,0.1905525740419723,0.16523767249167726,-0.025314901550295033,2.5,2.095103533344809,-0.40489646665519086,74.79552628504364,70.54460195758013,3.0,4.0,1,1
0.23728813559322035,0.112756308492682,0.19783571657145824,0.17182231537547846,-0.02601340119597978,2.5,2.101089661638253,-0.39891033836174694,77.28063525234282,72.74213131864269,3.0,4.0,1,1
0.23728813559322035,0.1252812573641112,0.20568153077601148,0.17897738408429822,-0.026704146691713254,2.5,2.107661359367194,-0.392338640632806,79.97827624990563,75.13357425117535,3.0,4.0,3,1
0.23728813559322035,0.13919747512620373,0.21411197341871355,0.18673531527633827,-0.027376658142375276,2.5,2.114867051399779,-0.38513294860022107,82.90750335729392,77.73069163747961,3.0,4.0,3,1
0.23728813559322035,0.1546595036574134,0.22314191083609963,0.19512698747610674,-0.028014923359992894,2.5,2.1227573552459953,-0.3772426447540047,86.08449751028027,80.5448753910752,3.0,4.0,3,1
0.23728813559322035,0.1718390513180699,0.2327756512450609,0.20418092335890378,-0.028594727886157106,2.5,2.1313847037206877,-0.36861529627931233,89.49593460063929,83.58689125370093,3.0,4.0,3,3
0.23728813559322035,0.1909268997998548,0.2430198358388181,0.21392239755193934,-0.029097438286878746,2.5,2.14080294383457,-0.3591970561654301,93.161389827411,86.86658624397255,3.0,4.0,3,3
0.23728813559322035,0.21213502278774823,0.2538782412980123,0.22437246315914453,-0.02950577813886776,2.5,2.1510667976981503,-0.34893320230184965,97.11223611737772,90.39256374549585,3.0,4.0,3,3
0.23728813559322035,0.23569893996253266,0.2653308073012944,0.2355469166481487,-0.029783890653145684,2.5,2.162231279863046,-0.33776872013695414,101.3160530492049,94.17183102232427,3.0,4.0,3,3
0.23728813559322035,0.26188033248543857,0.277361740243683,0.24745523224351645,-0.029906508000166532,2.5,2.1743507428152964,-0.3256492571847036,105.78855029892516,98.20942831324878,3.0,4.0,3,3
0.23728813559322035,0.2909699490103167,0.28995063104505003,0.2600995002419484,-0.029851130803101644,2.5,2.1874780738144186,-0.3125219261855814,110.55908693702297,102.50804901847413,3.0,4.0,3,3
0.23728813559322035,0.32329083449507945,0.3030460174207842,0.27347341857287955,-0.02957259884790464,2.5,2.201663578144508,-0.2983364218554918,115.56505363528666,107.0676668067859,3.0,4.0,3,3
0.23728813559322035,0.35920191766889,0.3166166616198927,0.2875613890287895,-0.029055272591103187,2.5,2.216953764390201,-0.2830462356097989,120.85528274374617,111.88518572234302,3.0,4.0,3,3
0.23728813559322035,0.39910199699451043,0.33059981902228974,0.3023377771807127,-0.028262041841577046,2.5,2.2333899148157803,-0.2666100851842197,126.4000312230585,116.95413309569203,3.0,4.0,3,3
0.23728813559322035,0.4434341693905757,0.3449319473897193,0.31776639441383503,-0.027165552975884244,2.5,2.2510067723749683,-0.24899322762503173,132.17137723550863,122.2644160676031,3.0,4.0,3,3
0.23728813559322035,0.4926907508954772,0.35954612579598033,0.33380026036786875,-0.02574586542811158,2.5,2.269830913172337,-0.2301690868276629,138.18033969025336,127.8021627840219,3.0,4.0,3,3
0.23728813559322035,0.5474187439176361,0.3743568044541435,0.35038169365603733,-0.02397511079810616,2.5,2.2898792216146835,-0.2101207783853165,144.35663286017967,133.54966793123648,3.0,4.0,3,3
0.23728813559322035,0.6082259117868763,0.3892947841692239,0.3674427645451588,-0.021852019624065133,2.5,2.311157545552124,-0.18884245444787595,150.74212253927863,139.48545777634612,3.0,4.0,3,3
0.23728813559322035,0.6757875280657863,0.4042582580738717,0.3849061329189424,-0.019352125154929345,2.5,2.333658977912274,-0.16634102208772594,157.21747351357584,145.58448785022594,3.0,4.0,3,3
0.23728813559322035,0.7508538755732771,0.41917876514445224,0.40268625913005085,-0.016492506014401387,2.5,2.3573628350102815,-0.14263716498971846,163.8440233547111,151.818475020255,3.0,4.0,3,3
0.23728813559322035,0.8342585783982197,0.433954177612052,0.4206909645468536,-0.013263213065198398,2.5,2.382233582320624,-0.11776641767937601,170.4879947213448,158.15636154963363,3.0,4.0,3,3
0.23728813559322035,0.9269278594315465,0.44852033291619015,0.4388232869537616,-0.009697045962428541,2.5,2.408220086293296,-0.09177991370670391,177.2169518069868,164.56489819943104,3.0,4.0,3,3
0.23728813559322035,1.029890826223217,0.46279145237646646,0.45698355669937585,-0.005807895677090613,2.5,2.4352552120166373,-0.0647447879833627,183.94344116959485,171.00932569727377,3.0,4.0,3,3
0.23728813559322035,1.1442908993901826,0.47668797298837073,0.47507159699346774,-0.0016163759949029965,2.5,2.463256146549248,-0.03674385345075182,190.57077733126627,177.45412448730028,3.0,4.0,3,3
0.23728813559322035,1.2713985104896872,0.490164593182873,0.49298895554076017,0.002824362357887189,2.5,2.4921247594873432,-0.007875240512656756,197.1815633068722,183.8638023220158,3.0,4.0,3,3
0.23728813559322035,1.412625210369881,0.5031491194724119,0.5106410516697211,0.007491932197309148,2.5,2.521748900396052,0.02174890039605204,203.61972790405557,190.20367892193576,3.0,4.0,4,4
0.23728813559322035,1.5695393446732664,0.5156139536078637,0.527939151131309,0.012325197523445297,2.5,2.552003854094074,0.05200385409407415,209.9812359130048,196.44063486722177,3.0,4.0,4,4
0.23728813559322035,1.7438834705720385,0.5275056616822671,0.5448020754434211,0.017296413761153984,2.5,2.5827545619511523,0.08275456195115227,216.10687597971415,202.5437881979989,3.0,4.0,4,4
0.23728813559322035,1.9375937081510104,0.5388113745828699,0.5611575887094964,0.022346214126626518,2.5,2.6138579220394615,0.11385792203946155,222.0798912075985,208.48507279377247,3.0,4.0,4,4
0.23728813559322035,2.1528212413383825,0.549500359911657,0.5769434105924416,0.027443050680784564,2.5,2.645165824459401,0.14516582445940118,227.7667653629287,214.23969520416944,3.0,4.0,4,4
0.23728813559322035,2.3919562071557467,0.5595809673654429,0.5921078499718393,0.03252688260639636,2.5,2.6765280005289256,0.1765280005289256,233.29398777956803,219.78646079307796,3.0,4.0,4,4
0.23728813559322035,2.657654238581348,0.5690348508433078,0.6066100540787696,0.03757520323546171,2.5,2.707795239670669,0.20779523967066904,238.50219265093259,225.10796178641203,3.0,4.0,4,4
0.23728813559322035,2.952865955789426,0.5778808787698791,0.6204199103038657,0.04253903153398653,2.5,2.738822350819829,0.23882235081982905,243.5026662723213,230.1906351792668,3.0,4.0,4,4
0.23728813559322035,3.2808697332707224,0.8317918579643407,0.6335176362040819,-0.19827422176025888,4.5,2.7694710404146474,-1.7305289595853526,248.2422275003921,235.024699082576,4.0,4.0,5,4
0.23728813559322035,3.64530810671838,0.8491015398448297,0.6458931136130553,-0.20320842623177438,4.5,2.7996125207515443,-1.7003874792484557,253.06634909527762,239.60398486445558,4.0,4.0,5,4
0.23728813559322035,4.050228223983634,0.8544492072330482,0.6575450286129502,-0.196904178620098,4.5,2.8291295733302846,-1.6708704266697154,257.4846338188725,243.92568507213124,4.0,4.0,5,4
0.23728813559322035,4.500126789315846,0.8592817942797918,0.6684798770714551,-0.19080191720833672,4.5,2.8579180632135843,-1.6420819367864157,261.68047011712457,247.99003815750996,4.0,4.0,5,4
0.23728813559322035,5.000000000000001,0.8636468772185442,0.678710884974095,-0.18493599224444912,4.5,2.8858881708933057,-1.6141118291066943,265.65652572736025,251.79996897023528,4.0,4.0,5,4
0.2542372881355932,0.01,0.1443806064017415,0.1066197895407573,-0.03776081686098419,3.0,2.053332118486288,-0.946667881513712,53.56706045771838,51.11556594196496,3.0,4.0,1,1
0.2542372881355932,0.011110798059892322,0.14562687491328102,0.10745870998158852,-0.038168164931692505,3.0,2.0540364448854245,-0.9459635551145755,53.89709808410777,51.391848998218016,3.0,4.0,1,1
0.2542372881355932,0.012344983352770704,0.14700589855718488,0.10838855679782763,-0.03861734175935724,3.0,2.05481807916076,-0.9451819208392398,54.26291184575757,51.69813457787649,3.0,4.0,1,1
0.2542372881355932,0.013716261708536773,0.14853118532320317,0.10941891059951901,-0.03911227472368416,3.0,2.0556854133261377,-0.9443145866738623,54.668267189891196,52.037597259330234,3.0,4.0,1,1
0.2542372881355932,0.015239861398018572,0.15021746595338953,0.11056029831802199,-0.03965716763536754,3.0,2.0566475959320094,-0.9433524040679906,55.11729982815583,52.413728282180344,3.0,4.0,1,1
0.2542372881355932,0.016932702245413263,0.15208077001573703,0.11182427197450884,-0.04025649804122819,3.0,2.05771497252863,-0.9422850274713701,55.61454611631671,52.83036264993236,3.0,4.0,1,1
0.2542372881355932,0.018813583525707212,0.1541402464726022,0.11322349075251995,-0.04091675572008224,3.0,2.0588987862982324,-0.9411012137017676,56.16873295989988,53.291707562706165,3.0,4.0,1,1
0.2542372881355932,0.020903392733704982,0.1564112710603526,0.11477180522452757,-0.041639465835825035,3.0,2.060211452963996,-0.9397885470360041,56.777910534240014,53.8023718511808,3.0,4.0,1,1
0.2542372881355932,0.023225337543081658,0.15892435433960433,0.11648434279758293,-0.0424400115420214,3.0,2.0616667472524575,-0.9383332527475425,57.45277810099779,54.36739617253838,3.0,4.0,1,1
0.2542372881355932,0.02580520353140161,0.1616844018489363,0.11837759301514933,-0.04330680883378696,3.0,2.0632796579331636,-0.9367203420668364,58.197644298494545,54.992283547882856,3.0,4.0,1,1
0.2542372881355932,0.028671640533182347,0.16473112523199385,0.12046949044528651,-0.04426163478670733,3.0,2.065066858864157,-0.934933141135843,59.02193135470194,55.68302960098649,3.0,4.0,1,1
0.2542372881355932,0.031856480801001244,0.16808306433750608,0.12277949324951783,-0.045303571087988256,3.0,2.067046608706006,-0.932953391293994,59.93673795950444,56.44615192285536,3.0,4.0,1,1
0.2542372881355932,0.03539509250787618,0.1717692321234186,0.12532865414254,-0.04644057798087861,3.0,2.0692388379131454,-0.9307611620868546,60.94304358596665,57.28871756875877,3.0,4.0,1,1
0.2542372881355932,0.03932677251662197,0.17580657253838256,0.12813967988381786,-0.047666892654564696,3.0,2.071665567014134,-0.9283344329858658,62.05096139979684,58.21836752110761,3.0,4.0,1,1
0.2542372881355932,0.04369518277795103,0.18023121137999742,0.13123697540614493,-0.048994235973852496,3.0,2.0743508034443954,-0.9256491965556046,63.27156400194735,59.24333688276136,3.0,4.0,1,1
0.2542372881355932,0.048548835203589866,0.18508560052333195,0.13464666699726685,-0.0504389335260651,3.0,2.0773206515703357,-0.9226793484296643,64.625133529442,60.37246912017391,3.0,4.0,1,1
0.2542372881355932,0.05394163039900783,0.19038142189945673,0.1383965978460374,-0.05198482405341934,3.0,2.080603840638651,-0.9193961593613489,66.10560629635296,61.61522216920472,3.0,4.0,1,1
0.2542372881355932,0.059933456238472516,0.19616071766188192,0.1425162904332242,-0.053644427228657726,3.0,2.0842312841559765,-0.9157687158440235,67.73815988029769,62.98166467944696,3.0,4.0,1,1
0.2542372881355932,0.06659085292970618,0.20245517614854117,0.14703686539311067,-0.055418310755430494,3.0,2.08823682043003,-0.9117631795699701,69.525734191309,64.48245902294886,3.0,4.0,3,1
0.2542372881355932,0.07398775195379542,0.20929530365580798,0.15199091045493388,-0.057304393200874104,3.0,2.092656932299725,-0.9073430677002752,71.48455597810913,66.12882893514853,3.0,4.0,3,1
0.2542372881355932,0.0822062970864025,0.21671877080949864,0.15741228822728304,-0.0593064825822156,3.0,2.0975309167930396,-0.9024690832069604,73.638953565331,67.93250802408383,3.0,4.0,3,1
0.2542372881355932,0.09133775661785326,0.22474978748804067,0.16333587281649323,-0.06141391467154744,3.0,2.102901241480141,-0.8970987585198591,75.99304281692933,69.90566569312882,3.0,4.0,3,1
0.2542372881355932,0.10148353690245611,0.23341348518472577,0.16979720680961405,-0.06361627837511172,3.0,2.1088132183824206,-0.8911867816175794,78.55219967287844,72.06080740790262,3.0,4.0,3,1
0.2542372881355932,0.112756308492682,0.2427433906870663,0.17683206680638258,-0.06591132388068371,3.0,2.115315247542458,-0.8846847524575421,81.35167533271708,74.41064503160541,3.0,4.0,3,1
0.2542372881355932,0.1252812573641112,0.2527574407831573,0.18447593060488052,-0.0682815101782768,3.0,2.1224587333563254,-0.8775412666436746,84.39850348736809,76.9679343647242,3.0,4.0,3,1
0.2542372881355932,0.13919747512620373,0.26346763173424415,0.1927633389740397,-0.07070429276020446,3.0,2.13029799606884,-0.86970200393116,87.70188953868195,79.7452767596744,3.0,4.0,3,1
0.2542372881355932,0.1546595036574134,0.2748829389419836,0.20172714947544906,-0.07315578946653456,3.0,2.1388899687910463,-0.8611100312089537,91.2745545933279,82.7548830054485,3.0,4.0,3,3
0.2542372881355932,0.1718390513180699,0.28700526508534885,0.2113976826294776,-0.07560758245587124,3.0,2.1482940184534534,-0.8517059815465466,95.1227029784872,86.00829843471409,3.0,4.0,3,3
0.2542372881355932,0.1909268997998548,0.29983804934988123,0.22180176727258238,-0.07803628207729885,3.0,2.1585716775793125,-0.8414283224206875,99.29409342695514,89.51608989561247,3.0,4.0,3,3
0.2542372881355932,0.21213502278774823,0.3133514649395657,0.2329617011352354,-0.08038976380433033,3.0,2.1697858699539214,-0.8302141300460786,103.75493911644377,93.28749848362737,3.0,4.0,3,3
0.2542372881355932,0.23569893996253266,0.3275264088351749,0.24489414525362152,-0.0826322635815534,3.0,2.1820004862442155,-0.8179995137557845,108.53154210717858,97.33006230446485,3.0,4.0,3,3
0.2542372881355932,0.26188033248543857,0.34232207939235937,0.2576089866170493,-0.08471309277531008,3.0,2.1952794985438238,-0.8047205014561762,113.61984871133501,101.64921909316658,3.0,4.0,3,3
0.2542372881355932,0.2909699490103167,0.3576983340112985,0.2711082071093777,-0.0865901269019208,3.0,2.2096860970777934,-0.7903139029222066,119.04611933439973,106.24789947382195,3.0,4.0,3,3
0.2542372881355932,0.32329083449507945,0.3735847221934037,0.28538481042194425,-0.08819991177145947,3.0,2.2252814809966375,-0.7747185190033625,124.76574252929902,111.12612701948119,3.0,4.0,3,3
0.2542372881355932,0.35920191766889,0.38992782132412707,0.3004218618419049,-0.08950595948222217,3.0,2.242123753059423,-0.7578762469405769,130.8277025721725,116.28064271275335,3.0,4.0,3,3
0.2542372881355932,0.39910199699451043,0.40662858883738706,0.31619170524102713,-0.09043688359635993,3.0,2.26026634607697,-0.7397336539230301,137.1515986450348,121.70457500868086,3.0,4.0,3,3
0.2542372881355932,0.4434341693905757,0.42361600778991665,0.3326554184948036,-0.09096058929511303,3.0,2.279756627959433,-0.7202433720405672,143.78277013468966,127.38717755708115,3.0,4.0,3,3
0.2542372881355932,0.4926907508954772,0.4407921358258885,0.3497625693760015,-0.09102956644988702,3.0,2.3006342082982894,-0.6993657917017106,150.6830643570614,133.3136571902497,3.0,4.0,3,3
0.2542372881355932,0.5474187439176361,0.4580460572948613,0.36745132428621136,-0.09059473300864995,3.0,2.322929199418287,-0.677070800581713,157.77647272327786,139.46511395717565,3.0,4.0,3,3
0.2542372881355932,0.6082259117868763,0.4752972595595387,0.3856489436800303,-0.08964831587950844,3.0,2.3466606193804194,-0.6533393806195806,165.1216608633478,145.81860858308082,3.0,4.0,3,3
0.2542372881355932,0.6757875280657863,0.49242841706975077,0.4042726883381195,-0.08815572873163124,3.0,2.3718345839821278,-0.6281654160178722,172.61915753969882,152.3473722461345,3.0,4.0,3,3
0.2542372881355932,0.7508538755732771,0.5093487252567724,0.42323112384649697,-0.08611760141027547,3.0,2.398442849225831,-0.6015571507741688,180.2620555164468,159.02115992165025,3.0,4.0,4,3
0.2542372881355932,0.8342585783982197,0.5259563036278776,0.442425798556567,-0.0835305050713106,3.0,2.426461430534256,-0.573538569465744,187.97800906539993,165.80674676519993,3.0,4.0,4,3
0.2542372881355932,0.9269278594315465,0.5421714428509031,0.4617532316029643,-0.08041821124793885,3.0,2.4558495274279277,-0.5441504725720723,195.75876330808566,172.6685507641733,3.0,4.0,4,3
0.2542372881355932,1.029890826223217,0.5579113889122612,0.48110713533973604,-0.07680425357252518,3.0,2.486548771028175,-0.5134512289718249,203.54514302651768,179.56936215172482,3.0,4.0,4,3
0.2542372881355932,1.1442908993901826,0.5731036170357858,0.5003807688342512,-0.07272284820153463,3.0,2.5184830042358963,-0.4815169957641037,211.27543036021436,186.47114694626129,3.0,4.0,4,4
0.2542372881355932,1.2713985104896872,0.5876936903451445,0.5194693178378945,-0.06822437250725,3.0,2.5515583566273574,-0.4484416433726426,218.92619985751156,193.33589033068407,3.0,4.0,4,4
0.2542372881355932,1.412625210369881,0.6016348291304421,0.5382721853076048,-0.0633626438228373,3.0,2.5856641097401747,-0.4143358902598253,226.4581877648125,200.12643935121778,3.0,4.0,4,4
0.2542372881355932,1.5695393446732664,0.6148917184938432,0.556695090636601,-0.05819662785724211,3.0,2.6206738265289466,-0.37932617347105335,233.83496978528152,206.807305682976,3.0,4.0,4,4
0.2542372881355932,1.7438834705720385,0.6965901348991899,0.5746518846534503,-0.12193825024573957,3.5,2.656447343080073,-0.8435526569199272,243.4629931154849,213.34539258200343,3.0,4.0,4,4
0.2542372881355932,1.9375937081510104,0.7082961780589906,0.5920660167005292,-0.11623016135846143,3.5,2.6928329827787834,-0.8071670172212166,250.54720450557656,219.7106165192304,3.0,4.0,4,4
0.2542372881355932,2.1528212413383825,0.7192144324502813,0.6088716024492709,-0.11034283000101042,3.5,2.7296703662024826,-0.7703296337975174,257.3880284977516,225.87639845909575,3.0,4.0,4,4
0.2542372881355932,2.3919562071557467,0.729357226988465,0.6250140814854726,-0.1043431455029924,3.5,2.7667935484903876,-0.7332064515096124,263.93583589228564,231.82001437007128,3.0,4.0,4,4
0.2542372881355932,2.657654238581348,0.738744285925561,0.640450467143992,-0.09829381878156895,3.5,2.8040343560045597,-0.6959656439954403,270.1330039170379,237.52279842088754,3.0,4.0,4,4
0.2542372881355932,2.952865955789426,0.7474127655233874,0.6551492243742831,-0.09226354114910429,3.5,2.8412256602721766,-0.6587743397278234,276.0786250099933,242.97020585041554,3.0,4.0,4,4
0.2542372881355932,3.2808697332707224,0.7553885876639758,0.6690898094889117,-0.08629877817506404,3.5,2.8782049016212126,-0.6217950983787874,281.69553910623216,248.15174366325297,3.0,4.0,4,4
0.2542372881355932,3.64530810671838,0.7627041311396787,0.6822619500890089,-0.0804421810506698,3.5,2.9148168386484046,-0.5851831613515954,286.9372922942521,253.06079256237396,3.0,4.0,4,4
0.2542372881355932,4.050228223983634,0.7694074221604427,0.6946647025023966,-0.07474271965804602,3.5,2.9509165423340176,-0.5490834576659824,291.9518617062153,257.69433380940745,3.0,4.0,4,4
0.2542372881355932,4.500126789315846,0.7755226855681963,0.7063053813453696,-0.06921730422282668,3.5,2.9863712840189707,-0.5136287159810293,296.5631757420496,262.0526120540227,3.0,4.0,4,4
0.2542372881355932,5.000000000000001,0.7810988754849622,0.7171983909398189,-0.0639004845451433,3.5,3.0210622794344104,-0.4789377205655896,300.9277148285986,266.1387467830785,3.0,4.0,4,4
0.2711864406779661,0.01,0.1439646318366586,0.1071204326516488,-0.03684419918500981,3.0,2.0629248859302614,-0.9370751140697386,53.71643779153079,51.277719684519376,3.0,4.0,1,1
0.2711864406779661,0.011110798059892322,0.14527536583538736,0.10801339262960492,-0.03726197320578244,3.0,2.0636819419101817,-0.9363180580898183,54.067075642841935,51.57180741098083,3.0,4.0,1,1
0.2711864406779661,0.012344983352770704,0.14672562020716148,0.10900312974993748,-0.037722490457224006,3.0,2.064522193331505,-0.9354778066684948,54.45571194830728,51.89783270351553,3.0,4.0,1,1
0.2711864406779661,0.013716261708536773,0.14832955926014282,0.11009983965712287,-0.03822971960301995,3.0,2.0654546087258505,-0.9345453912741495,54.88634452619091,52.259175254755945,3.0,4.0,1,1
0.2711864406779661,0.015239861398018572,0.15010430784006482,0.1113147246543147,-0.03878958318575011,3.0,2.0664892413769853,-0.9335107586230147,55.36694281322439,52.65955194208334,3.0,4.0,1,1
0.2711864406779661,0.016932702245413263,0.1520633220012012,0.11266007760507041,-0.0394032443961308,3.0,2.067637003341225,-0.932362996658775,55.8952810757865,53.10304576073777,3.0,4.0,1,1
0.2711864406779661,0.018813583525707212,0.15422648082456122,0.11414936894680029,-0.04007711187776093,3.0,2.0689100763993347,-0.9310899236006653,56.480107520088026,53.594136071366506,3.0,4.0,1,1
0.2711864406779661,0.020903392733704982,0.15661678788412325,0.11579733618714608,-0.04081945169697718,3.0,2.070322014758131,-0.9296779852418688,57.12833518395889,54.137729993331696,3.0,4.0,1,1
0.2711864406779661,0.023225337543081658,0.15924895758850505,0.11762007477045758,-0.04162888281804747,3.0,2.0718875274120374,-0.9281124725879626,57.844074351682316,54.73919462426362,3.0,4.0,1,1
0.2711864406779661,0.02580520353140161,0.16215234830308828,0.11963512839000763,-0.04251721991308065,3.0,2.0736229463072964,-0.9263770536927036,58.63660497095036,55.40438957006909,3.0,4.0,1,1
0.2711864406779661,0.028671640533182347,0.1653500729394978,0.1218615771174997,-0.0434884958219981,3.0,2.075546193937772,-0.9244538060622278,59.51675311374721,56.13969927245277,3.0,4.0,1,1
0.2711864406779661,0.031856480801001244,0.16886444657232905,0.12432012042594122,-0.04454432614638783,3.0,2.0776770787138967,-0.9223229212861033,60.48385729890001,56.952064282053215,3.0,4.0,1,1
0.2711864406779661,0.03539509250787618,0.17272499588666337,0.12703315232240295,-0.045691843564260426,3.0,2.0800372952129704,-0.9199627047870296,61.55097982934528,57.8490106745529,3.0,4.0,1,1
0.2711864406779661,0.03932677251662197,0.17696389675039398,0.1300248243492505,-0.04693907240114348,3.0,2.0826505403907514,-0.9173494596092486,62.72956642117059,58.83867626593059,3.0,4.0,1,1
0.2711864406779661,0.04369518277795103,0.18161073732634153,0.13332109147313964,-0.04828964585320189,3.0,2.0855430392664864,-0.9144569607335136,64.0336033815455,59.92983214212496,3.0,4.0,1,1
0.2711864406779661,0.048548835203589866,0.18669303551847877,0.13694973648476916,-0.04974329903370961,3.0,2.0887430685572332,-0.9112569314427668,65.46332675820751,61.13189811474914,3.0,4.0,1,1
0.2711864406779661,0.05394163039900783,0.19224782223762105,0.14094036401287396,-0.05130745822474708,3.0,2.09228196340846,-0.90771803659154,67.04161811725504,62.45494931671859,3.0,4.0,1,1
0.2711864406779661,0.059933456238472516,0.19830680646650437,0.14532435974569835,-0.052982446720806015,3.0,2.0961934297054543,-0.9038065702945457,68.77175628338189,63.90971248530301,3.0,4.0,1,1
0.2711864406779661,0.06659085292970618,0.2049027095779915,0.15013480286167813,-0.054767906716313375,3.0,2.1005144259310335,-0.8994855740689665,70.67002952468296,65.50754810887508,3.0,4.0,3,1
0.2711864406779661,0.07398775195379542,0.21207118131784747,0.15540632525152806,-0.05666485606631941,3.0,2.105284897226375,-0.8947151027736249,72.75727691092555,67.26041622798755,3.0,4.0,3,1
0.2711864406779661,0.0822062970864025,0.21984508743689854,0.16117490561744363,-0.05867018181945491,3.0,2.110547948861495,-0.8894520511385049,75.04493478636996,69.18082195457286,3.0,4.0,3,1
0.2711864406779661,0.09133775661785326,0.22824914460566165,0.16747758760729817,-0.06077155699836348,3.0,2.1163502778450503,-0.8836497221549497,77.53596811184399,71.28173692938307,3.0,4.0,3,1
0.2711864406779661,0.10148353690245611,0.2373199036342074,0.17435211301336734,-0.06296779062084007,3.0,2.1227418928523556,-0.8772581071476444,80.26585880926523,73.57649341352173,3.0,4.0,3,1
0.2711864406779661,0.112756308492682,0.24707605678325087,0.18183645781108398,-0.06523959897216688,3.0,2.1297763676673647,-0.8702236323326353,83.23775846107476,76.07864663525963,3.0,4.0,3,1
0.2711864406779661,0.1252812573641112,0.2575379010543344,0.1899682631927617,-0.06756963786157269,3.0,2.1375108780572196,-0.8624891219427804,86.46154209132078,78.80180207185902,3.0,4.0,3,1
0.2711864406779661,0.13919747512620373,0.2687225403243036,0.1987841553566177,-0.0699383849676859,3.0,2.1460059240867855,-0.8539940759132145,89.96649928119558,81.75940471709222,3.0,4.0,3,1
0.2711864406779661,0.1546595036574134,0.28063825032331746,0.20831894901787187,-0.07231930130544559,3.0,2.1553254347527404,-0.8446745652472596,93.7629243621127,84.96448764641015,3.0,4.0,3,3
0.2711864406779661,0.1718390513180699,0.29328137168084806,0.21860473757592946,-0.0746766341049186,3.0,2.1655365346174227,-0.8344634653825773,97.85753750799992,88.42937938242653,3.0,4.0,3,3
0.2711864406779661,0.1909268997998548,0.3066465621918029,0.22966987823682394,-0.07697668395497897,3.0,2.17670894470648,-0.8232910552935202,102.26856374808065,92.16537129805843,3.0,4.0,3,3
0.2711864406779661,0.21213502278774823,0.3207187050862488,0.2415378832443588,-0.07918082184188999,3.0,2.1889148598944312,-0.8110851401055688,107.02071047462316,96.18234667464644,3.0,4.0,3,3
0.2711864406779661,0.23569893996253266,0.33545732144464163,0.2542262463545154,-0.08123107509012623,3.0,2.2022281411278537,-0.7977718588721463,112.08526044180414,100.48837959738985,3.0,4.0,3,3
0.2711864406779661,0.26188033248543857,0.35082913953733386,0.2677452331075123,-0.08308390642982155,3.0,2.2167236583132772,-0.7832763416867228,117.48827778160432,105.08931053432883,3.0,4.0,3,3
0.2711864406779661,0.2909699490103167,0.3667820738699786,0.28209668120060793,-0.08468539266937064,3.0,2.2324763796117635,-0.7675236203882365,123.23852368087142,109.98831275272,3.0,4.0,3,3
0.2711864406779661,0.32329083449507945,0.3832490657441916,0.29727286275668463,-0.08597620298750697,3.0,2.2495603070303343,-0.7504396929696657,129.3087648382014,115.1854651391358,3.0,4.0,3,3
0.2711864406779661,0.35920191766889,0.40016408871317655,0.31325546954366484,-0.0869086191695117,3.0,2.2680471670813867,-0.7319528329186133,135.72869390604765,120.6773508497701,3.0,4.0,3,3
0.2711864406779661,0.39910199699451043,0.41743132008754075,0.33001478662165334,-0.0874165334658874,3.0,2.288005086971681,-0.711994913028319,142.4360749830507,126.4567040433159,3.0,4.0,3,3
0.2711864406779661,0.4434341693905757,0.4349669940946532,0.3475091236414323,-0.0874578704532209,3.0,2.3094968939840337,-0.6905031060159663,149.45360717872498,132.51212882920683,3.0,4.0,3,3
0.2711864406779661,0.4926907508954772,0.4526726542776199,0.36568456595225635,-0.08698808832536353,3.0,2.332578515808564,-0.6674214841914359,156.7525005624916,138.82791429322967,3.0,4.0,3,3
0.2711864406779661,0.5474187439176361,0.4704454473852399,0.3844751008642012,-0.08597034652103869,3.0,2.3572971143294135,-0.6427028856705865,164.3071612316517,145.3839675051866,3.0,4.0,3,3
0.2711864406779661,0.6082259117868763,0.4881725900513677,0.40380315946611556,-0.08436943058525215,3.0,2.3836892592313244,-0.6163107407686756,172.05585797619818,152.15588452500407,3.0,4.0,3,3
0.2711864406779661,0.6757875280657863,0.5057577898800399,0.4235805917816401,-0.08217719809839985,3.0,2.411778979800875,-0.5882210201991249,179.99275876793544,159.11517113177806,3.0,4.0,4,3
0.2711864406779661,0.7508538755732771,0.5230996005710405,0.44371006770704874,-0.07938953286399181,3.0,2.4415760256466466,-0.5584239743533534,188.08010646189484,166.2296184994832,3.0,4.0,4,3
0.2711864406779661,0.8342585783982197,0.54009442522253,0.4640868717813654,-0.07600755344116467,3.0,2.4730741171864805,-0.5269258828135195,196.24127260416563,173.4638303543983,3.0,4.0,4,3
0.2711864406779661,0.9269278594315465,0.5566576890352436,0.48460102718664083,-0.07205666184860277,3.0,2.5062495906779083,-0.4937504093220917,204.4483521106683,180.7798867100756,3.0,4.0,4,3
0.2711864406779661,1.029890826223217,0.5727101474963503,0.5051396647316747,-0.06757048276467559,3.0,2.5410602003743414,-0.45893979962565856,212.65614160715933,188.13812079921476,3.0,4.0,4,4
0.2711864406779661,1.1442908993901826,0.5881831156866154,0.5255895309261837,-0.06259358476043175,3.0,2.5774443023256035,-0.4225556976743965,220.81972886284635,195.49797699976716,3.0,4.0,4,4
0.2711864406779661,1.2713985104896872,0.6030193664102167,0.5458395164502426,-0.05717984995997405,3.0,2.615320669312497,-0.38467933068750293,228.89550361271645,202.81891061586003,3.0,4.0,4,4
0.2711864406779661,1.412625210369881,0.685386195554742,0.5657830889499642,-0.1196031066047778,3.5,2.6545887039043023,-0.8454112960956977,239.26730535151592,210.06128810679627,3.0,4.0,4,4
0.2711864406779661,1.5695393446732664,0.6987703506432184,0.5853205189246963,-0.11344983171852208,3.5,2.6951291408564444,-0.8048708591435556,247.20051339597026,217.1872457979494,3.0,4.0,4,4
0.2711864406779661,1.7438834705720385,0.7113341335592093,0.604360798981221,-0.1069733345779883,3.5,2.7368056119419646,-0.7631943880580354,254.94119359510938,224.16146725064655,3.0,4.0,4,4
0.2711864406779661,1.9375937081510104,0.7230693049185539,0.622823188959881,-0.10024611595867294,3.5,2.779466534935638,-0.7205334650643622,262.34063791823866,230.95184780184664,3.0,4.0,4,4
0.2711864406779661,2.1528212413383825,0.7339996546099434,0.6406383377911558,-0.09336131681878768,3.5,2.822947655397003,-0.677052344602997,269.5179191011273,237.53002186482152,3.0,4.0,4,4
0.2711864406779661,2.3919562071557467,0.7441374806742436,0.6577489625333196,-0.08638851814092396,3.5,2.867075074906462,-0.6329249250935378,276.383064562308,243.87173746452117,3.0,4.0,4,4
0.2711864406779661,2.657654238581348,0.7535112439365745,0.6741100981215555,-0.079401145815019,3.5,2.911668453866152,-0.5883315461338481,282.9499407331129,249.95707537925773,3.0,4.0,4,4
0.2711864406779661,2.952865955789426,0.7621485581418962,0.6896889390673799,-0.07245961907451626,3.5,2.956544754764765,-0.543455245235235,289.17635580271445,255.7705145187566,3.0,4.0,4,4
0.2711864406779661,3.2808697332707224,0.7700840521194715,0.7044643386975797,-0.06561971342189177,3.5,3.001521606894677,-0.49847839310532294,295.0548772617308,261.3008610354021,3.0,4.0,4,4
0.2711864406779661,3.64530810671838,0.7773549531403422,0.7184260086317015,-0.058928944508640724,3.5,3.046420872956516,-0.45357912704348413,300.5697509845353,266.5410534162779,3.0,4.0,4,4
0.2711864406779661,4.050228223983634,0.7840052553249597,0.7315735048753627,-0.052431750449597025,3.5,3.091071616997944,-0.4089283830020558,305.81105642213936,271.4878723254592,3.0,4.0,4,4
0.2711864406779661,4.500126789315846,0.7900692832947015,0.7439150603791315,-0.04615422291557003,3.5,3.1353127756621704,-0.36468722433782963,310.70717611599355,276.14157664409055,3.0,4.0,4,4
0.2711864406779661,5.000000000000001,0.7955842886361086,0.755466327753384,-0.04011796088272468,3.5,3.1789951208222207,-0.3210048791777793,315.21863911929285,280.5054874909006,3.0,4.0,4,4
0.288135593220339,0.01,0.14350788506769024,0.10762080235681701,-0.035887082710873236,3.0,2.0726310772239236,-0.9273689227760764,53.86628768239203,51.439762712339395,3.0,4.0,1,1
0.288135593220339,0.011110798059892322,0.1448816452571302,0.10856776886649169,-0.036313876390638516,3.0,2.073441945179366,-0.9265580548206338,54.23742408003253,51.75164375752432,3.0,4.0,1,1
0.288135593220339,0.012344983352770704,0.1464031521017336,0.10961735893699763,-0.03678579316473597,3.0,2.074341942265165,-0.925658057734835,54.652187816939595,52.0973963662287,3.0,4.0,1,1
0.288135593220339,0.013716261708536773,0.14808398803691875,0.11078038256273871,-0.03730360547418003,3.0,2.0753408063959804,-0.9246591936040196,55.10807127866367,52.48060526519787,3.0,4.0,1,1
0.288135593220339,0.015239861398018572,0.14994188793619725,0.11206871675542888,-0.03787317118076837,3.0,2.0764491907029887,-0.9235508092970113,55.613046894013316,52.905212926456976,3.0,4.0,1,1
0.288135593220339,0.016932702245413263,0.15199439271335585,0.11349539423167154,-0.03849899848168431,3.0,2.077679023961538,-0.9223209760384621,56.17220843226861,53.37555024621445,3.0,4.0,1,1
0.288135593220339,0.018813583525707212,0.15426052472170476,0.11507469567407892,-0.03918582904762584,3.0,2.079043335566531,-0.920956664433469,56.79113365578915,53.89636869554413,3.0,4.0,1,1
0.288135593220339,0.020903392733704982,0.15676326293226614,0.11682224444759633,-0.03994101848466981,3.0,2.0805565412156293,-0.9194434587843707,57.477174200295345,54.472873674783784,3.0,4.0,1,1
0.288135593220339,0.023225337543081658,0.1595200007950433,0.11875510252556,-0.040764898269483305,3.0,2.0822346062574075,-0.9177653937425925,58.23459098818619,55.11075867553764,3.0,4.0,1,1
0.288135593220339,0.02580520353140161,0.16256126960909564,0.12089186613170692,-0.04166940347738872,3.0,2.0840951512567707,-0.9159048487432293,59.07766856880441,55.81623989695407,3.0,4.0,1,1
0.288135593220339,0.028671640533182347,0.16590645019300895,0.12325275883815862,-0.04265369135485034,3.0,2.0861574832000778,-0.9138425167999222,60.004482314746326,56.596090608533544,3.0,4.0,1,1
0.288135593220339,0.031856480801001244,0.169584500600866,0.12585971921786324,-0.04372478138300276,3.0,2.0884429095021924,-0.9115570904978076,61.027808404206546,57.457674424028404,3.0,4.0,1,1
0.288135593220339,0.03539509250787618,0.1736267238289744,0.12873647990439133,-0.04489024392458307,3.0,2.0909748920064892,-0.9090251079935108,62.158881911671976,58.40897656100914,3.0,4.0,1,1
0.288135593220339,0.03932677251662197,0.17806298068257406,0.13190863396072883,-0.046154346721845235,3.0,2.093779039738002,-0.9062209602619982,63.4114072889054,59.458631842603666,3.0,4.0,1,1
0.288135593220339,0.04369518277795103,0.18291811652000264,0.1354036827561111,-0.047514433763891556,3.0,2.0968837338150483,-0.9031162661849517,64.78338464280027,60.615947633170556,3.0,4.0,1,1
0.288135593220339,0.048548835203589866,0.18823222852101282,0.13925106109442137,-0.04898116742659145,3.0,2.100319629482693,-0.8996803705173071,66.29588631512557,61.890920427258976,3.0,4.0,1,1
0.288135593220339,0.05394163039900783,0.19404149182630995,0.14348213003883042,-0.05055936178747952,3.0,2.1041206348920247,-0.8958793651079753,67.96812026462997,63.29424308753835,3.0,4.0,1,1
0.288135593220339,0.059933456238472516,0.20037292435844936,0.1481301323117628,-0.052242792046686554,3.0,2.108323512051721,-0.891676487948279,69.79844327630452,64.8373010541186,3.0,4.0,3,1
0.288135593220339,0.06659085292970618,0.20726556651009084,0.15323009864112347,-0.054035467868967374,3.0,2.11296839118586,-0.8870316088141399,71.8135768640395,66.5321537471118,3.0,4.0,3,1
0.288135593220339,0.07398775195379542,0.21475136841431947,0.1588186968753549,-0.05593267153896456,3.0,2.1180988392326987,-0.8819011607673013,74.01769816547684,68.39149855948328,3.0,4.0,3,1
0.288135593220339,0.0822062970864025,0.22286527255829872,0.16493401191157153,-0.057931260646727184,3.0,2.123762140056352,-0.876237859943648,76.4372840021772,70.4286132879179,3.0,4.0,3,1
0.288135593220339,0.09133775661785326,0.23163559431757386,0.1716152459477477,-0.06002034836982614,3.0,2.1300093244819442,-0.8699906755180558,79.08048434978325,72.65727337556676,3.0,4.0,3,1
0.288135593220339,0.10148353690245611,0.2410907224072219,0.17890232700877634,-0.06218839539844556,3.0,2.1368954212870457,-0.8631045787129543,81.95843540401154,75.09163970998256,3.0,4.0,3,1
0.288135593220339,0.112756308492682,0.25125748141214627,0.18683541537572185,-0.06442206603642442,3.0,2.1444796066498393,-0.8555203933501607,85.10048335267014,77.74611301754015,3.0,4.0,3,1
0.288135593220339,0.1252812573641112,0.26215593095342604,0.19545429904757894,-0.0667016319058471,3.0,2.1528250498464336,-0.8471749501535664,88.51911932546174,80.6351511316294,3.0,4.0,3,1
0.288135593220339,0.13919747512620373,0.27379975029750026,0.20479766948691902,-0.06900208081058123,3.0,2.161999204487075,-0.838000795512925,92.23063737348009,83.77304539805445,3.0,4.0,3,3
0.288135593220339,0.1546595036574134,0.28619181342630956,0.2149022766058088,-0.07128953682050077,3.0,2.172073542833096,-0.827926457166904,96.24369779181819,87.1736545022849,3.0,4.0,3,3
0.288135593220339,0.1718390513180699,0.2993337900572457,0.22580196317030568,-0.07353182688694002,3.0,2.183123386499938,-0.816876613500062,100.57851623903312,90.85009434388925,3.0,4.0,3,3
0.288135593220339,0.1909268997998548,0.31321067038635103,0.2375265859203581,-0.07568408446599292,3.0,2.1952278525335718,-0.8047721474664282,105.23976457030803,94.81438439886225,3.0,4.0,3,3
0.288135593220339,0.21213502278774823,0.32780454665472475,0.250100842503953,-0.07770370415077177,3.0,2.208469267399051,-0.7915307326009491,110.24502320033088,99.07705512598201,3.0,4.0,3,3
0.288135593220339,0.23569893996253266,0.34308652855117916,0.26354302646913075,-0.07954350208204841,3.0,2.2229326733329806,-0.7770673266670194,115.61841573432825,103.6467211784665,3.0,4.0,3,3
0.288135593220339,0.26188033248543857,0.35900082941655564,0.27786374693771726,-0.08113708247883838,3.0,2.238705343200128,-0.7612946567998722,121.32380494859423,108.5296308882293,3.0,4.0,3,3
0.288135593220339,0.2909699490103167,0.3755029310359536,0.2930646605272223,-0.08243827050873132,3.0,2.2558757704158787,-0.7441242295841213,127.40455298069926,113.72920529762148,3.0,4.0,3,3
0.288135593220339,0.32329083449507945,0.39251328874854524,0.3091372698466648,-0.08337601890188046,3.0,2.274532749888022,-0.7254672501119779,133.8108146439632,119.24558364847597,3.0,4.0,3,3
0.288135593220339,0.35920191766889,0.4099654351316117,0.32606185410388383,-0.08390358102772788,3.0,2.29476415598183,-0.7052358440181701,140.58326866146666,125.07519593690154,3.0,4.0,3,3
0.288135593220339,0.39910199699451043,0.42776293287830275,0.34380660189746776,-0.08395633098083499,3.0,2.316655612201431,-0.6833443877985692,147.6695315955385,131.21038642234265,3.0,4.0,3,3
0.288135593220339,0.4434341693905757,0.4458135087213553,0.36232701854620475,-0.08348649017515053,3.0,2.340288845269243,-0.6597111547307568,155.0809741473051,137.639113460235,3.0,4.0,3,3
0.288135593220339,0.4926907508954772,0.4640103046293673,0.38156567297459615,-0.08244463165477117,3.0,2.3657401300850336,-0.6342598699149664,162.77203826941135,144.34475051295718,3.0,4.0,3,3
0.288135593220339,0.5474187439176361,0.48225058297262297,0.4014523455571569,-0.08079823741546605,3.0,2.3930783356074254,-0.6069216643925746,170.72857096545462,151.3060134438597,3.0,4.0,3,3
0.288135593220339,0.6082259117868763,0.5004220802053068,0.42190461576694077,-0.07851746443836599,3.0,2.422362979268656,-0.5776370207313439,178.90174386752102,158.49703343679965,3.0,4.0,4,3
0.288135593220339,0.6757875280657863,0.518421499353754,0.44282890921911466,-0.07559259013463937,3.0,2.4536422735371173,-0.5463577264628827,187.26996450729632,165.8875894900679,3.0,4.0,4,3
0.288135593220339,0.7508538755732771,0.536141381646506,0.46412199575834995,-0.0720193858881561,3.0,2.4869511670316578,-0.5130488329683422,195.77489170559306,173.44350567692905,3.0,4.0,4,3
0.288135593220339,0.8342585783982197,0.5534884411937464,0.4856729032480536,-0.06781553794569278,3.0,2.522309394186596,-0.47769060581340383,204.40280308617932,181.1272097269638,3.0,4.0,4,3
0.288135593220339,0.9269278594315465,0.5703614891581718,0.5073651795143989,-0.0629963096437729,3.0,2.5597196764778354,-0.4402803235221646,213.02524130306756,188.8984375342092,3.0,4.0,4,4
0.288135593220339,1.029890826223217,0.5866925411470297,0.5290794096783301,-0.05761313146869962,3.0,2.599166257050821,-0.40083374294917906,221.66318263839077,196.71505842243684,3.0,4.0,4,4
0.288135593220339,1.1442908993901826,0.6024064926096514,0.5506958774626748,-0.05171061514697661,3.0,2.640613753808431,-0.3593862461915691,230.229513325942,204.53398715656863,3.0,4.0,4,4
0.288135593220339,1.2713985104896872,0.684703959370447,0.5720972466952865,-0.11260671267516054,3.5,2.684006290027175,-0.8159937099728252,241.27272759815213,212.31214126288768,3.0,4.0,4,4
0.288135593220339,1.412625210369881,0.6989840939608766,0.593171136403293,-0.10581295755758358,3.5,2.7292673047806613,-0.7707326952193387,249.79937644847763,220.0073996962882,3.0,4.0,4,4
0.288135593220339,1.5695393446732664,0.7124230157467053,0.6138124719492789,-0.0986105437974264,3.5,2.776299753953937,-0.7237002460460631,258.10735507369236,227.57951709074464,3.0,4.0,4,4
0.288135593220339,1.7438834705720385,0.7250141208762368,0.6339255115474233,-0.09108860932881357,3.5,2.8249870178522554,-0.6750129821477446,266.1672136522398,234.9909531271685,3.0,4.0,4,4
0.288135593220339,1.9375937081510104,0.7367619580972687,0.6534254697137133,-0.08333648838355545,3.5,2.8751943888783003,-0.6248056111216997,273.9455950784735,242.20758106603196,3.0,4.0,4,4
0.288135593220339,2.1528212413383825,0.7476864176330611,0.6722396901463934,-0.0754467274866677,3.5,2.9267712561995736,-0.5732287438004264,281.4764229919052,249.19925049908272,3.0,4.0,4,4
0.288135593220339,2.3919562071557467,0.7578000958383566,0.6903083487229432,-0.06749174711541339,3.5,2.9795536316814846,-0.5204463683185154,288.6456663904133,255.94018776223595,3.0,4.0,4,4
0.288135593220339,2.657654238581348,0.7671398151573705,0.7075846905143703,-0.05955512464300017,3.5,3.033367498090958,-0.46663250190904204,295.530200542311,262.4092280434239,3.0,4.0,4,4
0.288135593220339,2.952865955789426,0.7757304067826465,0.7240348484916531,-0.05169555829099337,3.5,3.088032034598293,-0.4119679654017072,302.0237982088407,268.5898888215532,3.0,4.0,4,4
0.288135593220339,3.2808697332707224,0.7836115027904067,0.7396372711676991,-0.04397423162270764,3.5,3.1433634658111274,-0.35663653418887264,308.1377250551271,274.47028827559166,3.0,4.0,4,4
0.288135593220339,3.64530810671838,0.7908250015554735,0.7543818579219203,-0.03644314363355328,3.5,3.1991783416073325,-0.3008216583926675,313.92777682714046,280.04294114312944,3.0,4.0,4,4
0.288135593220339,4.050228223983634,0.7974112356503238,0.7682688461213,-0.029142389529023816,3.5,3.2552967978816034,-0.24470320211839658,319.38343635339135,285.3044448532233,3.0,4.0,4,4
0.288135593220339,4.500126789315846,0.8034065762623142,0.7813075392824432,-0.022099036979870923,3.5,3.3115453359670957,-0.18845466403290434,324.4296509692754,290.2550875845531,3.0,4.0,5,4
0.288135593220339,5.000000000000001,0.8572446174107273,0.7935149505507375,-0.06372966685998982,4.0,3.367758556402989,-0.6322414435970112,332.1969875541936,294.89840431728294,3.0,4.0,5,4
0.3050847457627119,0.01,0.14304901072755918,0.1081208932968359,-0.034928117430723285,3.0,2.082452760514571,-0.9175472394854292,54.016533248125405,51.60169338104055,3.0,4.0,1,1
0.3050847457627119,0.011110798059892322,0.1444858284042702,0.10912183273478351,-0.0353639956694867,3.0,2.0833185119088746,-0.9166814880911254,54.41143168903594,51.93135620411162,3.0,4.0,1,1
0.3050847457627119,0.012344983352770704,0.14607362720370035,0.11023123769330628,-0.03584238951039406,3.0,2.0842795486270926,-0.9157204513729074,54.84547106412146,52.29682351035081,3.0,4.0,1,1
0.3050847457627119,0.013716261708536773,0.14782940652705565,0.11146053192307252,-0.03636887460398312,3.0,2.0853461749968125,-0.9146538250031875,55.32638676246779,52.70188500705951,3.0,4.0,1,1
0.3050847457627119,0.015239861398018572,0.1497699726852617,0.11282226632299973,-0.03694770636226198,3.0,2.0865299080149278,-0.9134700919850722,55.859075209228166,53.15070867423203,3.0,4.0,1,1
0.3050847457627119,0.016932702245413263,0.15191358972842553,0.11433021264072549,-0.03758337708770004,3.0,2.0878434432030195,-0.9121565567969805,56.44890563516849,53.64787325609018,3.0,4.0,1,1
0.3050847457627119,0.018813583525707212,0.1542800545263501,0.1159994607532824,-0.03828059377306771,3.0,2.089300821407233,-0.910699178592767,57.101756804349655,54.19840228242303,3.0,4.0,1,1
0.3050847457627119,0.020903392733704982,0.15689301779296766,0.11784651857676409,-0.03904649921620357,3.0,2.090917502553203,-0.9090824974467968,57.825414188955975,54.807799351788226,3.0,4.0,1,1
0.3050847457627119,0.023225337543081658,0.15977518489687142,0.11988941328732915,-0.03988577160954228,3.0,2.092710566852475,-0.907289433147525,58.63006369623436,55.482084361189095,3.0,4.0,1,1
0.3050847457627119,0.02580520353140161,0.16294769291503805,0.12214779196808435,-0.040799900946953696,3.0,2.094698948314181,-0.9053010516858189,59.5149931725619,56.227830094011544,3.0,4.0,1,1
0.3050847457627119,0.028671640533182347,0.1664363913045281,0.1246430196923058,-0.04179337161222228,3.0,2.0969034353503964,-0.9030965646496036,60.49087223757697,57.05219865768751,3.0,4.0,1,1
0.3050847457627119,0.031856480801001244,0.17027657193712042,0.12739827182627297,-0.04287830011084745,3.0,2.09934691542876,-0.9006530845712399,61.572051182468584,57.96297680626663,3.0,4.0,1,1
0.3050847457627119,0.03539509250787618,0.174492885371583,0.13043861694681455,-0.04405426842476845,3.0,2.1020546096726327,-0.8979453903273673,62.76814175372609,58.96860902055058,3.0,4.0,1,1
0.3050847457627119,0.03932677251662197,0.1791175368660815,0.1337910863664189,-0.04532645049966261,3.0,2.1050541752367287,-0.8949458247632713,64.08365059448121,60.078227281330754,3.0,4.0,1,1
0.3050847457627119,0.04369518277795103,0.18418274879073457,0.13748472424063427,-0.0466980245501003,3.0,2.1083760911016736,-0.8916239088983264,65.53287616917257,61.30167553637138,3.0,4.0,1,1
0.3050847457627119,0.048548835203589866,0.18972460520872608,0.14155061276980616,-0.04817399243891993,3.0,2.11205368929077,-0.8879463107092298,67.13402435232939,62.64952727884364,3.0,4.0,1,1
0.3050847457627119,0.05394163039900783,0.19577610765441644,0.1460218642899174,-0.049754243364499046,3.0,2.116123512055493,-0.8838764879445069,68.89111071848785,64.13309358542513,3.0,4.0,1,1
0.3050847457627119,0.059933456238472516,0.20237439850936698,0.15093357264536297,-0.051440825864004,3.0,2.120625316846418,-0.879374683153582,70.8279238141012,65.76441924873166,3.0,4.0,3,1
0.3050847457627119,0.06659085292970618,0.20954984326921394,0.15632271271816145,-0.05322713055105249,3.0,2.1256028033210903,-0.8743971966789097,72.94540740425595,67.5562633732428,3.0,4.0,3,1
0.3050847457627119,0.07398775195379542,0.21734494118735184,0.16222797992038834,-0.0551169612669635,3.0,2.1311033300939024,-0.8688966699060976,75.27686233306886,69.52206167016517,3.0,4.0,3,1
0.3050847457627119,0.0822062970864025,0.2257849341382899,0.16868955586836606,-0.057095378269923835,3.0,2.1371783950715333,-0.8628216049284667,77.81928817834726,71.67586590555639,3.0,4.0,3,1
0.3050847457627119,0.09133775661785326,0.23490947017931918,0.1757487897730989,-0.05916068040622027,3.0,2.1438837749767123,-0.8561162250232877,80.60970478139299,74.03225675415445,3.0,4.0,3,1
0.3050847457627119,0.10148353690245611,0.24474097609300638,0.1834477826967815,-0.06129319339622488,3.0,2.1512798653100624,-0.8487201346899376,83.65256910150268,76.60622549235762,3.0,4.0,3,1
0.3050847457627119,0.112756308492682,0.2553037680723303,0.19182886448918288,-0.06347490358314742,3.0,2.159431639738614,-0.8405683602613858,86.95958850723446,79.41302053454159,3.0,4.0,3,1
0.3050847457627119,0.1252812573641112,0.26661940854697785,0.2009339519349333,-0.06568545661204456,3.0,2.168408995645587,-0.8315910043544128,90.56191683917498,82.46795432768613,3.0,4.0,3,3
0.3050847457627119,0.13919747512620373,0.27870093381583866,0.210803782457341,-0.06789715135849766,3.0,2.1782867191766866,-0.8217132808233134,94.47218021443305,85.78616756264177,3.0,4.0,3,3
0.3050847457627119,0.1546595036574134,0.29154976050855735,0.22147701942126533,-0.07007274108729203,3.0,2.1891443336848178,-0.8108556663151822,98.69927018714128,89.38234797532962,3.0,4.0,3,3
0.3050847457627119,0.1718390513180699,0.3051656962256016,0.23298922857303492,-0.07217646765256666,3.0,2.201066470338265,-0.7989335296617348,103.26430443872513,93.27040195448204,3.0,4.0,3,3
0.3050847457627119,0.1909268997998548,0.3195388139104226,0.24537173972000734,-0.07416707419041527,3.0,2.214142281055684,-0.7858577189443161,108.1950699743078,97.46308165616948,3.0,4.0,3,3
0.3050847457627119,0.21213502278774823,0.334633656332978,0.25865040458650135,-0.07598325174647663,3.0,2.2284654805785986,-0.7715345194214014,113.46524024998,101.97156875132531,3.0,4.0,3,3
0.3050847457627119,0.23569893996253266,0.35042154102551965,0.27284428307895475,-0.07757725794656489,3.0,2.2441336891381076,-0.7558663108618924,119.1045488552285,106.8050230944656,3.0,4.0,3,3
0.3050847457627119,0.26188033248543857,0.36685842039047273,0.28796429211769337,-0.07889412827277936,3.0,2.2612482017662847,-0.7387517982337153,125.13572941799868,111.97010567862176,3.0,4.0,3,3
0.3050847457627119,0.2909699490103167,0.3838723550992558,0.3040118694614438,-0.079860485637812,3.0,2.279912982095267,-0.7200870179047332,131.51387305200768,117.4704901721821,3.0,4.0,3,3
0.3050847457627119,0.32329083449507945,0.4014033626965406,0.320977709011698,-0.08042565368484261,3.0,2.3002339369151747,-0.6997660630848253,138.28258233807017,123.30638088244694,3.0,4.0,3,3
0.3050847457627119,0.35920191766889,0.4193604919614846,0.3388406368013792,-0.0805198551601054,3.0,2.3223180131346464,-0.6776819868653536,145.4028690916914,129.47405886158305,3.0,4.0,3,3
0.3050847457627119,0.39910199699451043,0.4376508536746568,0.35756670601190726,-0.08008414766274952,3.0,2.3462716104404544,-0.6537283895595456,152.85013522762858,135.96548257817193,3.0,4.0,3,3
0.3050847457627119,0.4434341693905757,0.45618196589508164,0.3771085786025741,-0.07907338729250757,3.0,2.372199460264529,-0.6278005397354711,160.6502450711958,142.7679673029948,3.0,4.0,3,3
0.3050847457627119,0.4926907508954772,0.47483877545583253,0.3974052715790037,-0.07743350387682885,3.0,2.400203022378265,-0.5997969776217351,168.74190745548177,149.86397287358375,3.0,4.0,3,3
0.3050847457627119,0.5474187439176361,0.493510865211292,0.4183823279484187,-0.07512853726287333,3.0,2.430378478456988,-0.569621521543012,177.0932265198105,157.23102471275016,3.0,4.0,3,3
0.3050847457627119,0.6082259117868763,0.5120906742077679,0.4399524495793301,-0.07213822462843777,3.0,2.462815260904609,-0.537184739095391,185.68466449140172,164.8417882118393,3.0,4.0,4,3
0.3050847457627119,0.6757875280657863,0.5304686963649891,0.4620166204193077,-0.06845207594568137,3.0,2.4975937202572833,-0.5024062797427167,194.48920060482038,172.66431303802142,3.0,4.0,4,3
0.3050847457627119,0.7508538755732771,0.548531005782166,0.48446570287974583,-0.06406530290242013,3.0,2.5347833916021054,-0.4652166083978946,203.40327703789563,180.66245215974936,3.0,4.0,4,3
0.3050847457627119,0.8342585783982197,0.5661831527199621,0.5071824727734361,-0.059000679946526025,3.0,2.5744409091072167,-0.4255590908927833,212.40765204647042,188.796451736641,3.0,4.0,4,4
0.3050847457627119,0.9269278594315465,0.5833387509057052,0.5300440190186626,-0.05329473188704259,3.0,2.6166083023475957,-0.38339169765240433,221.4731895952127,197.0236964153752,3.0,4.0,4,4
0.3050847457627119,1.029890826223217,0.5999155477016191,0.5529244126554465,-0.046991135046172694,3.0,2.6613111967744785,-0.33868880322552153,230.5452270572323,205.29958333407305,3.0,4.0,4,4
0.3050847457627119,1.1442908993901826,0.6821388361133418,0.5756975253452649,-0.10644131076807695,3.5,2.7085573474178104,-0.7914426525821896,242.1560669364299,213.57848913331898,3.0,4.0,4,4
0.3050847457627119,1.2713985104896872,0.6973241571637757,0.5982398619918579,-0.09908429517191786,3.5,2.7583358620526286,-0.7416641379473714,251.2006065052769,221.81478504500637,3.0,4.0,4,4
0.3050847457627119,1.412625210369881,0.7116584687118858,0.620433283735134,-0.0912251849767518,3.5,2.810616289440078,-0.6893837105599219,260.0627853199986,229.9638550064298,3.0,4.0,4,4
0.3050847457627119,1.5695393446732664,0.7251326359307413,0.6421674853586988,-0.08296515057204246,3.5,2.865348865673879,-0.6346511343261212,268.769243879766,237.9830666188701,3.0,4.0,4,4
0.3050847457627119,1.7438834705720385,0.737736477076307,0.6633421303461334,-0.07439434673017353,3.5,2.922464892052814,-0.577535107947186,277.202133815424,245.83265274684877,3.0,4.0,4,4
0.3050847457627119,1.9375937081510104,0.7494774389872557,0.683868557038945,-0.06560888194831072,3.5,2.9818780168716343,-0.5181219831283657,285.3369169798224,253.47646590697101,3.0,4.0,4,4
0.3050847457627119,2.1528212413383825,0.7603752723028928,0.7036710024694697,-0.05670426983342314,3.5,3.0434862191148584,-0.4565137808851416,293.17664921085475,260.8825764152009,3.0,4.0,4,4
0.3050847457627119,2.3919562071557467,0.7704516863192697,0.722687328071232,-0.04776435824803771,3.5,3.1071744452114234,-0.3928255547885766,300.66743142436457,268.0236993487878,3.0,4.0,4,4
0.3050847457627119,2.657654238581348,0.7797376894844812,0.7408692523661831,-0.03886843711829813,3.5,3.1728177943732603,-0.3271822056267397,307.7919218292012,274.8774429321369,3.0,4.0,4,4
0.3050847457627119,2.952865955789426,0.788271417942258,0.7581821212512584,-0.03008929669099958,3.5,3.2402853443170914,-0.25971465568290864,314.5711649149241,281.42638179322864,3.0,4.0,4,4
0.3050847457627119,3.2808697332707224,0.7960893589696442,0.7746042880202622,-0.021485070949382012,3.5,3.3094439667940625,-0.1905560332059375,320.9661380725594,287.6579761752034,3.0,4.0,4,4
0.3050847457627119,3.64530810671838,0.851368117997961,0.7901261395726673,-0.061241978425293664,4.0,3.3801625620108116,-0.6198374379891884,330.00773325047,293.5643439262461,3.0,4.0,5,4
0.3050847457627119,4.050228223983634,0.8572763949488641,0.8047488881825022,-0.052527506766361864,4.0,3.452315485337751,-0.5476845146622491,335.6840607689609,299.1419283339818,3.0,4.0,5,5
0.3050847457627119,4.500126789315846,0.8626122369561996,0.818483180215602,-0.04412905674059764,4.0,3.525785273942167,-0.4742147260578329,341.0217259534954,304.3910762874656,3.0,4.0,5,5
0.3050847457627119,5.000000000000001,0.8674207754099724,0.8313476032100978,-0.036073172199874604,4.0,3.600464596663371,-0.3995354033366292,346.02108169892335,309.3155580021974,3.0,4.0,5,5
0.3220338983050847,0.01,0.14259252561933825,0.10862069992105101,-0.03397182569828723,3.0,2.0923923127993485,-0.9076076872006515,54.16632189572748,51.76350998757858,3.0,4.0,1,1
0.3220338983050847,0.011110798059892322,0.14408763543915293,0.10967557806912522,-0.03441205737002771,3.0,2.0933140448411,-0.9066859551588999,54.57809567575243,52.11094285916153,3.0,4.0,1,1
0.3220338983050847,0.012344983352770704,0.14574315792928413,0.11084475921481443,-0.0348983987144697,3.0,2.0943372582609308,-0.9056627417390692,55.03795502276941,52.49611204623416,3.0,4.0,1,1
0.3220338983050847,0.013716261708536773,0.14757193287626233,0.11214028013492133,-0.035431652741340997,3.0,2.0954730713041507,-0.9045269286958493,55.543702962724076,52.923012138519034,3.0,4.0,1,1
0.3220338983050847,0.015239861398018572,0.14959300283359833,0.1135753648938835,-0.03601763793971484,3.0,2.0967337168985987,-0.9032662831014013,56.10388183936887,53.396036568701895,3.0,4.0,1,1
0.3220338983050847,0.016932702245413263,0.15182747510643857,0.1151645233977796,-0.036662951708658964,3.0,2.0981326934881515,-0.9018673065118485,56.72537080494788,53.92001187623542,3.0,4.0,1,1
0.3220338983050847,0.018813583525707212,0.1542916466308486,0.1169236536359651,-0.0373679929948835,3.0,2.099685075395974,-0.9003149246040261,57.41197934410022,54.50023356558232,3.0,4.0,1,1
0.3220338983050847,0.020903392733704982,0.1570120411782885,0.11887014685918765,-0.03814189431910084,3.0,2.101407430856489,-0.8985925691435108,58.173063358893934,55.14250339868332,3.0,4.0,1,1
0.3220338983050847,0.023225337543081658,0.1600122513728425,0.12102299394570121,-0.038989257427141294,3.0,2.1033180453989195,-0.8966819546010805,59.01915152861782,55.85316761594755,3.0,4.0,1,1
0.3220338983050847,0.02580520353140161,0.1633119865190775,0.12340289126192151,-0.03990909525715598,3.0,2.105437049857574,-0.8945629501424261,59.9480280853634,56.63915561633903,3.0,4.0,1,1
0.3220338983050847,0.028671640533182347,0.166944986712996,0.12603234335967606,-0.040912643353319955,3.0,2.107786823739298,-0.892213176260702,60.97595005882816,57.508018354177686,3.0,4.0,1,1
0.3220338983050847,0.031856480801001244,0.17094050433644792,0.12893575999247633,-0.042004744343971584,3.0,2.110391944396543,-0.8896080556034569,62.11287388509387,58.467965743459686,3.0,4.0,1,1
0.3220338983050847,0.03539509250787618,0.17532656061959934,0.13213954300431,-0.04318701761528934,3.0,2.113279413513374,-0.8867205864866259,63.3703821933445,59.52790167629885,3.0,4.0,1,1
0.3220338983050847,0.03932677251662197,0.18013631216949696,0.13567215865821064,-0.044464153511286325,3.0,2.116479055286619,-0.8835209447133812,64.75355165256241,60.69745543499933,3.0,4.0,1,1
0.3220338983050847,0.04369518277795103,0.1854030006153974,0.13956419014443283,-0.04583881047096458,3.0,2.120023483707337,-0.8799765162926629,66.27721295483043,61.98700781455235,3.0,4.0,1,1
0.3220338983050847,0.048548835203589866,0.19116639678762334,0.14384836260978479,-0.04731803417783856,3.0,2.1239487583749006,-0.8760512416250994,67.96330063071315,63.40770964608885,3.0,4.0,1,1
0.3220338983050847,0.05394163039900783,0.19745232223994577,0.14855953436241842,-0.04889278787752735,3.0,2.128294226923027,-0.8717057730769731,69.80741745043048,64.97149067067092,3.0,4.0,1,1
0.3220338983050847,0.059933456238472516,0.20430975868327925,0.15373464400382736,-0.05057511467945189,3.0,2.1331029416294776,-0.8668970583705224,71.84666374174549,66.69105559439893,3.0,4.0,3,1
0.3220338983050847,0.06659085292970618,0.2117614655403677,0.15941260366712004,-0.052348861873247665,3.0,2.1384220449195714,-0.8615779550804286,74.07252580650817,68.57986403033412,3.0,4.0,3,1
0.3220338983050847,0.07398775195379542,0.2198534077933322,0.16563412767536723,-0.05421928011796498,3.0,2.1443030421389273,-0.8556969578610727,76.52293512458836,70.65209092864808,3.0,4.0,3,1
0.3220338983050847,0.0822062970864025,0.2286112054874263,0.17244148456924807,-0.056169720918178234,3.0,2.15080184530234,-0.8491981546976599,79.1949275123941,72.92256322502033,3.0,4.0,3,1
0.3220338983050847,0.09133775661785326,0.23807482659120746,0.17987815897576742,-0.05819666761544004,3.0,2.1579793145065205,-0.8420206854934795,82.1270530807456,75.40666822269725,3.0,4.0,3,1
0.3220338983050847,0.10148353690245611,0.24826994085104484,0.18798841176206196,-0.06028152908898288,3.0,2.16590150394477,-0.8340984960552298,85.32953197391787,78.12022931727851,3.0,4.0,3,1
0.3220338983050847,0.112756308492682,0.2592170681488477,0.19681672681540707,-0.062400341333440634,3.0,2.174639675347135,-0.8253603246528649,88.81482355343188,81.07934458894658,3.0,4.0,3,1
0.3220338983050847,0.1252812573641112,0.27093430164191423,0.20640713251364337,-0.06452716912827086,3.0,2.1842708083218905,-0.8157291916781095,92.5996985414516,84.30018362189537,3.0,4.0,3,3
0.3220338983050847,0.13919747512620373,0.28343657103245046,0.2168023925784981,-0.06663417845395236,3.0,2.1948775024502547,-0.8051224975497453,96.70737966094607,87.79873929976553,3.0,4.0,3,3
0.3220338983050847,0.1546595036574134,0.29672747286847717,0.22804305961842755,-0.06868441325004962,3.0,2.20654847258702,-0.7934515274129801,101.15470529787889,91.59053102917035,3.0,4.0,3,3
0.3220338983050847,0.1718390513180699,0.31079760343488516,0.24016639874667733,-0.07063120468820783,3.0,2.219378030759982,-0.780621969240018,105.94883324950395,95.69025985378397,3.0,4.0,3,3
0.3220338983050847,0.1909268997998548,0.325634615835401,0.25320518307965534,-0.07242943275574565,3.0,2.2334667413902944,-0.7665332586097056,111.11051782883423,100.11141399173913,3.0,4.0,3,3
0.3220338983050847,0.21213502278774823,0.3412112702380684,0.2671863874887578,-0.07402488274931063,3.0,2.2489208115497616,-0.7510791884502384,116.65104225265235,104.86583053216846,3.0,4.0,3,3
0.3220338983050847,0.23569893996253266,0.35748824148160707,0.282129804055854,-0.07535843742575304,3.0,2.2658520179335038,-0.7341479820664962,122.58555975709378,109.96321901081092,3.0,4.0,3,3
0.3220338983050847,0.26188033248543857,0.3744100673311506,0.29804662106848406,-0.07636344626266656,3.0,2.284377399709775,-0.7156226002902248,128.89446869997985,115.41065760343989,3.0,4.0,3,3
0.3220338983050847,0.2909699490103167,0.39192054158331424,0.3149380181965518,-0.07698252338676242,3.0,2.3046186803025206,-0.6953813196974794,135.6144039958424,121.21207706497759,3.0,4.0,3,3
0.3220338983050847,0.32329083449507945,0.4099356008097607,0.33279383906377613,-0.07714176174598458,3.0,2.326701702416177,-0.6732982975838229,142.71136269595397,127.36775079460241,3.0,4.0,3,3
0.3220338983050847,0.35920191766889,0.42836783071624335,0.35159141673676436,-0.07677641397947899,3.0,2.350755479175133,-0.6492445208248672,150.1653473547787,133.87381545561868,3.0,4.0,3,3
0.3220338983050847,0.39910199699451043,0.4471244988934204,0.3712946245988853,-0.07582987429453508,3.0,2.3769115067319952,-0.6230884932680048,157.99080315383898,140.72184608468882,3.0,4.0,3,3
0.3220338983050847,0.4434341693905757,0.46610053117293127,0.3918532415490203,-0.07424728962391097,3.0,2.405302189546638,-0.5946978104533618,166.15958862772402,147.89851758193987,3.0,4.0,3,3
0.3220338983050847,0.4926907508954772,0.4851851406571215,0.41320269572485496,-0.07198244493226652,3.0,2.436059807112907,-0.5639401928870931,174.645969158455,155.38537771355843,3.0,4.0,3,3
0.3220338983050847,0.5474187439176361,0.5042603935144586,0.4352642559670176,-0.068996137547441,3.0,2.4693152599036705,-0.5306847400963295,183.40139864144197,163.1587607440027,3.0,4.0,4,3
0.3220338983050847,0.6082259117868763,0.5232161436625893,0.45794571904015124,-0.06527042462243804,3.0,2.5051960991637325,-0.49480390083626746,192.41641354697867,171.18986452886452,3.0,4.0,4,3
0.3220338983050847,0.6757875280657863,0.5419317709306488,0.4811426052752749,-0.0607891656553739,3.0,2.5438251768937343,-0.45617482310626567,201.58957919599422,179.44500600009954,3.0,4.0,4,3
0.3220338983050847,0.7508538755732771,0.5603079844329929,0.5047398569331735,-0.05556812749981943,3.0,2.5853189117333395,-0.4146810882666605,210.92126623954303,187.88606147151256,3.0,4.0,4,4
0.3220338983050847,0.8342585783982197,0.5782412566718094,0.528613995550695,-0.049627261121114374,3.0,2.6297857282857886,-0.3702142717142114,220.34307221071458,196.47108831801063,3.0,4.0,4,4
0.3220338983050847,0.9269278594315465,0.5956454273664922,0.55263566396801,-0.04300976339848217,3.0,2.6773245030082777,-0.32267549699172227,229.83837736506027,205.15511146529894,3.0,4.0,4,4
0.3220338983050847,1.029890826223217,0.6777829437681938,0.5766724481158706,-0.10111049565232322,3.5,2.7280232618621096,-0.7719767381378904,241.95233968439553,213.89104665375692,3.0,4.0,4,4
0.3220338983050847,1.1442908993901826,0.6938823627251937,0.6005918519006351,-0.09329051082455853,3.5,2.7819582482916316,-0.7180417517083684,251.5165476861282,222.63072187442907,3.0,4.0,4,4
0.3220338983050847,1.2713985104896872,0.7091337147612553,0.6242642920515337,-0.08486942270972164,3.5,2.8391931483522073,-0.6608068516477927,260.9737405764151,231.3259528364418,3.0,4.0,4,4
0.3220338983050847,1.412625210369881,0.7235074307115906,0.6475659654659238,-0.0759414652456668,3.5,2.8997791272995537,-0.6002208727004463,270.2264444838131,239.92962006316606,3.0,4.0,4,4
0.3220338983050847,1.5695393446732664,0.7369906688550258,0.670381462846384,-0.06660920600864184,3.5,2.9637554734479648,-0.5362445265520352,279.23810714339936,248.39669846522008,3.0,4.0,4,4
0.3220338983050847,1.7438834705720385,0.7495889613660204,0.6926060174989508,-0.05698294386706959,3.5,3.0311508747807254,-0.4688491252192746,288.04274885629656,256.68519316505035,3.0,4.0,4,4
0.3220338983050847,1.9375937081510104,0.7613064482029877,0.7141472969195148,-0.04715915128347281,3.5,3.1019859600521174,-0.39801403994788265,296.5216728950005,264.7569395453118,3.0,4.0,4,4
0.3220338983050847,2.1528212413383825,0.7721630091453343,0.73492668695808,-0.037236322187254256,3.5,3.176276856055485,-0.3237231439445152,304.65640863153095,272.57823948297556,3.0,4.0,4,4
0.3220338983050847,2.3919562071557467,0.7821861965016563,0.754880046476041,-0.027306150025615317,3.5,3.254039862460924,-0.24596013753907586,312.4236707223449,280.1203156116626,3.0,4.0,4,4
0.3220338983050847,2.657654238581348,0.7914119283503819,0.7739579353979694,-0.017453992952412456,3.5,3.3352976447960847,-0.1647023552039153,319.83942028160607,287.35957543302254,3.0,4.0,4,4
0.3220338983050847,2.952865955789426,0.8474479800650677,0.7921253508202011,-0.05532262924486664,4.0,3.420087054668695,-0.579912945331305,329.8869294320877,294.27769086414366,3.0,4.0,5,4
0.3220338983050847,3.2808697332707224,0.8545362594165534,0.8093610250416607,-0.04517523437489268,4.0,3.5084679383551722,-0.49153206164482777,336.6191403290858,300.86150384932375,3.0,4.0,5,5
0.3220338983050847,3.64530810671838,0.8609567966102121,0.8256563762138236,-0.03530042039638848,4.0,3.600533215038015,-0.39946678496198507,342.93968954256934,307.1027908112421,3.0,4.0,5,5
0.3220338983050847,4.050228223983634,0.8667580116124651,0.8410141502175009,-0.025743861394964207,4.0,3.696420536231019,-0.30357946376898104,348.8513715348822,312.9978937642289,3.0,4.0,5,5
0.3220338983050847,4.500126789315846,0.8719891364261187,0.8554469016549686,-0.016542234771150133,4.0,3.796323684125676,-0.20367631587432422,354.4005079531667,318.54727121777637,3.0,4.0,5,5
0.3220338983050847,5.000000000000001,0.8766929290012683,0.8689753427788237,-0.007717586222444561,4.0,3.9005051682004725,-0.09949483179952745,359.50637914092215,323.75497666114296,3.0,4.0,5,5
0.3389830508474576,0.01,0.14214346734607236,0.10912021656768933,-0.03302325077838303,3.0,2.102451986022061,-0.8975480139779388,54.3172440066493,51.92521079220144,3.0,4.0,1,1
0.3389830508474576,0.011110798059892322,0.14369496607255966,0.11022899858806821,-0.033465967484491446,3.0,2.1034307572816036,-0.8965692427183964,54.74825140428295,52.29040178707465,3.0,4.0,1,1
0.3389830508474576,0.012344983352770704,0.14541332735065263,0.11145791647404632,-0.03395541087660631,3.0,2.104517454607413,-0.895482545392587,55.22692042691546,52.69525980579077,3.0,4.0,1,1
0.3389830508474576,0.013716261708536773,0.14731688650416605,0.11281961940736351,-0.034497267096802536,3.0,2.105723870673683,-0.8942761293263168,55.76204220832158,53.143984260552365,3.0,4.0,1,1
0.3389830508474576,0.015239861398018572,0.1494164134808099,0.11432800383274368,-0.03508840964806621,3.0,2.1070629643392755,-0.8929370356607245,56.349663624277575,53.64119395138044,3.0,4.0,1,1
0.3389830508474576,0.016932702245413263,0.15173518234870353,0.11599831680696505,-0.03573686554173848,3.0,2.108549284434412,-0.891450715565588,57.00028197559994,54.1919631091703,3.0,4.0,1,1
0.3389830508474576,0.018813583525707212,0.15429662925354415,0.11784726350704304,-0.03644936574650111,3.0,2.1101986888854305,-0.8898013111145695,57.72181205214646,54.801859200411826,3.0,4.0,1,1
0.3389830508474576,0.020903392733704982,0.1571194293206237,0.11989311724509112,-0.03722631207553258,3.0,2.1120289495098414,-0.8879710504901586,58.51856985026907,55.476982084270986,3.0,4.0,1,1
0.3389830508474576,0.023225337543081658,0.16023267214348969,0.12215583111445419,-0.038076841029035496,3.0,2.1140596450539313,-0.8859403549460687,59.40130441169262,56.22400429357673,3.0,4.0,1,1
0.3389830508474576,0.02580520353140161,0.16366257094426603,0.12465714900006923,-0.0390054219441968,3.0,2.1163122195866904,-0.8836877804133096,60.381668528946925,57.05021180806235,3.0,4.0,1,1
0.3389830508474576,0.028671640533182347,0.16743368158667163,0.12742071302710933,-0.040012968559562295,3.0,2.118810554989614,-0.8811894450103859,61.45974733996015,57.96354447919787,3.0,4.0,1,1
0.3389830508474576,0.031856480801001244,0.17158027454983085,0.13047216491526198,-0.04110810963456887,3.0,2.12158101676032,-0.8784189832396798,62.65211912300334,58.97263540134534,3.0,4.0,1,1
0.3389830508474576,0.03539509250787618,0.1761313359258616,0.13383923700330713,-0.04229209892255448,3.0,2.1246524744667123,-0.8753475255332877,63.9707103258575,60.08684798598169,3.0,4.0,1,1
0.3389830508474576,0.03932677251662197,0.1811209493720448,0.13755182728249304,-0.04356912208955174,3.0,2.1280569105350886,-0.8719430894649114,65.42116348993547,61.31630897555891,3.0,4.0,1,1
0.3389830508474576,0.04369518277795103,0.18658331461655955,0.1416420539965731,-0.04494126061998646,3.0,2.131829343386926,-0.8681706566130738,67.01883529160932,62.671936226996884,3.0,4.0,1,1
0.3389830508474576,0.048548835203589866,0.19255914765254395,0.14614428081435854,-0.04641486683818541,3.0,2.1360085129621447,-0.8639914870378553,68.78658672199988,64.16545824780837,3.0,4.0,1,1
0.3389830508474576,0.05394163039900783,0.19907788011283295,0.1510951066602524,-0.04798277345258056,3.0,2.1406367444084036,-0.8593632555915964,70.72342384665846,65.80942387813265,3.0,4.0,1,1
0.3389830508474576,0.059933456238472516,0.20618101713693884,0.15653330878602273,-0.049647708350916114,3.0,2.1457604243361863,-0.8542395756638137,72.85769207080007,67.6171983454464,3.0,4.0,3,1
0.3389830508474576,0.06659085292970618,0.21390323990371155,0.16249972889269604,-0.05140351101101551,3.0,2.1514305790129593,-0.8485694209870407,75.19502994091334,69.6029424250534,3.0,4.0,3,1
0.3389830508474576,0.07398775195379542,0.2222825477196433,0.1690370920264717,-0.05324545569317157,3.0,2.1577027903986172,-0.8422972096013828,77.76363030874869,71.78157130547709,3.0,4.0,3,1
0.3389830508474576,0.0822062970864025,0.23135052817553053,0.17618974336043614,-0.0551607848150944,3.0,2.1646378293167805,-0.8353621706832195,80.57326041974594,74.16868817191776,3.0,4.0,3,1
0.3389830508474576,0.09133775661785326,0.24113902687468744,0.1840032914389783,-0.05713573543570913,3.0,2.172301848646021,-0.827698151353979,83.63717047839081,76.78048836965131,3.0,4.0,3,1
0.3389830508474576,0.10148353690245611,0.2516819587684395,0.19252414349933622,-0.0591578152691033,3.0,2.1807669029338292,-0.8192330970661708,86.99290646917001,79.63362908021709,3.0,4.0,3,1
0.3389830508474576,0.112756308492682,0.2629966377236697,0.2017989218758118,-0.06119771584785791,3.0,2.19011102935765,-0.80988897064235,90.64442186747922,82.74506004863606,3.0,4.0,3,3
0.3389830508474576,0.1252812573641112,0.27510394490556944,0.2118737489732925,-0.06323019593227694,3.0,2.2004187019076205,-0.7995812980923795,94.6160399878322,86.1318103530048,3.0,4.0,3,3
0.3389830508474576,0.13919747512620373,0.28801073776630315,0.22279339320896105,-0.0652173445573421,3.0,2.2117813382355966,-0.7882186617644034,98.9187252526435,89.81072732959386,3.0,4.0,3,3
0.3389830508474576,0.1546595036574134,0.30172251166632064,0.23460027563948233,-0.06712223602683831,3.0,2.224296955997125,-0.7757030440028752,103.57625103723127,93.79816579096295,3.0,4.0,3,3
0.3389830508474576,0.1718390513180699,0.31623166788369145,0.24733333238375252,-0.06889833549993893,3.0,2.2380711514677394,-0.7619288485322606,108.60464207448459,98.10962406269495,3.0,4.0,3,3
0.3389830508474576,0.1909268997998548,0.33151596095818336,0.26102675215018944,-0.07048920880799392,3.0,2.253216641169275,-0.7467833588307249,114.00848334275999,102.75933040808441,3.0,4.0,3,3
0.3389830508474576,0.21213502278774823,0.3475528569093439,0.2757086008658584,-0.07184425604348549,3.0,2.2698535992647533,-0.7301464007352467,119.82415672414552,107.7597813689135,3.0,4.0,3,3
0.3389830508474576,0.23569893996253266,0.36429230157444575,0.29139936768384433,-0.07289293389060142,3.0,2.2881096245895614,-0.7118903754104386,126.02771773015506,113.12124019261047,3.0,4.0,3,3
0.3389830508474576,0.26188033248543857,0.38168277590946953,0.30811047381408396,-0.07357230209538557,3.0,2.3081197144172627,-0.6918802855827373,132.64682513942824,118.851206335692,3.0,4.0,3,3
0.3389830508474576,0.2909699490103167,0.39965231005175156,0.3258428009652748,-0.07380950908647677,3.0,2.3300257477967543,-0.6699742522032457,139.65496354279452,124.95387183167108,3.0,4.0,3,3
0.3389830508474576,0.32329083449507945,0.41812884393488164,0.3445853003851923,-0.07354354354968934,3.0,2.3539765802794146,-0.6460234197205854,147.08732403757554,131.42958315066804,3.0,4.0,3,3
0.3389830508474576,0.35920191766889,0.4370128918479246,0.3643137664858433,-0.07269912536208128,3.0,2.380127372854623,-0.6198726271453769,154.90056158705522,138.2743352949508,3.0,4.0,3,3
0.3389830508474576,0.39910199699451043,0.45620733105578287,0.38498985184789064,-0.07121747920789223,3.0,2.408638922957471,-0.5913610770425288,163.0918218385622,145.47932345330833,3.0,4.0,3,3
0.3389830508474576,0.4434341693905757,0.4755992122165294,0.4065604063674416,-0.06903880584908778,3.0,2.4396773902582947,-0.5603226097417053,171.62346269605965,153.03058311087807,3.0,4.0,3,3
0.3389830508474576,0.4926907508954772,0.495078115272238,0.42895722635992056,-0.06612088891231743,3.0,2.4734130688826563,-0.5265869311173437,180.4824290141712,160.90874997813012,3.0,4.0,3,3
0.3389830508474576,0.5474187439176361,0.5145229031881032,0.4520972701233085,-0.062425633064794706,3.0,2.510019887390082,-0.4899801126099179,189.6175278958851,169.0889663430952,3.0,4.0,4,3
0.3389830508474576,0.6082259117868763,0.5338244271913574,0.4758833942345875,-0.05794103295676989,3.0,2.549674425029663,-0.450325574970337,199.03692025256575,177.54095939051987,3.0,4.0,4,3
0.3389830508474576,0.6757875280657863,0.5528560295933976,0.5002056274153908,-0.05265040217800687,3.0,2.5925551787891905,-0.4074448212108095,208.61769525641375,186.2293080225138,3.0,4.0,4,4
0.3389830508474576,0.7508538755732771,0.5715133197070431,0.5249429730493456,-0.04657034665769755,3.0,2.638841593253893,-0.3611584067461071,218.3390650646012,195.11390506496681,3.0,4.0,4,4
0.3389830508474576,0.8342585783982197,0.5896998093316242,0.5499656896747489,-0.039734119656875344,3.0,2.6887137977057147,-0.3112862022942853,228.18342947920004,204.15061012741802,3.0,4.0,4,4
0.3389830508474576,0.9269278594315465,0.671727798015948,0.5751379787437768,-0.09658981927217114,3.5,2.7423520305892466,-0.7576479694107534,240.779980215555,213.29207795403534,3.0,4.0,4,4
0.3389830508474576,1.029890826223217,0.6887345521391032,0.6003209604867592,-0.08841359165234397,3.5,2.799937006173424,-0.7000629938265761,250.79290858927266,222.48873065008144,3.0,4.0,4,4
0.3389830508474576,1.1442908993901826,0.7049076861506849,0.6253758141364203,-0.07953187201426459,3.5,2.861650500609541,-0.638349499390459,260.76943806385106,231.689835830975,3.0,4.0,4,4
0.3389830508474576,1.2713985104896872,0.7201984861929638,0.6501669344260136,-0.0700315517669502,3.5,2.9276768707903114,-0.5723231292096886,270.54829036082884,240.84464203870118,3.0,4.0,4,4
0.3389830508474576,1.412625210369881,0.7345961558818274,0.674564952909275,-0.06003120297255238,3.5,2.9982057764369547,-0.5017942235630453,280.22063321184896,249.9035160350102,3.0,4.0,4,4
0.3389830508474576,1.5695393446732664,0.7480777890222621,0.6984495017328033,-0.04962828728945878,3.5,3.0734360091097206,-0.4265639908902794,289.5963935137722,258.81903526247993,3.0,4.0,4,4
0.3389830508474576,1.7438834705720385,0.7606492430227009,0.7217115761738019,-0.03893766684889899,3.5,3.153581823926653,-0.3464181760733469,298.674544986642,267.54697470322657,3.0,4.0,4,4
0.3389830508474576,1.9375937081510104,0.7723293485828174,0.7442554423073476,-0.028073906275469795,3.5,3.2388810334494353,-0.26111896655056466,307.4974538917666,276.0471613481233,3.0,4.0,4,4
0.3389830508474576,2.1528212413383825,0.7831324131860946,0.7659999853638363,-0.017132427822258323,3.5,3.329607443860734,-0.17039255613926585,315.91361579651107,284.2841456485119,3.0,4.0,4,4
0.3389830508474576,2.3919562071557467,0.7930938025344975,0.7868795213163896,-0.006214281218107853,3.5,3.4260866094380638,-0.07391339056193624,323.97758538502154,292.2276888025214,3.0,4.0,4,4
0.3389830508474576,2.657654238581348,0.8487711451880323,0.8068440338881752,-0.041927111299857156,4.0,3.5287185937864725,-0.47128140621352754,334.75399225891596,299.85304276755977,3.0,4.0,5,5
0.3389830508474576,2.952865955789426,0.8564628144080616,0.8258589014506866,-0.030603912957374968,4.0,3.6380078016605717,-0.3619921983394283,342.1224271423198,307.14103653848593,3.0,4.0,5,5
0.3389830508474576,3.2808697332707224,0.8634356589988225,0.8439041487725942,-0.019531510226228233,4.0,3.754604236199523,-0.2453957638004769,349.02315839906566,314.07797759829316,3.0,4.0,5,5
0.3389830508474576,3.64530810671838,0.8697451193143075,0.8609733150826909,-0.008771804231616609,4.0,3.8793595208320792,-0.12064047916792076,355.5747216935664,320.6553950532295,3.0,4.0,5,5
0.3389830508474576,4.050228223983634,0.8754355352857559,0.8770720026415973,0.0016364673558414422,4.0,4.013405270111982,0.013405270111982226,361.66145963718395,326.8696435289472,3.0,4.0,5,5
0.3389830508474576,4.500126789315846,0.8805588148373507,0.8922162584854448,0.011657443648094179,4.0,4.158264202851572,0.15826420285157194,367.3708036759137,332.7214187607728,3.0,4.0,5,5
0.3389830508474576,5.000000000000001,0.8851616825850283,0.9064308581412654,0.021269175556237196,4.0,4.316014992212879,0.316014992212879,372.7135907306589,338.21519692331856,3.0,4.0,5,5
0.3559322033898305,0.01,0.14169793616606474,0.10961943747301318,-0.03207849869305156,3.0,2.1126339883019685,-0.8873660116980315,54.467556226700104,52.08679403003441,3.0,4.0,1,1
0.3559322033898305,0.011110798059892322,0.14330832510277514,0.1107820878082643,-0.03252623729451083,3.0,2.113671148789581,-0.8863288512104188,54.91957819119598,52.4697310010461,3.0,4.0,1,1
0.3559322033898305,0.012344983352770704,0.14508952580827708,0.11207070226535432,-0.033018823542922765,3.0,2.1148226353048822,-0.8851773646951178,55.42052349501706,52.8942645766402,3.0,4.0,1,1
0.3559322033898305,0.013716261708536773,0.14705872573139775,0.1134985417396006,-0.03356018399179715,3.0,2.1161010045907465,-0.8838989954092535,55.97552910051453,53.36479890430902,3.0,4.0,1,1
0.3559322033898305,0.015239861398018572,0.1492362884988146,0.11508017417574691,-0.034156114323067685,3.0,2.117520270356909,-0.8824797296430908,56.59406173777872,53.88617805663886,3.0,4.0,1,1
0.3559322033898305,0.016932702245413263,0.15164133795496573,0.11683158299527897,-0.03480975495968676,3.0,2.1190956539998305,-0.8809043460001695,57.27621324805512,54.463723910040976,3.0,4.0,1,1
0.3559322033898305,0.018813583525707212,0.15429328643125953,0.11877027931865107,-0.03552300711260846,3.0,2.1208442255563575,-0.8791557744436425,58.02972877611522,55.103275774760306,3.0,4.0,1,1
0.3559322033898305,0.020903392733704982,0.15722011792100438,0.12091541738460668,-0.0363047005363977,3.0,2.122784726379906,-0.8772152736200942,58.86498110703847,55.811231587839984,3.0,4.0,1,1
0.3559322033898305,0.023225337543081658,0.16044297737513022,0.12328791102802542,-0.037155066347104804,3.0,2.124938083061716,-0.8750619169382841,59.78684463467499,56.59459013311283,3.0,4.0,1,1
0.3559322033898305,0.02580520353140161,0.1639978134544292,0.12591054979532712,-0.03808726365910209,3.0,2.1273272613470917,-0.8726727386529083,60.81431608030943,57.460993901599885,3.0,4.0,1,1
0.3559322033898305,0.028671640533182347,0.1679032951467676,0.12880811146478405,-0.03909518368198356,3.0,2.1299775447638245,-0.8700224552361755,61.94229440059842,58.4187716850128,3.0,4.0,1,1
0.3559322033898305,0.031856480801001244,0.17219440835002384,0.13200746735069752,-0.04018694099932632,3.0,2.1329171365126975,-0.8670828634873025,63.18748122500528,59.47697980833021,3.0,4.0,1,1
0.3559322033898305,0.03539509250787618,0.17690622886040913,0.13553767738021955,-0.041368551480189586,3.0,2.1361769153736536,-0.8638230846263464,64.56362117531981,60.64544124439265,3.0,4.0,1,1
0.3559322033898305,0.03932677251662197,0.18207271557303206,0.1394300679968309,-0.042642647576201176,3.0,2.139791113982211,-0.860208886017789,66.08653646779631,61.93478037990775,3.0,4.0,1,1
0.3559322033898305,0.04369518277795103,0.18772515731435743,0.1437182885943307,-0.04400686872002674,3.0,2.143797180673574,-0.856202819326426,67.75780151542803,63.356452315833444,3.0,4.0,1,1
0.3559322033898305,0.048548835203589866,0.19390724219427774,0.14843833681443624,-0.045468905379841495,3.0,2.148236659239047,-0.8517633407609528,69.60674119480554,64.9227635731354,3.0,4.0,1,1
0.3559322033898305,0.05394163039900783,0.20064918778140847,0.15362854683294894,-0.047020640948459536,3.0,2.1531549751118297,-0.8468450248881703,71.6325126905607,66.64688251867466,3.0,4.0,3,1
0.3559322033898305,0.059933456238472516,0.20799327992371056,0.15932952805309902,-0.04866375187061153,3.0,2.1586021050286957,-0.8413978949713043,73.86444431958373,68.54283539411252,3.0,4.0,3,1
0.3559322033898305,0.06659085292970618,0.21597480538161445,0.16558404464487342,-0.050390760736741036,3.0,2.164632930565859,-0.8353670694341409,76.30867907140335,70.62548492452088,3.0,4.0,3,1
0.3559322033898305,0.07398775195379542,0.22463229948872773,0.17243682328600285,-0.05219547620272488,3.0,2.1713076087820817,-0.8286923912179183,78.99432272149315,72.91048733714999,3.0,4.0,3,1
0.3559322033898305,0.0822062970864025,0.23399798388721657,0.17993427590415648,-0.054063707983060094,3.0,2.178691844560672,-0.8213081554393278,81.92759946470001,75.41422320486421,3.0,4.0,3,1
0.3559322033898305,0.09133775661785326,0.24410602976631673,0.1881241230775784,-0.05598190668873834,3.0,2.18685747596901,-0.8131425240309902,85.14018809828062,78.1536972477705,3.0,4.0,3,1
0.3559322033898305,0.10148353690245611,0.25498486303778095,0.1970549049195743,-0.05792995811820664,3.0,2.1958828590344646,-0.8041171409655354,88.64806711991417,81.14640208123792,3.0,4.0,3,1
0.3559322033898305,0.112756308492682,0.26665411171398995,0.2067753664146502,-0.05987874529933976,3.0,2.2058533018862376,-0.7941466981137624,92.46453735208117,84.41014102669166,3.0,4.0,3,3
0.3559322033898305,0.1252812573641112,0.27913387708855336,0.21733370517366052,-0.06180017191489284,3.0,2.216861527372385,-0.7831384726276149,96.61488941094129,87.96280462378932,3.0,4.0,3,3
0.3559322033898305,0.13919747512620373,0.292433467846892,0.2287766752149319,-0.06365679263196011,3.0,2.229007993981941,-0.7709920060180591,101.11822532107533,91.82209775605024,3.0,4.0,3,3
0.3559322033898305,0.1546595036574134,0.30654962716267237,0.24114854003794356,-0.06540108712472881,3.0,2.242401555133984,-0.7575984448660158,105.98412079606487,96.00521274411724,3.0,4.0,3,3
0.3559322033898305,0.1718390513180699,0.32147630956184337,0.25448988256924554,-0.06698642699259783,3.0,2.257159454439535,-0.742840545560465,111.23630373509204,100.52844907050336,3.0,4.0,3,3
0.3559322033898305,0.1909268997998548,0.33719648079530024,0.26883627644894503,-0.0683602043463552,3.0,2.273408126324649,-0.7265918736753512,116.9053709310472,105.40677829150275,3.0,4.0,3,3
0.3559322033898305,0.21213502278774823,0.35366583725805345,0.28421684572639977,-0.06944899153165368,3.0,2.291283225174994,-0.7087167748250058,122.96118406466661,110.65336003728919,3.0,4.0,3,3
0.3559322033898305,0.23569893996253266,0.37085010974323873,0.3006527407247347,-0.07019736901850404,3.0,2.310930048715091,-0.689069951284909,129.45497434868574,116.27901520705683,3.0,4.0,3,3
0.3559322033898305,0.26188033248543857,0.3886786406291039,0.3181555768357158,-0.07052306379338807,3.0,2.332503754866776,-0.6674962451332238,136.34301908085072,122.2916683745711,3.0,4.0,3,3
0.3559322033898305,0.2909699490103167,0.40709566602181424,0.3367258950803801,-0.07036977094143415,3.0,2.356169457192301,-0.6438305428076991,143.68761193593954,128.69577642576465,3.0,4.0,3,3
0.3559322033898305,0.32329083449507945,0.42600500394700996,0.3563517105808324,-0.06965329336617754,3.0,2.3821024991513706,-0.6178975008486294,151.4395236718032,135.4917624335934,3.0,4.0,3,3
0.3559322033898305,0.35920191766889,0.4453152069407472,0.3770072330624688,-0.06830797387827842,3.0,2.410488578974037,-0.5895114210259629,159.60038996845466,142.67548241892464,3.0,4.0,3,3
0.3559322033898305,0.39910199699451043,0.4649171309062676,0.3986518459314935,-0.06626528497477407,3.0,2.441523511771812,-0.5584764882281879,168.1375680827567,150.23775333064637,3.0,4.0,3,3
0.3559322033898305,0.4434341693905757,0.48470203067108375,0.42122942407709363,-0.06347260659399012,3.0,2.475413846957964,-0.5245861530420362,177.04219145957734,158.16397217142475,3.0,4.0,3,3
0.3559322033898305,0.4926907508954772,0.5045480881556094,0.44466808521433104,-0.05988000294127832,3.0,2.5123765669995928,-0.4876234330004072,186.2673346565296,166.43386177045252,3.0,4.0,4,3
0.3559322033898305,0.5474187439176361,0.5243389072125006,0.4688804326073317,-0.05545847460516895,3.0,2.5526394336076925,-0.4473605663923075,195.79365538581996,175.02136980543077,3.0,4.0,4,3
0.3559322033898305,0.6082259117868763,0.5439509177031026,0.4937643418998563,-0.05018657580324626,3.0,2.5964415388472855,-0.40355846115271454,205.56082172544802,183.89474810450298,3.0,4.0,4,3
0.3559322033898305,0.6757875280657863,0.5632720998079569,0.5192043158858946,-0.04406778392206234,3.0,2.644033835735173,-0.3559661642648271,215.55368865025494,193.0168308932215,3.0,4.0,4,4
0.3559322033898305,0.7508538755732771,0.5821875884894725,0.5450733889660614,-0.03711419952341111,3.0,2.6956803732318817,-0.3043196267681183,225.67609695653607,202.34551791243777,3.0,4.0,4,4
0.3559322033898305,0.8342585783982197,0.664050413086905,0.5712355396685099,-0.09281487341839512,3.5,2.751659803267104,-0.748340196732896,238.67183176222514,211.83446013641125,3.0,4.0,4,4
0.3559322033898305,0.9269278594315465,0.6819514579337164,0.5975485189795173,-0.08440293895419904,3.5,2.812268160132227,-0.687731839867773,249.0838317008059,221.43392790334246,3.0,4.0,4,4
0.3559322033898305,1.029890826223217,0.6990456470864976,0.6238669918480314,-0.07517865523846623,3.5,2.877822384575849,-0.622177615424151,259.5358217034761,231.09183499590165,3.0,4.0,4,4
0.3559322033898305,1.1442908993901826,0.7152670719865784,0.6500458458453362,-0.06522122614124215,3.5,2.948665405798239,-0.5513345942017609,269.8343525305054,240.75487326520155,3.0,4.0,4,4
0.3559322033898305,1.2713985104896872,0.7305897399193216,0.675943514311097,-0.05464622560822463,3.5,3.025173990137411,-0.47482600986258916,280.03365317920475,250.36970826268634,3.0,4.0,4,4
0.3559322033898305,1.412625210369881,0.744985975064618,0.7014251732509861,-0.043560801813631866,3.5,3.107768814562589,-0.392231185437411,289.99964614015965,259.8841819864704,3.0,4.0,4,4
0.3559322033898305,1.5695393446732664,0.7584516527803644,0.7263656550608488,-0.03208599771951559,3.5,3.196929468220334,-0.30307053177966603,299.73839693250363,269.2484635996315,3.0,4.0,4,4
0.3559322033898305,1.7438834705720385,0.7709891207600827,0.7506519741100043,-0.020337146650078464,3.5,3.2932151186105347,-0.20678488138946527,309.1522506690097,278.41610074666727,3.0,4.0,4,4
0.3559322033898305,1.9375937081510104,0.7826148463320256,0.7741853533331092,-0.008429492998916377,3.5,3.3972944051260145,-0.10270559487398545,318.21589963020347,287.34492030124443,3.0,4.0,4,4
0.3559322033898305,2.1528212413383825,0.8396846799524159,0.7968827104497745,-0.04280196950264137,4.0,3.50998787993449,-0.4900121200655101,330.0714127154198,295.99775109874275,3.0,4.0,5,4
0.3559322033898305,2.3919562071557467,0.8488447540269486,0.8186775575103737,-0.030167196516574846,4.0,3.6323308011516953,-0.36766919884830473,338.48275185438496,304.34294049865514,3.0,4.0,5,5
0.3559322033898305,2.657654238581348,0.8571870258819827,0.8395203499665521,-0.017666675915430585,4.0,3.765665238152726,-0.2343347618472742,346.46437250708965,312.354663951056,3.0,4.0,5,5
0.3559322033898305,2.952865955789426,0.8647629838891254,0.85937829584156,-0.005384688047565422,4.0,3.9117819092934973,-0.08821809070650266,354.0455025020365,320.0130216321023,3.0,4.0,5,5
0.3559322033898305,3.2808697332707224,0.8716218455181257,0.8782347306849421,0.006612885166816351,4.0,4.073141991789456,0.07314199178945557,361.1814560796477,327.30394438367364,3.0,4.0,5,5
0.3559322033898305,3.64530810671838,0.8778151461863343,0.8960881645097561,0.018273018323421875,4.0,4.253242101147772,0.2532421011477721,367.8722590514232,334.2189286539609,3.0,4.0,5,5
0.3559322033898305,4.050228223983634,0.9145028050983585,0.9129512428703637,-0.001551562227994796,4.5,4.457246813777602,-0.042753186222397765,376.6696278677993,340.75464615668966,3.0,4.0,5,5
0.3559322033898305,4.500126789315846,0.9188661656304655,0.9288499586783054,0.009983793047839917,4.5,4.693170124123572,0.19317012412357215,382.55757665360375,346.9124549177726,3.0,4.0,5,5
0.3559322033898305,5.000000000000001,0.9386760299749043,0.9438240679865091,0.005148038011604794,5.25,4.974311394221149,-0.2756886057788508,388.06382162661265,352.69792349576556,4.0,4.0,5,5
0.3728813559322034,0.01,0.14125785448907627,0.11011835662887984,-0.03113949786019643,3.0,2.1229409429943193,-0.8770590570056807,54.618089008512214,52.24825786113265,3.0,4.0,1,1
0.3728813559322034,0.011110798059892322,0.14292369979144,0.11133483916330424,-0.031588860628135776,3.0,2.1240374706510927,-0.8759625293489073,55.09005710687898,52.64892848578346,3.0,4.0,1,1
0.3728813559322034,0.012344983352770704,0.14476612253154483,0.11268310927160456,-0.03208301325994027,3.0,2.1252551050623887,-0.8747448949376113,55.61309549316704,53.0931241082756,3.0,4.0,1,1
0.3728813559322034,0.013716261708536773,0.14680286153925018,0.11417703887518055,-0.03262582266406963,3.0,2.126607139996487,-0.8733928600035128,56.19256435052687,53.58545353449809,3.0,4.0,1,1
0.3728813559322034,0.015239861398018572,0.1490532108828795,0.11583186681095281,-0.0332213440719267,3.0,2.1281081022054424,-0.8718918977945576,56.834347378163315,54.13098607245801,3.0,4.0,1,1
0.3728813559322034,0.016932702245413263,0.15153810408594526,0.11766431174110674,-0.03387379234483852,3.0,2.129774504411035,-0.870225495588965,57.54489388439985,54.735291128380325,3.0,4.0,1,1
0.3728813559322034,0.018813583525707212,0.15428407424460916,0.11969268972559707,-0.034591384519012086,3.0,2.1316243504232273,-0.8683756495767727,58.33708884714068,55.404479791136765,3.0,4.0,1,1
0.3728813559322034,0.020903392733704982,0.15731006325606717,0.12193703454831929,-0.035373028707747875,3.0,2.1336775920062796,-0.8663224079937204,59.209079106917216,56.14524797890639,3.0,4.0,1,1
0.3728813559322034,0.023225337543081658,0.16064403341598132,0.12441921946147687,-0.036224813954504456,3.0,2.1359562777390244,-0.8640437222609756,60.17334462672238,56.96492073399096,3.0,4.0,1,1
0.3728813559322034,0.02580520353140161,0.16431409894503027,0.12716307786153125,-0.03715102108349902,3.0,2.1384850541129716,-0.8615149458870284,61.239081255642674,57.87149701463429,3.0,4.0,1,1
0.3728813559322034,0.028671640533182347,0.16835216871687828,0.1301945209767106,-0.038157647740167666,3.0,2.1412908106693074,-0.8587091893306926,62.42134968180446,58.87369449266579,3.0,4.0,1,1
0.3728813559322034,0.031856480801001244,0.17278856967062833,0.13354164750001582,-0.039246922170612514,3.0,2.144403430324747,-0.855596569675253,63.723547018909855,59.98099282900146,3.0,4.0,1,1
0.3728813559322034,0.03539509250787618,0.17765389302820978,0.1372348418720617,-0.04041905115614808,3.0,2.147856087668334,-0.8521439123316661,65.15744044633254,61.20367455893897,3.0,4.0,1,1
0.3728813559322034,0.03932677251662197,0.18299277434546146,0.14130685591908543,-0.041685918426376034,3.0,2.151685065665516,-0.8483149343344838,66.74971790800653,62.55286192375675,3.0,4.0,1,1
0.3728813559322034,0.04369518277795103,0.18882989353489846,0.14579286600708719,-0.04303702752781127,3.0,2.1559305739821872,-0.8440694260178128,68.49416657004916,64.0405474090019,3.0,4.0,1,1
0.3728813559322034,0.048548835203589866,0.19520994089491342,0.15073049918998835,-0.04447944170492507,3.0,2.1606370043708023,-0.8393629956291977,70.41704687340271,65.67961586816062,3.0,4.0,1,1
0.3728813559322034,0.05394163039900783,0.2021708690651579,0.15615981944277402,-0.04601104962238389,3.0,2.165853004448582,-0.8341469955514178,72.53800700240606,67.4838555837531,3.0,4.0,3,1
0.3728813559322034,0.059933456238472516,0.2097461693908729,0.16212326186353812,-0.04762290752733478,3.0,2.1716323429893247,-0.8283676570106753,74.85928887346692,69.46795433420546,3.0,4.0,3,1
0.3728813559322034,0.06659085292970618,0.21798158250759997,0.1686655055125542,-0.04931607699504578,3.0,2.178033975313884,-0.821966024686116,77.41745644021135,71.64747744522626,3.0,4.0,3,1
0.3728813559322034,0.07398775195379542,0.22691162552014676,0.1758332701800675,-0.05107835534007926,3.0,2.1851227008097345,-0.8148772991902655,80.22433345058784,74.03882310248484,3.0,4.0,3,1
0.3728813559322034,0.0822062970864025,0.23656204547199763,0.18367502402768998,-0.05288702144430765,3.0,2.1929695994767835,-0.8070304005232165,83.27944838114976,76.65915027325651,3.0,4.0,3,1
0.3728813559322034,0.09133775661785326,0.24697959521955876,0.19224058777924266,-0.054739007440316095,3.0,2.201652477227618,-0.798347522772382,86.63623050154558,79.52627434637603,3.0,4.0,3,1
0.3728813559322034,0.10148353690245611,0.25818295820940385,0.2015806205513652,-0.056602337658038654,3.0,2.2112564416776883,-0.7887435583223117,90.29515314885828,82.6585249563086,3.0,4.0,3,3
0.3728813559322034,0.112756308492682,0.2701944085900928,0.21174597377688908,-0.05844843481320372,3.0,2.221874555951218,-0.7781254440487819,94.27532527447566,86.07456070165804,3.0,4.0,3,3
0.3728813559322034,0.1252812573641112,0.2830367831617844,0.22278690221096575,-0.060249880950818624,3.0,2.2336083293659623,-0.7663916706340377,98.61056437905837,89.7931359036368,3.0,4.0,3,3
0.3728813559322034,0.13919747512620373,0.29670748136875746,0.23475212347029498,-0.06195535789846249,3.0,2.246568239049521,-0.753431760950479,103.29783161362128,93.83281511289103,3.0,4.0,3,3
0.3728813559322034,0.1546595036574134,0.3112160633346098,0.24768772134263836,-0.06352834199197147,3.0,2.2608743804390548,-0.7391256195609452,108.37851328806099,98.21163146524604,3.0,4.0,3,3
0.3728813559322034,0.1718390513180699,0.32654351456288094,0.2616358965957664,-0.06490761796711453,3.0,2.276657268899726,-0.7233427311002738,113.85241975144899,102.94668807869685,3.0,4.0,3,3
0.3728813559322034,0.1909268997998548,0.3426740703130827,0.27663357802913946,-0.06604049228394326,3.0,2.294058250589297,-0.705941749410703,119.75918762729626,108.05370324155525,3.0,4.0,3,3
0.3728813559322034,0.21213502278774823,0.3595605282401097,0.29271091406439115,-0.06684961417571855,3.0,2.3132301808160274,-0.6867698191839726,126.06736055547711,113.5465031828855,3.0,4.0,3,3
0.3728813559322034,0.23569893996253266,0.3771695089710312,0.3098896791444362,-0.06727982982659497,3.0,2.334338117338485,-0.665661882661515,132.84163267074322,119.43646998090523,3.0,4.0,3,3
0.3728813559322034,0.26188033248543857,0.3954228782312008,0.32818164195052213,-0.06724123628067868,3.0,2.357560110709165,-0.6424398892908352,140.02605497317796,125.73195678580694,3.0,4.0,3,3
0.3728813559322034,0.2909699490103167,0.41425312897035643,0.34758695929404854,-0.0666661696763079,3.0,2.3830877183994756,-0.6169122816005244,147.65722586379547,132.43768854873232,3.0,4.0,3,3
0.3728813559322034,0.32329083449507945,0.43357623790481703,0.36809266355899023,-0.0654835743458268,3.0,2.4111269043874937,-0.5888730956125063,155.73683969452577,139.55416770976922,3.0,4.0,3,3
0.3728813559322034,0.35920191766889,0.4532848031980757,0.3896713314529686,-0.06361347174510706,3.0,2.441899001371349,-0.5581009986286509,164.22474496109305,147.07711357273843,3.0,4.0,3,3
0.3728813559322034,0.39910199699451043,0.47327385814497,0.4122800252132598,-0.060993832931710235,3.0,2.4756415327778094,-0.5243584672221906,173.1167039129764,154.99696546485688,3.0,4.0,3,3
0.3728813559322034,0.4434341693905757,0.49342308793719986,0.43585959441321287,-0.057563493523986986,3.0,2.5126095164043374,-0.4873904835956626,182.37078976890675,163.29848201709294,3.0,4.0,3,3
0.3728813559322034,0.4926907508954772,0.5136114180750153,0.460334425669279,-0.0532769924057363,3.0,2.5530771453341017,-0.4469228546658983,191.9532608590152,171.96047085042986,3.0,4.0,4,3
0.3728813559322034,0.5474187439176361,0.5337275064164482,0.48561271575962595,-0.048114790656822226,3.0,2.5973393959517135,-0.4026606040482865,201.89369084045765,180.95568074687046,3.0,4.0,4,3
0.3728813559322034,0.6082259117868763,0.5536294720231927,0.5115873104746703,-0.04204216154852236,3.0,2.6457149595778913,-0.35428504042210873,212.03082637246817,190.2508817594027,3.0,4.0,4,4
0.3728813559322034,0.6757875280657863,0.573215093151114,0.5381371401273355,-0.035077953023778474,3.0,2.6985492981562866,-0.30145070184371336,222.41696400292923,199.8071540734109,3.0,4.0,4,4
0.3728813559322034,0.7508538755732771,0.6548280202470694,0.5651292308338606,-0.08969878941320886,3.5,2.7562192557845275,-0.7437807442154725,235.6600352653487,209.580392613863,3.0,4.0,4,4
0.3728813559322034,0.8342585783982197,0.6736062622356266,0.5924212447322417,-0.08118501750338492,3.5,2.8191391351399955,-0.6808608648600045,246.4802208418391,219.52202399262956,3.0,4.0,4,4
0.3728813559322034,0.9269278594315465,0.6916031916686655,0.6198644618667605,-0.07173872980190499,3.5,2.8877688257780405,-0.6122311742219595,257.28870910775737,229.57991746508043,3.0,4.0,4,4
0.3728813559322034,1.029890826223217,0.7087599286535996,0.6473070843468033,-0.06145284430679632,3.5,2.962625035474777,-0.537374964525223,268.10126421300856,239.69945852435947,3.0,4.0,4,4
0.3728813559322034,1.1442908993901826,0.7250168382553813,0.6745977220802449,-0.05041911617513639,3.5,3.0442965840979026,-0.4557034159020974,278.74756666894183,249.82474162441895,3.0,4.0,4,4
0.3728813559322034,1.2713985104896872,0.7403530435512468,0.7015889043910107,-0.03876413916023602,3.5,3.1334657158004138,-0.3665342841995862,289.3151480945496,259.8998292587931,3.0,4.0,4,4
0.3728813559322034,1.412625210369881,0.7547375537407804,0.7281404600291306,-0.026597093711649866,3.5,3.230938436917497,-0.26906156308250306,299.60264388016105,269.87001908692355,3.0,4.0,4,4
0.3728813559322034,1.5695393446732664,0.7681748152532727,0.7541226298719467,-0.014052185381326021,3.5,3.337687476456633,-0.1623125235433669,309.68114277848423,279.68306222211294,3.0,4.0,4,4
0.3728813559322034,1.7438834705720385,0.7806646670495586,0.7794187829233857,-0.0012458841261728804,3.5,3.4549157954810674,-0.04508420451893258,319.38458036775944,289.2902756006767,3.0,4.0,4,4
0.3728813559322034,1.9375937081510104,0.8377702848433182,0.8039276546909176,-0.03384263015240052,4.0,3.5841515530250057,-0.41584844697499435,331.9042848914807,298.6475030046298,3.0,4.0,5,5
0.3728813559322034,2.1528212413383825,0.8476871087474689,0.8275650699528211,-0.0201220387946478,4.0,3.7273947727168006,-0.27260522728319936,340.9802930283467,307.7158942542373,3.0,4.0,5,5
0.3728813559322034,2.3919562071557467,0.8567358614855377,0.8502651248513119,-0.0064707366342258155,4.0,3.8873529209580764,-0.11264707904192361,349.66545515169196,316.4624689321519,3.0,4.0,5,5
0.3728813559322034,2.657654238581348,0.864965214955688,0.8719809224449857,0.007015707489297696,4.0,4.06783519688761,0.06783519688760986,357.95423943957053,324.86047102957247,3.0,4.0,5,5
0.3728813559322034,2.952865955789426,0.8724233669999293,0.8926850045518521,0.020261637551922784,4.0,4.274451181828047,0.27445118182804684,365.7356360664899,332.8895117952769,3.0,4.0,5,5
0.3728813559322034,3.2808697332707224,0.9987848796987809,0.9123698718838971,-0.08641500781488387,12.75,4.515943667467218,-8.23405633253278,373.2047322139297,340.5355385996028,4.0,4.0,5,5
0.3728813559322034,3.64530810671838,0.9155299959422062,0.9310495376045889,0.015519541662382674,4.5,4.806997941061854,0.3069979410618542,382.51424620672645,347.79069747082445,3.0,4.0,5,5
0.3728813559322034,4.050228223983634,0.9986933509704755,0.9487648889187238,-0.04992846205175172,11.75,5.175071436655705,-6.574928563344295,389.0690969423837,354.6532650046322,4.0,4.0,5,5
0.3728813559322034,4.500126789315846,0.9999998559502721,0.9656035479514565,-0.034396307998815545,25.25,5.681132252205859,-19.56886774779414,395.3162288963862,361.12828690464676,4.0,4.0,5,5
0.3728813559322034,5.000000000000001,0.9999928388172773,0.9817995105338223,-0.01819332828345499,18.75,6.515151432884152,-12.234848567115847,402.6153715137129,367.2326937873203,4.0,4.0,5,5
0.3898305084745763,0.01,0.14081967546549146,0.11061696795141278,-0.030202707514078678,3.0,2.1333751787140507,-0.8666248212859493,54.76431262014626,52.409600415743206,3.0,4.0,1,1
0.3898305084745763,0.011110798059892322,0.14253953108742262,0.11188724579207963,-0.030652285295342988,3.0,2.134532414039132,-0.865467585960868,55.25594747454187,52.82799213295478,3.0,4.0,1,1
0.3898305084745763,0.012344983352770704,0.14444513711532952,0.11329512988659554,-0.031150007228733984,3.0,2.1358175555942585,-0.8641824444057415,55.805684311266965,53.291836068382636,3.0,4.0,1,1
0.3898305084745763,0.013716261708536773,0.14654770411283374,0.11485510249726016,-0.03169260161557358,3.0,2.1372445911110853,-0.8627554088889147,56.40949911979781,53.805945590222194,3.0,4.0,1,1
0.3898305084745763,0.015239861398018572,0.14887060556903345,0.1165830723017811,-0.03228753326725235,3.0,2.138829253026052,-0.861170746973948,57.07822889127091,54.37561510195565,3.0,4.0,1,1
0.3898305084745763,0.016932702245413263,0.1514353910632886,0.11849649252803184,-0.032938898535256764,3.0,2.1405886107648264,-0.8594113892351736,57.81858859291845,55.00666151943553,3.0,4.0,1,1
0.3898305084745763,0.018813583525707212,0.15426749995079578,0.12061448302430246,-0.03365301692649332,3.0,2.1425418659113356,-0.8574581340886644,58.63964522108264,55.705467635862824,3.0,4.0,1,1
0.3898305084745763,0.020903392733704982,0.1573900163422751,0.12295795576634373,-0.03443206057593136,3.0,2.14471028680564,-0.85528971319436,59.54799227964562,56.47902725429982,3.0,4.0,1,1
0.3898305084745763,0.023225337543081658,0.16083177717505853,0.12554974182553635,-0.03528203534952218,3.0,2.1471171968209095,-0.8528828031790905,60.55709390654705,57.33499159107139,3.0,4.0,1,1
0.3898305084745763,0.02580520353140161,0.16461804363812577,0.12841471691740386,-0.03620332672072191,3.0,2.1497886295197537,-0.8502113704802463,61.66741548771479,58.28171611298178,3.0,4.0,1,1
0.3898305084745763,0.028671640533182347,0.16878135342409412,0.13157992337505225,-0.03720143004904186,3.0,2.1527534623804976,-0.8472465376195024,62.893797024224895,59.32830727658741,3.0,4.0,1,1
0.3898305084745763,0.031856480801001244,0.1733566876273392,0.13507468491647084,-0.038282002710868346,3.0,2.1560432198282804,-0.8439567801717196,64.25007669029071,60.484668139237066,3.0,4.0,1,1
0.3898305084745763,0.03539509250787618,0.17837815740056434,0.13893070769523885,-0.03944744970532549,3.0,2.1596933119173634,-0.8403066880826366,65.75202459499496,61.76154086875816,3.0,4.0,1,1
0.3898305084745763,0.03932677251662197,0.18387750389319218,0.1431821654056975,-0.04069533848749468,3.0,2.1637423325330025,-0.8362576674669975,67.40153425388118,63.17054566572236,3.0,4.0,1,1
0.3898305084745763,0.04369518277795103,0.1898988231290647,0.1478657573976953,-0.04203306573136939,3.0,2.1682333058037337,-0.8317666941962663,69.2279820929515,64.72421257882598,3.0,4.0,1,1
0.3898305084745763,0.048548835203589866,0.19647069736353753,0.15302073556620743,-0.0434499617973301,3.0,2.1732135051162924,-0.8267864948837076,71.22729591664225,66.43600510578264,3.0,4.0,1,1
0.3898305084745763,0.05394163039900783,0.20364469043901812,0.15868888784982493,-0.04495580258919318,3.0,2.178735159547069,-0.821264840452931,73.43997517201409,68.32033173685075,3.0,4.0,3,1
0.3898305084745763,0.059933456238472516,0.2114467582600294,0.16491446897044318,-0.04653228928958622,3.0,2.1848557004821494,-0.8151442995178506,75.85753967464473,70.3925423897286,3.0,4.0,3,1
0.3898305084745763,0.06659085292970618,0.21992593419381393,0.17174406498879258,-0.04818186920502135,3.0,2.1916385692718916,-0.8083614307281084,78.5214505417307,72.66890558211071,3.0,4.0,3,1
0.3898305084745763,0.07398775195379542,0.2291143487071989,0.17922637983747,-0.049887968869728905,3.0,2.1991534514119855,-0.8008465485880145,81.43500628614183,75.16656224591321,3.0,4.0,3,1
0.3898305084745763,0.0822062970864025,0.2390493758360876,0.1874119276231855,-0.05163744821290209,3.0,2.207477037311765,-0.7925229626882349,84.63054955345743,77.90345080386172,3.0,4.0,3,1
0.3898305084745763,0.09133775661785326,0.24976001304651493,0.19635261723968347,-0.05340739580683146,3.0,2.2166933932399853,-0.7833066067600147,88.11924961745842,80.8981985824392,3.0,4.0,3,1
0.3898305084745763,0.10148353690245611,0.26127694663739653,0.2061012123327497,-0.05517573430464684,3.0,2.226894974510652,-0.7731050254893481,91.92758789950116,84.16997361790683,3.0,4.0,3,3
0.3898305084745763,0.112756308492682,0.2736221929381678,0.21671065438847048,-0.05691153854969733,3.0,2.238183126837249,-0.761816873162751,96.07693380633025,87.73829149169428,3.0,4.0,3,3
0.3898305084745763,0.1252812573641112,0.28681085879650187,0.22823323734799417,-0.0585776214485077,3.0,2.250668573664735,-0.7493314263352651,100.58839421017079,91.62277261377238,3.0,4.0,3,3
0.3898305084745763,0.13919747512620373,0.30084610987971816,0.24071962025407517,-0.06012648962564299,3.0,2.2644727817852988,-0.7355272182147012,105.4738119117316,95.84284326566609,3.0,4.0,3,3
0.3898305084745763,0.1546595036574134,0.3157249079345489,0.25421768182519183,-0.06150722610935705,3.0,2.2797283270745545,-0.7202716729254455,110.75032849173562,100.41737982915548,3.0,4.0,3,3
0.3898305084745763,0.1718390513180699,0.3314410255775258,0.2687712143992602,-0.06266981117826559,3.0,2.2965798179560815,-0.7034201820439185,116.45320171756265,105.36429232720455,3.0,4.0,3,3
0.3898305084745763,0.1909268997998548,0.347965063331487,0.2844184705114435,-0.06354659282004355,3.0,2.315185112314067,-0.684814887685933,122.59532567722913,110.70004877486657,3.0,4.0,3,3
0.3898305084745763,0.21213502278774823,0.3652546470546215,0.3011905873394677,-0.06406405971515383,3.0,2.3357162964413885,-0.6642837035586115,129.164852101371,116.43914487722708,3.0,4.0,3,3
0.3898305084745763,0.23569893996253266,0.38326150100730266,0.31910992554181117,-0.0641515754654915,3.0,2.358360462408747,-0.6416395375912529,136.19339768324843,122.5935273044589,3.0,4.0,3,3
0.3898305084745763,0.26188033248543857,0.40192394950746674,0.3381883649317383,-0.06373558457572842,3.0,2.383321552112467,-0.6166784478875331,143.69208086542645,129.17198090547615,3.0,4.0,3,3
0.3898305084745763,0.2909699490103167,0.4211466472235254,0.3584256324583733,-0.06272101476515213,3.0,2.4108212953840855,-0.5891787046159145,151.59729486204188,136.17950143205437,3.0,4.0,3,3
0.3898305084745763,0.32329083449507945,0.44085807743927335,0.3798077280691404,-0.06105034937013293,3.0,2.4411011068092203,-0.5588988931907797,159.98621896443822,143.61667267196773,3.0,4.0,3,3
0.3898305084745763,0.35920191766889,0.46094694961927424,0.40230554360149734,-0.0586414060177769,3.0,2.4744239180115994,-0.5255760819884006,168.81164115782173,151.479078529172,3.0,4.0,3,3
0.3898305084745763,0.39910199699451043,0.48129664595700655,0.42587376561306783,-0.05542288034393872,3.0,2.511076631792822,-0.48892336820717786,178.0371828207473,159.7567808842853,3.0,4.0,3,3
0.3898305084745763,0.4434341693905757,0.5017917054580137,0.4504501596128901,-0.05134154584512357,3.0,2.551372879953125,-0.4486271200468752,187.66269327662997,168.43389799855768,3.0,4.0,4,3
0.3898305084745763,0.4926907508954772,0.5223031526003968,0.475955324152391,-0.046347828448005834,3.0,2.5956566110544386,-0.40434338894556143,197.6157424147631,177.48831908320986,3.0,4.0,4,3
0.3898305084745763,0.5474187439176361,0.5427093091278016,0.5022929884425461,-0.04041632068525547,3.0,2.644306873041206,-0.3556931269587942,207.88416918378607,186.89158780844727,3.0,4.0,4,4
0.3898305084745763,0.6082259117868763,0.5628863567994258,0.5293509087263774,-0.033535448073048424,3.0,2.6977435724053076,-0.3022564275946924,218.43556556553978,196.60898341293796,3.0,4.0,4,4
0.3898305084745763,0.6757875280657863,0.5827064276382891,0.5570023827550173,-0.025704044883271715,3.0,2.756435377913296,-0.24356462208670404,229.1512677493772,206.59981978989057,3.0,4.0,4,4
0.3898305084745763,0.7508538755732771,0.6637631082517915,0.585108369633581,-0.07865473861821048,3.5,2.820909955730896,-0.6790900442691039,242.98485330600693,216.81797099279245,3.0,4.0,4,4
0.3898305084745763,0.8342585783982197,0.6826467622990577,0.6135201615456854,-0.06912660075337229,3.5,2.8917679851350857,-0.6082320148649143,254.16035030312347,227.21261980953764,3.0,4.0,4,4
0.3898305084745763,0.9269278594315465,0.7007224722306412,0.6420825204051114,-0.058639951825529835,3.5,2.969701926829295,-0.5302980731707052,265.36435482764585,237.7292110291259,3.0,4.0,4,4
0.3898305084745763,1.029890826223217,0.7179295928915279,0.6706371515196313,-0.04729244137189659,3.5,3.0555221571354205,-0.4444778428645795,276.55690001332056,248.31057461364918,3.0,4.0,4,4
0.3898305084745763,1.1442908993901826,0.7342076533536216,0.6990263822466468,-0.035181271106974776,3.5,3.1501931936421914,-0.3498068063578086,287.53953495931665,258.8981787051325,3.0,4.0,4,4
0.3898305084745763,1.2713985104896872,0.749541245760631,0.7270968763498293,-0.022444369410801635,3.5,3.254885952640327,-0.24511404735967313,298.43215981834044,269.43345240507847,3.0,4.0,4,4
0.3898305084745763,1.412625210369881,0.7639051238920262,0.7547032391654367,-0.00920188472658956,3.5,3.3710542948625535,-0.12894570513744652,309.06171910009954,279.8591214263719,3.0,4.0,4,4
0.3898305084745763,1.5695393446732664,0.7773007078888629,0.7817113855890602,0.0044106777001973185,3.5,3.5005497814912836,0.0005497814912835963,319.435085623555,290.1204974093814,3.0,4.0,4,4
0.3898305084745763,1.7438834705720385,0.834585971299138,0.808001556188475,-0.026584415110663007,4.0,3.645801657764243,-0.35419834223575686,332.6354611939997,300.16666166673735,3.0,4.0,5,5
0.3898305084745763,1.9375937081510104,0.8453130060879408,0.8334709455088046,-0.011842060579136171,4.0,3.810109170246871,-0.189890829753129,342.3761098625905,309.9515001998652,3.0,4.0,5,5
0.3898305084745763,2.1528212413383825,0.8551183981652519,0.8580359776174722,0.0029175794522202647,4.0,3.9981412433728134,-0.0018587566271865974,351.6913142563447,319.4345585500219,3.0,4.0,5,5
0.3898305084745763,2.3919562071557467,0.8640528890090258,0.8816343835445414,0.017581494535515607,4.0,4.216848374332769,0.21684837433276893,360.6491212812607,328.5816949907528,3.0,4.0,5,5
0.3898305084745763,2.657654238581348,0.9929039570583325,0.9042275888858791,-0.08867636817245339,10.25,4.477267971355468,-5.772732028644532,369.17943399195343,337.3655533331593,4.0,4.0,5,5
0.3898305084745763,2.952865955789426,0.9098286457435426,0.9258047925080406,0.01597614676449799,4.5,4.798524559248472,0.298524559248472,379.6217513352151,345.7659287610642,3.0,4.0,5,5
0.3898305084745763,3.2808697332707224,0.998924890913583,0.9463932420200826,-0.05253164889350048,12.75,5.2182772399217345,-7.5317227600782655,387.29197916170483,353.7702800844177,4.0,4.0,5,5
0.3898305084745763,3.64530810671838,0.9999999352661475,0.9660946423324058,-0.03390529293374167,28.25,5.828398768766779,-22.421601231233222,394.70417136662695,361.37551274399925,4.0,4.0,5,5
0.3898305084745763,4.050228223983634,0.9999994555325591,0.9853115798381993,-0.014687875694359809,23.75,6.990743214858223,-16.759256785141776,403.0147689039705,368.6002753583877,4.0,4.0,5,5
0.3898305084745763,4.500126789315846,0.9999999999720545,1.0,2.7945534775142278e-11,37.75,272.0906486739375,234.3406486739375,409.36838113982475,375.20696746321363,4.0,4.0,5,5
0.3898305084745763,5.000000000000001,0.9999999999999983,1.0,1.6653345369377348e-15,50.75,273.4959885616879,222.7459885616879,415.13991993845457,380.59470154098204,4.0,4.0,5,5
0.4067796610169492,0.01,0.1403902223978927,0.1111152651626764,-0.029274957235216295,3.0,2.1439393165695955,-0.8560606834304045,54.915178799278195,52.570819779094585,3.0,4.0,1,1
0.4067796610169492,0.011110798059892322,0.14216279184281647,0.11243930073866372,-0.029723491104152747,3.0,2.1451585102709947,-0.8548414897290053,55.426566687253654,53.00691981307898,3.0,4.0,1,1
0.4067796610169492,0.012344983352770704,0.1441230131894689,0.11390675634893868,-0.030216256840530226,3.0,2.1465125476417604,-0.8534874523582396,55.99326564417399,53.490398066553226,3.0,4.0,1,1
0.4067796610169492,0.013716261708536773,0.14628967940424173,0.11553272384672009,-0.030756955557521642,3.0,2.148016312276014,-0.8519836877239859,56.62107614991929,54.02627238439213,3.0,4.0,1,1
0.4067796610169492,0.015239861398018572,0.14868525561306542,0.11733378109910768,-0.03135147451395774,3.0,2.149686233192916,-0.8503137668070839,57.31791580796033,54.62006220375172,3.0,4.0,1,1
0.4067796610169492,0.016932702245413263,0.1513295434192509,0.1193281146958286,-0.03200142872342229,3.0,2.1515405834012205,-0.8484594165987795,58.09191191910268,55.277831799253754,3.0,4.0,1,1
0.4067796610169492,0.018813583525707212,0.15424727230450289,0.121535647245966,-0.03271162505853689,3.0,2.1535995702783115,-0.8464004297216885,58.94586757642402,56.006235616441316,3.0,4.0,1,1
0.4067796610169492,0.020903392733704982,0.15746386179178254,0.12397816769973351,-0.03348569409204903,3.0,2.155885670206045,-0.8441143297939551,59.890577964067525,56.81256529994577,3.0,4.0,1,1
0.4067796610169492,0.023225337543081658,0.16100701898356054,0.1266794632510838,-0.03432755573247673,3.0,2.158423730562209,-0.8415762694377911,60.935179232229,57.70479811539267,3.0,4.0,1,1
0.4067796610169492,0.02580520353140161,0.16490636504454043,0.12966545018247344,-0.035240914862066985,3.0,2.1612411687499846,-0.8387588312500154,62.08960972459371,58.691646016015845,3.0,4.0,1,1
0.4067796610169492,0.028671640533182347,0.16919537952965166,0.13296429998115894,-0.03623107954849272,3.0,2.1643687012663584,-0.8356312987336416,63.36991590334085,59.78260427302986,3.0,4.0,1,1
0.4067796610169492,0.031856480801001244,0.17390597055812101,0.13660655868257154,-0.03729941187554947,3.0,2.16783980052569,-0.83216019947431,64.78026563892891,60.98799926839936,3.0,4.0,1,1
0.4067796610169492,0.03539509250787618,0.17907285083967267,0.14062525137106335,-0.03844759946860932,3.0,2.1716920856328223,-0.8283079143671777,66.3359941555668,62.319032925783745,3.0,4.0,1,1
0.4067796610169492,0.03932677251662197,0.18473485446870455,0.14505597005536713,-0.03967888441333742,3.0,2.1759666121448396,-0.8240333878551604,68.05695552769396,63.787823448704486,3.0,4.0,1,1
0.4067796610169492,0.04369518277795103,0.1909282850770034,0.14993693315099568,-0.040991351926007724,3.0,2.180709220928839,-0.819290779071161,69.94911719001576,65.40743866789518,3.0,4.0,1,1
0.4067796610169492,0.048548835203589866,0.1976940733628333,0.15530901244056422,-0.04238506092226907,3.0,2.1859703600581275,-0.8140296399418725,72.03809469300374,67.19192093625793,3.0,4.0,1,1
0.4067796610169492,0.05394163039900783,0.20506707315904732,0.16121571458265335,-0.04385135857639397,3.0,2.19180572081823,-0.80819427918177,74.32672205241516,69.15629938921266,3.0,4.0,3,1
0.4067796610169492,0.059933456238472516,0.21309449903680425,0.16770310687698628,-0.04539139215981797,3.0,2.1982768943591515,-0.8017231056408485,76.85175164730853,71.31658643809563,3.0,4.0,3,1
0.4067796610169492,0.06659085292970618,0.22180744390564747,0.17481967496344628,-0.04698776894220119,3.0,2.205451822880423,-0.794548177119577,79.61207837771312,73.68975448519767,3.0,4.0,3,1
0.4067796610169492,0.07398775195379542,0.2312516221998461,0.18261609774302529,-0.04863552445682082,3.0,2.2134054067253612,-0.7865945932746388,82.64905879903962,76.2936879482914,3.0,4.0,3,1
0.4067796610169492,0.0822062970864025,0.2414565921303225,0.19114492489524554,-0.05031166723507696,3.0,2.2222201800206682,-0.7777798199793318,85.96993485833502,79.14710573746318,3.0,4.0,3,1
0.4067796610169492,0.09133775661785326,0.25245724244401935,0.20046014073945784,-0.05199710170456151,3.0,2.231987046834548,-0.768012953165452,89.60142281009921,82.26944820502244,3.0,4.0,3,3
0.4067796610169492,0.10148353690245611,0.264277471003857,0.21061659906724223,-0.053660871936614785,3.0,2.242806205595844,-0.7571937944041558,93.55862886904013,85.68072312053458,3.0,4.0,3,3
0.4067796610169492,0.112756308492682,0.2769386192310242,0.22166931595151979,-0.05526930327950441,3.0,2.2547875418793417,-0.7452124581206583,97.85714167402399,89.40130510153702,3.0,4.0,3,3
0.4067796610169492,0.1252812573641112,0.2904610971529614,0.233672603315967,-0.056788493836994414,3.0,2.268052315880778,-0.7319476841192221,102.54753949589993,93.45168194584075,3.0,4.0,3,3
0.4067796610169492,0.13919747512620373,0.30484405883221005,0.24667904130245538,-0.05816501752975467,3.0,2.282733393536183,-0.7172666064638169,107.62059543618396,97.85214441579315,3.0,4.0,3,3
0.4067796610169492,0.1546595036574134,0.32008636107354754,0.2607382786728424,-0.05934808240070516,3.0,2.2989768170344185,-0.7010231829655815,113.10828934634264,102.6224145156063,3.0,4.0,3,3
0.4067796610169492,0.1718390513180699,0.33617231391696384,0.27589566969995843,-0.060276644217005404,3.0,2.316942954971456,-0.6830570450285438,119.02841732826654,107.78121153878153,3.0,4.0,3,3
0.4067796610169492,0.1909268997998548,0.35307380040631,0.29219075841456094,-0.06088304199174904,3.0,2.3368078837695077,-0.6631921162304923,125.40276723224612,113.34575606853424,3.0,4.0,3,3
0.4067796610169492,0.21213502278774823,0.37074562347885415,0.30965563678437313,-0.06108998669448101,3.0,2.358764632232488,-0.641235367767512,132.21897887200765,119.33121675282021,3.0,4.0,3,3
0.4067796610169492,0.23569893996253266,0.389140451893065,0.3283132092385556,-0.060827242654509395,3.0,2.3830254490487284,-0.6169745509512716,139.52208953505442,125.75010692126097,3.0,4.0,3,3
0.4067796610169492,0.26188033248543857,0.4081852776244293,0.34817542455500156,-0.06000985306942774,3.0,2.4098231894953654,-0.5901768105046346,147.29827913406967,132.61164623745609,3.0,4.0,3,3
0.4067796610169492,0.2909699490103167,0.42778914817415614,0.3692415310087111,-0.05854761716544504,3.0,2.4394141861936087,-0.5605858138063913,155.50814695365608,139.92110325420887,3.0,4.0,3,3
0.4067796610169492,0.32329083449507945,0.4478689046547443,0.3914964438489876,-0.05637246080575675,3.0,2.4720807779114704,-0.5279192220885296,164.2021427107003,147.6791444600214,3.0,4.0,3,3
0.4067796610169492,0.35920191766889,0.4683135891964597,0.4149093142289,-0.05340427496755973,3.0,2.5081345721671835,-0.4918654278328165,173.34474825293916,155.8812189233019,3.0,4.0,3,3
0.4067796610169492,0.39910199699451043,0.48901123598610763,0.43943239234948434,-0.04957884363662329,3.0,2.5479210774356047,-0.4520789225643953,182.9432411698354,164.51700970645453,3.0,4.0,3,3
0.4067796610169492,0.4434341693905757,0.509822455625828,0.465000296439628,-0.04482215918619997,3.0,2.591824444528903,-0.4081755554710971,192.87859576761326,173.56999186180602,3.0,4.0,4,3
0.4067796610169492,0.4926907508954772,0.53063575789643,0.49152976899498235,-0.039105988901447675,3.0,2.640274195926032,-0.3597258040739679,203.19547084543828,183.01713058346357,3.0,4.0,4,3
0.4067796610169492,0.5474187439176361,0.5513193517698884,0.5189200004613573,-0.03239935130853111,3.0,2.6937542635947476,-0.30624573640525243,213.84725564381102,192.82875584810122,3.0,4.0,4,4
0.4067796610169492,0.6082259117868763,0.5717386898381795,0.5470535838900642,-0.02468510594811535,3.0,2.7528134930529644,-0.2471865069470356,224.7197123848809,202.9686443263314,3.0,4.0,4,4
0.4067796610169492,0.6757875280657863,0.6525095904788986,0.5757981048656714,-0.07671148561322716,3.5,2.8180814652121637,-0.6819185347878363,238.76773832218583,213.3943271500269,3.0,4.0,4,4
0.4067796610169492,0.7508538755732771,0.6722359310603688,0.6050083741089388,-0.06722755695143001,3.5,2.890287846961293,-0.6097121530387071,250.1907503602423,224.05763664178656,3.0,4.0,4,4
0.4067796610169492,0.8342585783982197,0.6912122619722314,0.6345292297811812,-0.0566830321910502,3.5,2.970290409529117,-0.5297095904708828,261.7583251511324,234.90548539279757,3.0,4.0,4,4
0.4067796610169492,0.9269278594315465,0.7093518542673743,0.6641988313627908,-0.04515302290458356,3.5,3.059113121987322,-0.440886878012678,273.3402715358308,245.88086062977766,3.0,4.0,4,4
0.4067796610169492,1.029890826223217,0.7265860190079753,0.6938523209819507,-0.03273369802602455,3.5,3.1580004558258237,-0.34199954417417633,284.79668571437645,256.9240014275642,3.0,4.0,4,4
0.4067796610169492,1.1442908993901826,0.7428820967447085,0.7233256967007347,-0.019556400043973854,3.5,3.268496782064905,-0.23150321793509487,296.210943473041,267.9737060438713,3.0,4.0,4,4
0.4067796610169492,1.2713985104896872,0.7582017875505376,0.7524597759377101,-0.005742011612827502,3.5,3.3925641686655603,-0.10743583133443968,307.41693332383176,278.9687245107087,3.0,4.0,4,4
0.4067796610169492,1.412625210369881,0.7725321409547269,0.7811040936318709,0.008571952677144057,3.5,3.5327656978741304,0.03276569787413042,318.34404167648285,289.84916769312,3.0,4.0,4,4
0.4067796610169492,1.5695393446732664,0.8301254275087208,0.8091206415002331,-0.021004786008487653,4.0,3.692560567636976,-0.30743943236302407,332.1932990207497,300.5578717840123,3.0,4.0,5,5
0.4067796610169492,1.7438834705720385,0.8417183825799825,0.8363874342762063,-0.005330948303776228,4.0,3.876805604825497,-0.12319439517450315,342.6390390420027,311.041671519687,3.0,4.0,5,5
0.4067796610169492,1.9375937081510104,0.8523375703963784,0.8628020160009701,0.010464445604591699,4.0,4.092661799781493,0.09266179978149314,352.62402000105675,321.2525386759322,3.0,4.0,5,5
0.4067796610169492,2.1528212413383825,0.8620326395461582,0.8882853294923877,0.026252689946229535,4.0,4.351374321902404,0.35137432190240414,362.2573362654254,331.14857252300754,3.0,4.0,5,5
0.4067796610169492,2.3919562071557467,0.9999335775320106,0.9127872273811916,-0.08714635015081906,20.25,4.672171351691941,-15.57782864830806,371.6859796605637,340.6948878355552,4.0,4.0,5,5
0.4067796610169492,2.657654238581348,0.9824980660020461,0.9362977529265122,-0.04620031307553396,8.25,5.092265024757943,-3.1577349752420574,382.6292181149096,349.8646038946047,4.0,4.0,5,5
0.4067796610169492,2.952865955789426,0.999998931094206,0.9588818993427256,-0.041117031751480404,25.75,5.699865322106049,-20.05013467789395,391.1832749699896,358.6409014827911,4.0,4.0,5,5
0.4067796610169492,3.2808697332707224,0.9999999999642675,0.9808691246713503,-0.019130875292917127,42.25,6.815981166996054,-35.43401883300395,399.1959091659931,367.027342533322,4.0,4.0,5,5
0.4067796610169492,3.64530810671838,0.9999999999367075,1.0,6.329248236625062e-11,39.25,271.94801683816763,232.69801683816763,408.0904865878662,374.8814694362292,4.0,4.0,5,5
0.4067796610169492,4.050228223983634,0.9999999999999986,1.0,1.4432899320127035e-15,54.25,273.6117715894801,219.3617715894801,415.0415437095476,381.2553502838983,4.0,4.0,5,5
0.4067796610169492,4.500126789315846,1.0,1.0,0.0,56.75,275.1693193331224,218.41931933312242,422.47549454477473,387.21674633906525,4.0,4.0,5,5
0.4067796610169492,5.000000000000001,1.0,1.0,0.0,62.75,276.62324875483006,213.87324875483006,429.1302579034996,392.77716467966377,4.0,4.0,5,5
0.423728813559322,0.01,0.13996252342311988,0.11161324186603672,-0.02834928155708316,3.0,2.154635828890606,-0.8453641711093942,55.06154503046656,52.731913990767616,3.0,4.0,1,1
0.423728813559322,0.011110798059892322,0.14178643745838426,0.11299099686872033,-0.028795440589663934,3.0,2.1559183398436295,-0.8440816601563705,55.59239627425875,53.185709340605484,3.0,4.0,1,1
0.423728813559322,0.012344983352770704,0.143803321418736,0.11451798067811932,-0.029285340740616686,3.0,2.157342831220013,-0.8426571687799869,56.18065133445916,53.68880766203037,3.0,4.0,1,1
0.423728813559322,0.013716261708536773,0.14603606465559518,0.11620989410249705,-0.029826170553098136,3.0,2.158924854511861,-0.8410751454881389,56.83769828162472,54.24643119763234,3.0,4.0,1,1
0.423728813559322,0.015239861398018572,0.14849852800154342,0.11808398326426203,-0.03041454473728139,3.0,2.160681931243744,-0.8393180687562558,57.55966899499614,54.864324322205356,3.0,4.0,1,1
0.423728813559322,0.016932702245413263,0.15121902569370424,0.12015916719928821,-0.03105985849441603,3.0,2.1626333417836583,-0.8373666582163417,58.360686002586306,55.54879857947017,3.0,4.0,1,1
0.423728813559322,0.018813583525707212,0.15421802580200988,0.12245617006883508,-0.031761855733174804,3.0,2.164800411241595,-0.8351995887584049,59.24529292194999,56.306779941909284,3.0,4.0,1,1
0.423728813559322,0.020903392733704982,0.1575261646351511,0.12499765655170501,-0.03252850808344608,3.0,2.167206804727903,-0.8327931952720968,60.225823008435285,57.1458578604256,3.0,4.0,1,1
0.423728813559322,0.023225337543081658,0.16117160646709772,0.1278083684108032,-0.033363238056294514,3.0,2.169878938159673,-0.8301210618403272,61.314806347831635,58.07433558436648,3.0,4.0,1,1
0.423728813559322,0.02580520353140161,0.16518334108639324,0.13091526048785407,-0.03426808059853917,3.0,2.172845841431991,-0.8271541585680091,62.515584996766826,59.10128142715126,3.0,4.0,1,1
0.423728813559322,0.028671640533182347,0.16959092285161814,0.13434763162504923,-0.03524329122656891,3.0,2.1761397778871476,-0.8238602221128524,63.839300710329994,60.23657956629611,3.0,4.0,1,1
0.423728813559322,0.031856480801001244,0.17443511871489717,0.13813724723311047,-0.0362978714817867,3.0,2.1797966378275313,-0.8202033621724687,65.30878717323293,61.49097956409866,3.0,4.0,1,1
0.423728813559322,0.03539509250787618,0.17974551487003906,0.14231844875511968,-0.03742706611491939,3.0,2.183855987380958,-0.8161440126190418,66.92375386118051,62.87614327408155,3.0,4.0,1,1
0.423728813559322,0.03932677251662197,0.18556148240246875,0.1469282427634072,-0.03863323963906154,3.0,2.1883616482722585,-0.8116383517277415,68.70364245279534,64.40468690227085,3.0,4.0,1,1
0.423728813559322,0.04369518277795103,0.1919266307703602,0.15200636274303672,-0.039920268027323486,3.0,2.193362321029418,-0.8066376789705818,70.67400121811049,66.09021626107456,3.0,4.0,1,1
0.423728813559322,0.048548835203589866,0.1988736506781253,0.15759529559332072,-0.04127835508480457,3.0,2.198911703052,-0.801088296948,72.83474437468503,67.94735279571499,3.0,4.0,1,1
0.423728813559322,0.05394163039900783,0.20644733303670476,0.16374026079632714,-0.04270707224037762,3.0,2.2050692583550706,-0.7949307416449294,75.21710888962328,69.99174656217036,3.0,4.0,3,1
0.423728813559322,0.059933456238472516,0.21468577188179228,0.17048913178234928,-0.04419664009944299,3.0,2.2119007847271868,-0.7880992152728132,77.82895290114521,72.24007298117365,3.0,4.0,3,1
0.423728813559322,0.06659085292970618,0.22363058263302268,0.1778922857736092,-0.045738296859413496,3.0,2.219479025754845,-0.7805209742451549,80.70136135042043,74.710008857783,3.0,4.0,3,1
0.423728813559322,0.07398775195379542,0.23332008011386973,0.18600236764552128,-0.047317712468348455,3.0,2.2278843166132,-0.7721156833867999,83.85210243881215,77.42018292388413,3.0,4.0,3,1
0.423728813559322,0.0822062970864025,0.24378356993724362,0.1948739514918092,-0.04890961844543443,3.0,2.237205526197796,-0.7627944738022041,87.28675096817636,80.39009535924775,3.0,4.0,3,1
0.423728813559322,0.09133775661785326,0.2550615851083009,0.20456308495834413,-0.05049850014995677,3.0,2.247540582990042,-0.7524594170099581,91.05259577216397,83.64000075046131,3.0,4.0,3,3
0.423728813559322,0.10148353690245611,0.26717827015977674,0.2151266974043571,-0.052051572755419634,3.0,2.2589979618671356,-0.7410020381328644,95.16290080715503,87.19074796697612,3.0,4.0,3,3
0.423728813559322,0.112756308492682,0.28015090076823407,0.22662186180373473,-0.05352903896449934,3.0,2.271697025897448,-0.7283029741025522,99.6325826784173,91.06357211787864,3.0,4.0,3,3
0.423728813559322,0.1252812573641112,0.29399601925126323,0.23910488991311266,-0.054891129338150574,3.0,2.2857697899162313,-0.7142302100837687,104.49067365511019,95.27983045268876,3.0,4.0,3,3
0.423728813559322,0.13919747512620373,0.3087141990869573,0.252630259257575,-0.05608393982938231,3.0,2.3013618608354602,-0.6986381391645398,109.74942903186383,99.86067994445972,3.0,4.0,3,3
0.423728813559322,0.1546595036574134,0.3243065444393506,0.26724936298412877,-0.05705718145522182,3.0,2.3186339734704244,-0.6813660265295756,115.45258575064835,104.8266906646097,3.0,4.0,3,3
0.423728813559322,0.1718390513180699,0.34074810523166854,0.28300908865153745,-0.057739016580131086,3.0,2.337763511604863,-0.6622364883951368,121.58791342375372,110.19739370547553,3.0,4.0,3,3
0.423728813559322,0.1909268997998548,0.35801194610826864,0.29995023877930366,-0.058061707328964984,3.0,2.3589465767203377,-0.6410534232796623,128.18562450887575,115.99076471429491,3.0,4.0,3,3
0.423728813559322,0.21213502278774823,0.3760540091031981,0.3181058217311915,-0.05794818737200658,3.0,2.3823997963860175,-0.6176002036139825,135.26492077777874,122.22264766718706,3.0,4.0,3,3
0.423728813559322,0.23569893996253266,0.3948161226578184,0.33749924618634514,-0.057316876471473266,3.0,2.408363133983222,-0.5916368660167781,142.82798504235186,128.90612548651833,3.0,4.0,3,3
0.423728813559322,0.26188033248543857,0.41422169832661604,0.3581424816613809,-0.05607921666523513,3.0,2.437102603813401,-0.5628973961865991,150.85600112003434,136.0508542777505,3.0,4.0,3,3
0.423728813559322,0.2909699490103167,0.4341927409154984,0.38003424764261035,-0.054158493272888075,3.0,2.4689138512010698,-0.5310861487989302,159.3901034595863,143.6623769923173,3.0,4.0,3,3
0.423728813559322,0.32329083449507945,0.4546221424222168,0.403158320273754,-0.051463822148462846,3.0,2.504126354225446,-0.49587364577455384,168.38497558321706,151.74144388280797,3.0,4.0,3,3
0.423728813559322,0.35920191766889,0.4754035304484695,0.42748204613066526,-0.04792148431780424,3.0,2.543109114881373,-0.45689088511862685,177.8400709422495,160.283367644556,3.0,4.0,3,3
0.423728813559322,0.39910199699451043,0.4964215403877997,0.4529551754623751,-0.04346636492542455,3.0,2.5862768355000307,-0.41372316449996926,187.76205805987686,169.2774508396249,3.0,4.0,3,3
0.423728813559322,0.4434341693905757,0.5175374718259113,0.4795091072086266,-0.03802836461728465,3.0,2.634098648699002,-0.3659013513009981,198.04687049307984,178.70652034355112,3.0,4.0,4,3
0.423728813559322,0.4926907508954772,0.5386293187974709,0.507056647537079,-0.03157267126039187,3.0,2.6871093812922493,-0.3128906187077507,208.70229765951822,188.54660932924494,3.0,4.0,4,4
0.423728813559322,0.5474187439176361,0.5595668429257253,0.5354923652184364,-0.024074477707288988,3.0,2.745923689112534,-0.25407631088746596,219.69765027354987,198.76682303088137,3.0,4.0,4,4
0.423728813559322,0.6082259117868763,0.6399176162156068,0.5646935930813486,-0.07522402313425824,3.5,2.8112556707696066,-0.6887443292303934,233.81528136967057,209.32941905503887,3.0,4.0,4,4
0.423728813559322,0.6757875280657863,0.6604477261973766,0.5945221023731347,-0.06592562382424183,3.5,2.8839451917388956,-0.6160548082611044,245.51401370046435,220.19012438056572,3.0,4.0,4,4
0.423728813559322,0.7508538755732771,0.6802853675051129,0.6248264406558701,-0.05545892684924281,3.5,2.964993593737019,-0.5350064062629811,257.35308148688966,231.29870143929818,3.0,4.0,4,4
0.423728813559322,0.8342585783982197,0.699333152982571,0.6554448687875588,-0.04388828419501223,3.5,3.055615004844732,-0.44438499515526786,269.2254958050398,242.59975788883827,3.0,4.0,4,4
0.423728813559322,0.9269278594315465,0.7175201459555416,0.6862088120291238,-0.03131133392641783,3.5,3.157309350604193,-0.34269064939580707,281.14307083047987,254.03377970841186,3.0,4.0,4,4
0.423728813559322,1.029890826223217,0.734782179517847,0.7169467171926053,-0.01783546232524169,3.5,3.271969793213067,-0.22803020678693287,292.99950730060823,265.53835984129336,3.0,4.0,4,4
0.423728813559322,1.1442908993901826,0.7510758725334726,0.7474881598361248,-0.0035877126973478113,3.5,3.402047380764272,-0.09795261923572784,304.72933601582764,277.04956542262,3.0,4.0,4,4
0.423728813559322,1.2713985104896872,0.7663693119532424,0.7776681112770832,0.011298799323840814,3.5,3.5508100579667388,0.050810057966738764,316.1902372171329,288.5033986330081,3.0,4.0,4,4
0.423728813559322,1.412625210369881,0.8243815431676063,0.8073312552338782,-0.017050287933728092,4.0,3.722773228713779,-0.27722677128622086,330.64946716070006,299.8372820296987,3.0,4.0,5,5
0.423728813559322,1.5695393446732664,0.8368906068129995,0.8363363952219717,-0.0005542115910278644,4.0,3.9244548623100877,-0.07554513768991233,341.7354516003271,310.991516714431,3.0,4.0,5,5
0.423728813559322,1.7438834705720385,0.8483809669271221,0.8645612148556241,0.016180247928502034,4.0,4.165802957373673,0.165802957373673,352.4317443006182,321.9106800140732,3.0,4.0,5,5
0.423728813559322,1.9375937081510104,0.9726468891832963,0.8919081851719592,-0.08073870401133709,8.25,4.463171175168828,-3.786828824831172,362.68885527699774,332.5449425474765,4.0,4.0,5,5
0.423728813559322,2.1528212413383825,0.8985886411860535,0.9183142963608509,0.019725655174797407,4.5,4.846413951105205,0.34641395110520534,375.0650406979421,342.85142775980387,3.0,4.0,5,5
0.423728813559322,2.3919562071557467,0.9997481515609828,0.9437743995851715,-0.05597375197581134,17.25,5.379647517832924,-11.870352482167075,384.6212903586942,352.7960894162792,4.0,4.0,5,5
0.423728813559322,2.657654238581348,0.9999999909954583,0.9684327467660692,-0.03156724422938917,36.25,6.248580687085627,-30.001419312914372,393.9381934362471,362.35901057755376,4.0,4.0,5,5
0.423728813559322,2.952865955789426,0.9999999933403539,0.9937819090819763,-0.006218084258377665,34.75,8.92417916678822,-25.82582083321178,404.00783391061947,371.5994593917392,4.0,4.0,5,5
0.423728813559322,3.2808697332707224,0.9999999999998853,1.0,1.1468603844377867e-13,51.75,273.06333171812315,221.31333171812315,412.0903260108611,379.3810850473214,4.0,4.0,5,5
0.423728813559322,3.64530810671838,0.9999999999999986,1.0,1.4432899320127035e-15,56.25,274.89348541199956,218.64348541199956,420.72814591124506,386.3835062392174,4.0,4.0,5,5
0.423728813559322,4.050228223983634,1.0,1.0,0.0,71.75,276.6120873362275,204.8620873362275,427.6756049033099,392.95184380808104,4.0,4.0,5,5
0.423728813559322,4.500126789315846,1.0,1.0,0.0,74.25,278.2209441326718,203.97094413267178,435.4079558031497,399.09488982867157,4.0,4.0,5,5
0.423728813559322,5.000000000000001,1.0,1.0,0.0,83.25,279.72278033879604,196.47278033879604,441.9800199339978,404.82477713433457,4.0,4.0,5,5
0.4406779661016949,0.01,0.13954330457173497,0.1121108913711376,-0.027432413200597375,3.0,2.1654676389705863,-0.8345323610294137,55.212726916387766,52.89288100195139,3.0,4.0,1,1
0.4406779661016949,0.011110798059892322,0.14141734765329325,0.11354232681893259,-0.027875020834360664,3.0,2.166814650810557,-0.833185349189443,55.76314607412627,53.36435845911202,3.0,4.0,1,1
0.4406779661016949,0.012344983352770704,0.14348954636460293,0.11512879476430178,-0.028360751600301146,3.0,2.168310989119346,-0.8316890108806541,56.37307179931946,53.887062366157565,3.0,4.0,1,1
0.4406779661016949,0.013716261708536773,0.1457796874936336,0.11688660412078455,-0.028893083372849043,3.0,2.169973153003958,-0.8300268469960419,57.048739297016304,54.46641923687486,3.0,4.0,1,1
0.4406779661016949,0.015239861398018572,0.14830926482841345,0.11883366857240339,-0.029475596256010053,3.0,2.1718193234177314,-0.8281806765822686,57.79699028911505,55.10839831488403,3.0,4.0,1,1
0.4406779661016949,0.016932702245413263,0.15110362075583875,0.12098963867332028,-0.030113982082518462,3.0,2.173869838978863,-0.8261301610211369,58.6271594982055,55.8195583575212,3.0,4.0,1,1
0.4406779661016949,0.018813583525707212,0.15418594597785198,0.12337603886613034,-0.030809907111721643,3.0,2.1761473849706827,-0.8238526150293173,59.54590023831777,56.60709673541158,3.0,4.0,1,1
0.4406779661016949,0.020903392733704982,0.15758511492209318,0.126016408119024,-0.03156870680306917,3.0,2.1786768907913947,-0.8213231092086053,60.56685737276807,57.47890056831402,3.0,4.0,1,1
0.4406779661016949,0.023225337543081658,0.16132667099742903,0.12893644151739217,-0.032390229480036864,3.0,2.181486000545557,-0.818513999454443,61.69078518634737,58.4435991342117,3.0,4.0,1,1
0.4406779661016949,0.02580520353140161,0.16544337016856153,0.13216413027110865,-0.03327923989745288,3.0,2.184605836303673,-0.8153941636963271,62.93278091126093,59.510616939643015,3.0,4.0,1,1
0.4406779661016949,0.028671640533182347,0.16997248122134925,0.1357298984642015,-0.034242582757147755,3.0,2.188070164446254,-0.8119298355537459,64.31259175707902,60.6902270371065,3.0,4.0,1,1
0.4406779661016949,0.031856480801001244,0.17494037815113866,0.13966672847998735,-0.03527364967115132,3.0,2.1919172257825275,-0.8080827742174725,65.82693566953586,61.99360222456684,3.0,4.0,1,1
0.4406779661016949,0.03539509250787618,0.18039028003239424,0.1440102750206287,-0.036380005011765554,3.0,2.1961887010082144,-0.8038112989917856,67.50021172732346,63.432864263468616,3.0,4.0,1,1
0.4406779661016949,0.03932677251662197,0.1863627414213486,0.14879895561197504,-0.03756378580937356,3.0,2.200931334646885,-0.7990686653531149,69.35427293434543,65.02112742663475,3.0,4.0,1,1
0.4406779661016949,0.04369518277795103,0.19289044993232388,0.15407401477073898,-0.038816435161584895,3.0,2.206196716392879,-0.7938032836071209,71.38923889871488,66.77253568991222,3.0,4.0,1,1
0.4406779661016949,0.048548835203589866,0.20001821622249216,0.15987954958703735,-0.04013866663545482,3.0,2.212041937856703,-0.7879580621432969,73.63530913669629,68.7022897783118,3.0,4.0,3,1
0.4406779661016949,0.05394163039900783,0.2077820829051632,0.16626248659748954,-0.041519596307673656,3.0,2.218530423671474,-0.7814695763285262,76.09589364016037,70.82666098946171,3.0,4.0,3,1
0.4406779661016949,0.059933456238472516,0.21623040257441511,0.17327249852892987,-0.042957904045485246,3.0,2.2257323952799206,-0.7742676047200794,78.80996295748788,73.1629881396456,3.0,4.0,3,1
0.4406779661016949,0.06659085292970618,0.2253980476896573,0.18096184629636847,-0.04443620139328883,3.0,2.233725614385913,-0.766274385614087,81.78200778787817,75.72965301503827,3.0,4.0,3,1
0.4406779661016949,0.07398775195379542,0.2353254559699842,0.18938513130874796,-0.04594032466123624,3.0,2.2425961901375566,-0.7574038098624434,85.04556195156326,78.54602932411868,3.0,4.0,3,1
0.4406779661016949,0.0822062970864025,0.2460452451809811,0.19859894145603768,-0.047446303724943406,3.0,2.2524395212472887,-0.7475604787527113,88.61334447895798,81.6323994373856,3.0,4.0,3,1
0.4406779661016949,0.09133775661785326,0.2575920934085236,0.20866137418189534,-0.04893071922662828,3.0,2.2633613480022188,-0.7366386519977812,92.51385663819964,85.00983308649664,3.0,4.0,3,3
0.4406779661016949,0.10148353690245611,0.26999257064252435,0.21963142055167947,-0.05036115009084488,3.0,2.2754785691562587,-0.7245214308437413,96.77054277453901,88.70002176446499,3.0,4.0,3,3
0.4406779661016949,0.112756308492682,0.2832632790704859,0.231568192432999,-0.05169508663748687,3.0,2.288920873199823,-0.7110791268001768,101.39865744378774,92.72506224733011,3.0,4.0,3,3
0.4406779661016949,0.1252812573641112,0.2974197944693725,0.2445299814372295,-0.05288981303214299,3.0,2.3038319746265197,-0.6961680253734803,106.42807740411739,97.10718314785605,3.0,4.0,3,3
0.4406779661016949,0.13919747512620373,0.3124613685733986,0.25857314001033466,-0.05388822856306397,3.0,2.3203710267145663,-0.6796289732854337,111.87123753044048,101.868409622553,3.0,4.0,3,3
0.4406779661016949,0.1546595036574134,0.3283875531202336,0.2737507789811989,-0.05463677413903473,3.0,2.3387147472123626,-0.6612852527876374,117.76722203377172,107.03016167373409,3.0,4.0,3,3
0.4406779661016949,0.1718390513180699,0.34517492772142055,0.29011128888223214,-0.05506363883918841,3.0,2.359059288277059,-0.6409407117229411,124.13189543978956,112.61278453921683,3.0,4.0,3,3
0.4406779661016949,0.1909268997998548,0.36278680362026355,0.3076966972559215,-0.05509010636434203,3.0,2.3816227045550487,-0.6183772954449513,130.95710213318947,118.63501149625402,3.0,4.0,3,3
0.4406779661016949,0.21213502278774823,0.38118013624211244,0.32654088886312166,-0.054639247378990785,3.0,2.406648008577759,-0.5933519914222409,138.2783136828694,125.11336350794018,3.0,4.0,3,3
0.4406779661016949,0.23569893996253266,0.4002935988846363,0.3466677342698979,-0.053625864614738394,3.0,2.4344061328156394,-0.5655938671843606,146.08992617950508,132.06149560847982,3.0,4.0,3,3
0.4406779661016949,0.26188033248543857,0.4200517269479106,0.3680891753097787,-0.051962551638131904,3.0,2.465200450568228,-0.5347995494317721,154.40960835478094,139.4895016305933,3.0,4.0,3,3
0.4406779661016949,0.2909699490103167,0.44036482300378804,0.3908033487893163,-0.04956147421447177,3.0,2.499371640820756,-0.500628359179244,163.22767471520126,147.4031999704433,3.0,4.0,3,3
0.4406779661016949,0.32329083449507945,0.4611264302493872,0.41479282962276076,-0.04633360062662645,3.0,2.537304013228278,-0.4626959867717222,172.51829046818426,155.80342373299828,3.0,4.0,3,3
0.4406779661016949,0.35920191766889,0.48223062453472926,0.4400230965474204,-0.04220752798730887,3.0,2.5794332872959798,-0.42056671270402024,182.29801968725928,164.6853482050946,3.0,4.0,3,3
0.4406779661016949,0.39910199699451043,0.5035509510933253,0.466441324762952,-0.037109626330373235,3.0,2.626256604230731,-0.37374339576926907,192.53831999023592,174.03789098527787,3.0,4.0,4,3
0.4406779661016949,0.4434341693905757,0.5249496708616048,0.4939756104045692,-0.0309740604570356,3.0,2.678345937858104,-0.3216540621418962,203.14827998817,183.84322369274534,3.0,4.0,4,3
0.4406779661016949,0.4926907508954772,0.5463020924843909,0.5225347327888261,-0.02376735969556476,3.0,2.7363651793799377,-0.26363482062006227,214.1350704470702,194.07643708488524,3.0,4.0,4,4
0.4406779661016949,0.5474187439176361,0.5674792843617045,0.5520085333821284,-0.015470750979576064,3.0,2.8010931328462916,-0.19890686715370842,225.48784707921124,204.70539619912253,3.0,4.0,4,4
0.4406779661016949,0.6082259117868763,0.6473524516971728,0.5822689680448814,-0.06508348365229144,3.5,2.8734553923364743,-0.6265446076635257,240.15132491321452,215.69081910274537,3.0,4.0,4,4
0.4406779661016949,0.6757875280657863,0.6679980482808435,0.6131718551077012,-0.0548261931731423,3.5,2.9545682822761608,-0.5454317177238392,252.15629491661275,226.98659976191485,3.0,4.0,4,4
0.4406779661016949,0.7508538755732771,0.6879297699700397,0.6445593207405391,-0.04337044922950062,3.5,3.0458005371037884,-0.4541994628962116,264.3647371484572,238.54039403575666,3.0,4.0,4,4
0.4406779661016949,0.8342585783982197,0.7070433827606757,0.6762628611436495,-0.030780521617026158,3.5,3.148864224372666,-0.3511357756273341,276.6109807528736,250.29445439255826,3.0,4.0,4,4
0.4406779661016949,0.9269278594315465,0.7252693010720432,0.7081069694077852,-0.017162331664258068,3.5,3.265948882937666,-0.23405111706233406,288.88726299007413,262.1867063330436,3.0,4.0,4,4
0.4406779661016949,1.029890826223217,0.7425392260549286,0.7399131826655965,-0.0026260433893321444,3.5,3.3999301600968486,-0.10006983990315144,301.0155526791214,274.15201782948975,3.0,4.0,4,4
0.4406779661016949,1.1442908993901826,0.75882137526429,0.7715044912500427,0.012683115985752669,3.5,3.5547035476833138,0.05470354768331376,313.0479537044301,286.1236324049753,3.0,4.0,4,4
0.4406779661016949,1.2713985104896872,0.8173433586953549,0.8027100136355075,-0.014633345059847369,4.0,3.7357496857526735,-0.2642503142473265,328.0752994112622,298.03469487860883,3.0,4.0,5,5
0.4406779661016949,1.412625210369881,0.8308149343913966,0.833370033772722,0.0025550993813253653,4.0,3.9511503677349564,-0.048849632265043574,339.7379261116881,309.81982357159376,3.0,4.0,5,5
0.4406779661016949,1.5695393446732664,0.843228524145099,0.8633418284568095,0.020113304311710545,4.0,4.213569945603378,0.21356994560337839,351.0796192074489,321.41670125124557,3.0,4.0,5,5
0.4406779661016949,1.7438834705720385,0.9936727938761849,0.8925075457583228,-0.1011652481178621,12.25,4.544567172508687,-7.705432827491313,362.10171601538474,332.7676746928253,4.0,4.0,5,5
0.4406779661016949,1.9375937081510104,0.8947836991730439,0.9207886050898485,0.0260049059168046,4.5,4.9855432095821,0.48554320958209995,375.07426118651324,343.821575921346,3.0,4.0,5,5
0.4406779661016949,2.1528212413383825,0.9999844233705583,0.9481849151096112,-0.051799508260947036,24.25,5.633266062103209,-18.61673393789679,385.5234449049675,354.53665632884935,4.0,4.0,5,5
0.4406779661016949,2.3919562071557467,0.9999999994892175,0.9749683068716845,-0.02503169261753302,44.25,6.826515456597546,-37.42348454340245,395.4562238816303,364.89143923629626,4.0,4.0,5,5
0.4406779661016949,2.657654238581348,0.9999999998730488,1.0,1.269512273083251e-10,44.25,271.8030419932709,227.55304199327088,406.24468053560093,374.78695533818296,4.0,4.0,5,5
0.4406779661016949,2.952865955789426,0.9999999999999988,1.0,1.2212453270876722e-15,62.75,273.9222455861604,211.1722455861604,415.0675299579072,382.8983071600523,4.0,4.0,5,5
0.4406779661016949,3.2808697332707224,1.0,1.0,0.0,67.75,275.9259728491055,208.1759728491055,424.2836691083515,390.5567861255096,4.0,4.0,5,5
0.4406779661016949,3.64530810671838,1.0,1.0,0.0,77.25,277.81375595657596,200.56375595657596,432.6623471616911,397.7628740253916,4.0,4.0,5,5
0.4406779661016949,4.050228223983634,1.0,1.0,0.0,84.75,279.58640753698296,194.83640753698296,440.6583583310213,404.52185463157946,4.0,4.0,5,5
0.4406779661016949,4.500126789315846,1.0,1.0,0.0,339.75,281.2458531219562,-58.5041468780438,452.7738618269983,410.84311409771243,3.0,4.0,5,5
0.4406779661016949,5.000000000000001,1.0,1.0,0.0,346.25,282.79495670444396,-63.45504329555604,458.7481806993324,416.73942744316054,3.0,4.0,5,5
0.4576271186440678,0.01,0.13912569872491443,0.11260820698101819,-0.02651749174389624,3.0,2.1764372795645617,-0.8235627204354383,55.3592216033023,53.05371876938813,3.0,4.0,1,1
0.4576271186440678,0.011110798059892322,0.1410485731293766,0.1140932829914687,-0.0269552901379079,3.0,2.1778503609588378,-0.8221496390411622,55.92890862579006,53.54286484144279,3.0,4.0,1,1
0.4576271186440678,0.012344983352770704,0.1431746490724187,0.11573919010041142,-0.027435458972007276,3.0,2.179420090431814,-0.820579909568186,56.560172204702056,54.08515957062381,3.0,4.0,1,1
0.4576271186440678,0.013716261708536773,0.14552418875625145,0.11756284463040066,-0.027961344125850787,3.0,2.1811638785409744,-0.8188361214590256,57.259461724940756,54.68623365042367,3.0,4.0,1,1
0.4576271186440678,0.015239861398018572,0.14812119632095572,0.11958282672494469,-0.028538369596011026,3.0,2.1831011118076282,-0.8168988881923718,58.03563570506537,55.35228102138694,3.0,4.0,1,1
0.4576271186440678,0.016932702245413263,0.1509872250607474,0.12181951748830046,-0.029167707572446952,3.0,2.1852530578908054,-0.8147469421091946,58.89729974756948,56.090107557109164,3.0,4.0,1,1
0.4576271186440678,0.018813583525707212,0.1541487490260062,0.12429524069980066,-0.029853508326205536,3.0,2.1876434759586125,-0.8123565240413875,59.84830196949111,56.90718201102316,3.0,4.0,1,1
0.4576271186440678,0.020903392733704982,0.15763310368459038,0.12703440805622188,-0.030598695628368505,3.0,2.190298874670407,-0.8097011253295929,60.900264683387,57.81168901077215,3.0,4.0,1,1
0.4576271186440678,0.023225337543081658,0.16146998303284063,0.1300636662199343,-0.03140631681290634,3.0,2.193248335405952,-0.806751664594048,62.06332879461282,58.81258373555551,3.0,4.0,1,1
0.4576271186440678,0.02580520353140161,0.1656952430293892,0.13341204137279197,-0.03228320165659723,3.0,2.1965245409926872,-0.8034754590073128,63.35637313359675,59.919646964302885,3.0,4.0,1,1
0.4576271186440678,0.028671640533182347,0.1703343404174579,0.13711108013438902,-0.03322326028306888,3.0,2.2001634010463027,-0.7998365989536973,64.77617106759101,61.143540421212336,3.0,4.0,1,1
0.4576271186440678,0.031856480801001244,0.17542924787885222,0.14119497968012798,-0.034234268198724244,3.0,2.204205169761554,-0.7957948302384459,66.34612921728859,62.495860245779355,3.0,4.0,1,1
0.4576271186440678,0.03539509250787618,0.18101712099942485,0.1457007045163739,-0.03531641648305095,3.0,2.2086941125860915,-0.7913058874139085,68.08385373576697,63.98918800521287,3.0,4.0,1,1
0.4576271186440678,0.03932677251662197,0.1871351665707712,0.1506680798699156,-0.036467086700855605,3.0,2.213679669424892,-0.7863203305751081,69.99600773908595,65.63713617909006,3.0,4.0,1,1
0.4576271186440678,0.04369518277795103,0.1938204729198312,0.15613985695022503,-0.037680615969606174,3.0,2.2192166001826994,-0.7807833998173006,72.09755397278187,67.4543870226768,3.0,4.0,1,1
0.4576271186440678,0.048548835203589866,0.20112428180784395,0.16216173801523384,-0.038962543792610105,3.0,2.225365539593623,-0.7746344604063768,74.42520741991513,69.45672069864266,3.0,4.0,3,1
0.4576271186440678,0.05394163039900783,0.20907526582433983,0.1687823507730453,-0.04029291505129454,3.0,2.2321940726309553,-0.7678059273690447,76.97071467971098,71.66103003134945,3.0,4.0,3,1
0.4576271186440678,0.059933456238472516,0.21772492397221102,0.17605316046388653,-0.041671763508324494,3.0,2.239776968630032,-0.7602230313699678,79.77811201059778,74.08531762560834,3.0,4.0,3,1
0.4576271186440678,0.06659085292970618,0.22711119425935578,0.18402830366206133,-0.04308289059729445,3.0,2.2481972679088367,-0.7518027320911633,82.86146174526593,76.74867078731992,3.0,4.0,3,1
0.4576271186440678,0.07398775195379542,0.2372665783217959,0.19276432863962917,-0.044502249682166733,3.0,2.2575472301919954,-0.7424527698080046,86.2273019384554,79.67120879578124,3.0,4.0,3,1
0.4576271186440678,0.0822062970864025,0.2482319058605831,0.2023198259394885,-0.04591207992109461,3.0,2.2679291986336474,-0.7320708013663526,89.91660504357877,82.87399705515921,3.0,4.0,3,3
0.4576271186440678,0.09133775661785326,0.2600389676207975,0.2127549302875262,-0.04728403733327127,3.0,2.279456923832186,-0.720543076167814,93.94946404976727,86.37892146464995,3.0,4.0,3,3
0.4576271186440678,0.10148353690245611,0.27271392363926467,0.22413067866974615,-0.04858324496951852,3.0,2.2922566704510254,-0.7077433295489746,98.34996686916338,90.20851732668815,3.0,4.0,3,3
0.4576271186440678,0.112756308492682,0.2862762050496579,0.23650820402396666,-0.04976800102569123,3.0,2.3064691079373016,-0.6935308920626984,103.14217898790734,94.38574431643461,3.0,4.0,3,3
0.4576271186440678,0.1252812573641112,0.30073344576778605,0.2499477583329857,-0.05078568743480036,3.0,2.322250215837267,-0.6777497841627329,108.34052307800931,98.93370416320623,3.0,4.0,3,3
0.4576271186440678,0.13919747512620373,0.3160869933494983,0.26450754484498873,-0.05157944850450957,3.0,2.339774034108269,-0.6602259658917311,113.96541879360736,103.87529192416228,3.0,4.0,3,3
0.4576271186440678,0.1546595036574134,0.3323384679260682,0.28024236481291714,-0.05209610311315105,3.0,2.359234747983283,-0.6407652520167169,120.07357886691999,109.23277953504926,3.0,4.0,3,3
0.4576271186440678,0.1718390513180699,0.34945127303747175,0.29720208040116597,-0.052249192636305786,3.0,2.380849003687036,-0.619150996312964,126.63115719895858,115.02732812514517,3.0,4.0,3,3
0.4576271186440678,0.1909268997998548,0.3674014330804649,0.31542990889638567,-0.05197152418407924,3.0,2.404859071673128,-0.595140928326872,133.69851090892843,121.27843068708233,3.0,4.0,3,3
0.4576271186440678,0.21213502278774823,0.38613166993866643,0.334960572557563,-0.051171097381103425,3.0,2.431537061702694,-0.5684629382973059,141.25098921821478,128.00328749270417,3.0,4.0,3,3
0.4576271186440678,0.23569893996253266,0.40558575034096916,0.35581835665017436,-0.0497673936907948,3.0,2.461188858904644,-0.5388111410953562,149.33616483287938,135.21612646699649,3.0,4.0,3,3
0.4576271186440678,0.26188033248543857,0.4256768937887778,0.37801512419903205,-0.04766176958974577,3.0,2.494160232751166,-0.5058397672488342,157.92238369576617,142.92748051518055,3.0,4.0,3,3
0.4576271186440678,0.2909699490103167,0.44631611045819974,0.4015483717627197,-0.044767738695480064,3.0,2.5308432582533,-0.46915674174669997,167.0197253259651,151.1434433061962,3.0,4.0,3,3
0.4576271186440678,0.32329083449507945,0.46739751705726884,0.42639940890775835,-0.04099810814951049,3.0,2.571685584232911,-0.42831441576708906,176.6182292686977,159.86492966689198,3.0,4.0,3,3
0.4576271186440678,0.35920191766889,0.48880398685408566,0.45253177244459764,-0.036272214409488024,3.0,2.6172013163217356,-0.3827986836782644,186.70071299366887,169.08697389758004,3.0,4.0,3,3
0.4576271186440678,0.39910199699451043,0.5104099073574718,0.479889978389921,-0.030519928967550847,3.0,2.667985891940772,-0.3320141080592278,197.25321079974407,178.79810247431672,3.0,4.0,4,3
0.4576271186440678,0.4434341693905757,0.5320783561754802,0.5083987268453843,-0.02367962933009582,3.0,2.72473544352688,-0.27526455647312,208.20197946872628,188.97982278174308,3.0,4.0,4,4
0.4576271186440678,0.4926907508954772,0.5536781950736867,0.5379626624923982,-0.01571553258128844,3.0,2.7882726473268136,-0.21172735267318643,219.53517826290906,199.60626946464907,3.0,4.0,4,4
0.4576271186440678,0.5474187439176361,0.6330419313266937,0.56846676875823,-0.06457516256846374,3.5,2.8595830821199355,-0.6404169178800645,234.20762140815737,210.64404689575036,3.0,4.0,4,4
0.4576271186440678,0.6082259117868763,0.6544378539734488,0.5997774737266531,-0.05466038024679565,3.5,2.93986427159398,-0.5601357284060202,246.385075516652,222.05230604426905,3.0,4.0,4,4
0.4576271186440678,0.6757875280657863,0.6751895388778754,0.6317444590239815,-0.0434450798538939,3.5,3.0305979476077494,-0.46940205239225063,258.7235784512803,233.78307021938406,3.0,4.0,4,4
0.4576271186440678,0.7508538755732771,0.695199443589762,0.664203210097292,-0.03099623349247005,3.5,3.1336529105959943,-0.36634708940400573,271.26244556187316,245.78183879123898,3.0,4.0,4,4
0.4576271186440678,0.8342585783982197,0.7143676679854203,0.6969781958826802,-0.01738947210274011,3.5,3.251443031191595,-0.24855696880840483,283.8638560247371,257.98844344895025,3.0,4.0,4,4
0.4576271186440678,0.9269278594315465,0.732616142616303,0.7298866625485126,-0.0027294800677903908,3.5,3.3871707245765736,-0.11282927542342636,296.42260213578123,270.3381584841449,3.0,4.0,4,4
0.4576271186440678,1.029890826223217,0.7498939924496091,0.7627429244159054,0.012848931966296329,3.5,3.5452241127262845,0.04522411272628446,308.93235171993246,282.7630177160228,3.0,4.0,4,4
0.4576271186440678,1.1442908993901826,0.8089939907904415,0.7953631369230902,-0.0136308538673513,4.0,3.7318558710743694,-0.26814412892563055,324.47149156833837,295.19329778206014,3.0,4.0,5,4
0.4576271186440678,1.2713985104896872,0.8234736168748962,0.8275706662764115,0.00409704940151534,4.0,3.956422371091323,-0.04357762890867711,336.718032145626,307.5591173044621,3.0,4.0,5,5
0.4576271186440678,1.412625210369881,0.836856717974909,0.8592025992135721,0.0223458812386631,4.0,4.233846590260511,0.23384659026051136,348.5912104918743,319.7921243233225,3.0,4.0,5,5
0.4576271186440678,1.5695393446732664,0.9968531404063011,0.8901191477557425,-0.1067339926505586,14.75,4.590109319851036,-10.159890680148964,360.3871597478596,331.82729874957676,4.0,4.0,5,5
0.4576271186440678,1.7438834705720385,0.9503716498745438,0.9202220477364286,-0.03014960213811524,6.75,5.076720130577449,-1.6732798694225508,373.972439683458,343.60513867879456,4.0,4.0,5,5
0.4576271186440678,1.9375937081510104,0.9999957811517372,0.949509199349155,-0.05048658180258214,28.75,5.820736143930114,-22.929263856069888,385.2145241886828,355.07559338322204,4.0,4.0,5,5
0.4576271186440678,2.1528212413383825,0.9999999998516845,0.9783920720378895,-0.021607927813795058,49.75,7.332605428877277,-42.41739457112272,395.8741336566657,366.21558562886963,4.0,4.0,5,5
0.4576271186440678,2.3919562071557467,0.9999999999845539,1.0,1.5446088852399953e-11,51.25,272.21660675879394,220.96660675879394,407.41715286435493,376.60636840284155,4.0,4.0,5,5
0.4576271186440678,2.657654238581348,0.9999999999999998,1.0,2.220446049250313e-16,70.75,274.5171312524394,203.7671312524394,416.8866792920768,385.40602376047883,4.0,4.0,5,5
0.4576271186440678,2.952865955789426,1.0,1.0,0.0,77.25,276.70038943287614,199.45038943287614,426.83007881449913,393.74381558863706,4.0,4.0,5,5
0.4576271186440678,3.2808697332707224,1.0,1.0,0.0,81.75,278.7645054876441,197.0145054876441,436.3649012484557,401.6150837182886,4.0,4.0,5,5
0.4576271186440678,3.64530810671838,1.0,1.0,0.0,341.25,280.70907730560793,-60.540922694392066,449.996763134083,409.02076148332003,3.0,4.0,5,5
0.4576271186440678,4.050228223983634,1.0,1.0,0.0,348.75,282.5350176156437,-66.21498238435629,457.09362991088784,415.9666914833247,3.0,4.0,5,5
0.4576271186440678,4.500126789315846,1.0,1.0,0.0,355.75,284.2443770331622,-71.50562296683779,463.6087803129835,422.4628834386597,3.0,4.0,5,5
0.4576271186440678,5.000000000000001,1.0,1.0,0.0,362.75,285.84016322184493,-76.90983677815507,469.6719394392664,428.5227728511046,3.0,4.0,5,5
0.4745762711864407,0.01,0.1387130119438819,0.1131051817062948,-0.025607830237587087,3.0,2.187547664402519,-0.8124523355974809,55.50573195231165,53.214425158838104,3.0,4.0,1,1
0.4745762711864407,0.011110798059892322,0.1406835141577112,0.11464385773386448,-0.026039656423846702,3.0,2.189028109161882,-0.8109718908381178,56.09458840281147,53.721226149055774,3.0,4.0,1,1
0.4745762711864407,0.012344983352770704,0.14286213400760614,0.11634915811575683,-0.02651297589184931,3.0,2.1906729151727635,-0.8093270848272365,56.74707995488567,54.2830966494815,3.0,4.0,1,1
0.4745762711864407,0.013716261708536773,0.14526959561879235,0.11823860587383303,-0.02703098974495932,3.0,2.192500295263017,-0.807499704736983,57.469868774098394,54.905871449574924,3.0,4.0,1,1
0.4745762711864407,0.015239861398018572,0.14793201561821911,0.12033144692467536,-0.027600568693543756,3.0,2.1945304969209256,-0.8054695030790744,58.27626210998027,55.59596913748222,3.0,4.0,1,1
0.4745762711864407,0.016932702245413263,0.15086660807175553,0.12264879168589062,-0.028217816385864916,3.0,2.196786134445575,-0.803213865554425,59.16259890048042,56.36044252033215,3.0,4.0,1,1
0.4745762711864407,0.018813583525707212,0.15410528185438443,0.12521376209558727,-0.02889151975879717,3.0,2.1992920335091193,-0.8007079664908807,60.145493727816095,57.207031631410345,3.0,4.0,1,1
0.4745762711864407,0.020903392733704982,0.15767434151938683,0.1280516414347955,-0.029622700084591336,3.0,2.202076054667123,-0.7979239453328768,61.23269830301849,58.14421860530617,3.0,4.0,1,1
0.4745762711864407,0.023225337543081658,0.16160410039576822,0.13119002595653226,-0.030414074439235966,3.0,2.2051691603031944,-0.7948308396968056,62.43468209986287,59.18128429588232,3.0,4.0,1,1
0.4745762711864407,0.02580520353140161,0.165931052717116,0.13465897520561873,-0.03127207751149727,3.0,2.2086053576204003,-0.7913946423795997,63.77085855823109,60.32836578672634,3.0,4.0,1,1
0.4745762711864407,0.028671640533182347,0.17068132980010858,0.13849115576584736,-0.03219017403426122,3.0,2.212423065677286,-0.7875769343227139,65.2380422300559,61.59651330783068,3.0,4.0,1,1
0.4745762711864407,0.031856480801001244,0.17589756542281607,0.14272197737424427,-0.03317558804857179,3.0,2.2166642638039784,-0.7833357361960216,66.86033424231809,62.997746429025845,3.0,4.0,1,1
0.4745762711864407,0.03539509250787618,0.1816176019725821,0.14738971098887813,-0.03422789098370396,3.0,2.221376076841262,-0.778623923158738,68.65578627916713,64.54510641848057,3.0,4.0,1,1
0.4745762711864407,0.03932677251662197,0.18787929800110081,0.15253558600129818,-0.03534371199980263,3.0,2.226610775379232,-0.7733892246207681,70.63147001823492,66.2527041057246,3.0,4.0,1,1
0.4745762711864407,0.04369518277795103,0.19472533935061365,0.15820385596838446,-0.036521483382229186,3.0,2.2324263475777126,-0.7675736524222874,72.81399875932176,68.13576003655623,3.0,4.0,1,1
0.4745762711864407,0.048548835203589866,0.202192720888966,0.16444182321433573,-0.037750897674630274,3.0,2.238887228729437,-0.7611127712705632,75.20724252279449,70.21063402221074,3.0,4.0,3,1
0.4745762711864407,0.05394163039900783,0.21033082058444288,0.17129981088962803,-0.03903100969481485,3.0,2.246065159211868,-0.7539348407881321,77.84986366533734,72.49484067791292,3.0,4.0,3,1
0.4745762711864407,0.059933456238472516,0.21917355615657005,0.17883106962776985,-0.04034248652880021,3.0,2.2540398180193746,-0.7459601819806254,80.74175404571392,75.00704675856088,3.0,4.0,3,1
0.4745762711864407,0.06659085292970618,0.22876947085090812,0.1870916032640761,-0.041677867586832035,3.0,2.2628998633241286,-0.7371001366758714,83.92664587551727,77.76704551747332,3.0,4.0,3,1
0.4745762711864407,0.07398775195379542,0.2391515771729381,0.19613989754009029,-0.04301167963284783,3.0,2.27274387117941,-0.7272561288205899,87.41323809189747,80.7957024393998,3.0,4.0,3,1
0.4745762711864407,0.0822062970864025,0.2503551425514026,0.20603653419645487,-0.04431860835494775,3.0,2.2836816092894887,-0.7163183907105113,91.2239422316803,84.11486670077811,3.0,4.0,3,3
0.4745762711864407,0.09133775661785326,0.2624113777451498,0.21684367201833038,-0.045567705726819396,3.0,2.295835360343336,-0.7041646396566641,95.37720890738238,87.74724135242884,3.0,4.0,3,3
0.4745762711864407,0.10148353690245611,0.27535211028138135,0.2286243779511655,-0.04672773233021585,3.0,2.309341421618593,-0.6906585783814072,99.92038684298736,91.716206345489,3.0,4.0,3,3
0.4745762711864407,0.112756308492682,0.289193070874878,0.24144178992239637,-0.04775128095248163,3.0,2.3243517371069187,-0.6756482628930813,104.86720101452967,96.04558621427051,3.0,4.0,3,3
0.4745762711864407,0.1252812573641112,0.30394437896644777,0.255358096660912,-0.048586282305535744,3.0,2.341036281862763,-0.6589637181372372,110.24698006802862,100.75935649998212,3.0,4.0,3,3
0.4745762711864407,0.13919747512620373,0.3196028809973185,0.27043332877120835,-0.049169552226110136,3.0,2.3595849005039793,-0.6404150994960207,116.062610682475,105.88128394589991,3.0,4.0,3,3
0.4745762711864407,0.1546595036574134,0.33616084748144287,0.28672395064498213,-0.04943689683646074,3.0,2.380210563587026,-0.6197894364129741,122.34912811104755,111.43449421128925,3.0,4.0,3,3
0.4745762711864407,0.1718390513180699,0.35359833045087397,0.30428126473127065,-0.049317065719603315,3.0,2.4031523470126563,-0.5968476529873437,129.1438989002476,117.44096649903602,3.0,4.0,3,3
0.4745762711864407,0.1909268997998548,0.37186622292730104,0.3231496390280652,-0.04871658389923583,3.0,2.428679624572397,-0.5713203754276028,136.41501579516793,123.92095442451536,3.0,4.0,3,3
0.4745762711864407,0.21213502278774823,0.3909239790998803,0.3433645925861518,-0.047559386513728485,3.0,2.457096582819941,-0.5429034171800589,144.22372420491206,130.89233932445663,3.0,4.0,3,3
0.4745762711864407,0.23569893996253266,0.4107006236492564,0.36495077694920625,-0.04574984670005017,3.0,2.4887485401821334,-0.5112514598178666,152.55953591091742,138.36992315782066,3.0,4.0,3,3
0.4745762711864407,0.26188033248543857,0.4311141758438705,0.38791992259730074,-0.04319425324656978,3.0,2.5240289767214574,-0.47597102327854257,161.42475240740313,146.36467792717374,3.0,4.0,3,3
0.4745762711864407,0.2909699490103167,0.45206451594812425,0.4122688221174358,-0.03979569383068843,3.0,2.5633892041631055,-0.43661079583689455,170.7986829333836,154.88297146738583,3.0,4.0,3,3
0.4745762711864407,0.32329083449507945,0.4734464489138532,0.4379774506832065,-0.0354689982306467,3.0,2.607349951029756,-0.392650048970244,180.68517388747358,163.92579805823374,3.0,4.0,3,3
0.4745762711864407,0.35920191766889,0.49513965618691574,0.4650073209462911,-0.03013233524062464,3.0,2.6565175879630267,-0.3434824120369733,191.06583944772973,173.48804597105627,3.0,4.0,3,3
0.4745762711864407,0.39910199699451043,0.5170112824024764,0.49330019605767256,-0.023711086344803844,3.0,2.7116046283103077,-0.2883953716896923,201.89464304643124,183.5578424779213,3.0,4.0,4,3
0.4745762711864407,0.4434341693905757,0.5389379979334494,0.5227772695644415,-0.01616072836900795,3.0,2.7734576635411954,-0.22654233645880462,213.20850489547374,194.11601789643439,3.0,4.0,4,4
0.4745762711864407,0.4926907508954772,0.560762660234041,0.5533389198723564,-0.007423740361684583,3.0,2.8430958421959085,-0.1569041578040915,224.83959309510155,205.1357330476551,3.0,4.0,4,4
0.4745762711864407,0.5474187439176361,0.6396778153412461,0.584865114149124,-0.054812701192122115,3.5,2.921765387832422,-0.5782346121675781,240.0173804545506,216.58230543171595,3.0,4.0,4,4
0.4745762711864407,0.6082259117868763,0.6611954151434843,0.6172165564999342,-0.04397885864355011,3.5,3.011015616473743,-0.48898438352625684,252.52274125273627,228.41328268755979,3.0,4.0,4,4
0.4745762711864407,0.6757875280657863,0.682045128972507,0.650236550581371,-0.031808578391136044,3.5,3.1128138602653066,-0.3871861397346934,265.2164998392593,240.57876867647676,3.0,4.0,4,4
0.4745762711864407,0.7508538755732771,0.7021222300125483,0.6837536293968524,-0.018368600615695896,3.5,3.2297159558977016,-0.27028404410229845,278.0770523791163,253.0220359357846,3.0,4.0,4,4
0.4745762711864407,0.8342585783982197,0.7213316729074903,0.7175848589046668,-0.0037468140028235064,3.5,3.3651359480281844,-0.1348640519718156,290.992809848155,265.6804039087262,3.0,4.0,4,4
0.4745762711864407,0.9269278594315465,0.7395997827707231,0.7515397935179552,0.011940010747232055,3.5,3.523785566847075,0.02378556684707478,303.8894545085555,278.48637262670655,3.0,4.0,4,4
0.4745762711864407,1.029890826223217,0.7568712904899467,0.7854250594016721,0.02855376891172534,3.5,3.7124308853875867,0.2124308853875867,316.69358294406493,291.36897493325944,3.0,4.0,4,4
0.4745762711864407,1.1442908993901826,0.8148417326947703,0.8190497095428106,0.004207976848040307,4.0,3.941282488527943,-0.05871751147205684,332.6278201808605,304.25530801300124,3.0,4.0,5,5
0.4745762711864407,1.2713985104896872,0.8292457185716821,0.8522319597400329,0.022986241168350796,4.0,4.226776709250409,0.22677670925040871,345.1380777982653,317.0722189183204,3.0,4.0,5,5
0.4745762711864407,1.412625210369881,0.9958472891025295,0.8848093250305187,-0.11103796407201083,14.75,4.5978274753550075,-10.152172524644993,357.5634143067334,329.74818574136054,4.0,4.0,5,5
0.4745762711864407,1.5695393446732664,0.9629636280417361,0.9166593430693051,-0.046304284972431,7.75,5.112477384763769,-2.6375226152362314,371.7706593199055,342.2157148868536,4.0,4.0,5,5
0.4745762711864407,1.7438834705720385,0.9999968070081322,0.9477637188395293,-0.05223308816860295,31.25,5.916522570356024,-25.333477429643978,383.7076231835532,354.41593890404647,4.0,4.0,5,5
0.4745762711864407,1.9375937081510104,0.999999999864803,0.9786017317226423,-0.021398268142160726,53.25,7.623763120971843,-45.626236879028156,395.1543945476284,366.3203669742586,4.0,4.0,5,5
0.4745762711864407,2.1528212413383825,0.999999999991007,1.0,8.993028544068693e-12,55.75,272.357234205722,216.60723420572202,407.40731287389286,377.3824010507011,4.0,4.0,5,5
0.4745762711864407,2.3919562071557467,0.9999999999999672,1.0,3.275157922644212e-14,63.75,274.8418980818859,211.09189808188592,418.6068598047974,386.88243516203613,4.0,4.0,5,5
0.4745762711864407,2.657654238581348,1.0,1.0,0.0,84.75,277.20915650277016,192.45915650277016,428.2485708812863,395.9175524451929,4.0,4.0,5,5
0.4745762711864407,2.952865955789426,1.0,1.0,0.0,89.75,279.4555146051386,189.7055146051386,438.4644305521594,404.477099505778,4.0,4.0,5,5
0.4745762711864407,3.2808697332707224,1.0,1.0,0.0,349.25,281.5791336325341,-67.67086636746592,452.81108388531993,412.5567905501195,3.0,4.0,5,5
0.4745762711864407,3.64530810671838,1.0,1.0,0.0,357.25,283.57968931815674,-73.67031068184326,460.43188845737575,420.15806969282704,3.0,4.0,5,5
0.4745762711864407,4.050228223983634,1.0,1.0,0.0,364.75,285.4582027836182,-79.29179721638178,467.5163640375,427.2873782324598,3.0,4.0,5,5
0.4745762711864407,4.500126789315846,1.0,1.0,0.0,371.75,287.2168593835212,-84.53314061647882,474.1592013051272,433.9553930913573,3.0,4.0,5,5
0.4745762711864407,5.000000000000001,1.0,1.0,0.0,378.75,288.858818234225,-89.891181765775,480.26794461623535,440.1762423092377,3.0,4.0,5,5
0.4915254237288136,0.01,0.13830332602353998,0.11360180837913521,-0.024701517644404772,3.0,2.1988017074181703,-0.8011982925818297,55.650784014933755,53.37499797441055,3.0,4.0,1,1
0.4915254237288136,0.011110798059892322,0.14032025464713416,0.11519404303126313,-0.02512621161587103,3.0,2.2003510060894778,-0.7996489939105222,56.25861525040176,53.899439935416765,3.0,4.0,1,1
0.4915254237288136,0.012344983352770704,0.1425519835261158,0.11695868994036712,-0.02559329358574869,3.0,2.20207250355743,-0.7979274964425702,56.9337954056886,54.48087089565793,3.0,4.0,1,1
0.4915254237288136,0.013716261708536773,0.14501593323650594,0.11891387805815025,-0.02610205517835569,3.0,2.20398527456564,-0.7960147254343601,57.679963020511764,55.125329632994884,3.0,4.0,1,1
0.4915254237288136,0.015239861398018572,0.14774054422172067,0.1210795181307406,-0.026661026090980075,3.0,2.206110594823259,-0.7938894051767411,58.512340153839816,55.83945926860774,3.0,4.0,1,1
0.4915254237288136,0.016932702245413263,0.1507435793908818,0.12347744905709745,-0.027266130333784333,3.0,2.2084721120365436,-0.7915278879634564,59.42729821362652,56.63055949570619,3.0,4.0,1,1
0.4915254237288136,0.018813583525707212,0.1540574619165297,0.12613158941688277,-0.027925872499646925,3.0,2.2110962091595874,-0.7889037908404126,60.44191594578726,57.5066414150442,3.0,4.0,1,1
0.4915254237288136,0.020903392733704982,0.15770908156555652,0.12906809280561418,-0.028640988759942337,3.0,2.214011921791826,-0.7859880782081738,61.564172378055225,58.476484607170676,3.0,4.0,1,1
0.4915254237288136,0.023225337543081658,0.16172935110148057,0.13231550360864658,-0.02941384749283399,3.0,2.2172519209387254,-0.7827480790612746,62.80486296297316,59.549695565818155,3.0,4.0,1,1
0.4915254237288136,0.02580520353140161,0.1661553810824425,0.13590491238471036,-0.030250468697732125,3.0,2.220852055499564,-0.7791479445004361,64.18393049252798,60.736767456591544,3.0,4.0,1,1
0.4915254237288136,0.028671640533182347,0.17101395517094123,0.1398701039842927,-0.03114385118664853,3.0,2.2248527488845875,-0.7751472511154125,65.69823179254564,62.049139131541054,3.0,4.0,1,1
0.4915254237288136,0.031856480801001244,0.17634834287394668,0.1442476974652931,-0.032100645408653594,3.0,2.2292983356863267,-0.7707016643136733,67.37255528256878,63.499253364582756,3.0,4.0,1,1
0.4915254237288136,0.03539509250787618,0.18219951412959504,0.14907726724375178,-0.033122246885843254,3.0,2.23423875826411,-0.7657612417358899,69.22901121107998,65.10061118475828,3.0,4.0,1,1
0.4915254237288136,0.03932677251662197,0.18859855000093154,0.15440144343929998,-0.03419710656163155,3.0,2.2397289924323567,-0.7602710075676433,71.26422284634613,66.86782184407495,3.0,4.0,1,1
0.4915254237288136,0.04369518277795103,0.19559616448469647,0.16026597746382396,-0.03533018702087251,3.0,2.2458305109117656,-0.7541694890882344,73.51625781329872,68.81664421752592,3.0,4.0,1,1
0.4915254237288136,0.048548835203589866,0.20322743330657422,0.16671976655849238,-0.03650766674808184,3.0,2.2526117523084404,-0.7473882476915596,75.98564658387114,70.96401792806094,3.0,4.0,3,1
0.4915254237288136,0.05394163039900783,0.2115422574514026,0.1738148231988408,-0.03772743425256178,3.0,2.260148837044836,-0.7398511629551638,78.71203867084432,73.32807957716075,3.0,4.0,3,1
0.4915254237288136,0.059933456238472516,0.2205749432462292,0.18160617621243133,-0.03896876703379787,3.0,2.268526640767232,-0.7314733592327678,81.69544750370984,75.92816039480532,3.0,4.0,3,1
0.4915254237288136,0.06659085292970618,0.23037436394152458,0.1901516887036461,-0.04022267523787848,3.0,2.277839492540807,-0.722160507459193,84.98071572207898,78.78476005535705,3.0,4.0,3,1
0.4915254237288136,0.07398775195379542,0.24097367143928863,0.19951177375113466,-0.041461897688153976,3.0,2.288192817167147,-0.7118071828328532,88.57680941824039,81.91949076905173,3.0,4.0,3,1
0.4915254237288136,0.0822062970864025,0.2524113505175471,0.20974899293494173,-0.042662357582605365,3.0,2.2997041248658214,-0.7002958751341786,92.51382167694803,85.35498618372112,3.0,4.0,3,3
0.4915254237288136,0.09133775661785326,0.26471848415013055,0.22092751517802806,-0.043790968972102495,3.0,2.3125050027796545,-0.6874949972203455,96.8169276321819,89.11476739242367,3.0,4.0,3,3
0.4915254237288136,0.10148353690245611,0.27791688638476036,0.2331124222953996,-0.04480446408936076,3.0,2.3267420821881393,-0.6732579178118607,101.50323168082654,93.22306004639273,3.0,4.0,3,3
0.4915254237288136,0.112756308492682,0.292024242950111,0.2463688369816867,-0.04565540596842427,3.0,2.342579947737978,-0.6574200522620219,106.5960023992527,97.70455425183846,3.0,4.0,3,3
0.4915254237288136,0.1252812573641112,0.3070567525562269,0.26076086592233666,-0.046295886633890226,3.0,2.3602028618450284,-0.6397971381549716,112.13730491800237,102.58410143447544,3.0,4.0,3,3
0.4915254237288136,0.13919747512620373,0.3230061939319307,0.27635034053838464,-0.046655853393546054,3.0,2.3798182764614477,-0.6201817235385523,118.13178022699688,107.88634107584379,3.0,4.0,3,3
0.4915254237288136,0.1546595036574134,0.3398671023480105,0.29319535984095735,-0.04667174250705314,3.0,2.4016595428052834,-0.5983404571947166,124.62761252103275,113.63525414857375,3.0,4.0,3,3
0.4915254237288136,0.1718390513180699,0.35760240931541265,0.3113486319802538,-0.04625377733515884,3.0,2.4259905025595807,-0.5740094974404193,131.59840502970684,119.85363889907146,3.0,4.0,3,3
0.4915254237288136,0.1909268997998548,0.37618748067355734,0.33085563963136394,-0.0453318410421934,3.0,2.453110051911791,-0.546889948088209,139.12024474282515,126.56251170099614,3.0,4.0,3,3
0.4915254237288136,0.21213502278774823,0.39555197490168914,0.35175265238484354,-0.043799322516845596,3.0,2.4833584750362214,-0.5166415249637786,147.1410622222546,133.78043525518797,3.0,4.0,3,3
0.4915254237288136,0.23569893996253266,0.41563783694460044,0.3740646387390701,-0.04157319820553035,3.0,2.517125064716675,-0.4828749352833248,155.72211723781493,141.5227862124834,3.0,4.0,3,3
0.4915254237288136,0.26188033248543857,0.4363560819647738,0.3978031372642072,-0.03855294470056664,3.0,2.554857679118869,-0.44514232088113115,164.84518311776762,149.80097495366485,3.0,4.0,3,3
0.4915254237288136,0.2909699490103167,0.4576073699532388,0.4229641715884558,-0.03464319836478302,3.0,2.597075145726559,-0.40292485427344094,174.50560230992704,158.6216419530717,3.0,4.0,3,3
0.4915254237288136,0.32329083449507945,0.47927549531860236,0.4495263016378405,-0.029749193680761843,3.0,2.644383509643377,-0.3556164903566228,184.67329435295295,167.98585619349072,3.0,4.0,3,3
0.4915254237288136,0.35920191766889,0.5012490074320212,0.47744892579917153,-0.023800081632849635,3.0,2.69749748321483,-0.3025025167851698,195.39383252611003,177.88835320132068,3.0,4.0,4,3
0.4915254237288136,0.39910199699451043,0.5233760066131856,0.5066709483759769,-0.016705058237208692,3.0,2.7572692562709573,-0.2427307437290427,206.52406208997547,188.31685081983676,3.0,4.0,4,4
0.4915254237288136,0.4434341693905757,0.545534346093047,0.5371099264117303,-0.008424419681316686,3.0,2.824728453758872,-0.17527154624112784,218.11379607417652,199.25148625022385,3.0,4.0,4,4
0.4915254237288136,0.4926907508954772,0.6238169331064567,0.568661807835969,-0.055155125270487715,3.5,2.9011381179909232,-0.5988618820090768,233.17677546460382,210.66442087894856,3.0,4.0,4,4
0.4915254237288136,0.5474187439176361,0.646017288765828,0.6012013521271233,-0.044815936638704645,3.5,2.98807420571102,-0.5119257942889801,245.73846106980668,222.5196543714767,3.0,4.0,4,4
0.4915254237288136,0.6082259117868763,0.6676454599885893,0.6345832812167462,-0.03306217877184303,3.5,3.087544085027186,-0.412455914972814,258.55466370539864,234.77308224601853,3.0,4.0,4,4
0.4915254237288136,0.6757875280657863,0.6885824068683275,0.668644195727557,-0.019938211140770545,3.5,3.2021653105097374,-0.2978346894902626,271.604260101802,247.3728228317907,3.0,4.0,4,4
0.4915254237288136,0.7508538755732771,0.708717070534982,0.7032052575358634,-0.005511812999118626,3.5,3.3354460247734115,-0.16455397522658854,284.77698277822634,260.2598304392635,3.0,4.0,4,4
0.4915254237288136,0.8342585783982197,0.7279619889079264,0.7380755901443954,0.010113601236468983,3.5,3.4922451891063266,-0.007754810893673358,298.0304170682337,273.3687816699456,3.0,4.0,4,4
0.4915254237288136,0.9269278594315465,0.7462386526207909,0.7730564281779024,0.02681777555711151,3.5,3.679563137184598,0.17956313718459782,311.222537604115,286.6292246596849,3.0,4.0,4,4
0.4915254237288136,1.029890826223217,0.8049032738198415,0.8079461140397903,0.003042840219948828,4.0,3.907995936839145,-0.09200406316085497,327.5652823394672,299.96694925121494,3.0,4.0,5,5
0.4915254237288136,1.1442908993901826,0.8203635452758273,0.8425465794168238,0.022183034140996427,4.0,4.194634173344823,0.1946341733448227,340.6207458739315,313.30556815856124,3.0,4.0,5,5
0.4915254237288136,1.2713985104896872,0.9912416386663879,0.8766733472701582,-0.1145682913962297,13.25,4.569539034058107,-8.680460965941894,353.5948973032035,326.5683500064498,4.0,4.0,5,5
0.4915254237288136,1.412625210369881,0.9999981109583997,0.9101764430638797,-0.08982166789452006,37.25,5.092787067597963,-32.15721293240204,366.79970157592027,339.6806409162126,4.0,4.0,5,5
0.4915254237288136,1.5695393446732664,0.9999944231093703,0.9430054100430997,-0.05698901306627058,31.75,5.913164774765023,-25.836835225234978,381.1623336448918,352.5746346902347,4.0,4.0,5,5
0.4915254237288136,1.7438834705720385,0.9999999996884918,0.9755867888999387,-0.024413210788553186,54.75,7.627948151383306,-47.12205184861669,393.3440115728666,365.210699731253,4.0,4.0,5,5
0.4915254237288136,1.9375937081510104,0.9999999999847082,1.0,1.5291767851977056e-11,58.25,272.2226373653364,213.97263736533642,406.2183971764465,377.1067257390653,4.0,4.0,5,5
0.4915254237288136,2.1528212413383825,0.9999999999999631,1.0,3.68594044175552e-14,67.75,274.8922858502635,207.14228585026348,418.2613442377823,387.31213150740797,4.0,4.0,5,5
0.4915254237288136,2.3919562071557467,1.0,1.0,0.0,89.25,277.4462604865822,188.19626048658222,428.57272452483284,397.056369914762,4.0,4.0,5,5
0.4915254237288136,2.657654238581348,1.0,1.0,0.0,95.75,279.8792555652608,184.1292555652608,439.51269328775624,406.3219882269842,4.0,4.0,5,5
0.4915254237288136,2.952865955789426,1.0,1.0,0.0,355.75,282.187780896318,-73.56221910368203,454.52894655530093,415.0986116325098,3.0,4.0,5,5
0.4915254237288136,3.2808697332707224,1.0,1.0,0.0,364.25,284.37004938102916,-79.87995061897084,462.7749439930944,423.3823986019122,3.0,4.0,5,5
0.4915254237288136,3.64530810671838,1.0,1.0,0.0,372.25,286.42582718742835,-85.82417281257165,470.53304478120486,431.1753628936873,3.0,4.0,5,5
0.4915254237288136,4.050228223983634,1.0,1.0,0.0,379.75,288.35626009229554,-91.39373990770446,477.67224370675115,438.48461781819464,3.0,4.0,5,5
0.4915254237288136,4.500126789315846,1.0,1.0,0.0,387.25,290.1636807976305,-97.08631920236951,484.3222113520703,445.3215592130039,3.0,4.0,5,5
0.4915254237288136,5.000000000000001,1.0,1.0,0.0,393.75,291.8514134672782,-101.89858653272182,490.4358568843079,451.70105680392504,3.0,4.0,5,5
0.5084745762711864,0.01,0.13790022398857293,0.11409807964218201,-0.023802144346390927,3.0,2.2102024691354027,-0.7897975308645973,55.797257302186225,53.53543497896489,3.0,4.0,1,1
0.5084745762711864,0.011110798059892322,0.13996247448526336,0.11574383067679937,-0.024218643808463988,3.0,2.211822104459862,-0.7881778955401382,56.42406328179299,54.07750368430463,3.0,4.0,1,1
0.5084745762711864,0.012344983352770704,0.14224229800039775,0.11756777650349462,-0.024674521496903135,3.0,2.2136218424013356,-0.7863781575986644,57.1185773878129,54.67847952819174,3.0,4.0,1,1
0.5084745762711864,0.013716261708536773,0.14476130369145723,0.1195886510636198,-0.02517265262783744,3.0,2.2156219261058148,-0.7843780738941852,57.88788218540066,55.34460510721039,3.0,4.0,1,1
0.5084745762711864,0.015239861398018572,0.1475465221413773,0.12182702907535317,-0.02571949306602414,3.0,2.2178445301426115,-0.7821554698573885,58.74597098654579,56.08274796424585,3.0,4.0,1,1
0.5084745762711864,0.016932702245413263,0.15061825992549227,0.12430547687815749,-0.02631278304733478,3.0,2.2203144089493443,-0.7796855910506557,59.6914046509439,56.90045458457736,3.0,4.0,1,1
0.5084745762711864,0.018813583525707212,0.15400546771779425,0.1270487085923348,-0.026956759125459445,3.0,2.223059324349743,-0.7769406756502568,60.737578491127756,57.80600704878694,3.0,4.0,1,1
0.5084745762711864,0.020903392733704982,0.1577375667285829,0.13008374644756188,-0.027653820281021035,3.0,2.2261098544113347,-0.7738901455886653,61.89469999652385,58.80848218882555,3.0,4.0,1,1
0.5084745762711864,0.023225337543081658,0.16184605008687333,0.1334400816060932,-0.02840596848078014,3.0,2.229500108741923,-0.7704998912580772,63.173888043885285,59.91781215397124,3.0,4.0,1,1
0.5084745762711864,0.02580520353140161,0.166366382271328,0.13714983325417637,-0.029216549017151622,3.0,2.2332682249136275,-0.7667317750863725,64.59267868989686,61.14484594429164,3.0,4.0,1,1
0.5084745762711864,0.028671640533182347,0.17133270229741898,0.1412479026202276,-0.03008479967719138,3.0,2.237456318788464,-0.762543681211536,66.15676477801797,62.501411095848894,3.0,4.0,1,1
0.5084745762711864,0.031856480801001244,0.176782167008318,0.14577211502615348,-0.031010051982164527,3.0,2.242111466266216,-0.7578885337337842,67.88282222815262,64.00037342179454,3.0,4.0,1,1
0.5084745762711864,0.03539509250787618,0.18275861974573288,0.1507633456266323,-0.03199527411910058,3.0,2.2472861392016066,-0.7527138607983934,69.79645285676122,65.65569381738027,3.0,4.0,1,1
0.5084745762711864,0.03932677251662197,0.18929374917803993,0.15626562096405167,-0.03302812821398826,3.0,2.2530385693302386,-0.7469614306697614,71.89430751765545,67.48247980751569,3.0,4.0,1,1
0.5084745762711864,0.04369518277795103,0.19643885825851368,0.16232618611478258,-0.03411267214373109,3.0,2.2594337340618957,-0.7405662659381043,74.21542107768272,69.4970287775811,3.0,4.0,1,1
0.5084745762711864,0.048548835203589866,0.204232276868605,0.16899552802953058,-0.03523674883907443,3.0,2.266544131841511,-0.7334558681584888,76.76528482636911,71.71686020924007,3.0,4.0,3,1
0.5084745762711864,0.05394163039900783,0.21271620684680884,0.17632734241038975,-0.03638886443641909,3.0,2.274450514966157,-0.7255494850338429,79.57009248094104,74.16073295159546,3.0,4.0,3,1
0.5084745762711864,0.059933456238472516,0.22193909186801697,0.18437842932131715,-0.03756066254669982,3.0,2.2832430165144624,-0.7167569834855376,82.65926383776525,76.84864300683313,3.0,4.0,3,1
0.5084745762711864,0.06659085292970618,0.23193364854854565,0.19320850200801595,-0.03872514654052969,3.0,2.2930223131843386,-0.7069776868156614,86.035545854165,79.80179677962474,3.0,4.0,3,1
0.5084745762711864,0.07398775195379542,0.2427439397214762,0.20287989114141103,-0.039864048580065176,3.0,2.3039009000756785,-0.6960990999243215,89.74089241659439,83.04255378333657,3.0,4.0,3,3
0.5084745762711864,0.0822062970864025,0.25440575142376964,0.21345712610188902,-0.04094862532188062,3.0,2.316004560003058,-0.6839954399969419,93.79704174379393,86.59433269190266,3.0,4.0,3,3
0.5084745762711864,0.09133775661785326,0.2669465737992427,0.225006373126578,-0.041940200672664685,3.0,2.3294743254198704,-0.6705256745801296,98.22184135524317,90.48147356016528,3.0,4.0,3,3
0.5084745762711864,0.10148353690245611,0.28039776656754456,0.2375947113778326,-0.04280305518971195,3.0,2.3444684430840432,-0.6555315569159568,103.0565697414474,94.72904846363105,3.0,4.0,3,3
0.5084745762711864,0.112756308492682,0.29476623636179144,0.25128923074289794,-0.043477005618893505,3.0,2.3611645644006796,-0.6388354355993204,108.30116276066762,99.36261442472885,3.0,4.0,3,3
0.5084745762711864,0.1252812573641112,0.31007050347973175,0.2661559315053222,-0.043914571974409566,3.0,2.3797629993991007,-0.6202370006008993,114.00667488321912,104.40789935790116,3.0,4.0,3,3
0.5084745762711864,0.13919747512620373,0.32630099832321646,0.2822584230242684,-0.04404257529894806,3.0,2.400489476916847,-0.5995105230831528,120.17759592221607,109.89041740958855,3.0,4.0,3,3
0.5084745762711864,0.1546595036574134,0.3434506236353621,0.299656406758324,-0.043794216877038106,3.0,2.4236001366283753,-0.5763998633716247,126.86309859275778,115.83500552747137,3.0,4.0,3,3
0.5084745762711864,0.1718390513180699,0.36148414425810954,0.3184039637261201,-0.04308018053198942,3.0,2.449385626683944,-0.5506143733160558,134.0485856877662,122.26528276029178,3.0,4.0,3,3
0.5084745762711864,0.1909268997998548,0.3803670383793297,0.3385476497204302,-0.0418193886588995,3.0,2.478177679737566,-0.5218223202624341,141.7872758921135,129.20302857600032,3.0,4.0,3,3
0.5084745762711864,0.21213502278774823,0.40003424984726427,0.3601244396986589,-0.03990981014860534,3.0,2.510356629925082,-0.48964337007491787,150.05914370522652,136.66748801678168,3.0,4.0,3,3
0.5084745762711864,0.23569893996253266,0.4204127268329593,0.3831595640394481,-0.03725316279351121,3.0,2.546361345256447,-0.4536386547435529,158.86052418781168,144.67461163981966,3.0,4.0,3,3
0.5084745762711864,0.26188033248543857,0.44142665420938115,0.4076643082165096,-0.033762345992871534,3.0,2.58670124129858,-0.4132987587014201,168.25474294942484,153.23624719653358,3.0,4.0,3,3
0.5084745762711864,0.2909699490103167,0.4629617092859822,0.433633852228492,-0.029327857057490192,3.0,2.6319728846778174,-0.3680271153221826,178.1822273905253,162.35930414379703,3.0,4.0,3,3
0.5084745762711864,0.32329083449507945,0.48490681613184466,0.4610452554966177,-0.023861560635226986,3.0,2.682881366694347,-0.31711863330565304,188.65559997158593,172.04492086496688,3.0,4.0,3,3
0.5084745762711864,0.35920191766889,0.5071347251908822,0.48985570074121,-0.01727902444967222,3.0,2.7402689085167378,-0.25973109148326223,199.63502159846036,182.2876711773226,3.0,4.0,4,3
0.5084745762711864,0.39910199699451043,0.5295072473317661,0.5200011038765749,-0.009506143455191185,3.0,2.805155567766634,-0.19484443223336578,211.07967829000432,193.07484808764195,3.0,4.0,4,4
0.5084745762711864,0.4434341693905757,0.5518921158250534,0.5513952351767715,-0.0004968806482819055,3.0,2.8787937473738583,-0.12120625262614171,223.00461608125497,204.3858761034168,3.0,4.0,4,4
0.5084745762711864,0.4926907508954772,0.629755678540305,0.5839294203594015,-0.04582625818090347,3.5,2.9627496492001244,-0.5372503507998756,238.52455389336635,216.19188771762094,3.0,4.0,4,4
0.5084745762711864,0.5474187439176361,0.6520780834962677,0.6174729564491357,-0.034605127047132034,3.5,3.0590199258585944,-0.4409800741414056,251.36174475430565,228.45552035432107,3.0,4.0,4,4
0.5084745762711864,0.6082259117868763,0.6738135038992537,0.6518742538542892,-0.021939250044964442,3.5,3.1702112505154236,-0.32978874948457637,264.5585494031133,241.13095511237123,3.0,4.0,4,4
0.5084745762711864,0.6757875280657863,0.6948244104523994,0.6869627758627015,-0.007861634589697908,3.5,3.299819348257736,-0.20018065174226418,277.9179466371755,254.16423724447714,3.0,4.0,4,4
0.5084745762711864,0.7508538755732771,0.7150077774396248,0.7225517304766577,0.007543953037032813,3.5,3.4526878305478044,-0.04731216945219563,291.3944471938864,267.49387537450144,3.0,4.0,4,4
0.5084745762711864,0.8342585783982197,0.7342770417694564,0.758441568901428,0.02416452713197159,3.5,3.635792224318722,0.13579222431872218,304.94398891944354,281.0517252848681,3.0,4.0,4,4
0.5084745762711864,0.9269278594315465,0.7936510346521072,0.7944243566290438,0.0007733219769365807,4.0,3.8596745084854795,-0.14032549151452045,321.6670429179059,294.76412575869807,3.0,4.0,4,4
0.5084745762711864,1.029890826223217,0.8101918864990346,0.8302895928269083,0.020097706327873666,4.0,4.141272706066959,0.1412727060669594,335.1780156494926,308.55328492343034,3.0,4.0,5,5
0.5084745762711864,1.1442908993901826,0.9690320527878397,0.8658332987886614,-0.10319875399917822,9.75,4.510136751347455,-5.239863248652545,348.56386112328244,322.3389399443553,4.0,4.0,5,5
0.5084745762711864,1.2713985104896872,0.9999907303012443,0.9008772244234037,-0.09911350587784062,34.75,5.024324129911838,-29.72567587008816,362.41129389277273,336.04062682672986,4.0,4.0,5,5
0.5084745762711864,1.412625210369881,0.999977485073943,0.9353274762429281,-0.0646500088310149,29.75,5.822364559012927,-23.927635440987075,377.38459956499327,349.5821691882614,4.0,4.0,5,5
0.5084745762711864,1.5695393446732664,0.999999998503574,0.9694766595232227,-0.03052333898035131,54.25,7.403555972524909,-46.84644402747509,390.30583829762446,362.90951480547017,4.0,4.0,5,5
0.5084745762711864,1.7438834705720385,0.9999999999387972,1.0,6.120282058930115e-11,58.75,271.81285601166036,213.06285601166036,404.0084313167729,375.77928676019206,4.0,4.0,5,5
0.5084745762711864,1.9375937081510104,0.9999999999999994,1.0,5.551115123125783e-16,82.25,274.66614069448923,192.41614069448923,415.70635185835926,386.68711541609184,4.0,4.0,5,5
0.5084745762711864,2.1528212413383825,1.0,1.0,0.0,91.75,277.40754692384917,185.65754692384917,427.74609680952176,397.1451267977772,4.0,4.0,5,5
0.5084745762711864,2.3919562071557467,1.0,1.0,0.0,351.25,280.02979466706097,-71.22020533293903,445.6445680862844,407.1283376231267,3.0,4.0,5,5
0.5084745762711864,2.657654238581348,1.0,1.0,0.0,361.25,282.5275463424094,-78.72245365759062,455.2492305946937,416.61945268129347,3.0,4.0,5,5
0.5084745762711864,2.952865955789426,1.0,1.0,0.0,370.25,284.8973330433655,-85.3526669566345,464.14578812897844,425.6084519584207,3.0,4.0,5,5
0.5084745762711864,3.2808697332707224,1.0,1.0,0.0,378.75,287.1374374907238,-91.61256250927619,472.53081932439596,434.0920203386675,3.0,4.0,5,5
0.5084745762711864,3.64530810671838,1.0,1.0,0.0,387.25,289.2477380928479,-98.0022619071521,480.30619661324045,442.07283587162004,3.0,4.0,5,5
0.5084745762711864,4.050228223983634,1.0,1.0,0.0,394.75,291.22952605142655,-103.52047394857345,487.5676461672221,449.55876686074174,3.0,4.0,5,5
0.5084745762711864,4.500126789315846,1.0,1.0,0.0,402.25,293.0853075176731,-109.16469248232693,494.25726658479874,456.5620254972974,3.0,4.0,5,5
0.5084745762711864,5.000000000000001,1.0,1.0,0.0,408.75,294.8185980255624,-113.93140197443762,500.4051619581443,463.0983054045687,3.0,4.0,5,5
0.5254237288135594,0.01,0.13749997830324248,0.11459398802393662,-0.022905990279305857,3.0,2.2217528282606516,-0.7782471717393484,55.94215268104423,53.6957338911104,3.0,4.0,1,1
0.5254237288135594,0.011110798059892322,0.13960641308355248,0.1162932123166946,-0.02331320076685789,3.0,2.223444450169337,-0.7765555498306629,56.587735904816505,54.25541485260974,3.0,4.0,1,1
0.5254237288135594,0.012344983352770704,0.1419368360083109,0.11817640831414607,-0.023760427694164823,3.0,2.225324369454757,-0.7746756305452429,57.30484386776255,54.87591964935154,3.0,4.0,1,1
0.5254237288135594,0.013716261708536773,0.1445095838017358,0.12026291440407949,-0.024246669397656323,3.0,2.2274135799321817,-0.7725864200678183,58.09728894117034,55.563694666307875,3.0,4.0,1,1
0.5254237288135594,0.015239861398018572,0.14735038819838772,0.12257396812541001,-0.024776420072977715,3.0,2.2297356166527615,-0.7702643833472385,58.97475525692955,56.32583167076298,3.0,4.0,1,1
0.5254237288135594,0.016932702245413263,0.15048876541063477,0.12513286213954863,-0.02535590327108614,3.0,2.232316412881483,-0.7676835871185168,59.952695988424075,57.17012379990383,3.0,4.0,1,1
0.5254237288135594,0.018813583525707212,0.15394741869791792,0.12796510511053424,-0.025982313587383676,3.0,2.235184855625267,-0.7648151443747331,61.03008954676885,58.1051240910228,3.0,4.0,1,1
0.5254237288135594,0.020903392733704982,0.15775792215962706,0.13109858622140805,-0.02665933593821901,3.0,2.238373354863144,-0.7616266451368561,62.2217027975727,59.14020641892481,3.0,4.0,1,1
0.5254237288135594,0.023225337543081658,0.16195233078950497,0.13456374163959062,-0.02738858914991435,3.0,2.2419175742368687,-0.7580824257631313,63.538973938802464,60.285628454278104,3.0,4.0,1,1
0.5254237288135594,0.02580520353140161,0.16656892613113133,0.13839371760043034,-0.02817520853070099,3.0,2.245857585186605,-0.7541424148133951,65.00288476788565,61.55259506705602,3.0,4.0,1,1
0.5254237288135594,0.028671640533182347,0.17163803784444187,0.14262452890950741,-0.029013508934934457,3.0,2.2502377341326802,-0.7497622658673198,66.61366474961389,62.953322241665184,3.0,4.0,1,1
0.5254237288135594,0.031856480801001244,0.17719960146349611,0.14729520446387748,-0.029904396999618638,3.0,2.2551078106276696,-0.7448921893723304,68.39116333320852,64.50109878442395,3.0,4.0,1,1
0.5254237288135594,0.03539509250787618,0.18329560004565057,0.15244791720374953,-0.030847682841901036,3.0,2.2605227191990718,-0.7394772808009282,70.35777034677321,66.21034549928659,3.0,4.0,1,1
0.5254237288135594,0.03932677251662197,0.18996568909086334,0.15812808615814045,-0.03183760293272289,3.0,2.2665441562479836,-0.7334558437520164,72.52176329415342,68.09666813333683,3.0,4.0,1,1
0.5254237288135594,0.04369518277795103,0.1972543500948159,0.16438444545163244,-0.032869904643183456,3.0,2.2732408357900575,-0.7267591642099425,74.9115342628469,70.17690258975726,3.0,4.0,1,1
0.5254237288135594,0.048548835203589866,0.2052028726322624,0.171269066477912,-0.03393380615435038,3.0,2.28068948747241,-0.7193105125275898,77.53674446666494,72.46914833649112,3.0,4.0,3,1
0.5254237288135594,0.05394163039900783,0.21385674909704663,0.17883732195846208,-0.03501942713858455,3.0,2.2889756888325805,-0.7110243111674195,80.42948517418351,74.99278665243247,3.0,4.0,3,1
0.5254237288135594,0.059933456238472516,0.22325628813155723,0.18714777558493936,-0.03610851254661787,3.0,2.2981951984460474,-0.7018048015539526,83.60390524196377,77.76847850116263,3.0,4.0,3,1
0.5254237288135594,0.06659085292970618,0.23344291974253592,0.19626198275159076,-0.03718093699094516,3.0,2.308454987761798,-0.6915450122382021,87.07902378343746,80.8181374684802,3.0,4.0,3,1
0.5254237288135594,0.07398775195379542,0.24445800489210867,0.20624418097784,-0.03821382391426867,3.0,2.319875337864506,-0.6801246621354942,90.89232037875483,84.16487077473228,3.0,4.0,3,3
0.5254237288135594,0.0822062970864025,0.2563372521726498,0.21716085552683678,-0.039176396645813016,3.0,2.332590710010846,-0.6674092899891542,95.06615627046637,87.83288267372728,3.0,4.0,3,3
0.5254237288135594,0.09133775661785326,0.2691112277886663,0.2290801550884996,-0.0400310727001667,3.0,2.346752455754905,-0.6532475442450951,99.6269280216892,91.84733272892376,3.0,4.0,3,3
0.5254237288135594,0.10148353690245611,0.2828007533447101,0.24207114107561242,-0.04072961226909769,3.0,2.362530733615859,-0.6374692663841408,104.5924001161664,96.23414068665558,3.0,4.0,3,3
0.5254237288135594,0.112756308492682,0.2974255602991217,0.2562028495548526,-0.04122271074426909,3.0,2.38011763690156,-0.6198823630984398,109.9964498945099,101.01973090089699,3.0,4.0,3,3
0.5254237288135594,0.1252812573641112,0.3129927902672586,0.2715431537404732,-0.041449636526785405,3.0,2.3997302090574535,-0.6002697909425465,115.86475467860296,106.23070933734788,3.0,4.0,3,3
0.5254237288135594,0.13919747512620373,0.32949497841326664,0.2881574111848732,-0.041337567228393435,3.0,2.4216148161911417,-0.5783851838088583,122.21051731390318,111.8934650393032,3.0,4.0,3,3
0.5254237288135594,0.1546595036574134,0.3469271867335876,0.3061068982352653,-0.040820288498322255,3.0,2.44605163850356,-0.55394836149644,129.09597714980572,118.0336928814097,3.0,4.0,3,3
0.5254237288135594,0.1718390513180699,0.3652408342628711,0.3254470309540744,-0.03979380330879667,3.0,2.4733610998780944,-0.5266389001219056,136.4696654630623,124.67583294450033,3.0,4.0,3,3
0.5254237288135594,0.1909268997998548,0.38441054068365366,0.34622539560840826,-0.0381851450752454,3.0,2.503911407018314,-0.49608859298168584,144.4219503483215,131.8424283270852,3.0,4.0,3,3
0.5254237288135594,0.21213502278774823,0.40436884743168944,0.3684796242253251,-0.03588922320636434,3.0,2.538127326167888,-0.46187267383211195,152.9347797878193,139.55340634631264,3.0,4.0,3,3
0.5254237288135594,0.23569893996253266,0.42504022210058007,0.39223515193602987,-0.0328050701645502,3.0,2.5765034906275113,-0.4234965093724887,162.01509210705572,147.8252905980359,3.0,4.0,3,3
0.5254237288135594,0.26188033248543857,0.4463298577638236,0.41750294283630784,-0.028826914927515768,3.0,2.619619390735171,-0.380380609264829,171.6466520604214,156.670363474995,3.0,4.0,3,3
0.5254237288135594,0.2909699490103167,0.4681362790380755,0.4442772533862322,-0.02385902565184328,3.0,2.6681609423132624,-0.3318390576867376,181.83823843273967,166.09579894587333,3.0,4.0,3,3
0.5254237288135594,0.32329083449507945,0.49034107626433965,0.4725335479180005,-0.01780752834633914,3.0,2.722948273230578,-0.27705172676942214,192.5759794416098,176.10279733392764,3.0,4.0,3,3
0.5254237288135594,0.35920191766889,0.5128149083845605,0.5022266722499186,-0.010588236134641882,3.0,2.7849749417044234,-0.2150250582955766,203.8377588857942,186.68575809461245,3.0,4.0,4,4
0.5254237288135594,0.39910199699451043,0.5354207626790938,0.5332894161676949,-0.0021313465113989016,3.0,2.8554616249923144,-0.14453837500768563,215.60444102051736,197.83153358581725,3.0,4.0,4,4
0.5254237288135594,0.4434341693905757,0.6125081356253242,0.5656315705859626,-0.04687656503936166,3.5,2.935934214579176,-0.5640657854208242,230.90246580079275,209.51880655154514,3.0,4.0,4,4
0.5254237288135594,0.4926907508954772,0.6354377871822197,0.5991396055959278,-0.03629818158629183,3.5,3.0283373374491944,-0.4716626625508056,243.75369374413305,221.71764438270787,3.0,4.0,4,4
0.5254237288135594,0.5474187439176361,0.6578835290925608,0.6336770325640166,-0.02420649652854412,3.5,3.1352069355256402,-0.3647930644743598,256.96283416044747,234.3892640192452,3.0,4.0,4,4
0.5254237288135594,0.6082259117868763,0.6797093341203133,0.6690855277814257,-0.010623806338887598,3.5,3.2599391105235576,-0.24006088947644244,270.4654101502446,247.48605320036916,3.0,4.0,4,4
0.5254237288135594,0.6757875280657863,0.7007856934624324,0.7051868256295808,0.004401132167148436,3.5,3.4072277725848856,-0.09277222741511437,284.1258579508807,260.9518637324519,3.0,4.0,4,4
0.5254237288135594,0.7508538755732771,0.721013096887728,0.7417854048883715,0.020772308000643558,3.5,3.583810539607659,0.08381053960765916,297.9303842967242,274.72258768529576,3.0,4.0,4,4
0.5254237288135594,0.8342585783982197,0.7402995488787576,0.778672047027949,0.038372498149191414,3.5,3.799816651578296,0.29981665157829607,311.76735293219053,288.7270055395235,3.0,4.0,4,4
0.5254237288135594,0.9269278594315465,0.7987145071447496,0.8156286927480835,0.01691418560333391,4.0,4.071387741097717,0.07138774109771706,328.86699734767893,302.8879009154217,3.0,4.0,4,5
0.5254237288135594,1.029890826223217,0.8152027160004508,0.8524360919985191,0.03723337599806831,4.25,4.426298681116897,0.17629868111689717,342.63958155231904,317.1234534373641,4.0,4.0,5,5
0.5254237288135594,1.1442908993901826,0.9999296697212702,0.8888900316379819,-0.11103963808328832,30.25,4.917777199042029,-25.33222280095797,356.9876832228147,331.3492079488974,4.0,4.0,5,5
0.5254237288135594,1.2713985104896872,0.999872029652373,0.9248496481560771,-0.07502238149629592,26.25,5.666651771095346,-20.583348228904654,372.60859472456957,345.4819645975315,4.0,4.0,5,5
0.5254237288135594,1.412625210369881,0.999999987297215,0.9604556458019402,-0.03954434149527475,51.75,7.055780048924491,-44.69421995107551,386.19727955599865,359.453509378651,4.0,4.0,5,5
0.5254237288135594,1.5695393446732664,0.999999999522556,1.0,4.774439732457836e-10,57.25,271.13046238908134,213.88046238908134,400.62501708122073,373.4091125413603,4.0,4.0,5,5
0.5254237288135594,1.7438834705720385,0.9999999999999926,1.0,7.438494264988549e-15,81.75,274.16366354868876,192.41366354868876,413.07283878401694,385.00774488002,4.0,4.0,5,5
0.5254237288135594,1.9375937081510104,1.0,1.0,0.0,92.25,277.09099481929866,184.84099481929866,425.9248232336556,396.17617587748384,4.0,4.0,5,5
0.5254237288135594,2.1528212413383825,1.0,1.0,0.0,355.25,279.9030842038677,-75.3469157961323,444.66776375207303,406.8813070766643,3.0,4.0,5,5
0.5254237288135594,2.3919562071557467,1.0,1.0,0.0,365.75,282.5925782041679,-83.15742179583208,454.8887189029288,417.0981591744258,3.0,4.0,5,5
0.5254237288135594,2.657654238581348,1.0,1.0,0.0,375.25,285.1541261934096,-90.09587380659042,464.5317157047692,426.8096767466709,3.0,4.0,5,5
0.5254237288135594,2.952865955789426,1.0,1.0,0.0,384.75,287.5843034691183,-97.16569653088169,473.6068505474058,436.00629247255256,3.0,4.0,5,5
0.5254237288135594,3.2808697332707224,1.0,1.0,0.0,393.25,289.88148997470967,-103.36851002529033,481.9739575661543,444.68532989309745,3.0,4.0,5,5
0.5254237288135594,3.64530810671838,1.0,1.0,0.0,401.75,292.04570794019565,-109.70429205980435,489.87224876638226,452.85025305831743,3.0,4.0,5,5
0.5254237288135594,4.050228223983634,1.0,1.0,0.0,409.25,294.07843436100774,-115.17156563899226,497.09902604228745,460.5098289670194,3.0,4.0,5,5
0.5254237288135594,4.500126789315846,1.0,1.0,0.0,416.75,295.982397852468,-120.76760214753199,503.8222457262128,467.6772397530088,3.0,4.0,5,5
0.5254237288135594,5.000000000000001,1.0,1.0,0.0,423.25,297.76137018183096,-125.48862981816904,509.99893164528606,474.36918246504484,3.0,4.0,5,5
0.5423728813559322,0.01,0.13710611585847268,0.11508952567229588,-0.0220165901861768,3.0,2.233456173853484,-0.7665438261465161,56.08857570681748,53.855892316095606,3.0,4.0,1,1
0.5423728813559322,0.011110798059892322,0.13925569477175978,0.11684217935184843,-0.02241351541991135,3.0,2.2352211855526556,-0.7647788144473444,56.75294571170259,54.433170815587424,3.0,4.0,1,1
0.5423728813559322,0.012344983352770704,0.14163182865570698,0.11878457592410117,-0.022847252731605802,3.0,2.2371830058051283,-0.7628169941948717,57.4890520563779,55.07318837021775,3.0,4.0,1,1
0.5423728813559322,0.013716261708536773,0.14425696323846474,0.12093665735224864,-0.0233203058862161,3.0,2.2393635211163208,-0.7606364788836792,58.3043922355735,55.78259501955245,3.0,4.0,1,1
0.5423728813559322,0.015239861398018572,0.1471573803638496,0.12332032334796911,-0.023837057015880486,3.0,2.241787219821709,-0.7582127801782912,59.209328664341825,56.56870674173743,3.0,4.0,1,1
0.5423728813559322,0.016932702245413263,0.15035556845125372,0.12595959159442338,-0.024395976856830343,3.0,2.2444814667571342,-0.7555185332428658,60.20874375375498,57.43956309542098,3.0,4.0,1,1
0.5423728813559322,0.018813583525707212,0.15388759265198448,0.1288807639371197,-0.025006828714864787,3.0,2.2474764841143053,-0.7525235158856947,61.32417875447202,58.40398793264758,3.0,4.0,1,1
0.5423728813559322,0.020903392733704982,0.15777459700327406,0.1321125954501802,-0.025662001553093866,3.0,2.250806082430064,-0.749193917569936,62.55028715293971,59.47165219080648,3.0,4.0,1,1
0.5423728813559322,0.023225337543081658,0.1620528300940306,0.13568646510403273,-0.026366364989997865,3.0,2.2545080153795434,-0.7454919846204566,63.905641217418925,60.65313876692391,3.0,4.0,1,1
0.5423728813559322,0.02580520353140161,0.1667611294983383,0.1396365444490931,-0.027124585049245198,3.0,2.258624108647928,-0.7413758913520718,65.41173656578952,61.960008407122714,3.0,4.0,1,1
0.5423728813559322,0.028671640533182347,0.1719281109160113,0.1439999592698037,-0.0279281516462076,3.0,2.2632011554844222,-0.7367988445155778,67.06556662921525,63.404865352129114,3.0,4.0,1,1
0.5423728813559322,0.031856480801001244,0.17759881181663562,0.14881693975738822,-0.0287818720592474,3.0,2.2682913403550633,-0.7317086596449367,68.8939323453993,65.0014214702746,3.0,4.0,1,1
0.5423728813559322,0.03539509250787618,0.18381602625764998,0.15413095255290893,-0.02968507370474105,3.0,2.2739527807687416,-0.7260472192312584,70.92060553872444,66.76455721515887,3.0,4.0,1,1
0.5423728813559322,0.03932677251662197,0.19061513182564063,0.15998880565912238,-0.030626326166518253,3.0,2.2802504833089197,-0.7197495166910803,73.14662748987803,68.71037666401381,3.0,4.0,1,1
0.5423728813559322,0.04369518277795103,0.19804353219184223,0.1664407177585213,-0.03160281443332094,3.0,2.2872568726364997,-0.7127431273635003,75.60464091811127,70.85625418612736,3.0,4.0,1,1
0.5423728813559322,0.048548835203589866,0.20614025701966437,0.17354033944620112,-0.032599917573463255,3.0,2.2950531220063577,-0.7049468779936423,78.29961367069474,73.22086941275346,3.0,4.0,3,1
0.5423728813559322,0.05394163039900783,0.21495659735475306,0.18134471387341095,-0.033611883481342114,3.0,2.303729955962627,-0.696270044037373,81.27407721312964,75.82422609150984,3.0,4.0,3,1
0.5423728813559322,0.059933456238472516,0.22453080040822027,0.18991416099662498,-0.03461663941159529,3.0,2.313389025098878,-0.686610974901122,84.53444544573898,78.68765044609286,3.0,4.0,3,1
0.5423728813559322,0.06659085292970618,0.2349067879977448,0.19931206872809687,-0.03559471926964794,3.0,2.324144297413296,-0.6758557025867038,88.11722357601407,81.83376339675753,3.0,4.0,3,1
0.5423728813559322,0.07398775195379542,0.24612080704644562,0.2096045720053947,-0.03651623504105092,3.0,2.336123682616745,-0.6638763173832549,92.03770331008877,85.28642037295555,3.0,4.0,3,3
0.5423728813559322,0.0822062970864025,0.2582143972035779,0.22086009928566755,-0.03735429791791037,3.0,2.3494711307284892,-0.6505288692715108,96.3361168490132,89.0706117517021,3.0,4.0,3,3
0.5423728813559322,0.09133775661785326,0.27120809018880104,0.2331487675328882,-0.03805932265591283,3.0,2.3643487928668043,-0.6356512071331957,101.01616665064819,93.2123171864701,3.0,4.0,3,3
0.5423728813559322,0.10148353690245611,0.28513538980770803,0.24654160261354585,-0.03859378719416218,3.0,2.3809397906064995,-0.6190602093935005,106.12834284143744,97.73830457794325,3.0,4.0,3,3
0.5423728813559322,0.112756308492682,0.30000520282386495,0.2611095680707137,-0.03889563475315122,3.0,2.3994514213758533,-0.6005485786241467,111.68199834862502,102.67586688109712,3.0,4.0,3,3
0.5423728813559322,0.1252812573641112,0.3158269789601719,0.27692238507656713,-0.03890459388360479,3.0,2.4201191636850132,-0.5798808363149868,117.71169711282971,108.05248851101067,3.0,4.0,3,3
0.5423728813559322,0.13919747512620373,0.33259191612376915,0.2940471335205217,-0.03854478260324745,3.0,2.4432113009272154,-0.5567886990727846,124.23071791923701,113.89543460894583,3.0,4.0,3,3
0.5423728813559322,0.1546595036574134,0.35029345751796265,0.31254663097487567,-0.037746826543086975,3.0,2.4690346146526294,-0.5309653853473706,131.30254767344184,120.23125829580536,3.0,4.0,3,3
0.5423728813559322,0.1718390513180699,0.36888489801572266,0.3324775904416493,-0.036407307574073344,3.0,2.4979423184064227,-0.5020576815935773,138.88756665430063,127.08522121216866,3.0,4.0,3,3
0.5423728813559322,0.1909268997998548,0.3883310300402148,0.3538885878433704,-0.03444244219684439,3.0,2.530342217657018,-0.46965778234298217,147.05211944040656,134.48063072809344,3.0,4.0,3,3
0.5423728813559322,0.21213502278774823,0.4085656939220556,0.3768178561202909,-0.03174783780176471,3.0,2.566709537268617,-0.43329046273138294,155.78973101860717,142.43809490969872,3.0,4.0,3,3
0.5423728813559322,0.23569893996253266,0.42950678817272997,0.4012909752044075,-0.028215812968322485,3.0,2.607601338578389,-0.39239866142161084,165.09057343242588,150.97470870939685,3.0,4.0,3,3
0.5423728813559322,0.26188033248543857,0.45106836986808,0.42731851458924797,-0.023749855278832055,3.0,2.6536769292491966,-0.3463230707508034,174.98661735155875,160.10318576467716,3.0,4.0,3,3
0.5423728813559322,0.2909699490103167,0.4731343793260175,0.4548937187248803,-0.01824066060113716,3.0,2.7057250368350663,-0.29427496316493373,185.4370122786567,169.83095810794825,3.0,4.0,3,3
0.5423728813559322,0.32329083449507945,0.49558740394840767,0.4839903474238057,-0.011597056524601967,3.0,2.7647003417019747,-0.23529965829802535,196.4432387633329,180.1592780317971,3.0,4.0,3,3
0.5423728813559322,0.35920191766889,0.5182995310928481,0.5145607799614039,-0.0037387511314441735,3.0,2.831774914654672,-0.1682250853453282,208.0134811812858,191.0823566626201,3.0,4.0,4,4
0.5423728813559322,0.39910199699451043,0.5411220689161003,0.5465345034493321,0.0054124345332318136,3.0,2.908411836076995,-0.09158816392300517,220.05419268124106,202.58658126515385,3.0,4.0,4,4
0.5423728813559322,0.4434341693905757,0.6178287661734235,0.5798171133750754,-0.03801165279834817,3.5,2.9964722970267776,-0.5035277029732224,235.81548003002024,214.64986202923447,3.0,4.0,4,4
0.5423728813559322,0.4926907508954772,0.6408927534266822,0.6142899205136757,-0.02660283291300647,3.5,3.098376729979647,-0.40162327002035303,248.9955139194883,227.24114910867118,3.0,4.0,4,4
0.5423728813559322,0.5474187439176361,0.6634411430689946,0.6498102507505046,-0.013630892318490018,3.5,3.2173557574977187,-0.28264424250228126,262.4658917679968,240.32016886067947,3.0,4.0,4,4
0.5423728813559322,0.6082259117868763,0.6853454140638345,0.6862124830677191,0.0008670690038845574,3.5,3.3578546779404874,-0.14214532205951258,276.2332360129653,253.83740807174567,3.0,4.0,4,4
0.5423728813559322,0.6757875280657863,0.7064829274301885,0.7233098510226602,0.016826923592471732,3.5,3.526216974377169,0.026216974377168967,290.2173078834148,267.7343675078003,3.0,4.0,4,4
0.5423728813559322,0.7508538755732771,0.7267442215632303,0.7608970592192749,0.0341528376560446,3.5,3.7319039251364323,0.23190392513643232,304.30714492337745,281.9440852119427,3.0,4.0,4,4
0.5423728813559322,0.8342585783982197,0.7859190545763391,0.7987540138670801,0.012834959290740966,4.0,3.9898226453049594,-0.010177354695040552,321.6668204960106,296.39192964148543,3.0,4.0,4,4
0.5423728813559322,0.9269278594315465,0.8035197535368636,0.8366517877202407,0.03313203418337718,4.0,4.325182214373492,0.32518221437349215,335.8779527115914,310.99666510805207,3.0,4.0,5,5
0.5423728813559322,1.029890826223217,0.9993523449345045,0.8743652709618294,-0.12498707397267517,24.25,4.784920203028014,-19.465079796971985,350.5454494968989,325.67201074454204,4.0,4.0,5,5
0.5423728813559322,1.1442908993901826,0.9999998097707109,0.9117102004537668,-0.08828960931694407,50.25,5.469991489086531,-44.78000851091347,365.2748936191449,340.32976050119953,4.0,4.0,5,5
0.5423728813559322,1.2713985104896872,0.9999998340801475,0.9486929851099605,-0.051306848970187,47.25,6.662567964766634,-40.58743203523336,381.03805953272257,354.88992718773267,4.0,4.0,5,5
0.5423728813559322,1.412625210369881,0.9999999999896244,0.9869181966677287,-0.01308180332189568,72.75,10.162102441908774,-62.58789755809123,394.84537331113705,369.3581922105693,4.0,4.0,5,5
0.5423728813559322,1.5695393446732664,0.9999999999998396,1.0,1.6042722705833512e-13,79.25,273.3876138977098,194.1376138977098,409.3277673627441,382.283534683292,4.0,4.0,5,5
0.5423728813559322,1.7438834705720385,0.9999999999999998,1.0,2.220446049250313e-16,90.75,276.49696492128834,185.74696492128834,422.943201098617,394.15029965301665,4.0,4.0,5,5
0.5423728813559322,1.9375937081510104,1.0,1.0,0.0,358.25,279.4972373953484,-78.7527626046516,442.5895184234644,405.5736287237742,3.0,4.0,5,5
0.5423728813559322,2.1528212413383825,1.0,1.0,0.0,369.25,282.3789397134791,-86.8710602865209,453.58635537243913,416.5202416940385,3.0,4.0,5,5
0.5423728813559322,2.3919562071557467,1.0,1.0,0.0,379.25,285.13466561141547,-94.11533438858453,463.8477363071037,426.9652474723171,3.0,4.0,5,5
0.5423728813559322,2.657654238581348,1.0,1.0,0.0,389.25,287.75907689462247,-101.49092310537753,473.5988068727225,436.8919302401441,3.0,4.0,5,5
0.5423728813559322,2.952865955789426,1.0,1.0,0.0,398.25,290.24882677041603,-108.00117322958397,482.69544878872017,446.291304809479,3.0,4.0,5,5
0.5423728813559322,3.2808697332707224,1.0,1.0,0.0,407.25,292.6024347732678,-114.64756522673218,491.1487933241705,455.1614854275199,3.0,4.0,5,5
0.5423728813559322,3.64530810671838,1.0,1.0,0.0,415.75,294.8201253579896,-120.92987464201042,499.0886061236954,463.50691675331706,3.0,4.0,5,5
0.5423728813559322,4.050228223983634,1.0,1.0,0.0,423.25,296.90364214540756,-126.34635785459244,506.35021846530935,471.33750818834585,3.0,4.0,5,5
0.5423728813559322,4.500126789315846,1.0,1.0,0.0,430.75,298.856055103531,-131.893944896469,513.1019075866378,478.66773185581553,3.0,4.0,5,5
0.5423728813559322,5.000000000000001,1.0,1.0,0.0,437.75,300.6815766384048,-137.0684233615952,519.411860744826,485.5157255934896,3.0,4.0,5,5
0.559322033898305,0.01,0.13671176232296095,0.11558468467068275,-0.021127077652278198,3.0,2.2453156174917246,-0.7546843825082754,56.227942729251914,54.015907840107886,3.0,4.0,1,1
0.559322033898305,0.011110798059892322,0.1389051410023431,0.11739072277300185,-0.02151441822934126,3.0,2.24715586269158,-0.7528441373084198,56.912445678351595,54.61076882213478,3.0,4.0,1,1
0.559322033898305,0.012344983352770704,0.14132913825229393,0.11939226935175624,-0.021936868900537684,3.0,2.2492013368173507,-0.7507986631826493,57.672943994106056,55.27028265730779,3.0,4.0,1,1
0.559322033898305,0.013716261708536773,0.1440053811229069,0.12160986890005465,-0.022395512222852243,3.0,2.251475199754351,-0.748524800245649,58.51105931039318,56.001302822052864,3.0,4.0,1,1
0.559322033898305,0.015239861398018572,0.14696204525626147,0.12406608232374249,-0.022895962932518985,3.0,2.254002946015681,-0.7459970539843188,59.44125929991077,56.81136936527335,3.0,4.0,1,1
0.559322033898305,0.016932702245413263,0.15022407719808528,0.12678565149885576,-0.02343842569922952,3.0,2.2568131847190678,-0.7431868152809322,60.470913335464054,57.70876827727607,3.0,4.0,1,1
0.559322033898305,0.018813583525707212,0.15382034200449748,0.1297956698472486,-0.024024672157248878,3.0,2.2599377704493246,-0.7400622295506754,61.61017971927264,58.70259393632416,3.0,4.0,1,1
0.559322033898305,0.020903392733704982,0.1577835990110896,0.13312575693627254,-0.024657842074817055,3.0,2.2634118598769426,-0.7365881401230574,62.875200946364906,59.8028142519798,3.0,4.0,1,1
0.559322033898305,0.023225337543081658,0.1621434969708012,0.13680823288784377,-0.025335264082957415,3.0,2.2672752608021263,-0.7327247391978737,64.2682180513718,61.02033726337431,3.0,4.0,1,1
0.559322033898305,0.02580520353140161,0.1669392140662111,0.14087829239003635,-0.026060921676174742,3.0,2.271571745938855,-0.7284282540611451,65.81035983987539,62.36707942950604,3.0,4.0,1,1
0.559322033898305,0.028671640533182347,0.17220795748193987,0.14537416964599045,-0.02683378783594942,3.0,2.276350721111522,-0.7236492788884781,67.51916141986194,63.856033092696116,3.0,4.0,1,1
0.559322033898305,0.031856480801001244,0.1779850757082768,0.1503372935610509,-0.02764778214722588,3.0,2.2816666616592562,-0.7183333383407438,69.39838819555764,65.50133317290947,3.0,4.0,1,1
0.559322033898305,0.03539509250787618,0.1843134431019283,0.15581242106963086,-0.02850102203229743,3.0,2.2875810622004797,-0.7124189377995203,71.47030713126307,67.31831968795748,3.0,4.0,1,1
0.559322033898305,0.03932677251662197,0.19124026808597752,0.16184774531570217,-0.029392522770275348,3.0,2.294162190955832,-0.7058378090441679,73.7644758268353,69.32359493940375,3.0,4.0,1,1
0.559322033898305,0.04369518277795103,0.1988022736249218,0.16849496441549047,-0.030307309209431338,3.0,2.301486885891064,-0.6985131141089358,76.28212438113458,71.5350718182325,3.0,4.0,1,1
0.559322033898305,0.048548835203589866,0.20705088774781907,0.175809303024644,-0.031241584723175064,3.0,2.309640568488977,-0.6903594315110229,79.06402266547566,73.9720101351482,3.0,4.0,3,1
0.559322033898305,0.05394163039900783,0.21602538963696793,0.18384946831042592,-0.03217592132654201,3.0,2.3187193572055556,-0.6812806427944444,82.12012200764265,76.65503625514368,3.0,4.0,3,1
0.559322033898305,0.059933456238472516,0.22576930507298673,0.19267752832046497,-0.03309177675252176,3.0,2.328831341856859,-0.6711686581431411,85.4697829213761,79.60614172595916,3.0,4.0,3,1
0.559322033898305,0.06659085292970618,0.23632677061252455,0.2023586956353535,-0.03396807497717105,3.0,2.3400972555275086,-0.6599027444724914,89.1502185910388,82.84865526031146,3.0,4.0,3,3
0.559322033898305,0.07398775195379542,0.24773407824757201,0.21296099059757986,-0.03477308764999215,3.0,2.3526537246478263,-0.6473462753521737,93.17712506500132,86.40718056840718,3.0,4.0,3,3
0.559322033898305,0.0822062970864025,0.26003266263557606,0.22455477327202944,-0.03547788936354662,3.0,2.366654367535376,-0.633345632464624,97.59171418091529,90.30749484809269,3.0,4.0,3,3
0.559322033898305,0.09133775661785326,0.2732427414260719,0.23721211334413841,-0.0360306280819335,3.0,2.382273087603972,-0.6177269123960278,102.3976122626938,94.57639818836194,3.0,4.0,3,3
0.559322033898305,0.10148353690245611,0.287397299857272,0.25100598409661895,-0.036391315760653076,3.0,2.3997066785930663,-0.6002933214069337,107.6465095270411,99.24150731636674,3.0,4.0,3,3
0.559322033898305,0.112756308492682,0.30250446289377586,0.2660092558000379,-0.036495207093737936,3.0,2.4191788143827586,-0.5808211856172414,113.3477824307484,104.33098437305854,3.0,4.0,3,3
0.559322033898305,0.1252812573641112,0.3185726385410648,0.2822934726808929,-0.036279165860171936,3.0,2.440945003007074,-0.5590549969929262,119.536672407511,109.87319272942923,3.0,4.0,3,3
0.559322033898305,0.13919747512620373,0.3355954115126702,0.2999274108878234,-0.03566800062484682,3.0,2.4652967830363206,-0.5347032169636794,126.23836600358025,115.89627485411492,3.0,4.0,3,3
0.559322033898305,0.1546595036574134,0.35355347042653645,0.31897539199756975,-0.03457807842896671,3.0,2.49257079588133,-0.5074292041186701,133.48202170637234,122.42764164008273,3.0,4.0,3,3
0.559322033898305,0.1718390513180699,0.3724131548692432,0.33949539014815694,-0.03291776472108626,3.0,2.52315542389406,-0.4768445761059401,141.27609458095972,129.4933771458595,3.0,4.0,3,3
0.559322033898305,0.1909268997998548,0.39212575762169966,0.36153691952572375,-0.0305888380959759,3.0,2.5575033826753506,-0.4424966173246494,149.64968274724131,137.11755163009946,3.0,4.0,3,3
0.559322033898305,0.21213502278774823,0.4126264607246799,0.3851387641186155,-0.027487696606064427,3.0,2.596145112172236,-0.40385488782776413,158.6085216910303,145.32145369946855,3.0,4.0,3,3
0.559322033898305,0.23569893996253266,0.4338344310286896,0.4103265781058602,-0.02350785292282942,3.0,2.6397088390192955,-0.36029116098070446,168.1587968512046,154.12274577967045,3.0,4.0,3,3
0.559322033898305,0.26188033248543857,0.45565316178301896,0.4371104579429162,-0.01854270384010276,3.0,2.6889445522392648,-0.31105544776073524,178.30013119161006,163.53456818675278,3.0,4.0,3,3
0.559322033898305,0.2909699490103167,0.47796768202500606,0.46548253816054364,-0.012485143864462422,3.0,2.744759580254323,-0.255240419745677,189.00577806352496,173.56460304244126,3.0,4.0,3,3
0.559322033898305,0.32329083449507945,0.500657753467777,0.49541475250844075,-0.005243000959336219,3.0,2.8082658270723195,-0.19173417292768047,200.27653548253383,184.21414224026088,3.0,4.0,4,3
0.559322033898305,0.35920191766889,0.5235927460205507,0.5268568569858142,0.003264110965263467,3.0,2.8808476879494282,-0.11915231205057175,212.11987272268624,195.47718941071946,3.0,4.0,4,4
0.559322033898305,0.39910199699451043,0.5993591196078987,0.559734835044847,-0.03962428456305167,3.5,2.964261003758294,-0.5357389962417058,227.568482030214,207.3396388891504,3.0,4.0,4,4
0.559322033898305,0.4434341693905757,0.6229327469674916,0.5939498137826025,-0.028982933184889093,3.5,3.060780546639582,-0.4392194533604181,240.64572877574923,219.77858468625533,3.0,4.0,4,4
0.559322033898305,0.4926907508954772,0.6461181492926432,0.6293775804919299,-0.016740568800713285,3.5,3.1734271090652344,-0.3265728909347656,254.11735042258084,232.76179982530059,3.0,4.0,4,4
0.559322033898305,0.5474187439176361,0.6687682179712753,0.665868754978085,-0.002899462993190327,3.5,3.306332809722518,-0.1936671902774818,267.9180542461913,246.2474253112476,3.0,4.0,4,4
0.559322033898305,0.6082259117868763,0.6907501052436091,0.7032496924851598,0.012499587241550647,3.5,3.465348270512188,-0.034651729487812144,282.0079462639963,260.1839075913796,3.0,4.0,4,4
0.559322033898305,0.6757875280657863,0.7119379256422672,0.7413241051270365,0.029386179484769293,3.5,3.659113201306902,0.15911320130690187,296.27848592722694,274.510183426425,3.0,4.0,4,4
0.559322033898305,0.7508538755732771,0.9385234229132337,0.7798756188776049,-0.15864780403562873,9.75,3.901057342701827,-5.848942657298172,310.74900666030464,289.1561254264681,4.0,4.0,5,4
0.559322033898305,0.8342585783982197,0.7905313006255064,0.8186719993841015,0.02814069875859515,4.0,4.213456402905287,0.21345640290528678,328.3691460343539,304.0432415324789,3.0,4.0,4,5
0.559322033898305,0.9269278594315465,0.993177839288276,0.857474239132978,-0.13570360015529792,16.75,4.6365572080190764,-12.113442791980923,343.1723450199997,319.08577718609683,4.0,4.0,5,5
0.559322033898305,1.029890826223217,0.9999970244813841,0.8960631048899436,-0.1039339195914405,43.75,5.252493642561602,-38.4975063574384,358.44522135401445,334.19300366537794,4.0,4.0,5,5
0.559322033898305,1.1442908993901826,0.999997430730742,0.9343391487052339,-0.06565828202550805,41.25,6.266708637156984,-34.98329136284302,374.8174894494694,349.27644076422035,4.0,4.0,5,5
0.559322033898305,1.2713985104896872,0.9999999997397613,0.9729065403466303,-0.027093459393131014,67.75,8.521270764979988,-59.22872923502001,389.27609947184504,364.2853398502756,4.0,4.0,5,5
0.559322033898305,1.412625210369881,0.999999999994865,1.0,5.135003533496274e-12,74.75,272.3434595333677,197.5934595333677,404.52842182045737,378.53378898538483,4.0,4.0,5,5
0.559322033898305,1.5695393446732664,0.9999999999999913,1.0,8.659739592076221e-15,87.25,275.62840017553907,188.37840017553907,418.9093541911444,391.07749261245726,4.0,4.0,5,5
0.559322033898305,1.7438834705720385,1.0,1.0,0.0,103.25,278.8127734029128,175.5627734029128,432.38139163658235,403.20652038106704,4.0,4.0,5,5
0.559322033898305,1.9375937081510104,1.0,1.0,0.0,371.75,281.88488002160983,-89.86511997839017,451.1915512777425,414.87884568250746,3.0,4.0,5,5
0.559322033898305,2.1528212413383825,1.0,1.0,0.0,382.25,284.83512948267764,-97.41487051732236,462.1591982225687,426.0610813595437,3.0,4.0,5,5
0.559322033898305,2.3919562071557467,1.0,1.0,0.0,392.75,287.65609031157885,-105.09390968842115,472.60596196595077,436.728522143536,3.0,4.0,5,5
0.559322033898305,2.657654238581348,1.0,1.0,0.0,402.75,290.34247481493077,-112.40752518506923,482.4182801864041,446.86492465112644,3.0,4.0,5,5
0.559322033898305,2.952865955789426,1.0,1.0,0.0,411.75,292.8910664552668,-118.85893354473319,491.5669506116928,456.46205707220355,3.0,4.0,5,5
0.559322033898305,3.2808697332707224,1.0,1.0,0.0,420.75,295.300602761152,-125.44939723884801,500.06301867339033,465.5190662274006,3.0,4.0,5,5
0.559322033898305,3.64530810671838,1.0,1.0,0.0,429.25,297.57162937254486,-131.67837062745514,508.0386536019956,474.0417100872598,3.0,4.0,5,5
0.559322033898305,4.050228223983634,1.0,1.0,0.0,437.25,299.7063532514301,-137.54364674856993,515.3632776714122,482.0415399343405,3.0,4.0,5,5
0.559322033898305,4.500126789315846,1.0,1.0,0.0,444.75,301.70853616928014,-143.04146383071986,522.2148933396275,489.5351188770955,3.0,4.0,5,5
0.559322033898305,5.000000000000001,1.0,1.0,0.0,451.75,303.58354644043607,-148.16645355956393,528.4665085929392,496.54354823435193,3.0,4.0,5,5
0.576271186440678,0.01,0.1363250779701016,0.11607945683215341,-0.020245621137948186,3.0,2.25733452627319,-0.7426654737268099,56.37248004285402,54.175777976477455,3.0,4.0,1,1
0.576271186440678,0.011110798059892322,0.13855949240781262,0.11793883360629878,-0.02062065880151384,3.0,2.259251578315162,-0.7407484216848381,57.075523626286014,54.788206137619866,3.0,4.0,1,1
0.576271186440678,0.012344983352770704,0.14102723648236115,0.1199994784282533,-0.02102775805410785,3.0,2.2613827247521847,-0.7386172752478153,57.852518084200796,55.46719938530758,3.0,4.0,1,1
0.576271186440678,0.013716261708536773,0.1437533016968251,0.12228253778851653,-0.02147076390830857,3.0,2.263751983060502,-0.736248016939498,58.713110532431955,56.21981462880147,3.0,4.0,1,1
0.576271186440678,0.015239861398018572,0.1467663916633774,0.1248112324990519,-0.0219551591643255,3.0,2.266386320767925,-0.7336136792320751,59.672623410161535,57.05381573242011,3.0,4.0,1,1
0.576271186440678,0.016932702245413263,0.15008876113414277,0.12761102764035595,-0.022477733493786817,3.0,2.269315302884207,-0.7306846971157932,60.730066687969256,57.97773498592862,3.0,4.0,1,1
0.576271186440678,0.018813583525707212,0.15375129544667623,0.13070980709639882,-0.023041488350277417,3.0,2.272572387882975,-0.7274276121170251,61.900046063559,59.0009372699528,3.0,4.0,1,1
0.576271186440678,0.020903392733704982,0.15778547322734324,0.13413805292563225,-0.023647420301710992,3.0,2.2761946560756776,-0.7238053439243224,63.19393356788037,60.13368717440951,3.0,4.0,1,1
0.576271186440678,0.023225337543081658,0.16222676905846564,0.137929025185492,-0.02429774387297365,3.0,2.280223348585424,-0.719776651414576,64.62951898368532,61.38721789228463,3.0,4.0,1,1
0.576271186440678,0.02580520353140161,0.16710956958345996,0.1421189390326098,-0.024990630550850157,3.0,2.2847048314579306,-0.7152951685420694,66.21306998459016,62.77380129238898,3.0,4.0,1,1
0.576271186440678,0.028671640533182347,0.17247141236136382,0.14674713529706196,-0.02572427706430186,3.0,2.289690647367389,-0.7103093526326112,67.96149789819083,64.30681791125934,3.0,4.0,1,1
0.576271186440678,0.031856480801001244,0.17835414648912604,0.1518562378987279,-0.026497908590398134,3.0,2.295238335069736,-0.7047616649302642,69.89710139526944,66.00082538528962,3.0,4.0,1,1
0.576271186440678,0.03539509250787618,0.18479767050195986,0.15749229145504084,-0.027305379046919015,3.0,2.3014121516607706,-0.6985878483392294,72.02856536301952,67.8716233464551,3.0,4.0,1,1
0.576271186440678,0.03932677251662197,0.19184688733921895,0.16370486935890696,-0.02814201798031199,3.0,2.3082845773838936,-0.6917154226161064,74.384133025801,69.93631216972962,3.0,4.0,1,1
0.576271186440678,0.04369518277795103,0.19954136842704998,0.17054714545247568,-0.028994222974574296,3.0,2.3159361697093126,-0.6840638302906874,76.96908342332564,72.21334335995158,3.0,4.0,1,1
0.576271186440678,0.048548835203589866,0.2079302606525132,0.17807591195478034,-0.029854348697732846,3.0,2.3244575086107955,-0.6755424913892045,79.81963974927041,74.72255681432472,3.0,4.0,3,1
0.576271186440678,0.05394163039900783,0.21705598747143223,0.18635153388943063,-0.030704453582001606,3.0,2.333950062881923,-0.666049937118077,82.94725512021667,77.48520167387473,3.0,4.0,3,1
0.576271186440678,0.059933456238472516,0.22696746782444657,0.1954378201136423,-0.03152964771080427,3.0,2.344528333604104,-0.6554716663958962,86.39425058038388,80.52393494532052,3.0,4.0,3,1
0.576271186440678,0.06659085292970618,0.23770128090759488,0.20540179676572431,-0.03229948414187056,3.0,2.356321186735296,-0.643678813264704,90.17113048887506,83.86279307258653,3.0,4.0,3,3
0.576271186440678,0.07398775195379542,0.2492994774132173,0.21631336094599007,-0.03298611646722724,3.0,2.369473426323385,-0.6305265736766148,94.31066630983794,87.52712878455728,3.0,4.0,3,3
0.576271186440678,0.0822062970864025,0.2617908383846314,0.2282447900891174,-0.033546048295514,3.0,2.3841494280612108,-0.6158505719387892,98.82012287577541,91.54350607360718,3.0,4.0,3,3
0.576271186440678,0.09133775661785326,0.2752140997518016,0.24127009168743252,-0.03394400806436909,3.0,2.400535524170847,-0.5994644758291532,103.75814735909783,95.93954603602566,3.0,4.0,3,3
0.576271186440678,0.10148353690245611,0.2895889976389201,0.2554641690317306,-0.03412482860718952,3.0,2.4188429668836773,-0.5811570331163227,109.14164276134936,100.7437148211197,3.0,4.0,3,3
0.576271186440678,0.112756308492682,0.30492961053565465,0.2709017758743015,-0.034027834661353173,3.0,2.4393135301070297,-0.5606864698929703,115.00355560059518,105.98504374008236,3.0,4.0,3,3
0.576271186440678,0.1252812573641112,0.32123646607640666,0.28765625870443523,-0.03358020737197143,3.0,2.462223290785915,-0.5377767092140848,121.35023957145368,111.69277668863207,3.0,4.0,3,3
0.576271186440678,0.13919747512620373,0.3385051787608039,0.3057980539553595,-0.03270712480544441,3.0,2.4878905749006677,-0.5121094250993323,128.22148057915655,117.89593223520559,3.0,4.0,3,3
0.576271186440678,0.1546595036574134,0.35671862495529405,0.3253929586119604,-0.03132566634333367,3.0,2.516683089599247,-0.48331691040075286,135.65978991997633,124.62278068243172,3.0,4.0,3,3
0.576271186440678,0.1718390513180699,0.3758298940348398,0.34650016195154226,-0.029329732083297533,3.0,2.549028949631612,-0.45097105036838814,143.6344432207821,131.9002271415927,3.0,4.0,3,3
0.576271186440678,0.1909268997998548,0.395803354825455,0.36917006988011647,-0.02663328494533851,3.0,2.585429958108581,-0.4145700418914191,152.22887311684264,139.7531042402796,3.0,4.0,3,3
0.576271186440678,0.21213502278774823,0.41656031501624863,0.3934419536912797,-0.023118361324968917,3.0,2.6264791575667927,-0.37352084243320727,161.40641255926545,148.20337794527572,3.0,4.0,3,3
0.576271186440678,0.23569893996253266,0.4380211991429088,0.419341476044632,-0.018679723098276813,3.0,2.6728841410542383,-0.3271158589457617,171.18688225566063,157.26927590932937,3.0,4.0,3,3
0.576271186440678,0.26188033248543857,0.46008680416870434,0.44687816798284186,-0.013208636185862488,3.0,2.725499022926671,-0.2745009770733291,181.5692749086112,166.96435720650305,3.0,4.0,3,3
0.576271186440678,0.2909699490103167,0.48264320690412377,0.47604294513531253,-0.006600261768811233,3.0,2.7853681663458714,-0.21463183365412863,192.54492526619816,177.29654422482085,3.0,4.0,3,3
0.576271186440678,0.32329083449507945,0.5055597961322672,0.5068057784219199,0.0012459822896526696,3.0,2.8537876398535458,-0.14621236014645422,204.0763172795752,188.2671539253526,3.0,4.0,4,4
0.576271186440678,0.35920191766889,0.5287071387299559,0.5391136158792412,0.010406477149285331,3.0,2.932394738070435,-0.06760526192956506,216.18842775269908,199.8699566996783,3.0,4.0,4,4
0.576271186440678,0.39910199699451043,0.6041262814382184,0.572888699861819,-0.031237581576399442,3.5,3.023300299327822,-0.47669970067217804,232.07334271774673,212.09032067723575,3.0,4.0,4,4
0.576271186440678,0.4434341693905757,0.6278312374255632,0.6080273626914461,-0.019803874734117155,3.5,3.1292909471725596,-0.3707090528274404,245.39900830087333,224.9044716244367,3.0,4.0,4,4
0.576271186440678,0.4926907508954772,0.6511299463837927,0.644399399463808,-0.006730546919984759,3.5,3.254150235379349,-0.245849764620651,259.1550729626327,238.2789241669579,3.0,4.0,4,4
0.576271186440678,0.5474187439176361,0.6738741208732693,0.6818480702342612,0.007973949360991939,3.5,3.403187294828242,-0.09681270517175822,273.27113423245436,252.1701155017883,3.0,4.0,4,4
0.576271186440678,0.6082259117868763,0.6959231793954611,0.720190759260307,0.024267579864845845,3.5,3.5841520773828983,0.08415207738289832,287.64282967657266,266.5242661610004,3.0,4.0,4,4
0.576271186440678,0.6757875280657863,0.71715522363734,0.7592203725606838,0.04206514892334379,3.5,3.8089135944377657,0.30891359443776567,302.1897409351787,281.2774726324707,3.0,4.0,4,4
0.576271186440678,0.7508538755732771,0.7762376414033941,0.7987079410392038,0.02247029963580971,4.0,4.0967619172297445,0.09676191722974448,320.13017230493944,296.3560313669058,3.0,4.0,4,4
0.576271186440678,0.8342585783982197,0.9315200867897871,0.8384085022915657,-0.09311158449822143,8.25,4.481528071220965,-3.768471928779035,334.97179392000294,311.677074216913,4.0,4.0,5,5
0.576271186440678,0.9269278594315465,0.9999424472984709,0.8780787994468986,-0.12186364785157233,35.25,5.028990743699249,-30.22100925630075,350.63144870718514,327.1500511049698,4.0,4.0,5,5
0.576271186440678,1.029890826223217,0.9999491372435837,0.9175422324932464,-0.0824069047503373,33.25,5.889011581422524,-27.360988418577477,367.61837741350905,342.6815986884691,4.0,4.0,5,5
0.576271186440678,1.1442908993901826,0.999999991594786,0.956987015674369,-0.043012975920417085,60.75,7.534266904054665,-53.21573309594534,382.74145166628847,358.1956765025409,4.0,4.0,5,5
0.576271186440678,1.2713985104896872,0.9999999997823408,1.0,2.1765922397776194e-10,68.25,271.039461033055,202.78946103305498,398.636456225224,373.788027501173,4.0,4.0,5,5
0.576271186440678,1.412625210369881,0.9999999999999948,1.0,5.218048215738236e-15,95.25,274.4909762949077,179.24097629490768,412.7194693302529,386.97759969162183,4.0,4.0,5,5
0.576271186440678,1.5695393446732664,1.0,1.0,0.0,108.25,277.8528171555535,169.6028171555535,427.13017213539774,399.7904598589972,4.0,4.0,5,5
0.576271186440678,1.7438834705720385,1.0,1.0,0.0,373.25,281.1110765593525,-92.13892344064749,447.704904618584,412.1756405396729,3.0,4.0,5,5
0.576271186440678,1.9375937081510104,1.0,1.0,0.0,384.25,284.25390626637386,-99.99609373362614,459.4604697691946,424.0907808624466,3.0,4.0,5,5
0.576271186440678,2.1528212413383825,1.0,1.0,0.0,395.25,287.2716439957738,-107.97835600422621,470.6183601920929,435.5024687887093,3.0,4.0,5,5
0.576271186440678,2.3919562071557467,1.0,1.0,0.0,405.75,290.1568727520134,-115.59312724798662,481.1299190860868,446.3863052176239,3.0,4.0,5,5
0.576271186440678,2.657654238581348,1.0,1.0,0.0,415.75,292.90441606765,-122.84558393235,490.9966828090055,456.72669812650156,3.0,4.0,5,5
0.576271186440678,2.952865955789426,1.0,1.0,0.0,425.25,295.51128316322837,-129.73871683677163,500.2271299172711,466.51643359944654,3.0,4.0,5,5
0.576271186440678,3.2808697332707224,1.0,1.0,0.0,433.75,297.976589534301,-135.773410465699,508.7243179948646,475.75609988323447,3.0,4.0,5,5
0.576271186440678,3.64530810671838,1.0,1.0,0.0,442.25,300.30149503151586,-141.94850496848414,516.7305953802617,484.45345714149136,3.0,4.0,5,5
0.576271186440678,4.050228223983634,1.0,1.0,0.0,450.25,302.48926982077376,-147.76073017922624,524.0797041187689,492.6229944103802,3.0,4.0,5,5
0.576271186440678,4.500126789315846,1.0,1.0,0.0,457.75,304.54583153211144,-153.20416846788856,530.9511537050698,500.2863480120656,3.0,4.0,5,5
0.576271186440678,5.000000000000001,1.0,1.0,0.0,464.75,306.48239939832615,-158.26760060167385,537.2182034845247,507.4767770594925,3.0,4.0,5,5
0.5932203389830508,0.01,0.13594275102633888,0.1165738337242359,-0.01936891730210298,3.0,2.269516355078668,-0.7304836449213319,56.516900505486035,54.33550015797623,3.0,4.0,1,1
0.5932203389830508,0.011110798059892322,0.13821721385744842,0.11848650237813216,-0.019730711479316265,3.0,2.2715120569977447,-0.7284879430022553,57.23839073677789,54.96547988790016,3.0,4.0,1,1
0.5932203389830508,0.012344983352770704,0.1407291279600382,0.12060619269401514,-0.02012293526602306,3.0,2.2737308363721245,-0.7262691636278755,58.035749891958,55.66393539513943,3.0,4.0,1,1
0.5932203389830508,0.013716261708536773,0.1435038503531474,0.12295465218655846,-0.020549198166588928,3.0,2.27619775562198,-0.7238022443780201,58.91887905035321,56.438126830928766,3.0,4.0,1,1
0.5932203389830508,0.015239861398018572,0.14656887876379882,0.12555576092250517,-0.021013117841293644,3.0,2.278940910904203,-0.7210590890957969,59.89900608691294,57.29604187394565,3.0,4.0,1,1
0.5932203389830508,0.016932702245413263,0.14995005894570598,0.12843570559206519,-0.021514353353640797,3.0,2.281991506123451,-0.7180084938765492,60.98386731007967,58.246458831642926,3.0,4.0,1,1
0.5932203389830508,0.018813583525707212,0.15367888328283846,0.13162315945167238,-0.02205572383116608,3.0,2.285384265461472,-0.714615734538528,62.18904022266206,59.29901300090925,3.0,4.0,1,1
0.5932203389830508,0.020903392733704982,0.1577839597220384,0.13514946546293669,-0.022634494259101717,3.0,2.2891582482145174,-0.7108417517854826,63.51666938879638,60.464265480517085,3.0,4.0,1,1
0.5932203389830508,0.023225337543081658,0.16230106954226955,0.139048821710422,-0.023252247831847567,3.0,2.2933563713158955,-0.7066436286841045,64.98408829454938,61.75377447567948,3.0,4.0,1,1
0.5932203389830508,0.02580520353140161,0.16727061225273868,0.14335846181346326,-0.023912150439275415,3.0,2.2980274537228986,-0.7019725462771014,66.61428792618213,63.18016712921526,3.0,4.0,1,1
0.5932203389830508,0.028671640533182347,0.17272514695635605,0.148118830626845,-0.024606316329511047,3.0,2.3032253771205444,-0.6967746228794556,68.40810232154556,64.75721200712628,3.0,4.0,1,1
0.5932203389830508,0.031856480801001244,0.17870680889534096,0.15337374438745968,-0.02533306450788128,3.0,2.3090106715972083,-0.6909893284027917,70.387193710267,66.49988941773591,3.0,4.0,1,1
0.5932203389830508,0.03539509250787618,0.18526222474449824,0.1591705310015534,-0.026091693742944844,3.0,2.31545119918883,-0.6845488008111702,72.58034578575968,68.42445830638229,3.0,4.0,1,1
0.5932203389830508,0.03932677251662197,0.1924283237147304,0.16556014144825387,-0.026868182266476526,3.0,2.3226227056817166,-0.6773772943182834,74.98907659816297,70.54851734271632,3.0,4.0,1,1
0.5932203389830508,0.04369518277795103,0.20025399503405775,0.17259721964948063,-0.027656775384577115,3.0,2.3306102471600765,-0.6693897528399235,77.64804032019869,72.89105638511538,3.0,4.0,3,1
0.5932203389830508,0.048548835203589866,0.20878227863301016,0.18034011969173086,-0.0284421589412793,3.0,2.339509758591886,-0.6604902414081142,80.5685536720331,75.47249542071012,3.0,4.0,3,1
0.5932203389830508,0.05394163039900783,0.21806027199813532,0.18885085758309422,-0.0292094144150411,3.0,2.3494283838139394,-0.6505716161860606,83.78526285677971,78.31470636847386,3.0,4.0,3,1
0.5932203389830508,0.059933456238472516,0.2281323765693305,0.19819497497917718,-0.029937401590153317,3.0,2.3604874313226913,-0.6395125686773087,87.3205270966866,81.44101186634687,3.0,4.0,3,1
0.5932203389830508,0.06659085292970618,0.2390349559177728,0.20844130403087802,-0.03059365188689478,3.0,2.372823383478681,-0.6271766165213188,91.18299799820157,84.87615649746205,3.0,4.0,3,3
0.5932203389830508,0.07398775195379542,0.25081562641071437,0.21966160431337198,-0.031154022097342388,3.0,2.3865911426313695,-0.6134088573686305,95.42683066612197,88.64624166309778,3.0,4.0,3,3
0.5932203389830508,0.0822062970864025,0.26350339849205473,0.23193005865542043,-0.031573339836634295,3.0,2.4019658715813432,-0.5980341284186568,100.06192843976605,92.77861864041323,3.0,4.0,3,3
0.5932203389830508,0.09133775661785326,0.27713063633641566,0.24532259788156557,-0.031808038454850085,3.0,2.4191467469208883,-0.5808532530791117,105.12408970665986,97.30173007690068,3.0,4.0,3,3
0.5932203389830508,0.10148353690245611,0.2917194839626344,0.2599160352219689,-0.03180344874066554,3.0,2.4383610537624927,-0.5616389462375073,110.6421192788127,102.24489162872439,3.0,4.0,3,3
0.5932203389830508,0.112756308492682,0.3072797490892301,0.2757869881460704,-0.031492760943159726,3.0,2.459869382350008,-0.540130617649992,116.63381063108756,107.63800460967913,3.0,4.0,3,3
0.5932203389830508,0.1252812573641112,0.32382138203238486,0.29301057474137526,-0.0308108072910096,3.0,2.4839711994922267,-0.5160288005077733,123.1525490242771,113.51119249584148,3.0,4.0,3,3
0.5932203389830508,0.13919747512620373,0.3413282048725791,0.31165886716603264,-0.02966933770654645,3.0,2.511012384673814,-0.48898761532618584,130.19177646824593,119.8943515999349,3.0,4.0,3,3
0.5932203389830508,0.1546595036574134,0.35978501333296103,0.3317990956300106,-0.027985917702950447,3.0,2.54139590751147,-0.45860409248852996,137.81020745288944,126.81661005071282,3.0,4.0,3,3
0.5932203389830508,0.1718390513180699,0.3791468377163577,0.3534916238121482,-0.025655213904209495,3.0,2.575592944736128,-0.4244070552638721,145.99059028122397,134.30569400949034,3.0,4.0,3,3
0.5932203389830508,0.1909268997998548,0.3993644869998676,0.3767876962515204,-0.022576790748347175,3.0,2.614159910380841,-0.38584008961915917,154.77452207327863,142.38719671071235,3.0,4.0,3,3
0.5932203389830508,0.21213502278774823,0.420372250939126,0.4017270071027347,-0.018645243836391323,3.0,2.657759840122891,-0.3422401598771092,164.18367489148304,151.08375782184524,3.0,4.0,3,3
0.5932203389830508,0.23569893996253266,0.4420764924501685,0.42833514941317996,-0.01374134303698854,3.0,2.7071904107520837,-0.29280958924791634,174.19154128765632,160.41416580467322,3.0,4.0,3,3
0.5932203389830508,0.26188033248543857,0.46437922225354217,0.4566209909500136,-0.00775823130352854,3.0,2.763424615550322,-0.23657538444967807,184.8118629396634,170.39238959308202,3.0,4.0,3,3
0.5932203389830508,0.2909699490103167,0.4871638349904413,0.48657410747247165,-0.0005897275179696515,3.0,2.827665409987095,-0.17233459001290496,196.03509041516236,181.02658016370785,3.0,4.0,3,3
0.5932203389830508,0.32329083449507945,0.5102970967380658,0.5181623460611434,0.007865249323077639,3.0,2.9014251518237884,-0.09857484817621165,207.82218488983253,192.3180589576077,3.0,4.0,4,4
0.5932203389830508,0.35920191766889,0.5846006345535727,0.5513296377207908,-0.033270996832781896,3.5,2.986643383133925,-0.513356616866075,223.34605895396137,204.26033624347346,3.0,4.0,4,4
0.5932203389830508,0.39910199699451043,0.608706851179083,0.5859941936233068,-0.022712657555776117,3.5,3.0858628482325017,-0.4141371517674983,236.50151883660317,216.83820844680443,3.0,4.0,4,4
0.5932203389830508,0.4434341693905757,0.6325388768661202,0.6220471442826491,-0.010491732583471136,3.5,3.202507655229421,-0.29749234477057884,250.10448200466192,230.02696689202443,3.0,4.0,4,4
0.5932203389830508,0.4926907508954772,0.6559432238183751,0.6593517191576472,0.0034084953392721218,3.5,3.341334276093405,-0.15866572390659517,264.1391595846585,243.7917680938163,3.0,4.0,4,4
0.5932203389830508,0.5474187439176361,0.6787707823517464,0.6977429786006772,0.018972196248930873,3.5,3.5092005181300943,0.00920051813009426,278.53286656119514,258.08719042186465,3.0,4.0,4,4
0.5932203389830508,0.6082259117868763,0.7008807383187861,0.7370281458642322,0.0361474075454461,3.5,3.7164441170170925,0.21644411701709254,293.1786103727285,272.8569911331859,3.0,4.0,4,4
0.5932203389830508,0.6757875280657863,0.985660883099675,0.7769877634428685,-0.20867311965680657,17.25,3.9795227875933072,-13.270477212406693,308.43476705871086,288.0340663715301,4.0,4.0,5,4
0.5932203389830508,0.7508538755732771,0.7804503439717989,0.817378918975284,0.03692857500348512,4.0,4.3264828290150055,0.32648282901500547,326.3150154168129,303.54064510093133,3.0,4.0,4,5
0.5932203389830508,0.8342585783982197,0.9991016581601814,0.8579459623972463,-0.14115569576293507,26.25,4.8095357010548465,-21.44046429894515,342.0310483956803,319.2890439361316,4.0,4.0,5,5
0.5932203389830508,0.9269278594315465,0.9999994993658592,0.8984609743919548,-0.10153852497390436,53.75,5.538862327212698,-48.2111376727873,358.1042811633375,335.1846517608674,4.0,4.0,5,5
0.5932203389830508,1.029890826223217,0.9999997204040593,0.9388905524438749,-0.061109167960184396,52.25,6.805183440295506,-45.44481655970449,375.1393814842253,351.13814384031446,4.0,4.0,5,5
0.5932203389830508,1.1442908993901826,0.9999999999716533,0.9805498397944543,-0.019450160177199027,80.25,10.119266193296044,-70.13073380670396,390.50145326564285,367.1326433764781,4.0,4.0,5,5
0.5932203389830508,1.2713985104896872,0.9999999999995822,1.0,4.177769241664464e-13,88.25,273.09318158025025,184.84318158025025,406.45075383016797,381.8807244603509,4.0,4.0,5,5
0.5932203389830508,1.412625210369881,0.9999999999999994,1.0,5.551115123125783e-16,101.75,276.62324573145406,174.87324573145406,421.72482701810577,395.34580403232303,4.0,4.0,5,5
0.5932203389830508,1.5695393446732664,1.0,1.0,0.0,373.75,280.0608336519383,-93.68916634806169,443.2757941094839,408.42158368349715,3.0,4.0,5,5
0.5932203389830508,1.7438834705720385,1.0,1.0,0.0,385.75,283.3918332879488,-102.35816671205117,455.79181065628035,421.0564918835314,3.0,4.0,5,5
0.5932203389830508,1.9375937081510104,1.0,1.0,0.0,397.25,286.60427133348503,-110.64572866651497,467.6697126873587,433.207886529492,3.0,4.0,5,5
0.5932203389830508,2.1528212413383825,1.0,1.0,0.0,407.75,289.68845389840556,-118.06154610159444,478.8560169836291,444.8424334991088,3.0,4.0,5,5
0.5932203389830508,2.3919562071557467,1.0,1.0,0.0,418.25,292.63704247445185,-125.61295752554815,489.4255942539514,455.93620226172027,3.0,4.0,5,5
0.5932203389830508,2.657654238581348,1.0,1.0,0.0,428.25,295.44507952558024,-132.80492047441976,499.34058620415493,466.4745145067097,3.0,4.0,5,5
0.5932203389830508,2.952865955789426,1.0,1.0,0.0,437.75,298.1099967510937,-139.64000324890628,508.53431545672663,476.45163018389326,3.0,4.0,5,5
0.5932203389830508,3.2808697332707224,1.0,1.0,0.0,446.75,300.63168058060467,-146.11831941939533,517.1746147553728,485.870425959547,3.0,4.0,5,5
0.5932203389830508,3.64530810671838,1.0,1.0,0.0,455.25,303.0128197619034,-152.23718023809658,525.2057074443871,494.7425211410156,3.0,4.0,5,5
0.5932203389830508,4.050228223983634,1.0,1.0,0.0,463.25,305.26041339653796,-157.98958660346204,532.5740360403319,503.0905052130066,3.0,4.0,5,5
0.5932203389830508,4.500126789315846,1.0,1.0,0.0,470.75,307.39468381236026,-163.35531618763974,539.3830005815395,510.964063156688,3.0,4.0,5,5
0.5932203389830508,5.000000000000001,1.0,1.0,0.0,478.25,643.8339123272631,165.58391232726308,545.7688091855822,518.3150564392906,3.0,3.0,5,5
0.6101694915254238,0.01,0.135563287006345,0.11706780667005998,-0.018495480336285036,3.0,2.281864631932695,-0.7181353680673048,56.657465268069295,54.495071736943565,3.0,4.0,1,1
0.6101694915254238,0.011110798059892322,0.13787503706978724,0.11903371949660273,-0.01884131757318451,3.0,2.2839406940911435,-0.7160593059088565,57.395190951439396,55.142587131956375,3.0,4.0,1,1
0.6101694915254238,0.012344983352770704,0.14042997786318961,0.12121240148920616,-0.019217576373983455,3.0,2.2862490670813718,-0.7137509329186282,58.2125104188422,55.86048741198877,3.0,4.0,1,1
0.6101694915254238,0.013716261708536773,0.1432554824967046,0.12362620024080058,-0.019629282255904032,3.0,2.288816046400462,-0.7111839535995381,59.12421807855566,56.6562358229376,3.0,4.0,1,1
0.6101694915254238,0.015239861398018572,0.14637275183687384,0.12629965409817465,-0.020073097738699197,3.0,2.291670692781919,-0.7083293072180812,60.129211784787124,57.53804368370876,3.0,4.0,1,1
0.6101694915254238,0.016932702245413263,0.14980941566943118,0.12925967031922073,-0.020549745350210452,3.0,2.2948458180413587,-0.7051541819586413,61.23898310259107,58.51493524046449,3.0,4.0,1,1
0.6101694915254238,0.018813583525707212,0.1535995403733759,0.13253570996375222,-0.021063830409623674,3.0,2.2983776454580958,-0.7016223545419042,62.469449281367126,59.59681595763908,3.0,4.0,1,1
0.6101694915254238,0.020903392733704982,0.1577736486163138,0.13615997577868533,-0.021613672837628467,3.0,2.302306819579099,-0.697693180420901,63.830142682564414,60.79454344698283,3.0,4.0,1,1
0.6101694915254238,0.023225337543081658,0.1623703183191657,0.1401676013449014,-0.02220271697426432,3.0,2.306678704160732,-0.6933212958392678,65.34282078966622,62.1200005671654,3.0,4.0,1,1
0.6101694915254238,0.02580520353140161,0.1674207463851245,0.14459683714796043,-0.02282390923716407,3.0,2.311544111027616,-0.688455888972384,67.00815935121221,63.58616976702497,3.0,4.0,1,1
0.6101694915254238,0.028671640533182347,0.1729655706925516,0.14948922921986607,-0.02347634147268554,3.0,2.3169595770479656,-0.6830404229520344,68.84672908463483,65.20720737439234,3.0,4.0,1,1
0.6101694915254238,0.031856480801001244,0.17904767113242945,0.1548897828477549,-0.02415788828467455,3.0,2.3229888946982107,-0.6770111053017893,70.8817614569438,66.99851615657128,3.0,4.0,1,1
0.6101694915254238,0.03539509250787618,0.1857079441836327,0.16084710679448627,-0.024860837389146434,3.0,2.329702919744887,-0.6702970802551129,73.1226685584564,68.97681455456764,3.0,4.0,1,1
0.6101694915254238,0.03932677251662197,0.19299229047739047,0.16741352421932398,-0.025578766258066488,3.0,2.337181676662295,-0.6628183233377052,75.59872126356252,71.16019908912583,3.0,4.0,1,1
0.6101694915254238,0.04369518277795103,0.20094117644434795,0.17464514426472538,-0.026296032179622564,3.0,2.3455148822395135,-0.6544851177604865,78.3157181327548,73.56819799970376,3.0,4.0,3,1
0.6101694915254238,0.048548835203589866,0.20960731238915664,0.18260187807656209,-0.027005434312594556,3.0,2.354803381342209,-0.6451966186577911,81.31698107802647,76.22181146745811,3.0,4.0,3,1
0.6101694915254238,0.05394163039900783,0.2190284264536488,0.19134738511388477,-0.02768104133976404,3.0,2.3651606680476114,-0.6348393319523886,84.60386716794457,79.14353403511493,3.0,4.0,3,1
0.6101694915254238,0.059933456238472516,0.22925660963545116,0.20094893179179277,-0.028307677843658396,3.0,2.3767152013140738,-0.6232847986859262,88.22558046691464,82.35735408237063,3.0,4.0,3,3
0.6101694915254238,0.06659085292970618,0.24032871757222862,0.21147714516725455,-0.028851572404974074,3.0,2.3896120987425102,-0.6103879012574898,92.19312714332865,85.8887241352278,3.0,4.0,3,3
0.6101694915254238,0.07398775195379542,0.2522868226960266,0.22300563852291772,-0.029281184173108876,3.0,2.4040157490526335,-0.5959842509473665,96.54071572973706,89.76449493150484,3.0,4.0,3,3
0.6101694915254238,0.0822062970864025,0.2651624897539765,0.23561048530459716,-0.029552004449379332,3.0,2.4201133176509764,-0.5798866823490236,101.2885742808246,94.01280496212794,3.0,4.0,3,3
0.6101694915254238,0.09133775661785326,0.27899110320484793,0.2493695230225336,-0.02962158018231434,3.0,2.4381179061369047,-0.5618820938630953,106.48254742090408,98.66291858777134,3.0,4.0,3,3
0.6101694915254238,0.10148353690245611,0.2937841685017837,0.2643614561278423,-0.029422712373941395,3.0,2.4582737459510104,-0.5417262540489896,112.12394240655838,103.74500120334723,3.0,4.0,3,3
0.6101694915254238,0.112756308492682,0.3095643452184261,0.2806647426472773,-0.028899602571148764,3.0,2.480861801328139,-0.5191381986718611,118.26968640991443,109.28982421524233,3.0,4.0,3,3
0.6101694915254238,0.1252812573641112,0.32632653690068036,0.29835624754047696,-0.027970289360203404,3.0,2.5062061698234186,-0.4937938301765814,124.92660021657032,115.32839111518868,3.0,4.0,3,3
0.6101694915254238,0.13919747512620373,0.34406760820995663,0.317509643405409,-0.02655796480454764,3.0,2.534683612233495,-0.4653163877665052,132.1494203686304,121.89147529949614,3.0,4.0,3,3
0.6101694915254238,0.1546595036574134,0.36275602685359404,0.33819355779515414,-0.024562469058439895,3.0,2.566734967933736,-0.4332650320662639,139.92634209516976,129.00906257722045,3.0,4.0,3,3
0.6101694915254238,0.1718390513180699,0.38236020916098945,0.36046947963149756,-0.021890729529491892,3.0,2.602879383956316,-0.3971206160436842,148.31632247118267,136.7096979988268,3.0,4.0,3,3
0.6101694915254238,0.1909268997998548,0.40282114651227147,0.38438943657136027,-0.0184317099409112,3.0,2.643733794044239,-0.3562662059557611,157.31733255665847,145.01973319126856,3.0,4.0,3,3
0.6101694915254238,0.21213502278774823,0.4240590431987416,0.4099934797169952,-0.014065563481746424,3.0,2.6900394494296065,-0.3099605505703935,166.89913685690837,153.96247887670924,3.0,4.0,3,3
0.6101694915254238,0.23569893996253266,0.4459975328535637,0.43730704146607075,-0.008690491387492949,3.0,2.7426963981590244,-0.25730360184097556,177.12881173887902,163.55727503088423,3.0,4.0,3,3
0.6101694915254238,0.26188033248543857,0.4685361505776455,0.46633822392862584,-0.002197926649019688,3.0,2.802813424234047,-0.197186575765953,188.02824511308677,173.8184928915901,3.0,4.0,3,3
0.6101694915254238,0.2909699490103167,0.4915396410384481,0.49707512206674515,0.00553548102829704,3.0,2.871777653397295,-0.12822234660270482,199.49561606116916,184.75449555091734,3.0,4.0,3,3
0.6101694915254238,0.32329083449507945,0.5148838695017668,0.5294832709369645,0.014599401435197668,3.0,2.9513568169437363,-0.048643183056263695,211.55585299828235,196.36658419078015,3.0,4.0,4,4
0.6101694915254238,0.35920191766889,0.5888641601083239,0.5635033441250656,-0.025360815983258234,3.5,3.043851573945723,-0.45614842605427697,227.43450279442223,208.64797577008858,3.0,4.0,4,4
0.6101694915254238,0.39910199699451043,0.613110113540343,0.5990491688978432,-0.01406094464249974,3.5,3.15233307593153,-0.34766692406847,240.85169966801405,221.58283934200722,3.0,4.0,4,4
0.6101694915254238,0.4434341693905757,0.637065475786234,0.636006183294603,-0.0010592924916309476,3.5,3.2810218257829566,-0.21897817421704335,254.76272029911664,235.14545084656865,3.0,4.0,4,4
0.6101694915254238,0.4926907508954772,0.6605683874683154,0.6742303216302841,0.013661934161968703,3.5,3.4359241731581296,-0.06407582684187041,269.07028568783045,249.29947958005104,3.0,4.0,4,4
0.6101694915254238,0.5474187439176361,0.6834728003986023,0.7135473959534053,0.030074595554803074,3.5,3.6259483422560175,0.12594834225601748,283.7354685918507,263.99744737104874,3.0,4.0,4,4
0.6101694915254238,0.6082259117868763,0.8567940304191474,0.7537530059260993,-0.10304102449304808,6.75,3.8649864804057894,-2.8850135195942106,298.7054292721897,279.18034440864636,4.0,4.0,5,4
0.6101694915254238,0.6757875280657863,0.7646856817842138,0.7946136752052215,0.029927993421007715,4.0,4.176072124933127,0.1760721249331274,317.0217535278726,294.77742668731105,3.0,4.0,4,4
0.6101694915254238,0.7508538755732771,0.9856416426246732,0.8358723895057139,-0.1497692531189594,15.75,4.600449410954025,-11.149550589045976,332.6469294334353,310.7063559402279,4.0,4.0,5,5
0.6101694915254238,0.8342585783982197,0.9999865913371822,0.8772721504658919,-0.12271444087129024,43.75,5.219885726238133,-38.53011427376187,349.12140550219385,326.87471281609174,4.0,4.0,5,5
0.6101694915254238,0.9269278594315465,0.9999919040256751,0.9186520637953483,-0.08133984023032681,42.75,6.224453026964324,-36.525546973035674,366.67572584924454,343.18724944996524,4.0,4.0,5,5
0.6101694915254238,1.029890826223217,0.9999999984148854,0.960388923406954,-0.03961107500793137,71.25,8.25357967407907,-62.99642032592093,382.6072114500103,359.5760313799804,4.0,4.0,5,5
0.6101694915254238,1.1442908993901826,0.9999999999673239,1.0,3.267608406076761e-11,79.75,271.44632479418925,191.69632479418925,399.2317524904842,375.8274110844835,4.0,4.0,5,5
0.6101694915254238,1.2713985104896872,0.9999999999999248,1.0,7.51620987671231e-14,93.75,275.1327698268673,181.38276982686727,415.1946393022323,389.9032126997321,4.0,4.0,5,5
0.6101694915254238,1.412625210369881,1.0,1.0,0.0,373.75,278.74022568468257,-95.00977431531743,437.8150776752263,403.63752382065366,3.0,4.0,5,5
0.6101694915254238,1.5695393446732664,1.0,1.0,0.0,385.75,282.2523912402681,-103.49760875973192,451.00113668599465,416.9696403541403,3.0,4.0,5,5
0.6101694915254238,1.7438834705720385,1.0,1.0,0.0,397.75,285.654971350491,-112.095028649509,463.603339935082,429.8474194925318,3.0,4.0,5,5
0.6101694915254238,1.9375937081510104,1.0,1.0,0.0,409.25,288.93590467892443,-120.31409532107557,475.5544249906204,442.2280082865749,3.0,4.0,5,5
0.6101694915254238,2.1528212413383825,1.0,1.0,0.0,420.25,292.08552763778295,-128.16447236221705,486.8415643990734,454.07827567081216,3.0,4.0,5,5
0.6101694915254238,2.3919562071557467,1.0,1.0,0.0,430.75,295.0966928146397,-135.6533071853603,497.46091849032916,465.37499493084914,3.0,4.0,5,5
0.6101694915254238,2.657654238581348,1.0,1.0,0.0,440.75,297.9648812578499,-142.78511874215008,507.4165796866823,476.1048567177404,3.0,4.0,5,5
0.6101694915254238,2.952865955789426,1.0,1.0,0.0,450.25,300.6884229886789,-149.5615770113211,516.7194498834123,486.2645403030745,3.0,4.0,5,5
0.6101694915254238,3.2808697332707224,1.0,1.0,0.0,459.25,303.2692017056788,-155.98079829432118,525.3861051267535,495.8615543330408,3.0,4.0,5,5
0.6101694915254238,3.64530810671838,1.0,1.0,0.0,467.75,305.71563600971024,-162.03436399028976,533.36038276383,504.9191581399596,3.0,4.0,5,5
0.6101694915254238,4.050228223983634,1.0,1.0,0.0,476.25,308.06725350753345,-168.18274649246655,540.8528733787635,513.5208821862924,3.0,4.0,5,5
0.6101694915254238,4.500126789315846,1.0,1.0,0.0,483.75,644.2551494680931,160.50514946809312,547.6721504238712,520.7184967024913,3.0,3.0,5,5
0.6101694915254238,5.000000000000001,1.0,1.0,0.0,452.25,645.2838243597718,193.03382435977176,559.0767690115902,526.3141966092196,3.0,3.0,5,5
0.6271186440677966,0.01,0.13518632984776566,0.11756136676363196,-0.017624963084133694,3.0,2.294383063737769,-0.7056169362622309,56.79597099640397,54.65449002146215,3.0,4.0,1,1
0.6271186440677966,0.011110798059892322,0.13753936989044252,0.11958047499576727,-0.017958894894675254,3.0,2.296541350975168,-0.703458649024832,57.557553247918385,55.319524858086645,3.0,4.0,1,1
0.6271186440677966,0.012344983352770704,0.1401363841104321,0.12181809361325548,-0.018318290497176634,3.0,2.2989415119984193,-0.7010584880015807,58.39502708261174,56.056852054201556,3.0,4.0,1,1
0.6271186440677966,0.013716261708536773,0.14300484044268047,0.12429716959888605,-0.01870767084379442,3.0,2.3016106916300494,-0.6983893083699506,59.322546761398065,56.87413783573911,3.0,4.0,1,1
0.6271186440677966,0.015239861398018572,0.14617299163031183,0.12704289821009898,-0.01913009342021285,3.0,2.3045796730497394,-0.6954203269502606,60.35190130481189,57.779816966845246,3.0,4.0,1,1
0.6271186440677966,0.016932702245413263,0.1496675334525131,0.13008290653584972,-0.019584626916663378,3.0,2.3078821056638854,-0.6921178943361146,61.491190734537845,58.78315954708885,3.0,4.0,1,1
0.6271186440677966,0.018813583525707212,0.15352082184435645,0.13344744166222197,-0.020073380182134476,3.0,2.311556423502044,-0.688443576497956,62.756602983026866,59.89434098636167,3.0,4.0,1,1
0.6271186440677966,0.020903392733704982,0.15776239212466708,0.13716956464488445,-0.02059282747978264,3.0,2.3156446239503574,-0.6843553760496426,64.15066880844158,61.12451523627326,3.0,4.0,1,1
0.6271186440677966,0.023225337543081658,0.16243108561716552,0.1412853426847508,-0.021145742932414724,3.0,2.3201946189219607,-0.6798053810780393,65.69473108745714,62.48588967497415,3.0,4.0,1,1
0.6271186440677966,0.02580520353140161,0.16755998881891102,0.1458340407944342,-0.021725948024476804,3.0,2.325259385508253,-0.6747406144917472,67.39685061724049,63.991801839122644,3.0,4.0,1,1
0.6271186440677966,0.028671640533182347,0.17319476039890605,0.15085830377858372,-0.022336456620322326,3.0,2.330898065451766,-0.6691019345482339,69.28593289650821,65.6567957247025,3.0,4.0,1,1
0.6271186440677966,0.031856480801001244,0.17937303127895374,0.1564043229544026,-0.02296870832455114,3.0,2.337177830596921,-0.6628221694030789,71.36759296933465,67.49669643366433,3.0,4.0,1,1
0.6271186440677966,0.03539509250787618,0.18613725526199346,0.16252198403400303,-0.023615271227990425,3.0,2.3441728116013114,-0.6558271883986886,73.66513554069418,69.52868161436105,3.0,4.0,1,1
0.6271186440677966,0.03932677251662197,0.1935323557426743,0.16926497832129345,-0.024267377421380854,3.0,2.3519673796894502,-0.6480326203105498,76.19302180716224,71.77134562503275,3.0,4.0,1,1
0.6271186440677966,0.04369518277795103,0.2016083833941403,0.17669087528503402,-0.024917508109106284,3.0,2.360655986669008,-0.6393440133309918,78.98836769659613,74.24475496372429,3.0,4.0,3,1
0.6271186440677966,0.048548835203589866,0.21040398223732487,0.18486113703111698,-0.025542845206207893,3.0,2.3703447999316274,-0.6296552000683726,82.05298755577469,76.9704899356814,3.0,4.0,3,1
0.6271186440677966,0.05394163039900783,0.21996945411791632,0.19384105928194165,-0.026128394835974678,3.0,2.3811540210677786,-0.6188459789322214,85.42770085418445,79.97166763907563,3.0,4.0,3,1
0.6271186440677966,0.059933456238472516,0.23034966186296307,0.20369962452238743,-0.02665003734057564,3.0,2.393219738843619,-0.6067802611563811,89.13598084055128,83.27294210692499,3.0,4.0,3,3
0.6271186440677966,0.06659085292970618,0.24158120608153597,0.2145092466104584,-0.027071959471077572,3.0,2.4066954198991892,-0.5933045801008108,93.18688533323133,86.90047420348014,3.0,4.0,3,3
0.6271186440677966,0.07398775195379542,0.25371173172265793,0.22634537869923702,-0.027366353023420914,3.0,2.4217563785670797,-0.5782436214329203,97.63661983126478,90.88186361685112,3.0,4.0,3,3
0.6271186440677966,0.0822062970864025,0.2667731617194775,0.23928597248710096,-0.027487189232376558,3.0,2.438601996604121,-0.5613980033958792,102.5042743922973,95.24603659393553,3.0,4.0,3,3
0.6271186440677966,0.09133775661785326,0.28079075552442984,0.25341075430373183,-0.027380001220698003,3.0,2.4574605650617753,-0.5425394349382247,107.8101631544228,100.02307888837785,3.0,4.0,3,3
0.6271186440677966,0.10148353690245611,0.2957886955680284,0.26880030026200746,-0.02698839530602093,3.0,2.4785943956987477,-0.5214056043012523,113.5922069827856,105.2440057929734,3.0,4.0,3,3
0.6271186440677966,0.112756308492682,0.3117822902295798,0.2855348870701405,-0.026247403159439298,3.0,2.5023059096303775,-0.49769409036962253,119.8959398122467,110.94045907197146,3.0,4.0,3,3
0.6271186440677966,0.1252812573641112,0.32876185512783446,0.3036930963349443,-0.025068758792890167,3.0,2.5289466050919156,-0.4710533949080844,126.70654272932012,117.14432195326212,3.0,4.0,3,3
0.6271186440677966,0.13919747512620373,0.3467225958480809,0.3233501663021705,-0.0233724295459104,3.0,2.558926664752654,-0.44107333524734615,134.07579328327625,123.8872434942,3.0,4.0,3,3
0.6271186440677966,0.1546595036574134,0.36564270818257294,0.34457608436006715,-0.021066623822505792,3.0,2.592727914592252,-0.40727208540774784,142.04781246012328,131.20006717284232,3.0,4.0,3,3
0.6271186440677966,0.1718390513180699,0.38547354130247496,0.36743341576799077,-0.018040125534484197,3.0,2.630922457872658,-0.369077542127342,150.60416223791034,139.11215529941254,3.0,4.0,3,3
0.6271186440677966,0.1909268997998548,0.40616566859524833,0.39197490728135015,-0.014190761313898181,3.0,2.6741951276373594,-0.32580487236264055,159.8030490041667,147.65061356620245,3.0,4.0,3,3
0.6271186440677966,0.21213502278774823,0.42763730819054135,0.4182408958395003,-0.00939641235104105,3.0,2.7233742713928235,-0.2766257286071765,169.6180115504676,156.83941920650847,3.0,4.0,3,3
0.6271186440677966,0.23569893996253266,0.4498052948016829,0.4462565569662243,-0.003548737835458615,3.0,2.7794766379811344,-0.22052336201886558,180.08672626758172,166.69845572039782,3.0,4.0,3,3
0.6271186440677966,0.26188033248543857,0.47255505359940303,0.47602910684553795,0.0034740532461349227,3.0,2.8437666353594993,-0.15623336464050075,191.17074940297283,177.24248377568205,3.0,4.0,3,3
0.6271186440677966,0.2909699490103167,0.49577656152325766,0.5075450024083371,0.011768440885079445,3.0,2.917845512728674,-0.08215448727132602,202.92689715029326,188.4800599087258,3.0,4.0,3,4
0.6271186440677966,0.32329083449507945,0.5193192565092712,0.5407672574047188,0.021448000895447517,3.0,3.0037822580314257,0.0037822580314257337,215.23569101482886,200.41243759617046,3.0,4.0,4,4
0.6271186440677966,0.35920191766889,0.5929745615219915,0.5756329860572632,-0.017341575464728254,3.5,3.104312377597673,-0.39568762240232713,231.5137039168516,213.03249422170936,3.0,4.0,4,4
0.6271186440677966,0.39910199699451043,0.6173483438508537,0.6120512217471377,-0.005297122103716023,3.5,3.2231545860006023,-0.27684541399939766,245.16619990688622,226.32370827350928,3.0,4.0,4,4
0.6271186440677966,0.4434341693905757,0.6414164004147475,0.649901089081605,0.008484688666857587,3.5,3.365530545066578,-0.13446945493342222,259.34338259273375,240.25923298227985,3.0,4.0,4,4
0.6271186440677966,0.4926907508954772,0.6650151434323962,0.6890303417489032,0.024015198316507003,3.5,3.539059254713359,0.039059254713358804,273.9491253490101,254.80109391752535,3.0,4.0,4,4
0.6271186440677966,0.5474187439176361,0.6879904122707751,0.7292542422251221,0.041263829954347075,3.5,3.7553821688808986,0.2553821688808986,288.87973361958444,269.8995039026968,3.0,4.0,4,4
0.6271186440677966,0.6082259117868763,0.980682254974047,0.7703550940920909,-0.21032716088195613,15.0,4.033304235746622,-10.966695764253378,304.75906361524113,285.4923108168947,4.0,4.0,5,4
0.6271186440677966,0.6757875280657863,0.7685466866327051,0.8120841456067935,0.04353745897408845,4.25,4.405336494918448,0.1553364949184477,322.79975793888246,301.5046422753649,4.0,4.0,4,5
0.6271186440677966,0.7508538755732771,0.99968831331279,0.8541737582627408,-0.14551455505004918,32.75,4.932694554293993,-27.81730544570601,339.35250089648986,317.8493178021577,4.0,4.0,5,5
0.6271186440677966,0.8342585783982197,0.9999997675112443,0.8963916068951605,-0.1036081606160838,60.75,5.74516714547644,-55.004832854523556,356.07060071751516,334.4307236348335,4.0,4.0,5,5
0.6271186440677966,0.9269278594315465,0.9999999168841978,0.93876089210752,-0.06123902477667775,60.75,7.187751920812289,-53.56224807918771,373.79094950151335,351.16158118852667,4.0,4.0,5,5
0.6271186440677966,1.029890826223217,0.9999999999878512,0.9831514943704529,-0.016848505617398257,89.25,11.290894375165204,-77.95910562483479,389.9007503509658,368.05204217091864,4.0,4.0,5,5
0.6271186440677966,1.1442908993901826,0.9999999999998461,1.0,1.538769112130467e-13,98.25,273.3929371050705,175.14293710507047,406.6888733417225,383.5038181229895,4.0,4.0,5,5
0.6271186440677966,1.2713985104896872,0.9999999999999998,1.0,2.220446049250313e-16,112.75,277.1581766135393,164.4081766135393,422.6921910931437,397.85462348985993,4.0,4.0,5,5
0.6271186440677966,1.412625210369881,1.0,1.0,0.0,385.25,280.8418460786045,-104.40815392139552,445.2560025066786,411.8515325045271,3.0,4.0,5,5
0.6271186440677966,1.5695393446732664,1.0,1.0,0.0,397.75,284.4273997073063,-113.32260029269372,458.5779477444873,425.43295272315123,3.0,4.0,5,5
0.6271186440677966,1.7438834705720385,1.0,1.0,0.0,409.75,287.90038979257895,-121.84961020742105,471.3315408358024,438.5461966846811,3.0,4.0,5,5
0.6271186440677966,1.9375937081510104,1.0,1.0,0.0,421.25,291.2487229974608,-130.0012770025392,483.3486104825204,451.14827928650595,3.0,4.0,5,5
0.6271186440677966,2.1528212413383825,1.0,1.0,0.0,432.25,294.46287550928196,-137.78712449071804,494.6904441727251,463.2064622064966,3.0,4.0,5,5
0.6271186440677966,2.3919562071557467,1.0,1.0,0.0,442.75,297.53611517295644,-145.21388482704356,505.3545165403004,474.69863257634046,3.0,4.0,5,5
0.6271186440677966,2.657654238581348,1.0,1.0,0.0,453.25,300.46488022483913,-152.78511977516087,515.3820139397509,485.61380738952215,3.0,4.0,5,5
0.6271186440677966,2.952865955789426,1.0,1.0,0.0,462.75,303.24983675776605,-159.50016324223395,524.6350396767617,495.95369781857744,3.0,4.0,5,5
0.6271186440677966,3.2808697332707224,1.0,1.0,0.0,471.75,305.9004393077738,-165.8495606922262,533.3221546095034,505.7404411459546,3.0,4.0,5,5
0.6271186440677966,3.64530810671838,1.0,1.0,0.0,480.25,308.4893800557123,-171.76061994428773,541.3889145133722,515.1139316747752,3.0,4.0,5,5
0.6271186440677966,4.050228223983634,1.0,1.0,0.0,448.75,644.5472805804694,195.79728058046942,553.7316800854294,522.4161982074536,3.0,3.0,5,5
0.6271186440677966,4.500126789315846,1.0,1.0,0.0,457.75,645.6732574735659,187.92325747356585,560.6209100922172,528.5235036343563,3.0,3.0,5,5
0.6271186440677966,5.000000000000001,1.0,1.0,0.0,465.75,646.7250483780003,180.97504837800034,566.8619202298177,534.1828738595633,3.0,3.0,5,5
0.6440677966101694,0.01,0.13481664875851573,0.1180545048786417,-0.016762143879874028,3.0,2.3070752806088426,-0.6929247193911574,56.93993000884124,54.81375223054755,3.0,4.0,1,1
0.6440677966101694,0.011110798059892322,0.1372037469644813,0.12012675864780173,-0.01707698831667956,3.0,2.309317835659022,-0.690682164340978,57.71369397802623,55.49628995157057,3.0,4.0,1,1
0.6440677966101694,0.012344983352770704,0.13984174618326403,0.12242325779875705,-0.017418488384506978,3.0,2.3118117592821372,-0.6881882407178628,58.57090719414879,56.25302586790998,3.0,4.0,1,1
0.6440677966101694,0.013716261708536773,0.14275716459755666,0.12496754752473008,-0.017789617072826586,3.0,2.314585740317126,-0.6854142596828741,59.5226288125988,57.09182900834182,3.0,4.0,1,1
0.6440677966101694,0.015239861398018572,0.14597314444699153,0.12778547933513973,-0.018187665111851797,3.0,2.317671458981932,-0.6823285410180682,60.573842838587325,58.021357449021565,3.0,4.0,1,1
0.6440677966101694,0.016932702245413263,0.14952389573301672,0.13090539827896616,-0.01861849745405056,3.0,2.3211046175856618,-0.6788953824143382,61.744674958057736,59.05112688252636,3.0,4.0,1,1
0.6440677966101694,0.018813583525707212,0.15343546020503096,0.13435833684874454,-0.01907712335628642,3.0,2.324924750288484,-0.675075249711516,63.03495247839579,60.19158266737385,3.0,4.0,1,1
0.6440677966101694,0.020903392733704982,0.15774476658250486,0.13817821201011088,-0.01956655457239398,3.0,2.3291762245411527,-0.6708237754588473,64.46484791942636,61.45417474584701,3.0,4.0,1,1
0.6440677966101694,0.023225337543081658,0.1624851536567432,0.1424020233831024,-0.02008313027364081,3.0,2.333908734854777,-0.6660912651452229,66.04754760986195,62.851435005244326,3.0,4.0,1,1
0.6440677966101694,0.02580520353140161,0.16769492964018748,0.1470700479125328,-0.02062488172765467,3.0,2.3391778993536727,-0.6608221006463273,67.79347169045423,64.39705580701037,3.0,4.0,1,1
0.6440677966101694,0.028671640533182347,0.1734136395278119,0.15222602628315085,-0.021187613244661063,3.0,2.3450457516068135,-0.6549542483931865,69.72084257567236,66.10596857963009,3.0,4.0,1,1
0.6440677966101694,0.031856480801001244,0.17968512500261755,0.15791733346869785,-0.021767791533919695,3.0,2.3515823237772575,-0.6484176762227425,71.85380238357494,67.99442071748972,3.0,4.0,1,1
0.6440677966101694,0.03539509250787618,0.18655121175648973,0.16419512744742182,-0.02235608430906791,3.0,2.358866054646206,-0.6411339453537939,74.20247499680069,70.08004877946769,3.0,4.0,1,1
0.6440677966101694,0.03932677251662197,0.19405872277707586,0.17111446383896237,-0.0229442589381135,3.0,2.3669853655505007,-0.6330146344494993,76.79713282553806,72.38194488455825,3.0,4.0,1,1
0.6440677966101694,0.04369518277795103,0.20224894832885212,0.17873436771880075,-0.023514580610051378,3.0,2.3760394389100843,-0.6239605610899157,79.64408363240483,74.92071374145226,3.0,4.0,3,1
0.6440677966101694,0.048548835203589866,0.21117535388669428,0.18711784498836964,-0.024057508898324642,3.0,2.3861405818606736,-0.6138594181393264,82.78828448506175,77.71851539720292,3.0,4.0,3,1
0.6440677966101694,0.05394163039900783,0.2208790898537092,0.19633182122045967,-0.02454726863324952,3.0,2.3974156421551025,-0.6025843578448975,86.23784542992242,80.79908966153843,3.0,4.0,3,1
0.6440677966101694,0.059933456238472516,0.23140716178395093,0.2064469881107241,-0.024960173673226838,3.0,2.410008019354428,-0.5899919806455718,90.03137199448211,84.18775647444615,3.0,4.0,3,3
0.6440677966101694,0.06659085292970618,0.24279936255677362,0.21753753243333931,-0.025261830123434303,3.0,2.424081630172442,-0.5759183698275581,94.18633545582718,87.91138423833301,3.0,4.0,3,3
0.6440677966101694,0.07398775195379542,0.2550977256609143,0.22968073773257175,-0.02541698792834257,3.0,2.4398222575080593,-0.5601777424919407,98.73832843106155,91.99832215846212,3.0,4.0,3,3
0.6440677966101694,0.0822062970864025,0.26833672350834453,0.24295641878488472,-0.025380304723459812,3.0,2.457442531478592,-0.5425574685214078,103.7172560710624,96.47828396365603,3.0,4.0,3,3
0.6440677966101694,0.09133775661785326,0.2825412541653482,0.25744617350926163,-0.025095080656086566,3.0,2.477187037403929,-0.5228129625960709,109.14372647125708,101.38217691056249,3.0,4.0,3,3
0.6440677966101694,0.10148353690245611,0.2977349368804637,0.27323243053828955,-0.024502506342174157,3.0,2.49933699995163,-0.50066300004837,115.05632268778433,106.74186622605617,3.0,4.0,3,3
0.6440677966101694,0.112756308492682,0.31392877066011354,0.29039725810244643,-0.02353151255766711,3.0,2.5242187777999803,-0.4757812222000197,121.4848336275858,112.58986336449225,3.0,4.0,3,3
0.6440677966101694,0.1252812573641112,0.3311189628085001,0.3090209284108736,-0.02209803439762653,3.0,2.5522125126037287,-0.4477874873962713,128.4456126006246,118.95893128017761,3.0,4.0,3,3
0.6440677966101694,0.13919747512620373,0.3493035333855165,0.3291802106369837,-0.02012332274853279,3.0,2.583764932642226,-0.41623506735777394,136.00831178225303,125.8815944546101,3.0,4.0,3,3
0.6440677966101694,0.1546595036574134,0.3684404741144103,0.35094640391917065,-0.01749407019523963,3.0,2.6194037412351476,-0.38059625876485237,144.13471073649754,133.38955093758568,3.0,4.0,3,3
0.6440677966101694,0.1718390513180699,0.3884982877353206,0.37438309884538273,-0.014115188889937846,3.0,2.6597590104502173,-0.34024098954978266,152.89744362128792,141.51297782879726,3.0,4.0,3,3
0.6440677966101694,0.1909268997998548,0.4094138965731778,0.3995437029836119,-0.009870193589565868,3.0,2.7055903707281703,-0.2944096292718297,162.29362838283086,150.27973327302618,3.0,4.0,3,3
0.6440677966101694,0.21213502278774823,0.4311110214681844,0.4264687471762488,-0.004642274291935644,3.0,2.757825538917679,-0.2421744610823211,172.33387071196816,159.71445108852632,3.0,4.0,3,3
0.6440677966101694,0.23569893996253266,0.4534926730614668,0.45518305522032787,0.0016903821588610812,3.0,2.8176125492726003,-0.1823874507273997,183.00350351153057,169.83755117057322,3.0,4.0,3,3
0.6440677966101694,0.26188033248543857,0.476457046947976,0.48569281745865095,0.009235770510674923,3.0,2.886395409092076,-0.11360459090792396,194.33492352764867,180.66416710389132,3.0,4.0,3,3
0.6440677966101694,0.2909699490103167,0.49987234212384435,0.5179826745932458,0.018110332469401413,3.0,2.966024876956364,-0.033975123043636035,206.27744321183175,192.2030269701428,3.0,4.0,3,4
0.6440677966101694,0.32329083449507945,0.5722566478108273,0.5520128721935039,-0.02024377561732338,3.5,3.0589265058282775,-0.4410734941717225,222.07045404482534,204.4553017638619,3.0,4.0,4,4
0.6440677966101694,0.35920191766889,0.5969228763180813,0.5877166151618972,-0.009206261156184059,3.5,3.168360379256775,-0.33163962074322484,235.46390908073255,217.41347605607163,3.0,4.0,4,4
0.6440677966101694,0.39910199699451043,0.6214298810250174,0.6249976285663335,0.0035677475413160575,3.5,3.2988434130442346,-0.20115658695576544,249.43886699476317,231.06025270795837,3.0,4.0,4,4
0.6440677966101694,0.4434341693905757,0.6456041350709188,0.6637279935748968,0.018123858503977908,3.5,3.4568593516247366,-0.043140648375263435,263.8771191059774,245.36754057320306,3.0,4.0,4,4
0.6440677966101694,0.4926907508954772,0.669289051745862,0.7037461686743723,0.03445711692851039,3.5,3.6521206864737925,0.1521206864737925,278.74387106820603,260.29551447722775,3.0,4.0,4,4
0.6440677966101694,0.5474187439176361,0.9312633945949836,0.7448553411366451,-0.18640805345833855,11.25,3.899929985217752,-7.350070014782248,294.11676194063784,275.7917719691457,4.0,4.0,5,4
0.6440677966101694,0.6082259117868763,0.7513596618010384,0.7868228582873119,0.035463196486273496,4.0,4.225909642485204,0.2259096424852043,312.63834376722036,291.79058216340303,3.0,4.0,4,4
0.6440677966101694,0.6757875280657863,0.9937064499187893,0.8293850579101377,-0.1643213920086516,20.75,4.676243299228372,-16.07375670077163,328.8977629194673,308.2125186809652,4.0,4.0,5,5
0.6440677966101694,0.7508538755732771,0.9999922502735603,0.8722757021303303,-0.12771654814322997,49.25,5.342338893143457,-43.907661106856544,345.95054479065817,324.9660276205056,4.0,4.0,5,5
0.6440677966101694,0.8342585783982197,0.999996009361993,0.915344816711027,-0.08465119265096599,48.75,6.433934781007696,-42.31606521899231,364.1069232839604,341.95674478219536,4.0,4.0,5,5
0.6440677966101694,0.9269278594315465,0.9999999990030634,0.9590592919160077,-0.04094070708705566,78.25,8.653973056364325,-69.59602694363568,380.7587428005068,359.1221715420787,4.0,4.0,5,5
0.6440677966101694,1.029890826223217,0.9999999999815633,1.0,1.8436696613832737e-11,87.75,271.4180583491893,183.66805834918932,398.13696548422223,376.1991478403598,4.0,4.0,5,5
0.6440677966101694,1.1442908993901826,0.9999999999999508,1.0,4.9182879990894435e-14,102.25,275.32646554838647,173.07646554838647,414.9055735413637,391.11455494163545,4.0,4.0,5,5
0.6440677966101694,1.2713985104896872,1.0,1.0,0.0,384.25,279.16932809863806,-105.08067190136194,438.5758329040262,405.7337849786184,3.0,4.0,5,5
0.6440677966101694,1.412625210369881,1.0,1.0,0.0,396.75,282.9280081663453,-113.82199183365469,452.5606596665311,419.9862051231634,3.0,4.0,5,5
0.6440677966101694,1.5695393446732664,1.0,1.0,0.0,409.25,286.58573843312973,-122.66426156687027,466.03999448820304,433.8093191449786,3.0,4.0,5,5
0.6440677966101694,1.7438834705720385,1.0,1.0,0.0,421.25,290.1279663805922,-131.12203361940777,478.79162979098277,447.1499260541772,3.0,4.0,5,5
0.6440677966101694,1.9375937081510104,1.0,1.0,0.0,432.75,293.5426644281625,-139.20733557183752,490.86757075024565,459.9650347059443,3.0,4.0,5,5
0.6440677966101694,2.1528212413383825,1.0,1.0,0.0,444.25,296.8206593873358,-147.4293406126642,502.2959549679795,472.222634563358,3.0,4.0,5,5
0.6440677966101694,2.3919562071557467,1.0,1.0,0.0,454.75,299.95614498827274,-154.79385501172726,512.9974321293022,483.90261171908537,3.0,4.0,5,5
0.6440677966101694,2.657654238581348,1.0,1.0,0.0,464.75,302.9479989520082,-161.80200104799178,523.0184315670211,494.99892446981727,3.0,4.0,5,5
0.6440677966101694,2.952865955789426,1.0,1.0,0.0,474.25,305.8053572945463,-168.4446427054537,532.3721984735873,505.529122684048,3.0,4.0,5,5
0.6440677966101694,3.2808697332707224,1.0,1.0,0.0,483.75,308.63043815604135,-175.11956184395865,541.0326645045657,515.6801959726885,3.0,4.0,5,5
0.6440677966101694,3.64530810671838,1.0,1.0,0.0,452.75,644.7043286732869,191.9543286732869,553.9326045671231,523.3803054274122,3.0,3.0,5,5
0.6440677966101694,4.050228223983634,1.0,1.0,0.0,462.25,645.9324538574039,183.68245385740386,561.3979691930052,530.0295438466792,3.0,3.0,5,5
0.6440677966101694,4.500126789315846,1.0,1.0,0.0,471.25,647.0829256023933,175.8329256023933,568.1994788772528,536.2039236560709,3.0,3.0,5,5
0.6440677966101694,5.000000000000001,1.0,1.0,0.0,479.25,648.1576216728498,168.9076216728498,574.5256580645502,541.9257976608302,3.0,3.0,5,5
0.6610169491525424,0.01,0.1344479453305349,0.11854721155598037,-0.015900733774554518,3.0,2.3199451916210827,-0.6800548083789173,57.07797262469274,54.972855488460624,3.0,4.0,1,1
0.6610169491525424,0.011110798059892322,0.13687133849653937,0.12067256007846831,-0.01619877841807106,3.0,2.3222738264244986,-0.6777261735755014,57.869468522902835,55.67287925399196,3.0,4.0,1,1
0.6610169491525424,0.012344983352770704,0.1395493427319852,0.12302788226217289,-0.016521460469812302,3.0,2.3248640020785394,-0.6751359979214606,58.74630967367727,56.44900529793483,3.0,4.0,1,1
0.6610169491525424,0.013716261708536773,0.14251032812781028,0.1256373209742211,-0.016873007153589192,3.0,2.327745160181076,-0.6722548398189239,59.72414637277082,57.30930535451756,3.0,4.0,1,1
0.6610169491525424,0.015239861398018572,0.1457766903404397,0.12852738254010632,-0.017249307800333374,3.0,2.3309507859114103,-0.6690492140885897,60.802195195654726,58.26266064546933,3.0,4.0,1,1
0.6610169491525424,0.016932702245413263,0.14937917328953662,0.13172712935200215,-0.017652043937534473,3.0,2.3345175571914303,-0.6654824428085697,61.99531720229329,59.31883235282444,3.0,4.0,1,1
0.6610169491525424,0.018813583525707212,0.15334925725492507,0.13526837717087103,-0.018080880084054035,3.0,2.3384871871792723,-0.6615128128207277,63.31522378546168,60.488535454276835,3.0,4.0,1,1
0.6610169491525424,0.020903392733704982,0.15772242613661114,0.1391858977194549,-0.01853652841715625,3.0,2.342905895638979,-0.657094104361021,64.78005769264365,61.78351586205769,3.0,4.0,1,1
0.6610169491525424,0.023225337543081658,0.16253121049795144,0.1435176207091709,-0.01901358978878054,3.0,2.3478255636582626,-0.6521744363417374,66.39328995295595,63.21662965088328,3.0,4.0,1,1
0.6610169491525424,0.02580520353140161,0.16781765380583102,0.14830483276951154,-0.01951282103631949,3.0,2.353304496296915,-0.6466955037030848,68.17883627682849,64.80192385474795,3.0,4.0,1,1
0.6610169491525424,0.028671640533182347,0.17362199629671482,0.1535923680771873,-0.02002962821952753,3.0,2.3594074838329115,-0.6405925161670885,70.15632696558419,66.55471723281983,3.0,4.0,1,1
0.6610169491525424,0.031856480801001244,0.17998490848326573,0.1594287815452256,-0.020556126938040126,3.0,2.3662079687870583,-0.6337920312129417,72.33537185469909,68.49167915421141,3.0,4.0,1,1
0.6610169491525424,0.03539509250787618,0.18694760307320946,0.16586650013349175,-0.02108110293971771,3.0,2.3737884220317946,-0.6262115779682054,74.73259360378515,70.63090497999873,3.0,4.0,1,1
0.6610169491525424,0.03932677251662197,0.19456489389248216,0.17296193955997272,-0.021602954332509444,3.0,2.3822413961170246,-0.6177586038829754,77.39072203945076,72.99198443402666,3.0,4.0,1,1
0.6610169491525424,0.04369518277795103,0.20287117079965344,0.18077557448371814,-0.0220955963159353,3.0,2.39167161982623,-0.60832838017377,80.30195908766294,75.59606021264942,3.0,4.0,3,1
0.6610169491525424,0.048548835203589866,0.21192267880278964,0.18937194917534614,-0.022550729627443505,3.0,2.402197297051317,-0.597802702948683,83.5168486463193,78.46587207728221,3.0,4.0,3,1
0.6610169491525424,0.05394163039900783,0.2217606342650319,0.19881961175436144,-0.022941022510670456,3.0,2.413952262443491,-0.586047737556509,87.04695226380213,81.6257824172372,3.0,4.0,3,1
0.6610169491525424,0.059933456238472516,0.23242993646637958,0.20919095158894788,-0.0232389848774317,3.0,2.42708879915299,-0.5729112008470101,90.91473462987807,85.10177635633742,3.0,4.0,3,3
0.6610169491525424,0.06659085292970618,0.2439786472668845,0.2205619223871178,-0.023416724879766704,3.0,2.441779938893161,-0.5582200611068391,95.16922122717666,88.9214307260585,3.0,4.0,3,3
0.6610169491525424,0.07398775195379542,0.25644016414853404,0.2330116241888096,-0.023428539959724437,3.0,2.458223341195845,-0.5417766588041548,99.82185019373456,93.11384388171395,3.0,4.0,3,3
0.6610169491525424,0.0822062970864025,0.26985170372897815,0.24662171838649977,-0.023229985342478388,3.0,2.4766462203755517,-0.5233537796244483,104.91025674712985,97.70951651541394,3.0,4.0,3,3
0.6610169491525424,0.09133775661785326,0.2842377978441054,0.2614756589278344,-0.02276213891627099,3.0,2.497309802792735,-0.502690197207265,110.45533008455976,102.74017762462869,3.0,4.0,3,3
0.6610169491525424,0.10148353690245611,0.29962150071342114,0.2776577040837772,-0.021963796629643928,3.0,2.520516217988917,-0.4794837820110831,116.49629521723232,108.2385418896531,3.0,4.0,3,3
0.6610169491525424,0.112756308492682,0.31601302765121325,0.2952516906785146,-0.020761336972698663,3.0,2.546616948902375,-0.4533830510976249,123.06334759264894,114.23799061932915,3.0,4.0,3,3
0.6610169491525424,0.1252812573641112,0.33341486966744416,0.31433954564089145,-0.01907532402655271,3.0,2.576024322101149,-0.4239756778988508,130.20349889220626,120.77216437599596,3.0,4.0,3,3
0.6610169491525424,0.13919747512620373,0.35180189055303984,0.3349995357010371,-0.016802354852002765,3.0,2.609223878016929,-0.390776121983071,137.89571361345912,127.87446258792944,3.0,4.0,3,3
0.6610169491525424,0.1546595036574134,0.37115635375515604,0.3573042284791171,-0.013852125276038962,3.0,2.6467934541811715,-0.3532065458188285,146.213407875498,135.57743681709482,3.0,4.0,3,3
0.6610169491525424,0.1718390513180699,0.39142604761419336,0.38131818198297535,-0.010107865631218016,3.0,2.689427657111083,-0.3105723428889169,155.13692316067682,143.91207542342593,3.0,4.0,3,3
0.6610169491525424,0.1909268997998548,0.4125575994546959,0.4070953882158177,-0.00546221123887819,3.0,2.737970042752569,-0.26202995724743117,164.72553208980474,152.9069810262467,3.0,4.0,3,3
0.6610169491525424,0.21213502278774823,0.43446868033679226,0.43467649164558236,0.00020781130879010679,3.0,2.793459269835149,-0.2065407301648512,174.9686510350038,162.58743995347703,3.0,4.0,3,3
0.6610169491525424,0.23569893996253266,0.45706379116263746,0.464085846763729,0.007022055601091537,3.0,2.857192989729812,-0.14280701027018816,185.86971651771282,172.974395256659,3.0,4.0,3,3
0.6610169491525424,0.26188033248543857,0.4802352999920161,0.4953284654621584,0.015093165470142333,3.0,2.930822270776845,-0.06917772922315502,197.45381081780897,184.0833355699704,3.0,4.0,3,3
0.6610169491525424,0.2909699490103167,0.503844444232407,0.5283869633954542,0.024542519163047172,3.0,3.016489507118242,0.01648950711824204,209.62931210577963,195.92313215249425,3.0,4.0,4,4
0.6610169491525424,0.32329083449507945,0.5759305613349169,0.5632185291517098,-0.012712032183207156,3.5,3.117043809802273,-0.382956190197727,225.76235817076082,208.49483202635628,3.0,4.0,4,4
0.6610169491525424,0.35920191766889,0.6007366033662395,0.5997520429282135,-0.000984560438025972,3.5,3.2363799005281195,-0.2636200994718805,239.4403559627215,221.7904622222391,3.0,4.0,4,4
0.6610169491525424,0.39910199699451043,0.6253622764206133,0.6378853212189923,0.012523044798379068,3.5,3.3800005883618747,-0.11999941163812533,253.67021959386352,235.7918530299016,3.0,4.0,4,4
0.6610169491525424,0.4434341693905757,0.6496366936188442,0.6774824727893054,0.02784577917046116,3.5,3.555990738386756,0.05599073838675617,268.3645410857616,250.46950310358707,3.0,4.0,4,4
0.6610169491525424,0.4926907508954772,0.6733987393104531,0.7183713605470665,0.044972621236613386,3.5,3.7767896534584025,0.27678965345840245,283.44511540252716,265.7814955825276,3.0,4.0,4,4
0.6610169491525424,0.5474187439176361,0.9594677913923665,0.7603414098807509,-0.19912638151161555,12.0,4.062619022274159,-7.937380977725841,299.77018655119764,281.67244188921643,4.0,4.0,5,4
0.6610169491525424,0.6082259117868763,0.8931884764467685,0.8031439337045255,-0.09004454274224294,7.75,4.4485636489465845,-3.3014363510534155,318.02184928582386,298.0725834184544,4.0,4.0,5,5
0.6610169491525424,0.6757875280657863,0.9997833053147487,0.8465048841218312,-0.15327842119291746,36.75,5.000429291033651,-31.74957070896635,335.1785608671343,314.89785054740435,4.0,4.0,5,5
0.6610169491525424,0.7508538755732771,0.9999997785286879,0.8901879250886595,-0.10981185344002842,65.25,5.855242180672935,-59.39475781932707,352.42382719084907,332.05439363485755,4.0,4.0,5,5
0.6610169491525424,0.8342585783982197,0.9999999365541077,0.9342338004528108,-0.06576613610129689,66.25,7.3656401671876575,-58.88435983281234,370.81069498231903,349.4575518741555,4.0,4.0,5,5
0.6610169491525424,0.9269278594315465,0.9999999999860665,0.9804476164169922,-0.019552383569074294,95.25,11.478222347173118,-83.77177765282688,387.62409054803044,367.11433252314396,4.0,4.0,5,5
0.6610169491525424,1.029890826223217,0.9999999999998319,1.0,1.680877659282487e-13,105.25,273.25965027979447,168.00965027979447,405.1160305032942,383.4694270449579,4.0,4.0,5,5
0.6610169491525424,1.1442908993901826,1.0,1.0,0.0,382.25,277.2468367136653,-105.00316328633471,430.9403930405829,398.65853467191073,3.0,4.0,5,5
0.6610169491525424,1.2713985104896872,1.0,1.0,0.0,395.25,281.1661231586063,-114.0838768413937,445.61148218531065,413.53917168667084,3.0,4.0,5,5
0.6610169491525424,1.412625210369881,1.0,1.0,0.0,408.25,284.99858173415413,-123.25141826584587,459.7320886790979,428.0394434535488,3.0,4.0,5,5
0.6610169491525424,1.5695393446732664,1.0,1.0,0.0,420.75,288.7272613040124,-132.02273869598758,473.2877811567638,442.09593508834394,3.0,4.0,5,5
0.6610169491525424,1.7438834705720385,1.0,1.0,0.0,432.75,292.3375840106938,-140.41241598930623,486.1024968486332,455.65498236159465,3.0,4.0,5,5
0.6610169491525424,1.9375937081510104,1.0,1.0,0.0,444.25,295.8177721034064,-148.4322278965936,498.23007245090207,468.67383524040184,3.0,4.0,5,5
0.6610169491525424,2.1528212413383825,1.0,1.0,0.0,455.25,299.15946302024855,-156.09053697975145,509.6616645634221,481.12197133961274,3.0,4.0,5,5
0.6610169491525424,2.3919562071557467,1.0,1.0,0.0,466.25,302.3591360366652,-163.89086396333482,520.4337162093352,492.9836611335485,3.0,4.0,5,5
0.6610169491525424,2.657654238581348,1.0,1.0,0.0,476.25,305.4237646671699,-170.8262353328301,530.4797399730248,504.26776478872137,3.0,4.0,5,5
0.6610169491525424,2.952865955789426,1.0,1.0,0.0,486.25,308.442617422604,-177.80738257739603,539.8855291170469,515.1326696502575,3.0,4.0,5,5
0.6610169491525424,3.2808697332707224,1.0,1.0,0.0,456.25,644.7208535575255,188.47085355752552,553.3299066991398,523.5837072640882,3.0,3.0,5,5
0.6610169491525424,3.64530810671838,1.0,1.0,0.0,465.75,646.0554248506212,180.3054248506212,561.2964932732959,530.8040402588498,3.0,3.0,5,5
0.6610169491525424,4.050228223983634,1.0,1.0,0.0,475.25,647.3094450400804,172.0594450400804,568.761724784875,537.523871956844,3.0,3.0,5,5
0.6610169491525424,4.500126789315846,1.0,1.0,0.0,484.25,648.48418211472,164.23418211472006,575.6477605575518,543.7640618545486,3.0,3.0,5,5
0.6610169491525424,5.000000000000001,1.0,1.0,0.0,492.25,649.5815771848038,157.3315771848038,581.882472335,549.5473416722663,3.0,3.0,5,5
0.6779661016949152,0.01,0.13408327190164945,0.11903947700258069,-0.015043794899068763,3.0,2.3329970220918774,-0.6670029779081226,57.21574836118068,55.13179684820288,3.0,4.0,1,1
0.6779661016949152,0.011110798059892322,0.13654209726871147,0.12121786820506807,-0.015324229063643405,3.0,2.3354138975671965,-0.6645861024328035,58.0248776514072,55.84928942743874,3.0,4.0,1,1
0.6779661016949152,0.012344983352770704,0.1392623779085916,0.12363195499584957,-0.01563042291274204,3.0,2.338102201686707,-0.661897798313293,58.927716098948544,56.644786676410476,3.0,4.0,1,1
0.6779661016949152,0.013716261708536773,0.14226312349789563,0.1263064764295245,-0.015956647068371133,3.0,2.3410933113482324,-0.6589066886517676,59.92075439665082,57.52656279741285,3.0,4.0,1,1
0.6779661016949152,0.015239861398018572,0.1455767821021972,0.12926859311157046,-0.01630818899062675,3.0,2.344421405537288,-0.6555785944627122,61.02275342845099,58.50372202999392,3.0,4.0,1,1
0.6779661016949152,0.016932702245413263,0.14923124052556233,0.1325480827947087,-0.01668315773085363,3.0,2.34812545629684,-0.6518745437031601,62.24235108240875,59.58627079322262,3.0,4.0,1,1
0.6779661016949152,0.018813583525707212,0.1532583729449141,0.13617754389283013,-0.017080829052083968,3.0,2.3522481801453985,-0.6477518198546015,63.59150866603068,60.785193655133746,3.0,4.0,1,1
0.6779661016949152,0.020903392733704982,0.15769407213170808,0.14019260059110283,-0.017501471540605246,3.0,2.356838412157959,-0.6431615878420409,65.08868902680048,62.112532159690254,3.0,4.0,1,1
0.6779661016949152,0.023225337543081658,0.16257339935430973,0.14463211096000972,-0.01794128839430001,3.0,2.3619500305037957,-0.6380499694962043,66.74112548339619,63.58146644283493,3.0,4.0,1,1
0.6779661016949152,0.02580520353140161,0.167932530736188,0.14953836902991036,-0.01839416170627764,3.0,2.3676440928655222,-0.6323559071344778,68.56249100626361,65.20639802951233,3.0,4.0,1,1
0.6779661016949152,0.028671640533182347,0.17382070249626547,0.1549572992693257,-0.018863403226939773,3.0,2.3739885575312667,-0.6260114424687333,70.58760443720733,67.003032654716,3.0,4.0,1,1
0.6779661016949152,0.031856480801001244,0.1802701706885312,0.16093863356141622,-0.019331537127114995,3.0,2.3810602896788633,-0.6189397103211367,72.81034440503832,68.98846161425784,3.0,4.0,1,1
0.6779661016949152,0.03539509250787618,0.18733394460558875,0.16753606442056782,-0.019797880185020933,3.0,2.388945540145506,-0.6110544598544938,75.27245390292265,71.18123884139447,3.0,4.0,1,1
0.6779661016949152,0.03932677251662197,0.19505118061824647,0.17480736216850237,-0.0202438184497441,3.0,2.397741973190569,-0.6022580268094311,77.97623023777265,73.60145139117745,3.0,4.0,1,1
0.6779661016949152,0.04369518277795103,0.2034754681428296,0.18281444704490107,-0.020661021097928528,3.0,2.407559117715574,-0.5924408822844258,80.96525576939847,76.27077989057506,3.0,4.0,3,1
0.6779661016949152,0.048548835203589866,0.21264375744039282,0.19162339445002285,-0.021020362990369967,3.0,2.418522025091807,-0.5814779749081929,84.23551477930202,79.21254356647323,3.0,4.0,3,1
0.6779661016949152,0.05394163039900783,0.2226153789242542,0.20130436699438709,-0.02131101192986712,3.0,2.4307720066688496,-0.5692279933311504,87.84870080096943,82.45172704584935,3.0,4.0,3,3
0.6779661016949152,0.059933456238472516,0.23342760796107018,0.21193144513156048,-0.021496162829509696,3.0,2.4444697090832057,-0.5555302909167943,91.81112991350066,86.01498104942605,3.0,4.0,3,3
0.6779661016949152,0.06659085292970618,0.24512001561860705,0.22358233575765069,-0.021537679860956366,3.0,2.459799064230175,-0.5402009357698252,96.13869135626285,89.9305899643059,3.0,4.0,3,3
0.6779661016949152,0.07398775195379542,0.25774017985597114,0.23633794290739757,-0.021402236948573572,3.0,2.476970073615667,-0.523029926384333,100.89053036297699,94.22840115183308,3.0,4.0,3,3
0.6779661016949152,0.0822062970864025,0.27131943251730944,0.25028176192944307,-0.021037670587866375,3.0,2.496224626712502,-0.5037753732874979,106.08684138473495,98.93970270785572,3.0,4.0,3,3
0.6779661016949152,0.09133775661785326,0.28588529695730486,0.26549908268832034,-0.020386214268984515,3.0,2.5178423180128457,-0.48215768198715425,111.75897598907473,104.09704461199387,3.0,4.0,3,3
0.6779661016949152,0.10148353690245611,0.3014536370111255,0.28207597200025347,-0.019377665010872014,3.0,2.5421475322451452,-0.4578524677548548,117.92723612630941,109.73399095617948,3.0,4.0,3,3
0.6779661016949152,0.112756308492682,0.318040697513289,0.3000980063747043,-0.01794269113858471,3.0,2.5695192678482286,-0.4304807321517714,124.64854820164342,115.88479134565743,3.0,4.0,3,3
0.6779661016949152,0.1252812573641112,0.33563731149317855,0.3196487403543487,-0.015988571138829843,3.0,2.600403670710513,-0.3995963292894871,131.91972560856593,122.583964423252,3.0,4.0,3,3
0.6779661016949152,0.13919747512620373,0.354231531296661,0.340807894961677,-0.013423636334984002,3.0,2.6353295680077298,-0.3646704319922702,139.7896417418418,129.8657818704759,3.0,4.0,3,3
0.6779661016949152,0.1546595036574134,0.37378921290947725,0.36364925598920395,-0.010139956920273308,3.0,2.6749299660732517,-0.32507003392674827,148.25668069456,137.76364525363252,3.0,4.0,3,3
0.6779661016949152,0.1718390513180699,0.3942755659657325,0.3882382910335004,-0.006037274932232106,3.0,2.719970451062546,-0.280029548937454,157.3982887411709,146.30935089854492,3.0,4.0,3,3
0.6779661016949152,0.1909268997998548,0.4156160509137035,0.4146295021072525,-0.000986548806450993,3.0,2.7713883242860917,-0.22861167571390828,167.17993008272936,155.5322409846257,3.0,4.0,3,3
0.6779661016949152,0.21213502278774823,0.4377338608021305,0.4428635509767227,0.005129690174592194,3.0,2.8303468372148943,-0.16965316278510567,177.62638774631827,165.4582444189335,3.0,4.0,3,3
0.6779661016949152,0.23569893996253266,0.46053124230004727,0.47296418810220925,0.012432945802161977,3.0,2.8983152800065013,-0.1016847199934987,188.7405434911581,176.10881180664012,3.0,4.0,3,3
0.6779661016949152,0.26188033248543857,0.4838940349712001,0.5049350813785054,0.02104104640730531,3.0,2.977182722545696,-0.02281727745430384,200.51718592635132,187.49976697981305,3.0,4.0,3,4
0.6779661016949152,0.2909699490103167,0.5545070489191001,0.538756579601003,-0.015750469318097093,3.5,3.069433691620363,-0.43056630837963716,216.07802889148263,199.64009062712896,3.0,4.0,4,4
0.6779661016949152,0.32329083449507945,0.5794745085930373,0.5743824763999006,-0.005092032193136697,3.5,3.1784216226427833,-0.3215783773572167,229.4270172360691,212.53065556150003,3.0,4.0,4,4
0.6779661016949152,0.35920191766889,0.6044063933963798,0.6117368362823884,0.007330442886008592,3.5,3.308811315055938,-0.19118868494406183,243.31479295363567,226.1629541552337,3.0,4.0,4,4
0.6779661016949152,0.39910199699451043,0.6291450446962161,0.6507108199704426,0.02156577527422643,3.5,3.4673300248163312,-0.032669975183668765,257.7916696283615,240.5178170358055,3.0,4.0,4,4
0.6779661016949152,0.4434341693905757,0.6535179941245155,0.6911594914214995,0.03764149729698396,3.5,3.664097151171884,0.16409715117188384,272.76596597493415,255.5641443209544,3.0,4.0,4,4
0.6779661016949152,0.4926907508954772,0.9213718648985226,0.7328985945023104,-0.1884732703962122,10.0,3.915115499496462,-6.084884500503538,288.363402192804,271.2576256796973,4.0,4.0,5,4
0.6779661016949152,0.5474187439176361,0.9696285350207785,0.7757022191275689,-0.19392631589320963,13.5,4.247216391499389,-9.25278360850061,305.40315319196185,287.5394808026534,4.0,4.0,5,4
0.6779661016949152,0.6082259117868763,0.9948766147185224,0.8193064000825512,-0.17557021463597122,23.25,4.708543123939307,-18.541456876060693,323.7884084143917,304.3355913124624,4.0,4.0,5,5
0.6779661016949152,0.6757875280657863,0.9999923563904077,0.8634396702117183,-0.13655268617868943,52.75,5.392771041044032,-47.35722895895597,341.3736634795146,321.5579765653175,4.0,4.0,5,5
0.6779661016949152,0.7508538755732771,0.9999999935082433,0.9079495946076696,-0.09205039890057376,81.25,6.507053972769056,-74.74294602723094,358.8748078502328,339.1150472595183,4.0,4.0,5,5
0.6779661016949152,0.8342585783982197,0.9999999986868067,0.9532664445369214,-0.046733554149885226,82.75,8.702314504963566,-74.04768549503643,377.3083170896291,356.94470909929646,4.0,4.0,5,5
0.6779661016949152,0.9269278594315465,0.9999999999732647,1.0,2.6735280655998395e-11,92.75,270.9749045267902,178.22490452679023,395.442166238605,374.9814088980556,4.0,4.0,5,5
0.6779661016949152,1.029890826223217,0.9999999999999228,1.0,7.716050021144838e-14,108.25,275.08916542352324,166.83916542352324,412.8986818509737,390.67839507604907,4.0,4.0,5,5
0.6779661016949152,1.1442908993901826,1.0,1.0,0.0,393.25,279.1539526313996,-114.09604736860041,437.6858094043444,406.1343667550221,3.0,4.0,5,5
0.6779661016949152,1.2713985104896872,1.0,1.0,0.0,406.25,283.14843132472,-123.10156867528002,452.5252836233728,421.26884937641745,3.0,4.0,5,5
0.6779661016949152,1.412625210369881,1.0,1.0,0.0,419.25,287.05340931061727,-132.19659068938273,466.72912286550974,436.00862281903136,3.0,4.0,5,5
0.6779661016949152,1.5695393446732664,1.0,1.0,0.0,431.75,290.8518118256486,-140.8981881743514,480.3548958313408,450.28933723200646,3.0,4.0,5,5
0.6779661016949152,1.7438834705720385,1.0,1.0,0.0,443.75,294.5291867453047,-149.22081325469532,493.226952793279,464.0570280514245,3.0,4.0,5,5
0.6779661016949152,1.9375937081510104,1.0,1.0,0.0,455.25,298.07438924447956,-157.17561075552044,505.4009194566441,477.2697942078833,3.0,4.0,5,5
0.6779661016949152,2.1528212413383825,1.0,1.0,0.0,466.75,301.4809965396805,-165.26900346031948,516.9068290789959,489.90061662529274,3.0,4.0,5,5
0.6779661016949152,2.3919562071557467,1.0,1.0,0.0,477.25,304.7522878133043,-172.4977121866957,527.6692684071805,501.94628078339724,3.0,4.0,5,5
0.6779661016949152,2.657654238581348,1.0,1.0,0.0,487.75,307.9467715300558,-179.8032284699442,537.7708758622879,513.5063514944034,3.0,4.0,5,5
0.6779661016949152,2.952865955789426,1.0,1.0,0.0,458.25,644.5921233501523,186.3421233501523,551.768277771225,523.0007031100004,3.0,3.0,5,5
0.6779661016949152,3.2808697332707224,1.0,1.0,0.0,468.75,646.0367278391329,177.28672783913294,560.4878061932907,530.819491461098,3.0,3.0,5,5
0.6779661016949152,3.64530810671838,1.0,1.0,0.0,478.75,647.3986061902611,168.64860619026115,568.5632108444338,538.1140504375236,3.0,3.0,5,5
0.6779661016949152,4.050228223983634,1.0,1.0,0.0,487.75,648.678272883869,160.928272883869,575.9181255829135,544.9031072195025,3.0,3.0,5,5
0.6779661016949152,4.500126789315846,1.0,1.0,0.0,496.75,649.8770503862836,153.1270503862836,582.7992978010882,551.2079118588554,3.0,3.0,5,5
0.6779661016949152,5.000000000000001,1.0,1.0,0.0,505.25,650.9969442238585,145.74694422385846,589.0455689687184,557.0515728638356,3.0,3.0,5,5
0.6949152542372882,0.01,0.13372255900584187,0.1195312914722429,-0.014191267533598978,3.0,2.3462342754530265,-0.6537657245469735,57.35325636277594,55.290573315365336,3.0,4.0,1,1
0.6949152542372882,0.011110798059892322,0.13621739636349992,0.12176267228581433,-0.014454724077685582,3.0,2.3487413933034995,-0.6512586066965005,58.183926955033236,56.02551716169046,3.0,4.0,1,1
0.6949152542372882,0.012344983352770704,0.13897436293958618,0.124235463543154,-0.014738899396432179,3.0,2.351530715578702,-0.648469284421298,59.10224709124683,56.84036624069869,3.0,4.0,1,1
0.6949152542372882,0.013716261708536773,0.1420170870833008,0.12697500012724364,-0.01504208695605716,3.0,2.3546342817542616,-0.6453657182457384,60.11676704895627,57.74359712063088,3.0,4.0,1,1
0.6949152542372882,0.015239861398018572,0.14537691118106133,0.13000909538091598,-0.015367815800145346,3.0,2.3580880665627784,-0.6419119334372216,61.242580533407974,58.744536887056825,3.0,4.0,1,1
0.6949152542372882,0.016932702245413263,0.14908209791309476,0.13336824162295888,-0.015713856290135886,3.0,2.361932450090536,-0.6380675499094641,62.488502299722846,59.85343702394428,3.0,4.0,1,1
0.6949152542372882,0.018813583525707212,0.15316658811646602,0.1370858175571217,-0.016080770559344315,3.0,2.366212515183725,-0.633787484816275,63.87190456533776,61.081551390791084,3.0,4.0,1,1
0.6949152542372882,0.020903392733704982,0.15766162110161824,0.14119829889951432,-0.01646332220210392,3.0,2.370978595566704,-0.629021404433296,65.39607857859033,62.44121705254136,3.0,4.0,1,1
0.6949152542372882,0.023225337543081658,0.1626077216457014,0.14574546982367428,-0.016862251822027108,3.0,2.376287100260379,-0.6237128997396209,67.08402356690134,63.94593802948064,3.0,4.0,1,1
0.6949152542372882,0.02580520353140161,0.16803981919557356,0.1507706291607154,-0.01726919003485816,3.0,2.3822020043560777,-0.6177979956439223,68.94445491450901,65.61047000959212,3.0,4.0,1,1
0.6949152542372882,0.028671640533182347,0.1740075575285899,0.15632078905599733,-0.017686768472592568,3.0,2.3887944381567654,-0.6112055618432346,71.01284818408654,67.45090557072272,3.0,4.0,1,1
0.6949152542372882,0.031856480801001244,0.1805436419158763,0.16244685531756412,-0.01809678659831218,3.0,2.3961446157656616,-0.6038553842343384,73.28306011973034,69.48475773650536,3.0,4.0,1,1
0.6949152542372882,0.03539509250787618,0.18770148684932997,0.1692037813010235,-0.01849770554830646,3.0,2.404343383491506,-0.595656616508494,75.79755054368691,71.73103868616144,3.0,4.0,1,1
0.6949152542372882,0.03932677251662197,0.1955206478279458,0.17665068820363258,-0.018869959624313204,3.0,2.4134929790860054,-0.5865070209139946,78.55876955764303,74.21033265518301,3.0,4.0,1,1
0.6949152542372882,0.04369518277795103,0.20405507799550213,0.18485093541378797,-0.019204142581714156,3.0,2.4237086362263662,-0.5762913637736338,81.61102750809414,76.94485784750573,3.0,4.0,3,1
0.6949152542372882,0.048548835203589866,0.21334476010182696,0.19387212362539863,-0.01947263647642833,3.0,2.435122167307419,-0.5648778326925812,84.95670154717021,79.95851290021693,3.0,4.0,3,1
0.6949152542372882,0.05394163039900783,0.22344112480129877,0.2037860222901487,-0.019655102511150074,3.0,2.447882677358576,-0.5521173226414242,88.63940102422852,83.27690443448255,3.0,4.0,3,3
0.6949152542372882,0.059933456238472516,0.23438976982803453,0.21466839297599088,-0.019721376852043643,3.0,2.462159980350408,-0.5378400196495918,92.68472177594377,86.92734838589323,3.0,4.0,3,3
0.6949152542372882,0.06659085292970618,0.2462335391947736,0.2265986862392579,-0.019634852955515675,3.0,2.478148942772533,-0.521851057227467,97.12237210569604,90.93883680908196,3.0,4.0,3,3
0.6949152542372882,0.07398775195379542,0.2590083443318727,0.23965959590631977,-0.019348748425552925,3.0,2.4960730908205737,-0.5039269091794263,101.97427681099352,95.34196560249056,3.0,4.0,3,3
0.6949152542372882,0.0822062970864025,0.2727509939850721,0.2539364359065239,-0.01881455807854815,3.0,2.5161897554236945,-0.4838102445763055,107.27938124391562,100.16880990905017,3.0,4.0,3,3
0.6949152542372882,0.09133775661785326,0.28748527279847397,0.26951631162809797,-0.017968961170375997,3.0,2.538798680616311,-0.4612013193836888,113.0591126341418,105.45274018967393,3.0,4.0,3,3
0.6949152542372882,0.10148353690245611,0.30323655764102747,0.286487078260668,-0.016749479380359478,3.0,2.564247224753491,-0.4357527752465091,119.36517706571567,111.22816963283753,3.0,4.0,3,3
0.6949152542372882,0.112756308492682,0.3200066799086751,0.3049360215674493,-0.015070658341225784,3.0,2.5929447440139493,-0.40705525598605075,126.20695324410052,117.53021457473358,3.0,4.0,3,3
0.6949152542372882,0.1252812573641112,0.33779218516861353,0.3249482917811039,-0.01284389338750963,3.0,2.625373843120179,-0.3746261568798208,133.61139653063978,124.39427115609479,3.0,4.0,3,3
0.6949152542372882,0.13919747512620373,0.3565873553359745,0.34660502062170306,-0.009982334714271457,3.0,2.6621108383638794,-0.3378891616361206,141.65120729412214,131.8554804004754,3.0,4.0,3,3
0.6949152542372882,0.1546595036574134,0.37634569095868364,0.36998116489007477,-0.006364526068608878,3.0,2.7038487097888733,-0.29615129021112674,150.28527253910497,139.9480921482949,3.0,4.0,3,3
0.6949152542372882,0.1718390513180699,0.39703433886951256,0.39514303320102756,-0.0018913056684849994,3.0,2.751432311034297,-0.24856768896570314,159.6049892780294,148.70470462070088,3.0,4.0,3,3
0.6949152542372882,0.1909268997998548,0.4185768723858526,0.4221455585969539,0.0035686862111012907,3.0,2.8059030458563954,-0.19409695414360462,169.57477499055557,158.15539293566124,3.0,4.0,3,3
0.6949152542372882,0.21213502278774823,0.4408944073923255,0.45102930270290076,0.010134895310575265,3.0,2.868566323193956,-0.131433676806044,180.21932560660326,168.32671487338087,3.0,4.0,3,3
0.6949152542372882,0.23569893996253266,0.46388698901075676,0.48181727875780783,0.017930289747051076,3.0,2.9410858050338007,-0.05891419496619932,191.5409622336516,179.2406142162878,3.0,4.0,3,3
0.6949152542372882,0.26188033248543857,0.4874381777928041,0.5145116118831796,0.027073434090375548,3.0,3.0256266775948473,0.02562667759484727,203.53370410359372,190.9132243983543,3.0,4.0,3,4
0.6949152542372882,0.2909699490103167,0.5577886916413054,0.5490901081224907,-0.008698583518814695,3.5,3.1250749446626305,-0.37492505533736953,219.47241178585105,203.35359552203352,3.0,4.0,4,4
0.6949152542372882,0.32329083449507945,0.5828908063405976,0.5855027718583374,0.0026119655177397894,3.5,3.243386158993237,-0.2566138410067631,233.02455112462073,216.56236701031173,3.0,4.0,4,4
0.6949152542372882,0.35920191766889,0.6079503499232488,0.6236682573270166,0.015717907403767772,3.5,3.3861634418368354,-0.11383655816316463,247.18828181938056,230.53039958663933,3.0,4.0,4,4
0.6949152542372882,0.39910199699451043,0.6327962603315245,0.6634701989528768,0.03067393862135237,3.5,3.561657022300644,0.06165702230064385,261.909784462175,245.23737658501716,3.0,4.0,4,4
0.6949152542372882,0.4434341693905757,0.6572587219824935,0.7047533388233119,0.04749461684081846,3.5,3.782580274302748,0.2825802743027479,277.12957423223145,260.650365044486,3.0,4.0,4,4
0.6949152542372882,0.4926907508954772,0.9376834420781324,0.7473196994816411,-0.19036374259649125,10.5,4.069593010697283,-6.430406989302717,293.6096654903357,276.72232071673153,4.0,4.0,5,4
0.6949152542372882,0.5474187439176361,0.9170366964851057,0.7909271276535589,-0.12610956883154678,9.75,4.458368102385431,-5.291631897614569,312.05623363467805,293.390677142094,4.0,4.0,5,4
0.6949152542372882,0.6082259117868763,0.9997582958708486,0.8353012144050402,-0.1644570814658084,38.75,5.014851648104377,-33.735148351895624,329.635882812979,310.57699936023045,4.0,4.0,5,5
0.6949152542372882,0.6757875280657863,0.9999996591025379,0.880200041783986,-0.11979961731855182,67.75,5.871960900101108,-61.87803909989889,347.42266988702295,328.1915938620396,4.0,4.0,5,5
0.6949152542372882,0.7508538755732771,0.9999998958295311,0.9256409735723717,-0.07435892225715934,68.75,7.3517521152272725,-61.39824788477273,366.2843023101914,346.152194782245,4.0,4.0,5,5
0.6949152542372882,0.8342585783982197,0.9999999999686713,0.9729681920575937,-0.02703180791107762,98.75,10.933357757586032,-87.81664224241396,383.76531215332545,364.4444550989528,4.0,4.0,5,5
0.6949152542372882,0.9269278594315465,0.9999999999995617,1.0,4.383160501220118e-13,109.25,272.7137401464775,163.4637401464775,401.96558473893145,381.8561078658656,4.0,4.0,5,5
0.6949152542372882,1.029890826223217,0.9999998719438044,1.0,1.280561956473747e-07,54.75,276.90651302303144,222.15651302303144,428.3660814597371,397.82481561642606,4.0,4.0,5,5
0.6949152542372882,1.1442908993901826,1.0,1.0,0.0,403.75,281.04768902384563,-122.70231097615437,444.34291160349346,413.540314302531,3.0,4.0,5,5
0.6949152542372882,1.2713985104896872,1.0,1.0,0.0,416.75,285.1160940558359,-131.6339059441641,459.274228164352,428.92042855265896,3.0,4.0,5,5
0.6949152542372882,1.412625210369881,1.0,1.0,0.0,429.75,289.0923146025871,-140.65768539741288,473.55511234376,443.8905462261317,3.0,4.0,5,5
0.6949152542372882,1.5695393446732664,1.0,1.0,0.0,442.25,292.9592656705549,-149.29073432944512,487.17068766643746,458.38545063968525,3.0,4.0,5,5
0.6949152542372882,1.7438834705720385,1.0,1.0,0.0,454.75,296.70291896862597,-158.04708103137403,500.2100019487201,472.3513266969081,3.0,4.0,5,5
0.6949152542372882,1.9375937081510104,1.0,1.0,0.0,466.25,300.3136334523887,-165.93636654761133,512.4238889019169,485.7487451176708,3.0,4.0,5,5
0.6949152542372882,2.1528212413383825,1.0,1.0,0.0,477.75,303.7901740273855,-173.9598259726145,523.960179744881,498.56033759739995,3.0,4.0,5,5
0.6949152542372882,2.3919562071557467,1.0,1.0,0.0,488.25,307.1661359361891,-181.0838640638109,534.7454377346859,510.83726029518107,3.0,4.0,5,5
0.6949152542372882,2.657654238581348,1.0,1.0,0.0,459.25,644.3142945561445,185.06429455614455,549.3321714901518,521.6077413004431,3.0,3.0,5,5
0.6949152542372882,2.952865955789426,1.0,1.0,0.0,470.25,645.8716412873655,175.6216412873655,558.7291296187313,530.049856514788,3.0,3.0,5,5
0.6949152542372882,3.2808697332707224,1.0,1.0,0.0,480.75,647.3449660144757,166.59496601447574,567.4503169915299,537.9466156130386,3.0,3.0,5,5
0.6949152542372882,3.64530810671838,1.0,1.0,0.0,490.75,648.733883486515,157.98388348651497,575.5238401731638,545.3139190865082,3.0,3.0,5,5
0.6949152542372882,4.050228223983634,1.0,1.0,0.0,500.25,650.0389518763945,149.78895187639455,582.8937390984053,552.1708948297413,3.0,3.0,5,5
0.6949152542372882,4.500126789315846,1.0,1.0,0.0,488.25,651.2615497860379,163.0115497860379,593.1281686226711,558.5391838794073,3.0,3.0,5,5
0.6949152542372882,5.000000000000001,1.0,1.0,0.0,497.75,652.4037479677086,154.65374796770857,599.2707015741186,564.4422669273516,3.0,3.0,5,5
0.711864406779661,0.01,0.13336408973050076,0.12002264440621063,-0.01334144532429013,3.0,2.359661797952141,-0.6403382020478592,57.4883709157073,55.44918172688087,3.0,4.0,1,1
0.711864406779661,0.011110798059892322,0.1358943442372425,0.12230696041279643,-0.013587383824446075,3.0,2.3622615252446857,-0.6377384747553143,58.338628359456145,56.20155890843174,3.0,4.0,1,1
0.711864406779661,0.012344983352770704,0.13868678843399235,0.12483839513294494,-0.01384839330104741,3.0,2.365153843857116,-0.634846156142884,59.27389090287903,57.03574010628965,3.0,4.0,1,1
0.711864406779661,0.013716261708536773,0.14177222553294871,0.1276428777354314,-0.014129347797517317,3.0,2.3683727417665077,-0.6316272582334923,60.31218774508645,57.96040402719865,3.0,4.0,1,1
0.711864406779661,0.015239861398018572,0.1451771148174944,0.13074887331302681,-0.014428241504467587,3.0,2.3719554370094564,-0.6280445629905436,61.46168176597744,58.985100360019466,3.0,4.0,1,1
0.711864406779661,0.016932702245413263,0.14892993058246246,0.13418758770395786,-0.014742342878504594,3.0,2.3759436554857536,-0.6240563445142464,62.73080701154464,60.12032560636488,3.0,4.0,1,1
0.711864406779661,0.018813583525707212,0.15307064092240802,0.13799317819368837,-0.015077462728719654,3.0,2.3803849259333227,-0.6196150740666773,64.14613751534452,61.377602575768954,3.0,4.0,1,1
0.711864406779661,0.020903392733704982,0.15762522396945525,0.14220297036670623,-0.015422253602749014,3.0,2.3853313251456725,-0.6146686748543275,65.7022385108905,62.76956379622819,3.0,4.0,1,1
0.711864406779661,0.023225337543081658,0.162634398321247,0.14685767204287567,-0.015776726278371317,3.0,2.3908420303079776,-0.6091579696920224,67.42176532325219,64.31003677552631,3.0,4.0,1,1
0.711864406779661,0.02580520353140161,0.16814382876058434,0.15200158499061844,-0.016142243769965897,3.0,2.396983546292178,-0.6030164537078222,69.33501201070361,66.01413128532418,3.0,4.0,1,1
0.711864406779661,0.028671640533182347,0.17418512515429446,0.15768280597990647,-0.01650231917438799,3.0,2.403830557520269,-0.5961694424797308,71.43615477341156,67.8983265148115,3.0,4.0,1,1
0.711864406779661,0.031856480801001244,0.18080569241895098,0.16395341086454499,-0.01685228155440599,3.0,2.4114669974544096,-0.5885330025455904,73.75354480247829,69.98055677534437,3.0,4.0,1,1
0.711864406779661,0.03539509250787618,0.18805527523379462,0.17086961046365223,-0.017185664770142384,3.0,2.419988108560211,-0.5800118914397889,76.32008425976225,72.28029243191762,3.0,4.0,1,1
0.711864406779661,0.03932677251662197,0.19597381462735944,0.17849187195848734,-0.017481942668872097,3.0,2.4295010137488147,-0.5704989862511853,79.13837533777595,74.8186145796661,3.0,4.0,1,1
0.711864406779661,0.04369518277795103,0.2046156124591937,0.18688498759634808,-0.01773062486284563,3.0,2.440127314627172,-0.5598726853728282,82.2534468803143,77.61827865546519,3.0,4.0,3,1
0.711864406779661,0.048548835203589866,0.21402346611046374,0.19611807778406998,-0.017905388326393767,3.0,2.452005287510111,-0.547994712489889,85.6772929352874,80.70376263614064,3.0,4.0,3,1
0.711864406779661,0.05394163039900783,0.22424150652181132,0.20626451137881763,-0.017976995142993696,3.0,2.465292148076697,-0.5347078519233031,89.42575309923251,84.10129503700306,3.0,4.0,3,3
0.711864406779661,0.059933456238472516,0.23532302718240256,0.21740171973054775,-0.0179213074518548,3.0,2.4801681056094833,-0.5198318943905167,93.55337103173034,87.83885625788828,3.0,4.0,3,3
0.711864406779661,0.06659085292970618,0.2473084130110558,0.22961088596017484,-0.017697527050880957,3.0,2.4968394095485573,-0.5031605904514427,98.0808718862158,91.94614574204546,3.0,4.0,3,3
0.711864406779661,0.07398775195379542,0.2602335091358189,0.24297648190695648,-0.01725702722886241,3.0,2.515543333027746,-0.4844566669722541,103.03049901205134,96.45450799269305,3.0,4.0,3,3
0.711864406779661,0.0822062970864025,0.2741349109695595,0.2575856209597061,-0.01654929000985339,3.0,2.536554609995802,-0.46344539000419793,108.44182969444273,101.39680420183375,3.0,4.0,3,3
0.711864406779661,0.09133775661785326,0.2890393849902073,0.2735272100150374,-0.015512174975169934,3.0,2.5601928590564067,-0.4398071409435933,114.34714412821836,106.80722598123567,3.0,4.0,3,3
0.711864406779661,0.10148353690245611,0.30496166296154403,0.2908908607537468,-0.014070802207797217,3.0,2.5868322329479283,-0.4131677670520717,120.76716006753544,112.7210327174616,3.0,4.0,3,3
0.711864406779661,0.112756308492682,0.3219128864088795,0.309765546942381,-0.012147339466498486,3.0,2.6169131646165638,-0.38308683538343624,127.74299810067676,119.1742087683152,3.0,4.0,3,3
0.711864406779661,0.1252812573641112,0.33989256827664943,0.33023797169175667,-0.00965459658489276,3.0,2.6509590436471635,-0.3490409563528365,135.32338430978177,126.20302329063985,3.0,4.0,3,3
0.711864406779661,0.13919747512620373,0.35887552123296546,0.35239063962190315,-0.00648488161106231,3.0,2.6895971581281644,-0.31040284187183564,143.499961963413,133.84348654768687,3.0,4.0,3,3
0.711864406779661,0.1546595036574134,0.37883232932205985,0.3762996178053866,-0.002532711516673225,3.0,2.73358719846001,-0.2664128015399898,152.3211719633078,142.13069047004637,3.0,4.0,3,3
0.711864406779661,0.1718390513180699,0.39971304967770854,0.4020319911146362,0.0023189414369276795,3.0,2.783861183933915,-0.21613881606608487,161.7953115589331,151.09803116702258,3.0,4.0,3,3
0.711864406779661,0.1909268997998548,0.4214511387164806,0.42964302664932374,0.008191887932843145,3.0,2.841578120162014,-0.15842187983798617,171.95113069541853,160.7763061783563,3.0,4.0,3,3
0.711864406779661,0.21213502278774823,0.44396176586485053,0.459173079013,0.015211313148149441,3.0,2.908202359301505,-0.09179764069849483,182.79141876635913,171.19269240704247,3.0,4.0,3,3
0.711864406779661,0.23569893996253266,0.4671465434558459,0.49064425294737946,0.02349770949153357,3.0,2.9856214532745087,-0.014378546725491326,194.3378685389752,182.3696040171635,3.0,4.0,3,3
0.711864406779661,0.26188033248543857,0.4908834784391342,0.5240569083073731,0.033173429868238846,3.0,3.076320395892255,0.07632039589225492,206.57578526271686,194.32345366080554,3.0,4.0,3,4
0.711864406779661,0.2909699490103167,0.5609540078559583,0.5593859927374267,-0.0015680151185315516,3.5,3.1836574052169473,-0.3163425947830527,222.8053085256004,207.06331548621986,3.0,4.0,4,4
0.711864406779661,0.32329083449507945,0.5861886579285281,0.596577253440122,0.010388595511593879,3.5,3.312309061456473,-0.1876909385435268,236.595070428462,220.58952228504376,3.0,4.0,4,4
0.711864406779661,0.35920191766889,0.6113667020966387,0.6355432393952333,0.02417653729859459,3.5,3.4690239518531616,-0.03097604814683841,250.98850475438155,234.89218956459945,3.0,4.0,4,4
0.711864406779661,0.39910199699451043,0.6363147477845613,0.6761590322385027,0.03984428445394139,3.5,3.6639514538343083,0.1639514538343083,265.9481764112871,249.94967537718367,3.0,4.0,4,4
0.711864406779661,0.4434341693905757,0.9062836885346155,0.7182576192732614,-0.18802606926135412,9.5,3.9131145257852062,-5.586885474214794,281.67200986022766,265.72693857101615,4.0,4.0,5,4
0.711864406779661,0.4926907508954772,0.9479202978539797,0.7616258451192149,-0.18629445273476475,11.5,4.243240265391071,-7.256759734608929,298.8627069680952,282.1738331679322,4.0,4.0,5,4
0.711864406779661,0.5474187439176361,0.994732036966225,0.8060062002492282,-0.18872583671699683,24.75,4.701704983564559,-20.04829501643544,317.50548819906714,299.2237570024818,4.0,4.0,5,5
0.711864406779661,0.6082259117868763,0.9999871307870749,0.8511260303949787,-0.1488611003920962,53.75,5.3783106065471635,-48.37168939345284,335.4153090369936,316.794766328946,4.0,4.0,5,5
0.711864406779661,0.6757875280657863,0.9999999844452677,0.8968180165339866,-0.10318196791128109,82.75,6.461839109845453,-76.28816089015454,353.46637349261647,334.7995108367342,4.0,4.0,5,5
0.711864406779661,0.7508538755732771,0.9999999968648003,0.9433993482959616,-0.05660064856883873,84.75,8.488131742697428,-76.26186825730257,372.4004365564809,353.1736344347588,4.0,4.0,5,5
0.711864406779661,0.8342585783982197,0.9999999999174501,1.0,8.254985583988628e-11,94.75,270.140372692051,175.39037269205102,391.12461936632764,372.26387433528373,4.0,4.0,5,5
0.711864406779661,0.9269278594315465,0.9999999999999917,1.0,8.326672684688674e-15,125.25,274.44146994822444,149.19146994822444,408.44406941950086,388.67374577009554,4.0,4.0,5,5
0.711864406779661,1.029890826223217,1.0,1.0,0.0,400.75,278.7115794118249,-122.03842058817509,435.29075177888467,404.9071652264298,3.0,4.0,5,5
0.711864406779661,1.1442908993901826,1.0,1.0,0.0,414.25,282.9278952742692,-131.3221047257308,450.89140395666107,420.8742587739182,3.0,4.0,5,5
0.711864406779661,1.2713985104896872,1.0,1.0,0.0,427.25,287.0689305738318,-140.18106942616822,465.83405690182764,436.4910369066491,3.0,4.0,5,5
0.711864406779661,1.412625210369881,1.0,1.0,0.0,440.25,291.115129721178,-149.134870278822,480.25732030554366,451.6814832515071,3.0,4.0,5,5
0.711864406779661,1.5695393446732664,1.0,1.0,0.0,452.75,295.0496176348149,-157.70038236518508,493.9298850916276,466.3798222211914,3.0,4.0,5,5
0.711864406779661,1.7438834705720385,1.0,1.0,0.0,465.25,298.85942326219254,-166.39057673780746,506.9391385727177,480.5336331540739,3.0,4.0,5,5
0.711864406779661,1.9375937081510104,1.0,1.0,0.0,476.75,302.5385981128186,-174.2114018871814,519.2642911296278,494.1104366654068,3.0,4.0,5,5
0.711864406779661,2.1528212413383825,1.0,1.0,0.0,488.25,306.10338260001055,-182.14661739998945,530.8269964734045,507.12548219347195,3.0,4.0,5,5
0.711864406779661,2.3919562071557467,1.0,1.0,0.0,459.75,643.8845928721133,184.13459287211333,546.0235739156361,519.384199274127,3.0,3.0,5,5
0.711864406779661,2.657654238581348,1.0,1.0,0.0,471.25,645.5563436290664,174.30634362906642,556.127258320188,528.4712694894563,3.0,3.0,5,5
0.711864406779661,2.952865955789426,1.0,1.0,0.0,482.25,647.1438124216754,164.89381242167542,565.526112431265,536.9952066090594,3.0,3.0,5,5
0.711864406779661,3.2808697332707224,1.0,1.0,0.0,492.75,648.6455701493032,155.89557014930324,574.245192128025,544.9683361134457,3.0,3.0,5,5
0.711864406779661,3.64530810671838,1.0,1.0,0.0,502.75,650.0612618242466,147.31126182424657,582.3134682410627,552.4069607316127,3.0,3.0,5,5
0.711864406779661,4.050228223983634,1.0,1.0,0.0,491.25,651.3914913649284,160.14149136492836,592.9895023824924,559.3306104041317,3.0,3.0,5,5
0.711864406779661,4.500126789315846,1.0,1.0,0.0,501.25,652.6376945232588,151.3876945232588,599.7631566726051,565.7613120826121,3.0,3.0,5,5
0.711864406779661,5.000000000000001,1.0,1.0,0.0,510.25,653.8020091998417,143.55200919984168,605.883675314394,571.7229237654781,3.0,3.0,5,5
0.7288135593220338,0.01,0.13301110807284044,0.12051352540635632,-0.012497582666484125,3.0,2.3732835810107655,-0.6267164189892345,57.62529603540206,55.60761892993142,3.0,4.0,1,1
0.7288135593220338,0.011110798059892322,0.13557432239814515,0.12285072123620001,-0.012723601161945139,3.0,2.3759778395469775,-0.6240221604530225,58.4929648000981,56.377411181743454,3.0,4.0,1,1
0.7288135593220338,0.012344983352770704,0.13840310839408115,0.1254407365639735,-0.01296237183010765,3.0,2.3789761399035347,-0.6210238600964653,59.44742807782269,57.230904274814556,3.0,4.0,1,1
0.7288135593220338,0.013716261708536773,0.14152677651781603,0.1283100945756549,-0.013216681942161135,3.0,2.3823131062323237,-0.6176868937676763,60.50438498749064,58.17697901775542,3.0,4.0,1,1
0.7288135593220338,0.015239861398018572,0.14497560849153207,0.13148791086195635,-0.013487697629575718,3.0,2.3860276367166087,-0.6139723632833913,61.677238125630765,59.225407526618845,3.0,4.0,1,1
0.7288135593220338,0.016932702245413263,0.14877858881958494,0.135006102591873,-0.013772486227711933,3.0,2.3901639023795735,-0.6098360976204265,62.97515321373994,60.386930932546434,3.0,4.0,1,1
0.7288135593220338,0.018813583525707212,0.1529703858347349,0.13889960564539722,-0.01407078018933769,3.0,2.39476996496087,-0.60523003503913,64.41607459915336,61.67334109023207,3.0,4.0,1,1
0.7288135593220338,0.020903392733704982,0.1575850259075841,0.14320659230188376,-0.014378433605700347,3.0,2.3999013853783264,-0.6000986146216736,66.00718038141171,63.09756550968344,3.0,4.0,1,1
0.7288135593220338,0.023225337543081658,0.16265779198541244,0.14796869221330167,-0.014689099772110775,3.0,2.4056197312660523,-0.5943802687339477,67.76172332430943,64.67375498577731,3.0,4.0,1,1
0.7288135593220338,0.02580520353140161,0.168234519561427,0.15323120739805854,-0.015003312163368449,3.0,2.411994283151581,-0.5880057168484192,69.70968989384018,66.41737309702246,3.0,4.0,1,1
0.7288135593220338,0.028671640533182347,0.174351468748569,0.1590433172277407,-0.01530815152082829,3.0,2.4191027567430874,-0.5808972432569126,71.85311064205455,68.34528563869071,3.0,4.0,1,1
0.7288135593220338,0.031856480801001244,0.18105667894036806,0.16545826329524693,-0.015598415645121128,3.0,2.42703351690434,-0.57296648309566,74.22182324915205,70.4758476820411,3.0,4.0,1,1
0.7288135593220338,0.03539509250787618,0.18839573451277142,0.1725335103008422,-0.015862224211929205,3.0,2.435886046855013,-0.5641139531449868,76.84008422367948,72.82898761480351,3.0,4.0,1,1
0.7288135593220338,0.03932677251662197,0.19641118107086317,0.1803308660528835,-0.016080315017979657,3.0,2.4457730464113423,-0.5542269535886577,79.71508164665293,75.42628312877855,3.0,4.0,1,1
0.7288135593220338,0.04369518277795103,0.20515765493952998,0.18891655039204328,-0.0162411045474867,3.0,2.456822285114323,-0.5431777148856769,82.89255347794307,78.29102654043731,3.0,4.0,3,1
0.7288135593220338,0.048548835203589866,0.21467824474839603,0.19836119674088348,-0.016317048007512547,3.0,2.4691789153206636,-0.5308210846793364,86.384742504563,81.44827496806403,3.0,4.0,3,1
0.7288135593220338,0.05394163039900783,0.2250173013721755,0.20873976347788087,-0.01627753789429462,3.0,2.4830094004282737,-0.5169905995717263,90.20780981673919,84.92487811847856,3.0,4.0,3,3
0.7288135593220338,0.059933456238472516,0.23622826955254447,0.22013134453144428,-0.01609692502110019,3.0,2.4985038077284125,-0.5014961922715875,94.4171383780505,88.7494810815161,3.0,4.0,3,3
0.7288135593220338,0.06659085292970618,0.24835157584510015,0.23261884383242995,-0.015732732012670197,3.0,2.5158806961087983,-0.4841193038912017,99.03382875625148,92.95249041974225,3.0,4.0,3,3
0.7288135593220338,0.07398775195379542,0.2614261389654005,0.2462884947276787,-0.01513764423772182,3.0,2.5353925323637676,-0.4646074676362324,104.08964513594483,97.56599788788932,3.0,4.0,3,3
0.7288135593220338,0.0822062970864025,0.2754821461968899,0.2612291959396791,-0.014252950257210795,3.0,2.5573319461371296,-0.44266805386287045,109.60713343474114,102.62365119681093,3.0,4.0,3,3
0.7288135593220338,0.09133775661785326,0.2905456623322877,0.27753163210105974,-0.013014030231227935,3.0,2.5820405248785403,-0.4179594751214597,115.61671374252981,108.16046106304603,3.0,4.0,3,3
0.7288135593220338,0.10148353690245611,0.30663747280575526,0.2952871491954416,-0.011350323610313684,3.0,2.6099205745267695,-0.3900794254732305,122.16001977952506,114.21253307108319,3.0,4.0,3,3
0.7288135593220338,0.112756308492682,0.3237682388124472,0.31458637839688824,-0.009181860415558962,3.0,2.6414462111715706,-0.35855378882842937,129.2813299984134,120.81671798576069,3.0,4.0,3,3
0.7288135593220338,0.1252812573641112,0.3419294973367379,0.33551753892737723,-0.006411958409360652,3.0,2.677185051637936,-0.32281494836206415,137.00567880429205,128.01015631430408,3.0,4.0,3,3
0.7288135593220338,0.13919747512620373,0.36109462139204807,0.35816445816085984,-0.002930163231188221,3.0,2.7178204153489802,-0.2821795846510198,145.32146349632166,135.8297227019906,3.0,4.0,3,3
0.7288135593220338,0.1546595036574134,0.3812438246023267,0.38260425783796775,0.0013604332356410564,3.0,2.764185328601162,-0.23581467139883783,154.32127692267503,144.31134866912316,3.0,4.0,3,3
0.7288135593220338,0.1718390513180699,0.4023184779999431,0.40890471877185847,0.006586240771915386,3.0,2.817308988852893,-0.18269101114710695,163.99322922378647,153.4892191970967,3.0,4.0,3,3
0.7288135593220338,0.1909268997998548,0.42424190536641465,0.43712135240711203,0.012879447040697378,3.0,2.8784808852011357,-0.12151911479886435,174.30924552196035,163.3948467844259,3.0,4.0,3,3
0.7288135593220338,0.21213502278774823,0.4469392872942741,0.4672941616855189,0.02035487439124478,3.0,2.949347306962592,-0.050652693037407825,185.34295175842576,174.05600880156354,3.0,4.0,3,3
0.7288135593220338,0.23569893996253266,0.4703102654557563,0.4994441708852229,0.02913390542946659,3.0,3.0320509778684954,0.03205097786849542,197.12124588412573,185.49556884478523,3.0,4.0,3,3
0.7288135593220338,0.26188033248543857,0.5387461345238901,0.5335697153057339,-0.0051764192181561475,3.5,3.1294488306215515,-0.37055116937844845,212.72444953127112,197.7301816773112,3.0,4.0,4,4
0.7288135593220338,0.2909699490103167,0.5640075740256207,0.5696425194412268,0.005634945415606052,3.5,3.245455606980251,-0.25454439301974885,226.08122573682678,210.76889161625067,3.0,4.0,4,4
0.7288135593220338,0.32329083449507945,0.589373799221543,0.6076035209493329,0.018229721727789916,3.5,3.3856139170296973,-0.11438608297030273,240.12696100794818,224.6116370272848,3.0,4.0,4,4
0.7288135593220338,0.35920191766889,0.6146685972071879,0.6473583540937297,0.03268975688654174,3.5,3.558072703337532,0.058072703337531895,254.789721646022,239.24765334939005,3.0,4.0,4,4
0.7288135593220338,0.39910199699451043,0.6397101057858052,0.6887723602634711,0.04906225447766588,3.5,3.775353183929112,0.2753531839291119,269.9456448633791,254.65376078545208,3.0,4.0,4,4
0.7288135593220338,0.4434341693905757,0.9147371918112632,0.7316652953533477,-0.18307189645791555,9.5,4.057691366726069,-5.442308633273931,286.509924272893,270.79250428228045,4.0,4.0,5,4
0.7288135593220338,0.4926907508954772,0.9053260811286109,0.7758080290546061,-0.1295180520740048,9.75,4.439659386139829,-5.310340613860171,305.01682038944557,287.610300915855,4.0,4.0,5,4
0.7288135593220338,0.5474187439176361,0.9996379977114465,0.8209321300384446,-0.1787058676730019,39.25,4.983863855077652,-34.26613614492235,322.9923317906083,305.03660341014216,4.0,4.0,5,5
0.7288135593220338,0.6082259117868763,0.9999992267891534,0.8667897465157552,-0.13320948027339818,68.25,5.811604268156221,-62.43839573184378,341.1344360224833,322.9879683899507,4.0,4.0,5,5
0.7288135593220338,0.6757875280657863,0.9999997422862243,0.9133506682062309,-0.08664907407999345,69.25,7.195603270328129,-62.05439672967187,360.3463721126538,341.38482563096215,4.0,4.0,5,5
0.7288135593220338,0.7508538755732771,0.9999999998796959,0.961489763837309,-0.0385102360423869,99.75,10.151558215863751,-89.59844178413624,378.51143141562625,360.1925969634606,4.0,4.0,5,5
0.7288135593220338,0.8342585783982197,0.9999999999979712,1.0,2.028821555200011e-12,110.75,271.7788914534119,161.02889145341192,397.32869586464955,378.753940166449,4.0,4.0,5,5
0.7288135593220338,0.9269278594315465,0.9999998973460308,1.0,1.0265396921393943e-07,59.75,276.15799254338896,216.40799254338896,423.40107836581853,395.4330072658456,4.0,4.0,5,5
0.7288135593220338,1.029890826223217,1.0,1.0,0.0,410.75,280.5042269270743,-130.24577307292572,441.5928911785438,411.9236018322237,3.0,4.0,5,5
0.7288135593220338,1.1442908993901826,1.0,1.0,0.0,424.25,284.794397177495,-139.455602822505,457.21456967338094,428.13367543030574,3.0,4.0,5,5
0.7288135593220338,1.2713985104896872,1.0,1.0,0.0,437.75,289.0067541618259,-148.74324583817412,472.35243380789603,443.97734613541957,3.0,4.0,5,5
0.7288135593220338,1.412625210369881,1.0,1.0,0.0,450.75,293.1217523255581,-157.62824767444192,486.7643905391143,459.37736315217956,3.0,4.0,5,5
0.7288135593220338,1.5695393446732664,1.0,1.0,0.0,463.25,297.12316794041845,-166.12683205958155,500.56154507783714,474.2683058451116,3.0,4.0,5,5
0.7288135593220338,1.7438834705720385,1.0,1.0,0.0,475.75,301.0005119761142,-174.74948802388582,513.6099168474558,488.6023752881916,3.0,4.0,5,5
0.7288135593220338,1.9375937081510104,1.0,1.0,0.0,487.25,304.75796051169635,-182.49203948830365,525.8884287204005,502.3671411855536,3.0,4.0,5,5
0.7288135593220338,2.1528212413383825,1.0,1.0,0.0,498.75,308.5783368840518,-190.1716631159482,537.5488793385224,515.8640420146296,3.0,4.0,5,5
0.7288135593220338,2.3919562071557467,1.0,1.0,0.0,471.25,645.0880963980343,173.83809639803428,552.6361861602358,526.0628296170746,3.0,3.0,5,5
0.7288135593220338,2.657654238581348,1.0,1.0,0.0,482.75,646.7913467507702,164.04134675077023,562.7439684011592,535.2356803176173,3.0,3.0,5,5
0.7288135593220338,2.952865955789426,1.0,1.0,0.0,494.25,648.408631826671,154.158631826671,572.1642848690686,543.839718083044,3.0,3.0,5,5
0.7288135593220338,3.2808697332707224,1.0,1.0,0.0,504.75,649.938537478338,145.18853747833805,580.8777124434193,551.8876703100268,3.0,3.0,5,5
0.7288135593220338,3.64530810671838,1.0,1.0,0.0,493.25,651.3807413759662,158.13074137596618,592.1079188573949,559.396244159873,3.0,3.0,5,5
0.7288135593220338,4.050228223983634,1.0,1.0,0.0,503.75,652.7358949615352,148.98589496153522,599.4572951986736,566.385370601394,3.0,3.0,5,5
0.7288135593220338,4.500126789315846,1.0,1.0,0.0,513.75,654.0054941800391,140.25549418003914,606.2188914899739,572.8774749351286,3.0,3.0,5,5
0.7288135593220338,5.000000000000001,1.0,1.0,0.0,511.25,655.1917441432859,143.94174414328586,614.4343766583947,578.8967811270313,3.0,3.0,5,5
0.7457627118644068,0.01,0.1326618873331491,0.12100392339103772,-0.011657963942111382,3.0,2.387104285531678,-0.6128957144683218,57.76195043618026,55.7658815415205,3.0,4.0,1,1
0.7457627118644068,0.011110798059892322,0.13525422306580628,0.12339394221204217,-0.011860280853764116,3.0,2.3898955722572293,-0.6101044277427707,58.640512271006855,56.55307021414371,3.0,4.0,1,1
0.7457627118644068,0.012344983352770704,0.13811984947543218,0.12604247436417454,-0.012077375111257643,3.0,2.3930021594802393,-0.6069978405197607,59.61798400626032,57.42585468438374,3.0,4.0,1,1
0.7457627118644068,0.013716261708536773,0.14128429199894357,0.12897663554156286,-0.012307656457380717,3.0,2.3964601881103604,-0.6035398118896396,60.698578143212586,58.39331756421068,3.0,4.0,1,1
0.7457627118644068,0.015239861398018572,0.14477607579946625,0.13222619059574622,-0.012549885203720024,3.0,2.400310323736632,-0.5996896762633681,61.89484559124104,59.46545322029575,3.0,4.0,1,1
0.7457627118644068,0.016932702245413263,0.14862624181921644,0.13582376795129536,-0.012802473867921077,3.0,2.4045974323234995,-0.5954025676765005,63.2186381925357,60.6532473903901,3.0,4.0,1,1
0.7457627118644068,0.018813583525707212,0.1528698074352082,0.13980507837263376,-0.013064729062574443,3.0,2.409373195882655,-0.590626804117345,64.68818351303784,61.96876049897579,3.0,4.0,1,1
0.7457627118644068,0.020903392733704982,0.1575391716496738,0.14420914037732646,-0.013330031272347331,3.0,2.414694569975837,-0.5853054300241629,66.30733137772094,63.425214881606394,3.0,4.0,1,1
0.7457627118644068,0.023225337543081658,0.16267599557889523,0.14907850319569343,-0.013597492383201792,3.0,2.4206260482489603,-0.5793739517510397,68.10027109475658,65.03708450386644,3.0,4.0,1,1
0.7457627118644068,0.02580520353140161,0.16831860023216833,0.1544594668826157,-0.013859133349552633,3.0,2.4272395876352686,-0.5727604123647314,70.0803799484426,66.82018657267098,3.0,4.0,1,1
0.7457627118644068,0.028671640533182347,0.17451134353107275,0.16040228908103854,-0.014109054450034214,3.0,2.4346168925112592,-0.5653831074887408,72.27251773207456,68.79177276948991,3.0,4.0,1,1
0.7457627118644068,0.031856480801001244,0.18129463227043657,0.16696137466048597,-0.014333257609950606,3.0,2.4428502800525176,-0.5571497199474824,74.6830240018662,70.97061903553362,3.0,4.0,1,1
0.7457627118644068,0.03539509250787618,0.18872086875183267,0.1741954376393734,-0.01452543111245927,3.0,2.452043899439742,-0.547956100560258,77.35227262715117,73.37711137140165,3.0,4.0,1,1
0.7457627118644068,0.03932677251662197,0.19683322898599637,0.1821676218990821,-0.014665607086914279,3.0,2.4623159488081012,-0.5376840511918988,80.28892132974113,76.0333237778754,3.0,4.0,1,1
0.7457627118644068,0.04369518277795103,0.2056791638750335,0.19094556895650586,-0.014733594918527632,3.0,2.4738008210319107,-0.5261991789680893,83.5221427178692,78.96308521808143,3.0,4.0,3,1
0.7457627118644068,0.048548835203589866,0.21530702607503804,0.20060141726993955,-0.014705608805098497,3.0,2.4866512550856,-0.5133487449144001,87.071982368604,82.19203128720333,3.0,4.0,3,3
0.7457627118644068,0.05394163039900783,0.22576925763536176,0.21121170734946845,-0.014557550285893311,3.0,2.501042997214246,-0.49895700278575417,90.98562227047496,85.74763281523859,3.0,4.0,3,3
0.7457627118644068,0.059933456238472516,0.23710635290880522,0.2228571858631147,-0.014249167045690514,3.0,2.5171764975064446,-0.48282350249355543,95.27608262820014,89.6591991878884,3.0,4.0,3,3
0.7457627118644068,0.06659085292970618,0.24936400215646562,0.23562246355754043,-0.013741538598925185,3.0,2.5352839205006616,-0.46471607949933835,99.98131026296288,93.95784306104957,3.0,4.0,3,3
0.7457627118644068,0.07398775195379542,0.262581041100106,0.24959552404605467,-0.012985517054051321,3.0,2.5556329607672534,-0.44436703923274656,105.13354467763746,98.67640389341287,3.0,4.0,3,3
0.7457627118644068,0.0822062970864025,0.27678743580643284,0.26486703257473526,-0.011920403231697574,3.0,2.578535554086558,-0.421464445913442,110.75560927259212,103.84931448966428,3.0,4.0,3,3
0.7457627118644068,0.09133775661785326,0.29200886827327865,0.28152942714246293,-0.010479441130815725,3.0,2.6043578895798434,-0.3956421104201566,116.87831985501529,109.51240352481759,3.0,4.0,3,3
0.7457627118644068,0.10148353690245611,0.3082690106061448,0.2996757681335825,-0.008593242472562324,3.0,2.633530768327183,-0.36646923167281686,123.55575540213407,115.70262263476346,3.0,4.0,3,3
0.7457627118644068,0.112756308492682,0.3255674113625122,0.3193983043479155,-0.00616910701459672,3.0,2.6665664887579634,-0.3334335112420366,130.79710235332587,122.45768509100091,3.0,4.0,3,3
0.7457627118644068,0.1252812573641112,0.3439050035306603,0.3407867374606334,-0.003118266070026854,3.0,2.7040795430017184,-0.2959204569982816,138.66312401620831,129.8156021058637,3.0,4.0,3,3
0.7457627118644068,0.13919747512620373,0.36325418976468077,0.3639261692728524,0.0006719795081716051,3.0,2.7468145056627704,-0.2531854943372296,147.1448359050365,137.81410965181155,3.0,4.0,3,3
0.7457627118644068,0.1546595036574134,0.38358648748691443,0.38889470616734095,0.005308218680426524,3.0,2.7956860986014376,-0.20431390139856243,156.30726303030852,146.48997102565974,3.0,4.0,3,3
0.7457627118644068,0.1718390513180699,0.4048415322769173,0.41576074999917345,0.010919217722256125,3.0,2.8518306927115207,-0.14816930728847932,166.13468908273225,155.87815480295086,3.0,4.0,3,3
0.7457627118644068,0.1909268997998548,0.4269520889288826,0.44457993622332764,0.017627847294445054,3.0,2.9166855532210336,-0.08331444677896638,176.64936249468678,166.01087226835799,3.0,4.0,3,3
0.7457627118644068,0.21213502278774823,0.4498301672822625,0.4753917789286451,0.025561611646382598,3.0,2.992101899901174,-0.007898100098826077,187.87420327994198,176.91648626673822,3.0,4.0,3,3
0.7457627118644068,0.23569893996253266,0.473377064257873,0.5082160146049003,0.034838950347027275,3.0,3.0805161113617956,0.0805161113617956,199.85293219964393,188.618282447361,3.0,4.0,3,4
0.7457627118644068,0.26188033248543857,0.5415623342252307,0.5430486664597283,0.0014863322344975671,3.5,3.1852170690253856,-0.3147829309746144,215.7530357788057,201.1331160048397,3.0,4.0,4,4
0.7457627118644068,0.2909699490103167,0.5669583342585373,0.5798577991558576,0.0128994648973203,3.5,3.310778740909884,-0.1892212590901159,229.3277584761572,214.4699346674002,3.0,4.0,4,4
0.7457627118644068,0.32329083449507945,0.59244679093433,0.6185789099213259,0.026132118986995967,3.5,3.4637838470342124,-0.03621615296578762,243.5969223790432,228.62818073556585,3.0,4.0,4,4
0.7457627118644068,0.35920191766889,0.6178498284851874,0.6591097776544376,0.04125994916925013,3.5,3.6540965653024635,0.15409656530246352,258.4866260641264,243.59605049768652,3.0,4.0,4,4
0.7457627118644068,0.39910199699451043,0.8780858000951591,0.7013046998636197,-0.17678110023153948,8.5,3.897196712158623,-4.602803287841377,274.16971083037686,259.34858183872683,4.0,4.0,5,4
0.7457627118644068,0.4434341693905757,0.9218326455585091,0.7449688757750812,-0.17686376978342788,10.0,4.218657345935937,-5.781342654064063,291.33966309638134,275.84558534887543,4.0,4.0,5,4
0.7457627118644068,0.4926907508954772,0.9914728295319477,0.7898579513068321,-0.2016148782251156,23.75,4.663056094542844,-19.086943905457154,310.1043596739498,293.0298362020313,4.0,4.0,5,4
0.7457627118644068,0.5474187439176361,0.999972167617899,0.8357029364157765,-0.16426923120212245,53.25,5.312391274323452,-47.93760872567655,328.3385100133861,310.8275832754464,4.0,4.0,5,5
0.7457627118644068,0.6082259117868763,0.9999999525460985,0.8823159193908675,-0.11768403315523102,82.75,6.3297282937914074,-76.4202717062086,346.760223109606,329.15720068420427,4.0,4.0,5,5
0.7457627118644068,0.6757875280657863,0.9999999879732335,0.929882836647039,-0.07011715132619456,84.25,8.127466470742355,-76.12253352925765,366.1230597949997,347.9524194658232,4.0,4.0,5,5
0.7457627118644068,0.7508538755732771,0.9999999999952901,0.9808067716597767,-0.0191932283355134,114.75,13.248922630894201,-101.5010773691058,384.46094270944076,367.2498321100303,4.0,4.0,5,5
0.7457627118644068,0.8342585783982197,0.9999999999999427,1.0,5.728750807065808e-14,126.25,273.407240497796,147.157240497796,403.3949432599407,385.19112166560154,4.0,4.0,5,5
0.7457627118644068,0.9269278594315465,0.9999999932792111,1.0,6.7207889253850794e-09,70.75,277.8631867308505,207.1131867308505,430.11021066262293,402.13232221994963,4.0,4.0,5,5
0.7457627118644068,1.029890826223217,1.0,1.0,0.0,420.75,282.2842953234383,-138.4657046765617,447.72776257989796,418.8719480038743,3.0,4.0,5,5
0.7457627118644068,1.1442908993901826,1.0,1.0,0.0,434.25,286.6470063328982,-147.60299366710183,463.5052122745158,435.3156513843318,3.0,4.0,5,5
0.7457627118644068,1.2713985104896872,1.0,1.0,0.0,447.75,290.9294061981623,-156.82059380183767,478.6407152920905,451.37570647343523,3.0,4.0,5,5
0.7457627118644068,1.412625210369881,1.0,1.0,0.0,460.75,295.112255598095,-165.63774440190502,493.18384531256106,466.9742565457882,3.0,4.0,5,5
0.7457627118644068,1.5695393446732664,1.0,1.0,0.0,473.25,299.18089299060307,-174.06910700939693,506.9516134855165,482.0485389243368,3.0,4.0,5,5
0.7457627118644068,1.7438834705720385,1.0,1.0,0.0,485.75,303.1307617173632,-182.6192382826368,520.1105885221058,496.5633259043527,3.0,4.0,5,5
0.7457627118644068,1.9375937081510104,1.0,1.0,0.0,497.25,307.003715675597,-190.246284324403,532.4152426623597,510.5767855542827,3.0,4.0,5,5
0.7457627118644068,2.1528212413383825,1.0,1.0,0.0,470.25,644.4654179401467,174.21541794014672,548.1468373415138,522.8073895517798,3.0,3.0,5,5
0.7457627118644068,2.3919562071557467,1.0,1.0,0.0,482.25,646.2848656666241,164.0348656666241,558.9918616965193,532.6468791824236,3.0,3.0,5,5
0.7457627118644068,2.657654238581348,1.0,1.0,0.0,494.25,648.0192923932466,153.7692923932466,569.1243122117552,541.9036671028682,3.0,3.0,5,5
0.7457627118644068,2.952865955789426,1.0,1.0,0.0,505.25,649.6660889114386,144.41608891143858,578.51835796528,550.5861284518651,3.0,3.0,5,5
0.7457627118644068,3.2808697332707224,1.0,1.0,0.0,494.75,651.2238588293743,156.4738588293743,590.4683091475181,558.7073962263446,3.0,3.0,5,5
0.7457627118644068,3.64530810671838,1.0,1.0,0.0,505.75,652.69231555018,146.94231555017996,598.4295175658983,566.2845901037284,3.0,3.0,5,5
0.7457627118644068,4.050228223983634,1.0,1.0,0.0,516.25,654.0721609561149,137.82216095611489,605.7656080789318,573.3380506965962,3.0,3.0,5,5
0.7457627118644068,4.500126789315846,1.0,1.0,0.0,514.25,655.3649523150613,141.11495231506126,614.6099825830513,579.8905966160877,3.0,3.0,5,5
0.7457627118644068,5.000000000000001,1.0,1.0,0.0,524.25,656.5729642399968,132.32296423999685,620.6068296989848,585.966825609046,3.0,3.0,5,5
0.7627118644067796,0.01,0.1323147517031603,0.12149382748407371,-0.010820924219086578,3.0,2.401128080289346,-0.5988719197106538,57.89607924553072,55.92396630967668,3.0,4.0,1,1
0.7627118644067796,0.011110798059892322,0.1349384955279686,0.12393661100315993,-0.011001884524808672,3.0,2.4040191073028847,-0.5959808926971153,58.79165357246365,56.728532266127125,3.0,4.0,1,1
0.7627118644067796,0.012344983352770704,0.13783898202893094,0.12664359456634203,-0.011195387462588913,3.0,2.407236593309791,-0.5927634066902092,59.78624520088008,57.62058708184945,3.0,4.0,1,1
0.7627118644067796,0.013716261708536773,0.1410412502240776,0.12964248492567737,-0.011398765298400226,3.0,2.4108188575890392,-0.5891811424109608,60.88945110302045,58.60941486864955,3.0,4.0,1,1
0.7627118644067796,0.015239861398018572,0.14457491861285776,0.13296369575222058,-0.011611222860637177,3.0,2.414807469403605,-0.585192530596395,62.10880756577276,59.70523224984918,3.0,4.0,1,1
0.7627118644067796,0.016932702245413263,0.1484710950480221,0.1366405635063739,-0.011830531541648204,3.0,2.4192503499682068,-0.5807496500317932,63.45811753717947,60.91926896694525,3.0,4.0,1,1
0.7627118644067796,0.018813583525707212,0.15276346790345638,0.14070957418751057,-0.012053893715945813,3.0,2.424200147140074,-0.5757998528599262,64.95056000298646,62.26385409458374,3.0,4.0,1,1
0.7627118644067796,0.020903392733704982,0.15749179408516517,0.1452105899181824,-0.012281204166982779,3.0,2.429716448788532,-0.5702835512114679,66.60980083619563,63.75250447839526,3.0,4.0,1,1
0.7627118644067796,0.023225337543081658,0.16268712646461317,0.15018707785820498,-0.012500048606408187,3.0,2.435866362217349,-0.5641336377826511,68.43348149012238,65.40001717500357,3.0,4.0,1,1
0.7627118644067796,0.02580520353140161,0.16839580053188064,0.15568633231515736,-0.01270946821672328,3.0,2.4427254327747514,-0.5572745672252486,70.45149740098314,67.22256233615154,3.0,4.0,1,1
0.7627118644067796,0.028671640533182347,0.1746627853967832,0.1617596865360186,-0.0129030988607646,3.0,2.4503792281320793,-0.5496207718679207,72.69004899913509,69.23777743954145,3.0,4.0,1,1
0.7627118644067796,0.031856480801001244,0.18152451580013357,0.16846270562760593,-0.013061810172527638,3.0,2.45892375377589,-0.5410762462241099,75.14686782197525,71.4648590827685,3.0,4.0,1,1
0.7627118644067796,0.03539509250787618,0.1890358883088182,0.1758553481089305,-0.013180540199887708,3.0,2.468468428065536,-0.531531571934464,77.86718822664399,73.9246504693765,3.0,4.0,1,1
0.7627118644067796,0.03932677251662197,0.19723792493803782,0.1840020890332233,-0.01323583590481453,3.0,2.4791370525432295,-0.5208629474567705,80.85406469475039,76.6397215794781,3.0,4.0,1,1
0.7627118644067796,0.04369518277795103,0.2061858919263355,0.1929719858105533,-0.013213906115782187,3.0,2.4910708270559563,-0.5089291729440437,84.15462055892958,79.63443772670018,3.0,4.0,3,1
0.7627118644067796,0.048548835203589866,0.21592089916828305,0.20283867352340768,-0.013082225644875378,3.0,2.504430966451765,-0.495569033548235,87.77177525914736,82.93501228485339,3.0,4.0,3,3
0.7627118644067796,0.05394163039900783,0.22649809588472278,0.21368026867513618,-0.012817827209586602,3.0,2.5194020275492233,-0.48059797245077673,91.75923991715298,86.56953744661593,3.0,4.0,3,3
0.7627118644067796,0.059933456238472516,0.23795810118314062,0.2255791572233787,-0.012378943959761912,3.0,2.5361965211515796,-0.46380347884842044,96.1302607770589,90.56798550193517,3.0,4.0,3,3
0.7627118644067796,0.06659085292970618,0.2503466294896377,0.23862164817252263,-0.01172498131711508,3.0,2.5550597712397587,-0.4449402287602413,100.92338193804893,94.96217571932246,3.0,4.0,3,3
0.7627118644067796,0.07398775195379542,0.26369928298548057,0.25289745602969527,-0.010801826955785299,3.0,2.576277087500786,-0.4237229124992141,106.16175982120716,99.78569355762873,3.0,4.0,3,3
0.7627118644067796,0.0822062970864025,0.27805198383659563,0.26849899577039454,-0.009552988066201085,3.0,2.6001804507744977,-0.39981954922550234,111.88679328522592,105.073756351531,3.0,4.0,3,3
0.7627118644067796,0.09133775661785326,0.293430350410909,0.28552043930645354,-0.007909911104455436,3.0,2.6271614658879128,-0.3728385341120872,118.13206118348191,110.86300997838025,3.0,4.0,3,3
0.7627118644067796,0.10148353690245611,0.30985088242423975,0.3040565319362922,-0.005794350487947575,3.0,2.657682672218653,-0.34231732778134694,124.93091987912517,117.19125071834361,3.0,4.0,3,3
0.7627118644067796,0.112756308492682,0.32731563307270567,0.3242011077034064,-0.0031145253692992925,3.0,2.6922970133251525,-0.3077029866748475,132.3028192094492,124.09705203702048,3.0,4.0,3,3
0.7627118644067796,0.1252812573641112,0.3458245831314817,0.3460453069990077,0.00022072386752602924,3.0,2.7316704975848567,-0.2683295024151433,140.30920815583607,131.61929258265695,3.0,4.0,3,3
0.7627118644067796,0.13919747512620373,0.3653489587911694,0.36967544770930955,0.004326488918140137,3.0,2.776615613221658,-0.22338438677834205,148.94077952071035,139.79656397127158,3.0,4.0,3,3
0.7627118644067796,0.1546595036574134,0.3858589122821158,0.39517056275958434,0.00931165047746857,3.0,2.82813526535174,-0.1718647346482598,158.2631072351275,148.66645746970192,3.0,4.0,3,3
0.7627118644067796,0.1718390513180699,0.4072962391827215,0.42259957530746095,0.015303336124739442,3.0,2.8874867619888405,-0.11251323801115953,168.27719360762612,158.26471304047644,3.0,4.0,3,3
0.7627118644067796,0.1909268997998548,0.4295807435055397,0.4520181369252981,0.022437393419758367,3.0,2.956272151489977,-0.043727848510023204,178.95321819829948,168.62423144562226,3.0,4.0,3,3
0.7627118644067796,0.21213502278774823,0.4526415751407986,0.4834650997007736,0.030823524559975002,3.0,3.036576166597662,0.03657616659766205,190.4134947009113,179.7739362288104,3.0,4.0,3,3
0.7627118644067796,0.23569893996253266,0.47635076015440037,0.516958681451474,0.04060792129707358,3.0,3.131172850384611,0.13117285038461102,202.54121803101904,191.73750349615088,3.0,4.0,3,4
0.7627118644067796,0.26188033248543857,0.5442851895549339,0.5524922566721716,0.008207067117237732,3.5,3.243855218513638,-0.2561447814863622,218.7558009176418,204.5319398339483,3.0,4.0,4,4
0.7627118644067796,0.2909699490103167,0.5698106213010107,0.5900297453500044,0.02021912404899373,3.5,3.3799761275586224,-0.12002387244137758,232.54528797861877,218.16602130950264,3.0,4.0,4,4
0.7627118644067796,0.32329083449507945,0.5954164082095357,0.6295004648659545,0.03408405665641878,3.5,3.547371205425591,0.04737120542559081,247.0343795708529,232.63857350742614,3.0,4.0,4,4
0.7627118644067796,0.35920191766889,0.6209230639085533,0.6707932715442946,0.04987020763574124,3.5,3.7580051342549288,0.25800513425492877,262.1472064506944,247.93656580218504,3.0,4.0,4,4
0.7627118644067796,0.39910199699451043,0.8942235021006801,0.7137500864276385,-0.18047341567304165,9.0,4.031036285590382,-4.968963714409618,278.609466229857,264.0329868171656,4.0,4.0,5,4
0.7627118644067796,0.4434341693905757,0.9281655041234508,0.7581607969292944,-0.1700047071941564,10.5,4.398732731147903,-6.101267268852097,296.15175843453557,280.8846249328746,4.0,4.0,5,4
0.7627118644067796,0.4926907508954772,0.9992478689298573,0.8037694397466242,-0.1954784291832331,37.75,4.918183297966606,-32.83181670203339,315.2179726085675,298.4306976864999,4.0,4.0,5,5
0.7627118644067796,0.5474187439176361,0.9999978158391726,0.8503248215245114,-0.1496729943146612,67.25,5.695593867439308,-61.55440613256069,333.6877788374534,316.5959071134173,4.0,4.0,5,5
0.7627118644067796,0.6082259117868763,0.9999999967248345,0.8977431489974553,-0.1022568477273792,96.75,6.951841518649592,-89.79815848135041,352.31624621156686,335.3045203424932,4.0,4.0,5,5
0.7627118644067796,0.6757875280657863,0.999999999427169,0.9465451976680038,-0.05345480175916517,99.25,9.363539143087092,-89.8864608569129,371.89655334550156,354.5088573411668,4.0,4.0,5,5
0.7627118644067796,0.7508538755732771,0.9999999999853333,1.0,1.4666712289113093e-11,109.75,270.481725828096,160.731725828096,391.23286321552104,374.2634840362079,4.0,4.0,5,5
0.7627118644067796,0.8342585783982197,0.9999998978531984,1.0,1.0214680157272227e-07,64.25,275.0253151119841,210.77531511198413,417.1880072552033,391.57409560762056,4.0,4.0,5,5
0.7627118644067796,0.9269278594315465,0.9999999994278925,1.0,5.721074725073549e-10,80.75,279.5569101597638,198.8069101597638,436.8587967540612,408.76984187844687,4.0,4.0,5,5
0.7627118644067796,1.029890826223217,1.0,1.0,0.0,430.25,284.0516069933772,-146.19839300662278,453.7895270308674,425.74970068130295,3.0,4.0,5,5
0.7627118644067796,1.1442908993901826,1.0,1.0,0.0,443.75,288.48554047641915,-155.26445952358085,469.574463372807,442.41697772583166,3.0,4.0,5,5
0.7627118644067796,1.2713985104896872,1.0,1.0,0.0,457.25,292.836822924765,-164.413177075235,484.84845348253776,458.68248934522336,3.0,4.0,5,5
0.7627118644067796,1.412625210369881,1.0,1.0,0.0,470.25,297.08709716655727,-173.16290283344273,499.3701713642594,474.4693836595806,3.0,4.0,5,5
0.7627118644067796,1.5695393446732664,1.0,1.0,0.0,483.25,301.22518256646975,-182.02481743353025,513.2960960262086,489.722681805069,3.0,4.0,5,5
0.7627118644067796,1.7438834705720385,1.0,1.0,0.0,495.25,305.26231722503917,-189.98768277496083,526.3688309847316,504.4401671291626,3.0,4.0,5,5
0.7627118644067796,1.9375937081510104,1.0,1.0,0.0,468.25,643.6882459019488,175.4382459019488,542.7261777705786,518.6923795020373,3.0,3.0,5,5
0.7627118644067796,2.1528212413383825,1.0,1.0,0.0,481.25,645.6229371361558,164.37293713615577,554.4460144094662,529.211431030479,3.0,3.0,5,5
0.7627118644067796,2.3919562071557467,1.0,1.0,0.0,493.75,647.4748837234347,153.7248837234347,565.3183405216654,539.138795177792,3.0,3.0,5,5
0.7627118644067796,2.657654238581348,1.0,1.0,0.0,505.25,649.2401631839705,143.99016318397048,575.4238055944053,548.4777117458576,3.0,3.0,5,5
0.7627118644067796,2.952865955789426,1.0,1.0,0.0,516.75,650.9161666534686,134.16616665346862,584.8329916014001,557.236953561366,3.0,3.0,5,5
0.7627118644067796,3.2808697332707224,1.0,1.0,0.0,506.25,652.501518734442,146.25151873444202,596.6247331948114,565.430066336952,3.0,3.0,5,5
0.7627118644067796,3.64530810671838,1.0,1.0,0.0,517.25,653.9959718918512,136.74597189185124,604.5738755941785,573.0745918221326,3.0,3.0,5,5
0.7627118644067796,4.050228223983634,1.0,1.0,0.0,515.75,655.4002808538761,139.6502808538761,614.0038464561749,580.1912837263266,3.0,3.0,5,5
0.7627118644067796,4.500126789315846,1.0,1.0,0.0,526.25,656.7160667615975,130.46606676159752,620.533982459404,586.8033608427675,3.0,3.0,5,5
0.7627118644067796,5.000000000000001,1.0,1.0,0.0,529.75,657.9456756005449,128.19567560054486,627.8997407161409,592.9357979446747,3.0,3.0,5,5
0.7796610169491526,0.01,0.13197127492635216,0.12198322559726836,-0.0099880493290838,3.0,2.415360549069011,-0.5846394509309891,58.02985146961878,56.0818695852758,3.0,4.0,1,1
0.7796610169491526,0.011110798059892322,0.13462733285628473,0.12447871471630041,-0.010148618139984314,3.0,2.41835321148974,-0.5816467885102599,58.94478365415322,56.90379342569766,3.0,4.0,1,1
0.7796610169491526,0.012344983352770704,0.13755996053376482,0.12724408254459998,-0.010315877989164834,3.0,2.421684744663072,-0.578315255336928,59.955699842560755,57.81509707735544,3.0,4.0,1,1
0.7796610169491526,0.013716261708536773,0.14079967570321436,0.13030762686409506,-0.010492048839119306,3.0,2.4253940602939124,-0.5746059397060876,61.077891230994524,58.82526620358874,3.0,4.0,1,1
0.7796610169491526,0.015239861398018572,0.14437398664579143,0.1337004075208372,-0.01067357912495423,3.0,2.429525272239699,-0.5704747277603008,62.321954070413746,59.944739007661056,3.0,4.0,1,1
0.7796610169491526,0.016932702245413263,0.14831508436364568,0.1374564696593031,-0.010858614704342573,3.0,2.434127308777535,-0.5658726912224652,63.69663163772249,61.18498968996522,3.0,4.0,1,1
0.7796610169491526,0.018813583525707212,0.15265864855831698,0.14161307129631442,-0.01104557726200256,3.0,2.439255470159697,-0.5607445298403029,65.22054139880986,62.558615226767444,3.0,4.0,1,1
0.7796610169491526,0.020903392733704982,0.15743730500912176,0.14621091653972787,-0.011226388469393889,3.0,2.4449719484953687,-0.5550280515046313,66.90166417535414,64.07942695808589,3.0,4.0,1,1
0.7796610169491526,0.023225337543081658,0.1626954804668894,0.1512943874783108,-0.011401092988578582,3.0,2.451346705306788,-0.5486532946932119,68.76917433543096,65.7625443475776,3.0,4.0,1,1
0.7796610169491526,0.02580520353140161,0.16846871425632703,0.1569117714295101,-0.011556942826816935,3.0,2.4584581185132275,-0.5415418814867725,70.82518652306038,67.62449072587759,3.0,4.0,1,1
0.7796610169491526,0.028671640533182347,0.17480186031373568,0.16311547362446635,-0.011686386689269329,3.0,2.466396076051752,-0.533603923948248,73.09410512599568,69.68328886583352,3.0,4.0,1,1
0.7796610169491526,0.031856480801001244,0.18174202864269326,0.16996221527067243,-0.011779813372020831,3.0,2.475260832987261,-0.524739167012739,75.60349762285307,71.95855566166725,3.0,4.0,1,1
0.7796610169491526,0.03539509250787618,0.18933418383656953,0.17751319570390792,-0.011820988132661608,3.0,2.4851667362847376,-0.5148332637152624,78.36618784952694,74.47159123686671,3.0,4.0,1,1
0.7796610169491526,0.03932677251662197,0.19763071700657533,0.18583421541946873,-0.0117965015871066,3.0,2.496243842167315,-0.5037561578326848,81.42215840475437,77.24546111969917,3.0,4.0,1,1
0.7796610169491526,0.04369518277795103,0.20667575371093502,0.19499574132636566,-0.011680012384569366,3.0,2.508640557772015,-0.491359442227985,84.78389792530618,80.30506653226567,3.0,4.0,3,1
0.7796610169491526,0.048548835203589866,0.21651523720981905,0.20507289818739455,-0.011442339022424503,3.0,2.522526682296303,-0.47747331770369694,88.4679234494836,83.6771982382652,3.0,4.0,3,3
0.7796610169491526,0.05394163039900783,0.2272016993518195,0.21614536948034493,-0.011056329871474563,3.0,2.5380961852381017,-0.46190381476189835,92.52109075523377,87.39056925735505,3.0,4.0,3,3
0.7796610169491526,0.059933456238472516,0.23878430770727244,0.22829717037923203,-0.010487137328040408,3.0,2.5555742349417425,-0.4444257650582575,96.97972806416779,91.47581458721356,3.0,4.0,3,3
0.7796610169491526,0.06659085292970618,0.25129440832281746,0.2416162930309552,-0.009678115291862271,3.0,2.575220674357844,-0.4247793256421559,101.83867768076507,95.96545866420436,3.0,4.0,3,3
0.7796610169491526,0.07398775195379542,0.26478512034926666,0.2561941711416713,-0.008590949207595344,3.0,2.5973382928525113,-0.4026617071474887,107.17982869715844,100.89383307026917,3.0,4.0,3,3
0.7796610169491526,0.0822062970864025,0.279280252608761,0.27212494738346293,-0.007155305225298059,3.0,2.6222814960579868,-0.37771850394201323,113.00672416830953,106.29693800796935,3.0,4.0,3,3
0.7796610169491526,0.09133775661785326,0.29481140351738505,0.28950450474059547,-0.0053068987767895814,3.0,2.65046898982837,-0.34953101017163,119.3780338137566,112.21223532234616,3.0,4.0,3,3
0.7796610169491526,0.10148353690245611,0.3113879909539094,0.30842924613477457,-0.0029587448191348287,3.0,2.682397171569757,-0.317602828430243,126.29729707952097,118.67836442404827,3.0,4.0,3,3
0.7796610169491526,0.112756308492682,0.32901452158760125,0.32899455496970986,-1.9966617891387095e-05,3.0,2.7186631524527924,-0.28133684754720756,133.7986065925027,125.73475665684593,3.0,4.0,3,3
0.7796610169491526,0.1252812573641112,0.3476863206111931,0.35129296301153573,0.003606642400342641,3.0,2.7599892642407227,-0.24001073575927734,141.9242961692804,133.4211533339319,3.0,4.0,3,3
0.7796610169491526,0.13919747512620373,0.36738460011728913,0.3754119497791251,0.008027349661835992,3.0,2.807262065092802,-0.19273793490719804,150.72406698476723,141.7769977408127,3.0,4.0,3,3
0.7796610169491526,0.1546595036574134,0.3880670250507702,0.4014314016885206,0.01336437663775042,3.0,2.8615820044244185,-0.13841799557558154,160.20467826329556,150.84070235573088,3.0,4.0,3,3
0.7796610169491526,0.1718390513180699,0.40967354772655884,0.4294206649549738,0.019747117228414934,3.0,2.924341072351673,-0.07565892764832682,170.36187007060144,160.6487675103967,3.0,4.0,3,3
0.7796610169491526,0.1909268997998548,0.4321342876230357,0.45943526793762435,0.027300980314588663,3.0,2.9973274211399277,-0.0026725788600723277,181.23898976900497,171.23476461027425,3.0,4.0,3,3
0.7796610169491526,0.21213502278774823,0.4553603651181633,0.49151322488685495,0.03615285976869165,3.0,3.0828908113646336,0.08289081136463361,192.85697426621454,182.62815741462728,3.0,4.0,3,3
0.7796610169491526,0.23569893996253266,0.5214996729534199,0.52567097204613,0.004171299092710079,3.5,3.184193768299885,-0.3158062317001149,208.40693942016222,194.85297364619404,3.0,4.0,4,4
0.7796610169491526,0.26188033248543857,0.5469142150337393,0.5618988485418169,0.01498463350807766,3.5,3.305618665373187,-0.19438133462681284,221.7055568272684,207.92631356154058,3.0,4.0,4,4
0.7796610169491526,0.2909699490103167,0.5725643781759693,0.6001560626938023,0.027591684517833004,3.5,3.4534415277128594,-0.046558472287140606,235.70523688274523,221.85669209480272,3.0,4.0,4,4
0.7796610169491526,0.32329083449507945,0.598287023452514,0.64036492059386,0.04207789714134591,3.5,3.637005934666379,0.13700593466637878,250.43977173949648,236.64217980447015,3.0,4.0,4,4
0.7796610169491526,0.35920191766889,0.8509609824279684,0.6824041948155242,-0.1685567876124442,8.0,3.8708446731441675,-4.129155326855832,265.9867551795991,252.26830738961237,4.0,4.0,5,4
0.7796610169491526,0.39910199699451043,0.8950543223160587,0.7261022331267466,-0.16895208918931215,9.0,4.178660448989834,-4.821339551010166,283.0347844929882,268.7057389384586,4.0,4.0,5,4
0.7796610169491526,0.4434341693905757,0.9739056461693738,0.7712340777026627,-0.20267156846671108,17.0,4.600994311372052,-12.399005688627948,301.8352703060048,285.90805712579856,4.0,4.0,5,4
0.7796610169491526,0.4926907508954772,0.9999325207325908,0.8175402892415766,-0.18239223149101413,51.75,5.210196460387667,-46.539803539612336,320.2724375828866,303.8115178055611,4.0,4.0,5,5
0.7796610169491526,0.5474187439176361,0.9999998084367773,0.864813897243441,-0.13518591119333623,80.75,6.142602361855092,-74.6073976381449,338.93446520309834,322.341848798838,4.0,4.0,5,5
0.7796610169491526,0.6082259117868763,0.9999999446984125,0.9131234065461933,-0.08687653815221918,82.25,7.706030484626525,-74.54396951537348,358.62236450992594,341.4329101604142,4.0,4.0,5,5
0.7796610169491526,0.6757875280657863,0.9999999999658379,0.9636040628726049,-0.036395937093232966,113.25,11.162872994318581,-102.08712700568142,377.4785445932607,361.0658285102768,4.0,4.0,5,5
0.7796610169491526,0.7508538755732771,0.9999999999994114,1.0,5.88640247656258e-13,124.75,272.01326474704837,147.26326474704837,396.95766895621944,380.33145265805683,4.0,4.0,5,5
0.7796610169491526,0.8342585783982197,0.9999999836855517,1.0,1.6314448347820587e-08,72.25,276.6329924154488,204.38299241544883,423.5603724519639,397.9013140513079,4.0,4.0,5,5
0.7796610169491526,0.9269278594315465,1.0,1.0,0.0,425.75,281.2390026535656,-144.5109973464344,443.1741551135694,415.3434461148716,3.0,4.0,5,5
0.7796610169491526,1.029890826223217,1.0,1.0,0.0,439.75,285.80597826079486,-153.94402173920514,459.6872164833284,432.55408802605655,3.0,4.0,5,5
0.7796610169491526,1.1442908993901826,1.0,1.0,0.0,453.75,290.3098625655417,-163.44013743445828,475.66386192188986,449.434378246461,3.0,4.0,5,5
0.7796610169491526,1.2713985104896872,1.0,1.0,0.0,466.75,294.7291534735438,-172.02084652645618,490.87634983341644,465.8947589498131,3.0,4.0,5,5
0.7796610169491526,1.412625210369881,1.0,1.0,0.0,480.25,299.0474812108939,-181.20251878910608,505.56264252079643,481.8628136792935,3.0,4.0,5,5
0.7796610169491526,1.5695393446732664,1.0,1.0,0.0,492.75,303.2614251395962,-189.4885748604038,519.4055179793132,497.30189933446206,3.0,4.0,5,5
0.7796610169491526,1.7438834705720385,1.0,1.0,0.0,505.25,307.44421978068374,-197.80578021931626,532.5431678675585,512.3234044303499,3.0,4.0,5,5
0.7796610169491526,1.9375937081510104,1.0,1.0,0.0,479.25,644.8055622618243,165.55556226182432,548.8888028207494,524.9165597577963,3.0,3.0,5,5
0.7796610169491526,2.1528212413383825,1.0,1.0,0.0,492.25,646.7740223432377,154.52402234323768,560.5263691092227,535.5275214876978,3.0,3.0,5,5
0.7796610169491526,2.3919562071557467,1.0,1.0,0.0,504.25,648.6581274629934,144.40812746299343,571.3728345623889,545.5408264203761,3.0,3.0,5,5
0.7796610169491526,2.657654238581348,1.0,1.0,0.0,516.25,650.4539353064571,134.20393530645708,581.496623716022,554.9600906269593,3.0,3.0,5,5
0.7796610169491526,2.952865955789426,1.0,1.0,0.0,506.25,652.1588412160135,145.90884121601346,593.9469279753758,563.7944956251686,3.0,3.0,5,5
0.7796610169491526,3.2808697332707224,1.0,1.0,0.0,517.75,653.7714947344296,136.02149473442955,602.5456992025638,572.0580124995387,3.0,3.0,5,5
0.7796610169491526,3.64530810671838,1.0,1.0,0.0,516.75,655.2916903354314,138.54169033543144,612.6002755075629,579.7686104466391,3.0,3.0,5,5
0.7796610169491526,4.050228223983634,1.0,1.0,0.0,527.75,656.72023930522,128.97023930522005,619.7961796761954,586.9474701127972,3.0,3.0,5,5
0.7796610169491526,4.500126789315846,1.0,1.0,0.0,531.75,658.0588293576591,126.30882935765908,627.7195752950444,593.6182174870496,3.0,3.0,5,5
0.7796610169491526,5.000000000000001,1.0,1.0,0.0,534.75,659.3098798559319,124.55987985593185,635.2913061365814,599.8062074813301,3.0,3.0,5,5
0.7966101694915254,0.01,0.13163139567883236,0.12247210635338787,-0.009159289325444492,3.0,2.429805517173373,-0.570194482826627,58.163267202138336,56.23958786901632,3.0,4.0,1,1
0.7966101694915254,0.011110798059892322,0.13431739775563908,0.12502024012344215,-0.009297157632196934,3.0,2.432902887812817,-0.5670971121871831,59.09506296099743,57.07884973389672,3.0,4.0,1,1
0.7966101694915254,0.012344983352770704,0.13728302832693892,0.1278439237115311,-0.009439104615407812,3.0,2.436351233930328,-0.5636487660696718,60.124596142433425,58.009380219767266,3.0,4.0,1,1
0.7966101694915254,0.013716261708536773,0.1405590593064685,0.13097204455339073,-0.009587014753077772,3.0,2.4401910415443138,-0.5598089584556862,61.267428629297726,59.0408664174522,3.0,4.0,1,1
0.7966101694915254,0.015239861398018572,0.14417177506282977,0.1344363080267012,-0.00973546703612857,3.0,2.444468358712039,-0.5555316412879612,62.52947379364531,60.18396810595724,3.0,4.0,1,1
0.7966101694915254,0.016932702245413263,0.14816010532145166,0.13827146569831797,-0.009888639623133688,3.0,2.449233649019153,-0.5507663509808469,63.937451838495925,61.45040326902327,3.0,4.0,1,1
0.7966101694915254,0.018813583525707212,0.15254993627752142,0.1425155459298049,-0.010034390347716526,3.0,2.4545452946505986,-0.5454547053494014,65.48601077056794,62.85303677355505,3.0,4.0,1,1
0.7966101694915254,0.020903392733704982,0.15738129877744042,0.14721009367221907,-0.010171205105221348,3.0,2.4604672132991263,-0.5395327867008737,67.19787735157897,64.40597430973676,3.0,4.0,1,1
0.7966101694915254,0.023225337543081658,0.1626953004216953,0.15240040315776177,-0.010294897263933539,3.0,2.4670727826713126,-0.5329272173286874,69.09329127824603,66.12465732074057,3.0,4.0,1,1
0.7966101694915254,0.02580520353140161,0.1685332824571346,0.15813575113918596,-0.010397531317948627,3.0,2.4744439726229763,-0.5255560273770237,71.1928719129194,68.02596182827313,3.0,4.0,1,1
0.7966101694915254,0.028671640533182347,0.17493502198133865,0.16446961283533504,-0.010465409146003607,3.0,2.482674228318502,-0.5173257716814978,73.50302154804838,70.12829587407096,3.0,4.0,1,1
0.7966101694915254,0.031856480801001244,0.18195208825086193,0.17145986175731295,-0.010492226493548973,3.0,2.4918682996474684,-0.5081317003525316,76.06299973311522,72.4516962731299,3.0,4.0,1,1
0.7966101694915254,0.03539509250787618,0.18962528609114498,0.1791689327732833,-0.010456353317861683,3.0,2.502146209211788,-0.4978537907882119,78.87605126615111,75.01791954392836,3.0,4.0,1,1
0.7966101694915254,0.03932677251662197,0.198007045754383,0.18766394694583807,-0.01034309880854492,3.0,2.5136442490678754,-0.4863557509321246,81.98140716487512,77.85052645874973,3.0,4.0,1,1
0.7966101694915254,0.04369518277795103,0.20714425086875757,0.1970167740789492,-0.010127476789808382,3.0,2.5265184466727084,-0.4734815533272916,85.39412111600268,80.97495361319108,3.0,4.0,3,1
0.7966101694915254,0.048548835203589866,0.21708792384540468,0.20730402190196434,-0.009783901943440337,3.0,2.540947255777429,-0.4590527442225709,89.15332233901069,84.41856889407899,3.0,4.0,3,3
0.7966101694915254,0.05394163039900783,0.2278863619043925,0.2186069302142516,-0.009279431690140894,3.0,2.5571352576138464,-0.4428647423861536,93.28632887836234,88.21070527140276,3.0,4.0,3,3
0.7966101694915254,0.059933456238472516,0.2395800286968533,0.23101113288055813,-0.008568895816295163,3.0,2.5753206556255477,-0.4246793443744523,97.80445780383732,92.38265987006594,3.0,4.0,3,3
0.7966101694915254,0.06659085292970618,0.2522201092879434,0.24460629260862174,-0.007613816679321678,3.0,2.59577853945084,-0.40422146054915986,102.76982432938865,96.96766180620378,3.0,4.0,3,3
0.7966101694915254,0.07398775195379542,0.26583935865824343,0.2594855455069611,-0.006353813151282306,3.0,2.6188304201234143,-0.38116957987658573,108.19534321695825,102.0007875511308,3.0,4.0,3,3
0.7966101694915254,0.0822062970864025,0.28047647989680713,0.2757447424396389,-0.004731737457168206,3.0,2.6448545948718682,-0.35514540512813175,114.13425355662157,107.51881916413667,3.0,4.0,3,3
0.7966101694915254,0.09133775661785326,0.29614658938887006,0.29348145426080563,-0.002665135128064433,3.0,2.674298686604017,-0.32570131339598296,120.58885921268389,113.56003332221741,3.0,4.0,3,3
0.7966101694915254,0.10148353690245611,0.3128782884260072,0.3127937070098522,-8.458141615497183e-05,3.0,2.7076963407336745,-0.2923036592663255,127.64250051033846,120.16390884948036,3.0,4.0,3,3
0.7966101694915254,0.112756308492682,0.330665629617409,0.3337783994459048,0.0031127698284958427,3.0,2.7456918711191993,-0.2543081288808007,135.28458742282163,127.37073355411552,3.0,4.0,3,3
0.7966101694915254,0.1252812573641112,0.34949936666725395,0.35652940857750925,0.0070300419102553025,3.0,2.789068753935864,-0.21093124606413616,143.54784983679218,135.22110776369811,3.0,4.0,3,3
0.7966101694915254,0.13919747512620373,0.36936302504084584,0.38113531888487484,0.011772293844029003,3.0,2.83879413380637,-0.16120586619362998,152.4948597161926,143.75532185112004,3.0,4.0,3,3
0.7966101694915254,0.1546595036574134,0.3902090095160313,0.4076767734425212,0.017467763926489854,3.0,2.896078927448254,-0.1039210725517461,162.10892944057736,153.01259616439998,3.0,4.0,3,3
0.7966101694915254,0.1718390513180699,0.41198753330692356,0.43622344737758506,0.0242359140706615,3.0,2.9624632462160676,-0.0375367537839324,172.455063221808,163.0301827047003,3.0,4.0,3,3
0.7966101694915254,0.1909268997998548,0.4346152661861825,0.4668305944573613,0.03221532827117879,3.0,3.0399457037798143,0.03994570377981432,183.5069199860469,173.84230406098786,3.0,4.0,3,3
0.7966101694915254,0.21213502278774823,0.45800540418613883,0.4995351875350633,0.04152978334892449,3.0,3.131177383102478,0.13117738310247784,195.308457407828,185.47893610992512,3.0,4.0,3,3
0.7966101694915254,0.23569893996253266,0.5239128309564122,0.5343515787915266,0.010438747835114448,3.5,3.239769992697986,-0.26023000730201407,211.12931653222273,197.9644149329808,3.0,4.0,4,4
0.7966101694915254,0.26188033248543857,0.5494574157694212,0.5712666451752714,0.021809229405850172,3.5,3.3707932331657515,-0.12920676683424848,224.62949525804464,211.31586959774438,3.0,4.0,4,4
0.7966101694915254,0.2909699490103167,0.5752318333765527,0.610234230736492,0.035002397359939263,3.5,3.531618868361695,0.03161886836169492,238.8655639183192,225.54144857269026,3.0,4.0,4,4
0.7966101694915254,0.32329083449507945,0.6010588381115368,0.6511686923485264,0.05010985423698955,3.5,3.733405327249786,0.2334053272497858,253.7828557994857,240.6383065469347,3.0,4.0,4,4
0.7966101694915254,0.35920191766889,0.8614857203008701,0.6939375456400062,-0.1675481746608639,8.0,3.9938105353969173,-4.006189464603082,270.0454404002896,256.5903082411633,4.0,4.0,5,4
0.7966101694915254,0.39910199699451043,0.9029389603678117,0.7383548072302936,-0.16458415313751817,9.5,4.342092523031171,-5.157907476968829,287.4727731250073,273.3655422598849,4.0,4.0,5,4
0.7966101694915254,0.4434341693905757,0.9810315353972311,0.7841833355603184,-0.1968481998369127,18.5,4.8288008016010275,-13.671199198398973,306.5763112354926,290.91443486467153,4.0,4.0,5,4
0.7966101694915254,0.4926907508954772,0.9999926632284649,0.8311740601821112,-0.16881860304635377,64.75,5.54447007353883,-59.20552992646117,325.2474228917712,309.17153262005314,4.0,4.0,5,5
0.7966101694915254,0.5474187439176361,0.9999999828908488,0.879195657803956,-0.12080432508689276,94.25,6.664111099904396,-87.5858889000956,344.14310390490704,328.066651047659,4.0,4.0,5,5
0.7966101694915254,0.6082259117868763,0.9999999961150536,0.9285242417081211,-0.07147575440693255,96.25,8.639551383315105,-87.61044861668489,364.03150018387163,347.5457841554749,4.0,4.0,5,5
0.7966101694915254,0.6757875280657863,0.9999999999979271,0.9820520199496442,-0.017947980048282908,127.25,14.55501932892945,-112.69498067107055,383.00567532930427,367.66696013627933,4.0,4.0,5,5
0.7966101694915254,0.7508538755732771,0.9999995023791078,1.0,4.976208921592118e-07,61.75,273.5354316058489,211.78543160584888,409.89767218419286,386.3493720124166,4.0,4.0,5,5
0.7966101694915254,0.8342585783982197,0.9999999983463606,1.0,1.6536394475963334e-09,82.25,278.23013386467807,195.98013386467807,429.73667061759534,404.1710100597121,4.0,4.0,5,5
0.7966101694915254,0.9269278594315465,1.0,1.0,0.0,435.25,282.90929301934665,-152.34070698065335,448.9713783829761,421.85078032524285,3.0,4.0,5,5
0.7966101694915254,1.029890826223217,1.0,1.0,0.0,449.25,287.54724126311567,-161.70275873688433,465.493650457892,439.2822128083962,3.0,4.0,5,5
0.7966101694915254,1.1442908993901826,1.0,1.0,0.0,462.75,292.11994795929803,-170.63005204070197,481.48870112261625,456.36494682660094,3.0,4.0,5,5
0.7966101694915254,1.2713985104896872,1.0,1.0,0.0,476.25,296.6069495038505,-179.6430504961495,496.80047141292863,473.0113615151904,3.0,4.0,5,5
0.7966101694915254,1.412625210369881,1.0,1.0,0.0,489.75,300.9959741584586,-188.75402584154142,511.52727915206265,489.1598336098586,3.0,4.0,5,5
0.7966101694915254,1.5695393446732664,1.0,1.0,0.0,502.25,305.3027211213647,-196.9472788786353,525.40008480754,504.81502338818325,3.0,4.0,5,5
0.7966101694915254,1.7438834705720385,1.0,1.0,0.0,476.25,643.8343140728484,167.58431407284843,542.3895815779057,519.7548800126646,3.0,3.0,5,5
0.7966101694915254,1.9375937081510104,1.0,1.0,0.0,489.75,645.9167721005572,156.16677210055718,554.8133214069506,531.0568835312022,3.0,3.0,5,5
0.7966101694915254,2.1528212413383825,1.0,1.0,0.0,502.25,647.9186462732742,145.66864627327425,566.4269117264652,541.7577021668503,3.0,3.0,5,5
0.7966101694915254,2.3919562071557467,1.0,1.0,0.0,514.75,649.8345673157501,135.08456731575006,577.3824348629665,551.8550305150338,3.0,3.0,5,5
0.7966101694915254,2.657654238581348,1.0,1.0,0.0,505.25,651.6605778344694,146.41057783446945,590.5374100993085,561.3528787997138,3.0,3.0,5,5
0.7966101694915254,2.952865955789426,1.0,1.0,0.0,517.25,653.3940812168845,136.1440812168845,599.8221232671275,570.2608467903771,3.0,3.0,5,5
0.7966101694915254,3.2808697332707224,1.0,1.0,0.0,529.25,655.0337561973166,125.78375619731662,608.4202436051813,578.5933453832372,3.0,3.0,5,5
0.7966101694915254,3.64530810671838,1.0,1.0,0.0,528.25,656.5794431105579,128.32944311055792,618.3558123893547,586.3687833201939,3.0,3.0,5,5
0.7966101694915254,4.050228223983634,1.0,1.0,0.0,532.25,658.0320135490422,125.78201354904218,626.7825974596296,593.6087807728961,3.0,3.0,5,5
0.7966101694915254,4.500126789315846,1.0,1.0,0.0,536.75,659.3932250874795,122.64322508747955,634.6929021084978,600.3373813110769,3.0,3.0,5,5
0.7966101694915254,5.000000000000001,1.0,1.0,0.0,873.75,660.6655737591076,-213.0844262408924,641.4738563643986,606.5803321727127,2.0,3.0,5,5
0.8135593220338984,0.01,0.13129372468891698,0.12296045687111007,-0.00833326781780691,3.0,2.444469277519967,-0.5555307224800332,58.2923678477855,56.397117374978485,3.0,4.0,1,1
0.8135593220338984,0.011110798059892322,0.1340089293008793,0.12556117316388077,-0.008447756136998524,3.0,2.447673619742274,-0.5523263802577261,59.24074287817829,57.253696902987905,3.0,4.0,1,1
0.8135593220338984,0.012344983352770704,0.13700816428501308,0.12844310278338644,-0.008565061501626642,3.0,2.451241469010712,-0.548758530989288,60.29293652046341,58.20343196535352,3.0,4.0,1,1
0.8135593220338984,0.013716261708536773,0.14031966063312748,0.13163572066565923,-0.008683939967468246,3.0,2.455215549550486,-0.5447844504495141,61.456292641327444,59.25621034218235,3.0,4.0,1,1
0.8135593220338984,0.015239861398018572,0.14397315213327244,0.13517137810194335,-0.00880177403132909,3.0,2.4596421400725386,-0.5403578599274614,62.74406786124009,60.42291370727042,3.0,4.0,1,1
0.8135593220338984,0.016932702245413263,0.14799910768456867,0.13908552928705362,-0.008913578397515054,3.0,2.464576024445706,-0.535423975554294,64.16566476294103,61.71550307093129,3.0,4.0,1,1
0.8135593220338984,0.018813583525707212,0.1524376793647902,0.14341697430683473,-0.009020705057955464,3.0,2.470075353281574,-0.5299246467184262,65.74492330442463,63.14711164542185,3.0,4.0,1,1
0.8135593220338984,0.020903392733704982,0.1573221561444474,0.14820809397755072,-0.00911406216689667,3.0,2.4762085541791765,-0.5237914458208235,67.4927945154556,64.73213832966061,3.0,4.0,1,1
0.8135593220338984,0.023225337543081658,0.1626924266447669,0.15350509416108324,-0.009187332483683669,3.0,2.4830511600826877,-0.5169488399173123,69.42197962031148,66.48634689269088,3.0,4.0,1,1
0.8135593220338984,0.02580520353140161,0.16858994890762818,0.15935823763390883,-0.009231711273719356,3.0,2.4906893535517165,-0.5093106464482835,71.55224017084937,68.42696555613706,3.0,4.0,1,1
0.8135593220338984,0.028671640533182347,0.17506052965563507,0.1658220671113073,-0.00923846254432778,3.0,2.4992197808460346,-0.5007802191539654,73.90995397813185,70.57278745019796,3.0,4.0,1,1
0.8135593220338984,0.031856480801001244,0.18214831360584866,0.17295560255381767,-0.009192711052030983,3.0,2.508752967097099,-0.49124703290290084,76.50759570989847,72.94426835214512,3.0,4.0,1,1
0.8135593220338984,0.03539509250787618,0.18990258022983847,0.18082251093650709,-0.009080069293331383,3.0,2.519414096255788,-0.48058590374421195,79.37782069892272,75.56362107475928,3.0,4.0,1,1
0.8135593220338984,0.03932677251662197,0.19836753065264776,0.18949122804049398,-0.008876302612153775,3.0,2.531346224143636,-0.4686537758563638,82.52897930044146,78.45490116686351,3.0,4.0,1,1
0.8135593220338984,0.04369518277795103,0.20759928696624816,0.19903502094576844,-0.008564266020479716,3.0,2.5447129693988253,-0.4552870306011747,86.01019791523665,81.64408038919554,3.0,4.0,3,1
0.8135593220338984,0.048548835203589866,0.21764222604799757,0.2095319723796543,-0.008110253668343281,3.0,2.559702045150335,-0.44029795484966483,89.83491530005412,85.1591032177822,3.0,4.0,3,3
0.8135593220338984,0.05394163039900783,0.2285444483794617,0.22106486766368155,-0.007479580715780143,3.0,2.5765295871417053,-0.4234704128582947,94.02870578075857,89.02992145695627,3.0,4.0,3,3
0.8135593220338984,0.059933456238472516,0.24035450002378284,0.23372094943799124,-0.006633550585791598,3.0,2.5954470231954487,-0.40455297680455127,98.6358498509135,93.28849399210787,3.0,4.0,3,3
0.8135593220338984,0.06659085292970618,0.25311559264167616,0.24759153664177225,-0.00552405599990391,3.0,2.6167459014977803,-0.3832540985022197,103.68648561980824,97.96875373524495,3.0,4.0,3,3
0.8135593220338984,0.07398775195379542,0.2668661748879323,0.2627714503325301,-0.004094724555402218,3.0,2.640767893532758,-0.35923210646724213,109.21465578780146,103.10652090418593,3.0,4.0,3,3
0.8135593220338984,0.0822062970864025,0.2816353010942804,0.27935822966785534,-0.0022770714264250813,3.0,2.6679164359346044,-0.33208356406539563,115.24421598223346,108.7393580125365,3.0,4.0,3,3
0.8135593220338984,0.09133775661785326,0.29745046853039003,0.29745110902909244,6.404987024088982e-07,3.0,2.698670169338585,-0.30132983066141517,121.81920481644286,114.90635542425609,3.0,4.0,3,3
0.8135593220338984,0.10148353690245611,0.31432652308585207,0.31714970451816704,0.0028231814323149695,3.0,2.7336029363854335,-0.2663970636145665,128.9740431687736,121.64782809642358,3.0,4.0,3,3
0.8135593220338984,0.112756308492682,0.33226692885984405,0.3385523921096184,0.006285463249774359,3.0,2.773409985459877,-0.22659001454012317,136.7471982929146,129.00491757616953,3.0,4.0,3,3
0.8135593220338984,0.1252812573641112,0.35125807765382067,0.3617543416348905,0.010496263981069842,3.0,2.818942140077708,-0.18105785992229206,145.14574262939257,137.01907884098236,3.0,4.0,3,3
0.8135593220338984,0.13919747512620373,0.37128606612661336,0.38684516655007056,0.015559100423457206,3.0,2.871256111987169,-0.12874388801283088,154.25331545433107,145.7314387189363,3.0,4.0,3,3
0.8135593220338984,0.1546595036574134,0.39229473810227455,0.41390619761510666,0.02161145951283211,3.0,2.931682513345733,-0.06831748665426707,164.0222336238136,155.18202206116553,3.0,4.0,3,3
0.8135593220338984,0.1718390513180699,0.4142364114081161,0.44300731043989683,0.028770899031780706,3.0,3.00192853708286,0.0019285370828598936,174.53260097279733,165.4088147647865,3.0,4.0,3,3
0.8135593220338984,0.1909268997998548,0.4370261131486958,0.4742033270144202,0.03717721386572437,3.0,3.0842293155496026,0.08422931554960256,185.7572466194896,176.44667106618658,3.0,4.0,3,3
0.8135593220338984,0.21213502278774823,0.46057522862859573,0.5075299386943536,0.046954710065757854,3.0,3.181580817478245,0.18158081747824495,197.74016833071147,188.3260440071874,3.0,4.0,3,4
0.8135593220338984,0.23569893996253266,0.5262441433680566,0.5429990861564669,0.016754942788410276,3.5,3.2981121438322605,-0.20188785616773952,213.79773386238983,201.07153088204893,3.0,4.0,4,4
0.8135593220338984,0.26188033248543857,0.5519224643386006,0.5805936825167353,0.028671218178134672,3.5,3.439698079944357,-0.060301920055643166,227.55609277773664,214.7002113495406,3.0,4.0,4,4
0.8135593220338984,0.2909699490103167,0.5778083879405621,0.6202614830202143,0.042453095079652226,3.5,3.6150089280214184,0.11500892802141838,241.96842640770382,229.21974852195572,3.0,4.0,4,4
0.8135593220338984,0.32329083449507945,0.8162496528687561,0.6619078893056509,-0.15434176356310514,7.5,3.8373813297424952,-3.6626186702575048,257.2327081773612,244.62620280008832,4.0,4.0,5,4
0.8135593220338984,0.35920191766889,0.8715641769711473,0.7053880843749969,-0.1661760925961504,8.5,4.128250982350439,-4.371749017649561,274.1591236828643,260.9015385223406,4.0,4.0,5,4
0.8135593220338984,0.39910199699451043,0.9101773890574126,0.7505019071489909,-0.15967548190842173,10.0,4.523562148126075,-5.476437851873925,291.8830877996624,278.0110965001695,4.0,4.0,5,4
0.8135593220338984,0.4434341693905757,0.9873481475918809,0.7970059689201852,-0.19034217867169578,21.0,5.0856628236535455,-15.914337176346454,311.25234974137953,295.90256394967224,4.0,4.0,5,4
0.8135593220338984,0.4926907508954772,0.9999991881349707,0.8446810536426649,-0.1553181344923058,77.75,5.9265237199666405,-71.82347628003336,330.151820943284,314.51071230840836,4.0,4.0,5,5
0.8135593220338984,0.5474187439176361,0.9999999982973986,0.8935026222200172,-0.10649737607738141,107.25,7.274290040147017,-99.97570995985298,349.28808717621945,333.7721151489138,4.0,4.0,5,5
0.8135593220338984,0.6082259117868763,0.9999999996942104,0.9440463679009453,-0.05595363179326507,109.75,9.84218655138391,-99.90781344861608,369.2723919787497,353.64736340910156,4.0,4.0,5,5
0.8135593220338984,0.6757875280657863,0.9999999999925863,1.0,7.413736291539408e-12,121.25,270.28884285040215,149.03884285040215,389.2801350295528,374.20473956729165,4.0,4.0,5,5
0.8135593220338984,0.7508538755732771,0.9999999823037891,1.0,1.769621094105389e-08,77.25,275.0481079319702,197.7981079319702,415.34476193621094,392.315776535157,4.0,4.0,5,5
0.8135593220338984,0.8342585783982197,0.9999999998655132,1.0,1.3448675506566588e-10,93.25,279.81658542468676,186.56658542468676,435.6824738463771,410.3812003184006,4.0,4.0,5,5
0.8135593220338984,0.9269278594315465,1.0,1.0,0.0,444.25,284.56760831561394,-159.68239168438606,454.56502622061424,428.2893280111202,3.0,4.0,5,5
0.8135593220338984,1.029890826223217,1.0,1.0,0.0,458.25,289.27528214161964,-168.97471785838036,471.1618740989778,445.9313302101543,3.0,4.0,5,5
0.8135593220338984,1.1442908993901826,1.0,1.0,0.0,472.25,293.9159894972189,-178.3340105027811,487.2652322382428,463.206856366553,3.0,4.0,5,5
0.8135593220338984,1.2713985104896872,1.0,1.0,0.0,485.25,298.47144538961356,-186.77855461038644,502.5784030155975,480.03437349994084,3.0,4.0,5,5
0.8135593220338984,1.412625210369881,1.0,1.0,0.0,498.75,302.93769188267026,-195.81230811732974,517.3423339141938,496.37377632570957,3.0,4.0,5,5
0.8135593220338984,1.5695393446732664,1.0,1.0,0.0,511.25,307.4000679198357,-203.8499320801643,531.2421002401859,512.3553191710643,3.0,4.0,5,5
0.8135593220338984,1.7438834705720385,1.0,1.0,0.0,486.25,644.9047829625202,158.65478296252024,548.160495549046,525.7193273578433,3.0,3.0,5,5
0.8135593220338984,1.9375937081510104,1.0,1.0,0.0,499.75,647.0218449143587,147.27184491435867,560.5901929826584,537.1152032144586,3.0,3.0,5,5
0.8135593220338984,2.1528212413383825,1.0,1.0,0.0,512.75,649.0567749042486,136.30677490424864,572.3157657599644,547.9038335532279,3.0,3.0,5,5
0.8135593220338984,2.3919562071557467,1.0,1.0,0.0,525.25,651.0041667364325,125.75416673643247,583.1776247030458,558.0832784904741,3.0,3.0,5,5
0.8135593220338984,2.657654238581348,1.0,1.0,0.0,516.25,652.8600520658738,136.6100520658738,596.2034435695404,567.6579531242434,3.0,3.0,5,5
0.8135593220338984,2.952865955789426,1.0,1.0,0.0,528.25,654.621847250292,126.37184725029203,605.4739916612511,576.6378938467731,3.0,3.0,5,5
0.8135593220338984,3.2808697332707224,1.0,1.0,0.0,527.75,656.2882640196449,128.53826401964488,616.0855811309444,585.0379602344971,3.0,3.0,5,5
0.8135593220338984,3.64530810671838,1.0,1.0,0.0,532.25,657.8591940502788,125.6091940502788,625.2591896832402,592.8770252190252,3.0,3.0,5,5
0.8135593220338984,4.050228223983634,1.0,1.0,0.0,536.75,659.3355729632002,122.5855729632002,633.8169257250491,600.177158700531,3.0,3.0,5,5
0.8135593220338984,4.500126789315846,1.0,1.0,0.0,876.25,660.7192328111485,-215.53076718885154,641.255364614704,606.9628409354149,2.0,3.0,5,5
0.8135593220338984,5.000000000000001,1.0,1.0,0.0,877.25,662.0127491147243,-215.23725088527567,646.7463288068375,613.2602166668893,2.0,3.0,5,5
0.8305084745762712,0.01,0.13096086865595616,0.1234482651750069,-0.007512603480949259,3.0,2.4593557325541058,-0.5406442674458942,58.42505413870938,56.55445441270807,3.0,4.0,1,1
0.8305084745762712,0.011110798059892322,0.1337030296285673,0.12610150016896354,-0.0076015294596037675,3.0,2.462670145870653,-0.537329854129347,59.38753457835555,57.42833083397046,3.0,4.0,1,1
0.8305084745762712,0.012344983352770704,0.13673393363622216,0.12904160371852155,-0.007692329917700608,3.0,2.466360969794915,-0.5336390302050851,60.456343468183796,58.39724740301904,3.0,4.0,1,1
0.8305084745762712,0.013716261708536773,0.14008001459709393,0.1322986384026427,-0.007781376194451239,3.0,2.4704721195914328,-0.5295278804085672,61.63987181862484,59.471292887008566,3.0,4.0,1,1
0.8305084745762712,0.015239861398018572,0.1437730549672935,0.13590559728013743,-0.007867457687156076,3.0,2.4750531733210677,-0.5249468266789323,62.9548236878708,60.66156972810431,3.0,4.0,1,1
0.8305084745762712,0.016932702245413263,0.14784084286026675,0.13989863985898712,-0.007942203001279624,3.0,2.48015873671393,-0.5198412632860698,64.40129505522115,61.9802828341425,3.0,4.0,1,1
0.8305084745762712,0.018813583525707212,0.1523252773773625,0.1443173317684176,-0.00800794560894491,3.0,2.48585143943783,-0.5141485605621701,66.00813633634208,63.440832363336106,3.0,4.0,1,1
0.8305084745762712,0.020903392733704982,0.157258266668028,0.14920489006077456,-0.008053376607253443,3.0,2.492201820993797,-0.5077981790062029,67.78059691555171,65.05791077078077,3.0,4.0,1,1
0.8305084745762712,0.023225337543081658,0.16268519809130627,0.15460842952057208,-0.008076768570734194,3.0,2.4992881465936088,-0.5007118534063912,69.74918147131417,66.84760384129672,3.0,4.0,1,1
0.8305084745762712,0.02580520353140161,0.1686426932788997,0.16057919645366509,-0.008063496825234606,3.0,2.5072005321620976,-0.4927994678379024,71.91643062208962,68.82749161008908,3.0,4.0,1,1
0.8305084745762712,0.028671640533182347,0.17517663872709427,0.1671727958962749,-0.008003842830819369,3.0,2.516040168888868,-0.48395983111113194,74.30781290164933,71.01675144912666,3.0,4.0,1,1
0.8305084745762712,0.031856480801001244,0.18233745590677625,0.17444939227812087,-0.007888063628655378,3.0,2.5259224258712507,-0.4740775741287493,76.95743399997845,73.43625835183286,3.0,4.0,1,1
0.8305084745762712,0.03539509250787618,0.1901666181902777,0.18247387903685527,-0.007692739153422418,3.0,2.5369784923328558,-0.4630215076671442,79.86883705322361,76.10868080073395,3.0,4.0,1,1
0.8305084745762712,0.03932677251662197,0.19871716340509615,0.19131600110812952,-0.007401162296966635,3.0,2.54935813023476,-0.4506418697652399,83.0822748670116,79.05856834879395,3.0,4.0,1,1
0.8305084745762712,0.04369518277795103,0.208038922524493,0.20105041656772538,-0.0069885059567676155,3.0,2.5632330352498696,-0.43676696475013044,86.6229577165132,82.31242779127314,3.0,4.0,3,3
0.8305084745762712,0.048548835203589866,0.21817614951083236,0.2117566735709698,-0.006419475939862557,3.0,2.5788011771626778,-0.42119882283732224,90.50251567250237,85.89877918330005,3.0,4.0,3,3
0.8305084745762712,0.05394163039900783,0.22918471145271999,0.2235190945635956,-0.005665616889124397,3.0,2.5962902539293298,-0.40370974607067023,94.77763175434198,89.84819274979334,3.0,4.0,3,3
0.8305084745762712,0.059933456238472516,0.2411085590039012,0.23642651973137122,-0.0046820392725299975,3.0,2.615965579217301,-0.3840344207826991,99.47109843723842,94.19328849674072,3.0,4.0,3,3
0.8305084745762712,0.06659085292970618,0.2539877211369202,0.2505719097304051,-0.00341581140651509,3.0,2.6381361849198592,-0.36186381508014076,104.60710124232472,98.96870194962841,3.0,4.0,3,3
0.8305084745762712,0.07398775195379542,0.26785713472641653,0.26605175122328706,-0.0018053835031294763,3.0,2.6631658717466062,-0.33683412825339376,110.20399969569579,104.2109956531486,3.0,4.0,3,3
0.8305084745762712,0.0822062970864025,0.28276099112210695,0.2829652519417899,0.0002042608196829443,3.0,2.6914843334758203,-0.3085156665241797,116.34721538460785,109.95851131134,3.0,4.0,3,3
0.8305084745762712,0.09133775661785326,0.2987141710368871,0.30141328244156157,0.0026991114046744924,3.0,2.723603722697591,-0.2763962773024091,123.03012892735539,116.25115077448926,3.0,4.0,3,3
0.8305084745762712,0.10148353690245611,0.315734048946557,0.32149701582968443,0.0057629668831274405,3.0,2.7601413720054566,-0.23985862799454338,130.30141788463226,123.1300630015134,3.0,4.0,3,3
0.8305084745762712,0.112756308492682,0.33381977427499643,0.3433162621706866,0.009496487895690187,3.0,2.80184775843518,-0.19815224156482003,138.1808481546206,130.63723882222845,3.0,4.0,3,3
0.8305084745762712,0.1252812573641112,0.35297122799598624,0.36696742483437683,0.013996196838390595,3.0,2.849647574970733,-0.15035242502926716,146.7473434990808,138.81498037941716,3.0,4.0,3,3
0.8305084745762712,0.13919747512620373,0.37314801052149654,0.3925410916952358,0.01939308117373928,3.0,2.9046942125947695,-0.09530578740523055,155.9614617814727,147.7052501357764,3.0,4.0,3,3
0.8305084745762712,0.1546595036574134,0.39431855170769775,0.4201191683917148,0.025800616684017064,3.0,2.9684529937105264,-0.0315470062894736,165.90461752197078,157.34885927956222,3.0,4.0,3,3
0.8305084745762712,0.1718390513180699,0.41641862267511964,0.44977160752149137,0.033352984846371725,3.0,3.042817495344208,0.0428174953442082,176.57631051623144,167.7845145335251,3.0,4.0,3,3
0.8305084745762712,0.1909268997998548,0.43936915744061167,0.4815526154573833,0.04218345801677165,3.0,3.1302899538073703,0.1302899538073703,187.99020255069487,179.04767574276167,3.0,4.0,3,3
0.8305084745762712,0.21213502278774823,0.5030814609777687,0.5154963477693336,0.012414886791564883,3.5,3.234259749902414,-0.26574025009758584,203.2984243983767,191.16923862834926,3.0,4.0,4,4
0.8305084745762712,0.23569893996253266,0.5285046304403853,0.5516119517567147,0.02310732131632942,3.5,3.359453910519371,-0.1405460894806292,216.47460257554906,204.1740029329948,3.0,4.0,4,4
0.8305084745762712,0.26188033248543857,0.5542959684856033,0.589877820262299,0.035581851776695705,3.5,3.512688808637906,0.01268880863790578,230.367587897411,218.07891107466875,3.0,4.0,4,4
0.8305084745762712,0.2909699490103167,0.5803016780871705,0.630234812613232,0.04993313452606152,3.5,3.704173326212915,0.20417332621291484,245.04316639268313,232.8910062013321,3.0,4.0,4,4
0.8305084745762712,0.32329083449507945,0.8334250522182645,0.6725783530533809,-0.1608466991648836,7.5,3.9498456632078183,-3.5501543367921817,261.01556009765295,248.60506200605758,4.0,4.0,5,4
0.8305084745762712,0.35920191766889,0.8721666718078102,0.716750519012768,-0.15541615279504217,8.5,4.275660624646118,-4.224339375353882,278.16579621672713,265.200919550522,4.0,4.0,5,4
0.8305084745762712,0.39910199699451043,0.9524254296181947,0.7625387403823981,-0.18988668923579655,14.0,4.725440037838416,-9.274559962161584,297.10750989924486,282.6411791835309,4.0,4.0,5,4
0.8305084745762712,0.4434341693905757,0.9999739757907901,0.8097033823471673,-0.19027059344362274,61.25,5.375080972531576,-55.87491902746842,315.9574718781296,300.8716756874493,4.0,4.0,5,5
0.8305084745762712,0.4926907508954772,0.9999999086338541,0.8580778048898372,-0.14192210374401693,90.75,6.3622787523665405,-84.38772124763346,335.0658282574736,319.8297013149444,4.0,4.0,5,5
0.8305084745762712,0.5474187439176361,0.9999999735743218,0.9077726729965138,-0.09222730057780804,92.25,7.994350492447835,-84.25564950755216,355.07838507714814,339.4601413224314,4.0,4.0,5,5
0.8305084745762712,0.6082259117868763,0.9999999999755375,0.9598886561562459,-0.0401113438192916,123.25,11.51481906942206,-111.73518093057794,374.4725126248016,359.74547760592225,4.0,4.0,5,5
0.8305084745762712,0.6757875280657863,0.999999545232362,1.0,4.547676379917931e-07,66.75,271.7177892864303,204.96778928643027,400.87689187312714,379.86908610740073,4.0,4.0,5,5
0.8305084745762712,0.7508538755732771,0.9999999976526031,1.0,2.3473969434917308e-09,86.75,276.5511632348275,189.80116323482753,421.1004461651116,398.2290335995411,4.0,4.0,5,5
0.8305084745762712,0.8342585783982197,0.9999999999843505,1.0,1.564948171051128e-11,102.75,281.3921877522656,178.6421877522656,441.7398186991117,416.5297550158022,4.0,4.0,5,5
0.8305084745762712,0.9269278594315465,1.0,1.0,0.0,453.25,286.2137992769599,-167.0362007230401,460.07756548196653,434.656602680536,3.0,4.0,5,5
0.8305084745762712,1.029890826223217,1.0,1.0,0.0,467.25,290.9901017311802,-176.25989826881982,476.7428782750145,452.4993085295856,3.0,4.0,5,5
0.8305084745762712,1.1442908993901826,1.0,1.0,0.0,481.25,295.69854158618523,-185.55145841381477,492.90163425175916,469.9602976049573,3.0,4.0,5,5
0.8305084745762712,1.2713985104896872,1.0,1.0,0.0,494.25,300.3249579700036,-193.9250420299964,508.25776604008814,486.97054639200195,3.0,4.0,5,5
0.8305084745762712,1.412625210369881,1.0,1.0,0.0,507.75,304.8836591884947,-202.86634081150532,523.0536378411474,503.5307617846566,3.0,4.0,5,5
0.8305084745762712,1.5695393446732664,1.0,1.0,0.0,482.75,643.7413980557353,160.99139805573532,540.616147871288,519.5134579511825,3.0,3.0,5,5
0.8305084745762712,1.7438834705720385,1.0,1.0,0.0,496.25,645.9694481277904,149.71944812779043,553.8190235900032,531.6056123703484,3.0,3.0,5,5
0.8305084745762712,1.9375937081510104,1.0,1.0,0.0,509.75,648.1207431002649,138.37074310026492,566.2506657827236,543.09319849079,3.0,3.0,5,5
0.8305084745762712,2.1528212413383825,1.0,1.0,0.0,522.75,650.1883670737577,127.43836707375772,577.972353310118,553.9676000987522,3.0,3.0,5,5
0.8305084745762712,2.3919562071557467,1.0,1.0,0.0,513.75,652.1668812150041,138.41688121500408,591.7204642895257,564.2272540736793,3.0,3.0,5,5
0.8305084745762712,2.657654238581348,1.0,1.0,0.0,526.75,654.0523108686173,127.30231086861727,601.7294922817592,573.8769946595041,3.0,3.0,5,5
0.8305084745762712,2.952865955789426,1.0,1.0,0.0,526.25,655.842090270683,129.592090270683,613.0469390401672,582.9273114932143,3.0,3.0,5,5
0.8305084745762712,3.2808697332707224,1.0,1.0,0.0,530.75,657.5349698614826,126.78496986148264,622.9120784362244,591.3935368072524,3.0,3.0,5,5
0.8305084745762712,3.64530810671838,1.0,1.0,0.0,538.25,659.1308973516317,120.88089735163169,631.5120026994283,599.2950227124579,3.0,3.0,5,5
0.8305084745762712,4.050228223983634,1.0,1.0,0.0,878.25,660.6308784462378,-217.61912155376217,640.3564385765765,606.6543160321343,2.0,3.0,5,5
0.8305084745762712,4.500126789315846,1.0,1.0,0.0,879.75,662.036824201762,-217.713175798238,646.4075330611226,613.4963480456371,2.0,3.0,5,5
0.8305084745762712,5.000000000000001,1.0,1.0,0.0,880.75,663.3513949199453,-217.39860508005472,651.8976355381045,619.8476825873832,2.0,3.0,5,5
0.847457627118644,0.01,0.13063011810688968,0.12393551754667499,-0.006694600560214689,3.0,2.4744712715270007,-0.5255287284729993,58.55339347436641,56.711594863558496,3.0,4.0,1,1
0.847457627118644,0.011110798059892322,0.13340014782605783,0.12664120624909714,-0.006758941576960692,3.0,2.477898430399365,-0.5221015696006348,59.53221879973169,57.60274706833797,3.0,4.0,1,1
0.847457627118644,0.012344983352770704,0.1364631488987817,0.129639410302405,-0.006823738596376694,3.0,2.4817153501091536,-0.5182846498908464,60.62355699045952,58.590821690545184,3.0,4.0,1,1
0.847457627118644,0.013716261708536773,0.1398413637126477,0.13296077865584488,-0.006880585056802807,3.0,2.4859675243613317,-0.5140324756386683,61.82439779807611,59.68610833090118,3.0,4.0,1,1
0.847457627118644,0.015239861398018572,0.14357001867086278,0.13663894605616714,-0.006931072614695638,3.0,2.4907062580110515,-0.5092937419889485,63.156690492330036,60.899930199546965,3.0,4.0,1,1
0.847457627118644,0.016932702245413263,0.1476803477233012,0.1407107737724519,-0.006969573950849295,3.0,2.4959886031982035,-0.5040113968017965,64.63079481104262,62.244735477751306,3.0,4.0,1,1
0.847457627118644,0.018813583525707212,0.15221114864630975,0.14521659229938258,-0.0069945563469271665,3.0,2.5018800885358368,-0.49811991146416323,66.2702534805083,63.73419111459873,3.0,4.0,1,1
0.847457627118644,0.020903392733704982,0.15719319655894212,0.15020045375300328,-0.00699274280593884,3.0,2.5084530977823314,-0.4915469022176686,68.07291376608005,65.38328322643504,3.0,4.0,1,1
0.847457627118644,0.023225337543081658,0.16267195913770927,0.1557103771951507,-0.0069615819425585534,3.0,2.5157902196689985,-0.4842097803310015,70.0686474424117,67.2084185697287,3.0,4.0,1,1
0.847457627118644,0.02580520353140161,0.16868980682384754,0.16179859073190173,-0.006891216091945818,3.0,2.523984700685834,-0.4760152993141662,72.27892517309064,69.22752894773546,3.0,4.0,1,1
0.847457627118644,0.028671640533182347,0.17528754407015656,0.16852175825136206,-0.006765785818794501,3.0,2.5331426419143113,-0.46685735808568873,74.71077673876988,71.46017571742796,3.0,4.0,1,1
0.847457627118644,0.031856480801001244,0.18251563111400496,0.1759411843301791,-0.006574446783825849,3.0,2.5433844906336174,-0.4566155093663826,77.39735836936488,73.92765251073199,3.0,4.0,1,1
0.847457627118644,0.03539509250787618,0.19042209980563543,0.1841229847576654,-0.006299115047970039,3.0,2.554847258684459,-0.44515274131554117,80.36543085708718,76.65308312949361,3.0,4.0,1,1
0.847457627118644,0.03932677251662197,0.19905174115616855,0.19313820630337705,-0.005913534852791502,3.0,2.5676888239744593,-0.4323111760255407,83.6237933927845,79.66151059454953,3.0,4.0,1,1
0.847457627118644,0.04369518277795103,0.20846119524607531,0.20306289234252328,-0.0053983029035520325,3.0,2.5820882205443936,-0.4179117794556064,87.2228588740281,82.9799758668131,3.0,4.0,3,3
0.847457627118644,0.048548835203589866,0.21869528678467623,0.21397804827095926,-0.00471723851371697,3.0,2.598254553647713,-0.40174544635228715,91.17652244761892,86.63757440634903,3.0,4.0,3,3
0.847457627118644,0.05394163039900783,0.22980242604225476,0.22596952304416762,-0.00383290299808714,3.0,2.6164277985342794,-0.3835722014657206,95.51119161399673,90.66549376263443,3.0,4.0,3,3
0.847457627118644,0.059933456238472516,0.24183135255645274,0.2391277421106617,-0.002703610445791038,3.0,2.636888070573333,-0.36311192942666715,100.27216691491023,95.09701421960045,3.0,4.0,3,3
0.847457627118644,0.06659085292970618,0.25482828520764983,0.25354729100747914,-0.001280994200170693,3.0,2.6599636501108774,-0.34003634988912257,105.50003817593468,99.96747262512446,3.0,4.0,3,3
0.847457627118644,0.07398775195379542,0.26882239195265556,0.2693263080406548,0.0005039160879992677,3.0,2.6860402406018706,-0.31395975939812937,111.20102440913105,105.31417291346484,3.0,4.0,3,3
0.847457627118644,0.0822062970864025,0.2838513262608949,0.28656564564564513,0.0027143193847502523,3.0,2.715576467930806,-0.2844235320691939,117.42812269686526,111.17623448060877,3.0,4.0,3,3
0.847457627118644,0.09133775661785326,0.2999388026993196,0.3053677788019636,0.005428976102643979,3.0,2.7491210608626733,-0.25087893913732673,124.21684870142795,117.59436693164233,3.0,4.0,3,3
0.847457627118644,0.10148353690245611,0.3170985917534277,0.3258354076878926,0.008736815934464903,3.0,2.78733725056518,-0.2126627494348199,131.60227512529463,124.61055186551616,3.0,4.0,3,3
0.847457627118644,0.112756308492682,0.33533626171549147,0.3480697246920307,0.012733462976539212,3.0,2.8310366768331754,-0.1689633231668246,139.63750142702284,132.2676230646289,3.0,4.0,3,3
0.847457627118644,0.1252812573641112,0.35462944292163573,0.3721683205451683,0.017538877623532567,3.0,2.881223021249754,-0.11877697875024618,148.30241440226717,140.60872815016614,3.0,4.0,3,3
0.847457627118644,0.13919747512620373,0.3749618626856372,0.398222661682827,0.023260798997189802,3.0,2.939158467442032,-0.06084153255796787,157.67895756183225,149.6766495541454,3.0,4.0,3,3
0.847457627118644,0.1546595036574134,0.39628966154202944,0.42631514193232894,0.030025480390299508,3.0,3.0064558643964134,0.0064558643964134355,167.79040569621853,159.51297906419197,3.0,4.0,3,3
0.847457627118644,0.1718390513180699,0.41853958579579326,0.4565156395217471,0.03797605372595386,3.0,3.0852180538291596,0.08521805382915959,178.59705819920592,170.15712169965545,3.0,4.0,3,3
0.847457627118644,0.1909268997998548,0.44164256560070214,0.48887754572846037,0.04723498012775823,3.0,3.1782493427977916,0.1782493427977916,190.17828808619268,181.6451168947818,3.0,4.0,3,3
0.847457627118644,0.21213502278774823,0.5051412432305495,0.5234331914336599,0.01829194820311031,3.5,3.289388133602917,-0.21061186639708307,205.7355409260299,194.00826012575266,3.0,4.0,4,4
0.847457627118644,0.23569893996253266,0.5306931786965535,0.5601885026273611,0.02949532393080756,3.5,3.4240531459276116,-0.07594685407238844,219.1293241210767,207.27148877817524,3.0,4.0,4,4
0.847457627118644,0.26188033248543857,0.5566016165810692,0.5991167290753512,0.04251511249428197,3.5,3.590161837468625,0.09016183746862483,233.21573256821688,221.45150760008082,3.0,4.0,4,4
0.847457627118644,0.2909699490103167,0.7747935424095703,0.6401509775578647,-0.13464256485170567,7.0,3.7997390153468604,-3.2002609846531396,248.1650669825385,236.55459091045685,4.0,4.0,4,4
0.847457627118644,0.32329083449507945,0.8449417013798433,0.6831757233739268,-0.1617659780059164,8.0,4.0718107668100885,-3.9281892331899115,264.71464000574707,252.57402379505868,4.0,4.0,5,4
0.847457627118644,0.35920191766889,0.8810037667185285,0.728019850063742,-0.1529839166547865,9.0,4.437653549277458,-4.562346450722542,282.22044045675614,269.4873698560399,4.0,4.0,5,4
0.847457627118644,0.39910199699451043,0.9559742491079352,0.7744624116145367,-0.1815118374933985,14.5,4.950136996159562,-9.54986300384044,301.439159654885,287.25473647848247,4.0,4.0,5,4
0.847457627118644,0.4434341693905757,0.9999964522332317,0.8222816188241672,-0.17771483340906458,73.75,5.700440368615087,-68.04955963138491,320.5255418700629,305.8215061874116,4.0,4.0,5,5
0.847457627118644,0.4926907508954772,0.9999999876062559,0.8713851918813799,-0.128614795724876,102.75,6.8588324934244085,-95.89116750657558,339.80741677655146,325.1295505278819,4.0,4.0,5,5
0.847457627118644,0.5474187439176361,0.9999999973333493,0.9220515293134676,-0.07794846801988176,105.25,8.85883279718108,-96.39116720281892,360.0900088500999,345.1325452796372,4.0,4.0,5,5
0.847457627118644,0.6082259117868763,0.9999999999978134,0.9766605343428276,-0.02333946565498579,136.25,14.294726319675068,-121.95527368032494,379.64996061402957,365.8656942400862,4.0,4.0,5,5
0.847457627118644,0.6757875280657863,0.9999998744783376,1.0,1.25521662397432e-07,73.25,273.13812147512556,199.88812147512556,406.496699023183,385.48615520351433,4.0,4.0,5,5
0.847457627118644,0.7508538755732771,0.9999999992540243,1.0,7.45975725635617e-10,92.25,278.04445474566757,185.79445474566757,427.0761031198804,404.0873495851762,4.0,4.0,5,5
0.847457627118644,0.8342585783982197,1.0,1.0,0.0,447.75,282.95678322114935,-164.79321677885065,448.13765372530145,422.61447483017986,3.0,4.0,5,5
0.847457627118644,0.9269278594315465,1.0,1.0,0.0,461.75,287.8477703173712,-173.90222968262879,465.3882985399183,440.95041154876435,3.0,4.0,5,5
0.847457627118644,1.029890826223217,1.0,1.0,0.0,475.75,292.69189410979357,-183.05810589020643,482.1896895021464,458.98523698130225,3.0,4.0,5,5
0.847457627118644,1.1442908993901826,1.0,1.0,0.0,489.75,297.46869643540987,-192.28130356459013,498.4003359081393,476.628435663907,3.0,4.0,5,5
0.847457627118644,1.2713985104896872,1.0,1.0,0.0,503.25,302.17156678766867,-201.07843321233133,513.8409426311396,493.8323435845736,3.0,4.0,5,5
0.847457627118644,1.412625210369881,1.0,1.0,0.0,516.75,306.86885741441426,-209.88114258558574,528.6637769891175,510.6958124276388,3.0,4.0,5,5
0.847457627118644,1.5695393446732664,1.0,1.0,0.0,492.25,644.7648888142494,152.5148888142494,546.1292579255756,525.2273956570233,3.0,3.0,5,5
0.847457627118644,1.7438834705720385,1.0,1.0,0.0,506.25,647.0282705373548,140.77827053735484,559.3682598765769,537.4152617139537,3.0,3.0,5,5
0.847457627118644,1.9375937081510104,1.0,1.0,0.0,519.75,649.2134231014542,129.46342310145417,571.7980196353915,548.9923951223609,3.0,3.0,5,5
0.847457627118644,2.1528212413383825,1.0,1.0,0.0,510.75,651.3133742275785,140.5633742275785,586.3767965179175,559.9505155185149,3.0,3.0,5,5
0.847457627118644,2.3919562071557467,1.0,1.0,0.0,524.25,653.322657299277,129.072657299277,597.1420519700268,570.2884521936605,3.0,3.0,5,5
0.847457627118644,2.657654238581348,1.0,1.0,0.0,523.75,655.2372972497863,131.48729724978625,609.2062889515283,580.011482760532,3.0,3.0,5,5
0.847457627118644,2.952865955789426,1.0,1.0,0.0,537.25,657.0547513002156,119.80475130021557,618.3522536427695,589.1305661566279,3.0,3.0,5,5
0.847457627118644,3.2808697332707224,1.0,1.0,0.0,541.75,658.7738147238016,117.02381472380159,628.1309191922815,597.6615317858908,3.0,3.0,5,5
0.847457627118644,3.64530810671838,1.0,1.0,0.0,544.75,660.394497878027,115.64449787802698,637.7469249912389,605.6242389952398,3.0,3.0,5,5
0.847457627118644,4.050228223983634,1.0,1.0,0.0,881.75,661.9178824416523,-219.8321175583477,645.3942456521188,613.0417325201635,2.0,3.0,5,5
0.847457627118644,4.500126789315846,1.0,1.0,0.0,883.25,663.3459655136907,-219.90403448630934,651.4434662833659,619.9394246423919,2.0,3.0,5,5
0.847457627118644,5.000000000000001,1.0,1.0,0.0,884.75,664.681498715176,-220.06850128482404,657.027606732545,626.3443224379981,2.0,3.0,5,5
0.864406779661017,0.01,0.13030251072694743,0.12442220088862589,-0.005880309838321537,3.0,2.489821014646442,-0.5101789853535581,58.682864946787994,56.86853482439653,3.0,4.0,1,1
0.864406779661017,0.011110798059892322,0.13310135048104185,0.1271802767745834,-0.005921073706458446,3.0,2.4933634024579088,-0.5066365975420912,59.68062216777326,57.77694113230661,3.0,4.0,1,1
0.864406779661017,0.012344983352770704,0.1361913332412667,0.13023650621939062,-0.00595482702187608,3.0,2.497309846733698,-0.5026901532663022,60.782973644183365,58.784149934684294,3.0,4.0,1,1
0.864406779661017,0.013716261708536773,0.13960418198374266,0.13362212330937653,-0.005982058674366131,3.0,2.501706818130334,-0.49829318186966587,62.00652876933334,59.90065116563688,3.0,4.0,1,1
0.864406779661017,0.015239861398018572,0.14337061778394328,0.13737140335190143,-0.0059992144320418495,3.0,2.506607769045514,-0.4933922309544858,63.36578540005327,61.13798891370529,3.0,4.0,1,1
0.864406779661017,0.016932702245413263,0.14752083589046905,0.14152190717352045,-0.005998928716948598,3.0,2.5120721544313724,-0.48792784556862756,64.86452770868614,62.508853874979856,3.0,4.0,1,1
0.864406779661017,0.018813583525707212,0.15209185735643285,0.14611472968467412,-0.005977127671758731,3.0,2.518167634872954,-0.4818323651270462,66.52198707408282,64.0271800935214,3.0,4.0,1,1
0.864406779661017,0.020903392733704982,0.15712166657120516,0.15119475496230628,-0.005926911608898883,3.0,2.524969386000886,-0.47503061399911406,68.35402262935662,65.70824673383657,3.0,4.0,1,1
0.864406779661017,0.023225337543081658,0.1626544447770634,0.15681090378839987,-0.00584354098866352,3.0,2.5325642701471236,-0.4674357298528764,70.38851643102593,67.56878108978816,3.0,4.0,1,1
0.864406779661017,0.02580520353140161,0.16872748819416,0.16301638280722758,-0.005711105386932425,3.0,2.541049151320477,-0.45895084867952285,72.62829094265616,69.62706640723486,3.0,4.0,1,1
0.864406779661017,0.028671640533182347,0.17538950416616686,0.16986891166630197,-0.00552059249986489,3.0,2.550534827471712,-0.4494651725282881,75.1045890267177,71.90304768622408,3.0,4.0,1,1
0.864406779661017,0.031856480801001244,0.182684994057126,0.1774309307201287,-0.0052540633369972944,3.0,2.5611471764103055,-0.43885282358969446,77.83719602321692,74.41843671948956,3.0,4.0,1,1
0.864406779661017,0.03539509250787618,0.19066260485971784,0.18576977301702494,-0.004892831842692902,3.0,2.57302934753243,-0.42697065246757004,80.84521156696104,77.19681209585951,3.0,4.0,1,1
0.864406779661017,0.03932677251662197,0.19937623110063893,0.1949577831474784,-0.0044184479531605425,3.0,2.586346593720374,-0.413653406279626,84.17126342783853,80.26371000407164,3.0,4.0,1,1
0.864406779661017,0.04369518277795103,0.20887136897010453,0.205072377828973,-0.0037989911411315247,3.0,2.601288238307462,-0.39871176169253797,87.82900129324932,83.64670420208357,3.0,4.0,3,3
0.864406779661017,0.048548835203589866,0.2191950684461953,0.21619601580710415,-0.002999052639091143,3.0,2.618072744581151,-0.38192725541884887,91.83642101198454,87.37546567199962,3.0,4.0,3,3
0.864406779661017,0.05394163039900783,0.23040350160132347,0.22841606027397035,-0.0019874413273531233,3.0,2.636953868169804,-0.36304613183019585,96.25162208272958,91.48179802266134,3.0,4.0,3,3
0.864406779661017,0.059933456238472516,0.24253787499820884,0.24182450760535407,-0.000713367392854769,3.0,2.6582281084090953,-0.3417718915909047,101.08912324676572,95.99964070564036,3.0,4.0,3,3
0.864406779661017,0.06659085292970618,0.2556469289275521,0.2565175577353003,0.0008706288077481861,3.0,2.682242226338714,-0.317757773661286,106.40052346577953,100.96503127704412,3.0,4.0,3,3
0.864406779661017,0.07398775195379542,0.2697597268513225,0.27259497651200854,0.0028352496606860456,3.0,2.7094072261475968,-0.29059277385240323,112.19202549145824,106.41601288728543,3.0,4.0,3,3
0.864406779661017,0.0822062970864025,0.28491691215035486,0.290159238189608,0.00524232603925312,3.0,2.740212256682572,-0.2597877433174278,118.52864955923842,112.3924806851164,3.0,4.0,3,3
0.864406779661017,0.09133775661785326,0.3011354572885664,0.30931439451661985,0.008178937228053462,3.0,2.775244753208246,-0.22475524679175418,125.42445413503141,118.93594964948363,3.0,4.0,3,3
0.864406779661017,0.10148353690245611,0.31842830303695885,0.3301646348636461,0.011736331826687263,3.0,2.815217774797931,-0.18478222520206922,132.91206760855343,126.08923048860373,3.0,4.0,3,3
0.864406779661017,0.112756308492682,0.33680347514443815,0.35281248875447996,0.01600901361004181,3.0,2.8610090998234243,-0.13899090017657567,141.05113797701662,133.8959964210326,3.0,4.0,3,3
0.864406779661017,0.1252812573641112,0.3562452329511746,0.37735666364320886,0.02111143069203425,3.0,2.9137099693412907,-0.08629003065870933,149.86700987730322,142.4002309731095,3.0,4.0,3,3
0.864406779661017,0.13919747512620373,0.3767251958362427,0.40388942780633447,0.027164231970091768,3.0,2.974701424199158,-0.025298575800841938,159.3780685313205,151.64552917497875,3.0,4.0,3,3
0.864406779661017,0.1546595036574134,0.398198585177194,0.4324935443447576,0.03429495916756364,3.0,3.0457608051656297,0.04576080516562975,169.6208615228845,161.6742472062665,3.0,4.0,3,3
0.864406779661017,0.1718390513180699,0.42060190379482393,0.46323866440183165,0.04263676060700772,3.0,3.129224810429152,0.12922481042915201,180.60944441981835,172.52646913302837,3.0,4.0,3,3
0.864406779661017,0.1909268997998548,0.6053082032318229,0.49617714199185015,-0.10913106123997274,5.0,3.22823923432152,-1.7717607656784802,192.420570916024,184.2387825854388,4.0,4.0,4,3
0.864406779661017,0.21213502278774823,0.5071354811039109,0.5313391495648535,0.024203668460942573,3.5,3.3471568417619,-0.1528431582380998,208.1566940250931,196.84283208437986,3.0,4.0,4,4
0.864406779661017,0.23569893996253266,0.5328042963600165,0.568726925318193,0.03592262895817655,3.5,3.492194964940429,-0.007805035059571086,221.70239575225034,210.36362173800035,3.0,4.0,4,4
0.864406779661017,0.26188033248543857,0.5588341621048154,0.60830789226932,0.049473730164504626,3.5,3.6725563145475486,0.1725563145475486,236.03939514740313,224.8175047229898,3.0,4.0,4,4
0.864406779661017,0.2909699490103167,0.8131471188208989,0.650006519565524,-0.16314059925537483,7.5,3.902400923636744,-3.597599076363256,251.573327179228,240.20982603337558,4.0,4.0,5,4
0.864406779661017,0.32329083449507945,0.8455784801901718,0.6936955945386843,-0.15188288565148744,8.0,4.204380104946906,-3.795619895053094,268.4527245461164,256.5321942179594,4.0,4.0,5,4
0.864406779661017,0.35920191766889,0.8814810189966095,0.7391917996580735,-0.142289219338536,9.0,4.615914172172779,-4.384085827827221,286.21542155513333,273.7598504124566,4.0,4.0,5,4
0.864406779661017,0.39910199699451043,0.9591603602849165,0.786272758159187,-0.1728876021257295,15.0,5.199978791450847,-9.800021208549154,305.7597601013054,291.85100113800206,4.0,4.0,5,4
0.864406779661017,0.4434341693905757,0.9999995087241478,0.8347510914002086,-0.16524841732393913,86.25,6.06507048203493,-80.18492951796507,325.11452123024213,310.7522740516787,4.0,4.0,5,5
0.864406779661017,0.4926907508954772,0.99999999843363,0.884626323903266,-0.11537367453036396,115.25,7.425813995115449,-107.82418600488455,344.5915341667551,330.41136548119096,4.0,4.0,5,5
0.864406779661017,0.5474187439176361,0.9999999997267844,0.9364037460500718,-0.06359625367671262,118.25,9.928150598081976,-108.32184940191803,364.96906824807064,350.7914365223531,4.0,4.0,5,5
0.864406779661017,0.6082259117868763,0.9999986166385403,1.0,1.3833614597169586e-06,65.75,269.60385748290855,203.85385748290855,390.95282939633245,372.250932862244,4.0,4.0,5,5
0.864406779661017,0.6757875280657863,0.9999999930669745,1.0,6.933025487043665e-09,87.75,274.5497184053505,186.79971840535052,411.52510684427136,391.054468733047,4.0,4.0,5,5
0.864406779661017,0.7508538755732771,0.9999999999187396,1.0,8.126044281908662e-11,102.75,279.52783601023157,176.77783601023157,432.5480564381039,409.8888426436027,4.0,4.0,5,5
0.864406779661017,0.8342585783982197,1.0,1.0,0.0,456.25,284.51023856798435,-171.73976143201565,453.36923185390117,428.63328248799974,3.0,4.0,5,5
0.864406779661017,0.9269278594315465,1.0,1.0,0.0,470.75,289.4695281743082,-181.2804718256918,470.7434936172387,447.16926892577106,3.0,4.0,5,5
0.864406779661017,1.029890826223217,1.0,1.0,0.0,484.75,294.38114307504406,-190.36885692495594,487.60214702068356,465.3901164468593,3.0,4.0,5,5
0.864406779661017,1.1442908993901826,1.0,1.0,0.0,498.25,299.22828813725266,-199.02171186274734,503.81046642907467,483.2179865107935,3.0,4.0,5,5
0.864406779661017,1.2713985104896872,1.0,1.0,0.0,511.75,304.018900824977,-207.73109917502302,519.2858185970049,500.639467571356,3.0,4.0,5,5
0.864406779661017,1.412625210369881,1.0,1.0,0.0,487.25,643.4133739715153,156.16337397151528,537.3990069210541,517.9858756154032,3.0,3.0,5,5
0.864406779661017,1.5695393446732664,1.0,1.0,0.0,501.75,645.782876670891,144.03287667089103,551.4548402083517,530.8683454869478,3.0,3.0,5,5
0.864406779661017,1.7438834705720385,1.0,1.0,0.0,515.75,648.081204771927,132.331204771927,564.7824780146502,543.1496535624765,3.0,3.0,5,5
0.864406779661017,1.9375937081510104,1.0,1.0,0.0,529.25,650.2998334090653,121.04983340906529,577.2088621582524,554.8141527535806,3.0,3.0,5,5
0.864406779661017,2.1528212413383825,1.0,1.0,0.0,520.75,652.4317388137825,131.68173881378254,591.6813191264998,565.8539147837953,3.0,3.0,5,5
0.864406779661017,2.3919562071557467,1.0,1.0,0.0,534.25,654.471432528828,120.22143252882802,602.4328874639351,576.2681853699434,3.0,3.0,5,5
0.864406779661017,2.657654238581348,1.0,1.0,0.0,534.25,656.4149438046882,122.16494380468816,614.4036425334092,586.0626964858508,3.0,3.0,5,5
0.864406779661017,2.952865955789426,1.0,1.0,0.0,539.25,658.2597602880479,119.00976028804791,624.9292945344572,595.2489106141225,3.0,3.0,5,5
0.864406779661017,3.2808697332707224,1.0,1.0,0.0,543.75,660.0047286292404,116.25472862924039,634.854982871312,603.8431784885523,3.0,3.0,5,5
0.864406779661017,3.64530810671838,1.0,1.0,0.0,883.75,661.6499295426344,-222.10007045736563,643.7814437480247,611.8658988448294,2.0,3.0,5,5
0.864406779661017,4.050228223983634,1.0,1.0,0.0,885.25,663.1965287370887,-222.05347126291133,650.3205873593197,619.340646860151,2.0,3.0,5,5
0.864406779661017,4.500126789315846,1.0,1.0,0.0,886.75,664.6466182145864,-222.1033817854136,656.3668377338521,626.2933515826145,2.0,3.0,5,5
0.864406779661017,5.000000000000001,1.0,1.0,0.0,888.25,666.0030501808676,-222.2469498191324,661.9472696658506,632.7514978940416,2.0,3.0,5,5
0.8813559322033898,0.01,0.12997846573596686,0.12490830137611474,-0.005070164359852122,3.0,2.50541054151836,-0.49458945848164015,58.81040711245404,57.02527012400439,3.0,4.0,1,1
0.8813559322033898,0.011110798059892322,0.13280230889912695,0.1277186953241878,-0.005083613574939139,3.0,2.50907225618139,-0.49092774381860993,59.82167223414525,57.95090816464504,3.0,4.0,1,1
0.8813559322033898,0.012344983352770704,0.13592315826751333,0.13083287381608172,-0.005090284451431615,3.0,2.5131507401703868,-0.48684925982961325,60.944584975309425,58.977226801556384,3.0,4.0,1,1
0.8813559322033898,0.013716261708536773,0.1393696784566579,0.13428265241897133,-0.005087026037686571,3.0,2.5176967944018553,-0.48230320559814466,62.1926403085854,60.114915452248724,3.0,4.0,1,1
0.8813559322033898,0.015239861398018572,0.14316835033103759,0.13810294748994237,-0.005065402841095218,3.0,2.5227637150092064,-0.4772362849907936,63.56585077060398,61.375739249126596,3.0,4.0,1,1
0.8813559322033898,0.016932702245413263,0.1473574035161542,0.14233201646948074,-0.005025387046673463,3.0,2.528415036434309,-0.4715849635656908,65.08854971709198,62.7726308597588,3.0,4.0,1,1
0.8813559322033898,0.018813583525707212,0.15197101310279063,0.14701171788299205,-0.004959295219798571,3.0,2.5347197483410135,-0.46528025165898645,66.7724597259713,64.31979148279906,3.0,4.0,1,1
0.8813559322033898,0.020903392733704982,0.15705110526606955,0.15218776282289204,-0.004863342443177515,3.0,2.5417576397536332,-0.4582423602463668,68.6437223196767,66.03279203265463,3.0,4.0,1,1
0.8813559322033898,0.023225337543081658,0.16263322455513352,0.1579099746154369,-0.004723249939696611,3.0,2.549617538799067,-0.45038246120093284,70.70487216660558,67.9286810448797,3.0,4.0,1,1
0.8813559322033898,0.02580520353140161,0.16876199720182564,0.1642325333673472,-0.004529463834478442,3.0,2.5584015619824654,-0.4415984380175346,72.98052251789161,70.02609229333822,3.0,4.0,1,1
0.8813559322033898,0.028671640533182347,0.17548451770193002,0.1712142120141524,-0.004270305687777615,3.0,2.568224653764629,-0.43177534623537106,75.49849766148071,72.34535428672633,3.0,4.0,1,1
0.8813559322033898,0.031856480801001244,0.18284619593507231,0.1789185823475967,-0.00392761358747562,3.0,2.5792182599077944,-0.4207817400922056,78.27246145410491,74.90859629706584,3.0,4.0,1,1
0.8813559322033898,0.03539509250787618,0.19089755368891503,0.18741418854015068,-0.00348336514876435,3.0,2.5915327973198155,-0.40846720268018455,81.33664646396754,77.73985120363074,3.0,4.0,1,1
0.8813559322033898,0.03932677251662197,0.19968393627692138,0.19677466622521947,-0.002909270051701912,3.0,2.605341475468596,-0.3946585245314038,84.70029201342864,80.8651476532048,3.0,4.0,1,1
0.8813559322033898,0.04369518277795103,0.2092624646929209,0.20707880013064706,-0.0021836645622738404,3.0,2.6208430907048763,-0.3791569092951237,88.41505830671623,84.3125916676817,3.0,4.0,3,3
0.8813559322033898,0.048548835203589866,0.21968105861232368,0.21841049222128295,-0.0012705663910407283,3.0,2.6382667693833364,-0.3617332306166636,92.50300753835295,88.11242880720968,3.0,4.0,3,3
0.8813559322033898,0.05394163039900783,0.23098316122037937,0.23085860912153616,-0.0001245520988432114,3.0,2.6578808309277533,-0.3421191690722467,96.9765635572046,92.29707794206887,3.0,4.0,3,3
0.8813559322033898,0.059933456238472516,0.24322024889432534,0.24451670667631134,0.0012964577819860046,3.0,2.6799983797362086,-0.3200016202637914,101.88913356399634,96.90113671971676,3.0,4.0,3,3
0.8813559322033898,0.06659085292970618,0.2564354863226913,0.259482578933898,0.00304709261120667,3.0,2.704987419309329,-0.29501258069067093,107.27261667665373,101.9613414697612,3.0,4.0,3,3
0.8813559322033898,0.07398775195379542,0.2706668744664948,0.27585760356769934,0.00519072910120455,3.0,2.7332844060729267,-0.26671559392707334,113.16271403368752,107.51647349898269,3.0,4.0,3,3
0.8813559322033898,0.0822062970864025,0.28594253896513905,0.29374585214308124,0.007803313177942195,3.0,2.765411285898882,-0.2345887141011178,119.58419817854217,113.60720170272576,3.0,4.0,3,3
0.8813559322033898,0.09133775661785326,0.3022884618080886,0.31325291973357755,0.010964457925488946,3.0,2.801997756696075,-0.1980022433039248,126.58312686355005,120.27584305771512,3.0,4.0,3,3
0.8813559322033898,0.10148353690245611,0.31971736060246425,0.33448444280383854,0.014767082201374293,3.0,2.8438113057171006,-0.1561886942828994,134.19518109441606,127.56603309119974,3.0,4.0,3,3
0.8813559322033898,0.112756308492682,0.33823342456986966,0.35754423952910913,0.019310814959239475,3.0,2.891800622240409,-0.1081993777595911,142.47434761179895,135.52227903169717,3.0,4.0,3,3
0.8813559322033898,0.1252812573641112,0.3578125495842104,0.38253206656492755,0.02471951698071717,3.0,2.9471529752248915,-0.0528470247751085,151.39964120314826,144.18939298635613,3.0,4.0,3,3
0.8813559322033898,0.13919747512620373,0.3784399865843971,0.40954090631116363,0.03110091972676654,3.0,3.011380223772723,0.011380223772722964,161.07105915572848,153.6117730128104,3.0,4.0,3,3
0.8813559322033898,0.1546595036574134,0.4000585637366674,0.4386537638251325,0.038595200088465065,3.0,3.0864428316883297,0.08644283168832967,171.46168033744118,163.83252208336754,3.0,4.0,3,3
0.8813559322033898,0.1718390513180699,0.4226031289163131,0.4699398865320782,0.04733675761576511,3.0,3.174940217810219,0.17494021781021907,182.58011277749665,174.89237916788295,3.0,4.0,3,3
0.8813559322033898,0.1909268997998548,0.4837849616129029,0.5034503475415272,0.019665385928624268,3.5,3.280403818748893,-0.21959618125110714,197.58190097237838,186.82844519681174,3.0,4.0,3,4
0.8813559322033898,0.21213502278774823,0.5090670440267102,0.5392128012250386,0.03014575719832835,3.5,3.4077747444622237,-0.09222525553777627,210.5580602998796,199.67266068527223,3.0,4.0,4,4
0.8813559322033898,0.23569893996253266,0.5348528545892908,0.5772252656790223,0.042372411089731554,3.5,3.564192674373046,0.0641926743730461,224.2852499117393,213.45000943356126,3.0,4.0,4,4
0.8813559322033898,0.26188033248543857,0.7344434244864186,0.6174486116571726,-0.11699481282924606,7.0,3.7603568728023697,-3.2396431271976303,238.8032013179019,228.17637211647892,4.0,4.0,4,4
0.8813559322033898,0.2909699490103167,0.8152196450914301,0.6597978318142903,-0.15542181327713978,7.5,4.012919277022595,-3.487080722977405,254.9979876764236,243.8559978613677,4.0,4.0,5,4
0.8813559322033898,0.32329083449507945,0.8554760750224513,0.7041337252658022,-0.15134234975664906,8.5,4.3487278293003335,-4.1512721706996665,272.2050556727186,260.4786680331331,4.0,4.0,5,4
0.8813559322033898,0.35920191766889,0.8895742939740884,0.7502633476764073,-0.13931094629768104,9.5,4.812123561580665,-4.687876438419335,290.16274694929075,278.0174280573545,4.0,4.0,5,4
0.8813559322033898,0.39910199699451043,0.964808760023499,0.7979728068618779,-0.16683595316162114,16.0,5.477109843096693,-10.522890156903307,309.95237775621905,296.4295444934159,4.0,4.0,5,4
0.8813559322033898,0.4434341693905757,0.9999999189082505,0.8471253457163502,-0.15287457319190023,97.75,6.4725569816946456,-91.27744301830535,329.58321046436816,315.6645245384045,4.0,4.0,5,5
0.8813559322033898,0.4926907508954772,0.9999999776095148,0.897825762103201,-0.10217421550631378,99.75,8.077385667542682,-91.67261433245731,349.94128314735656,335.6760651197531,4.0,4.0,5,5
0.8813559322033898,0.5474187439176361,0.9999999999689387,0.9509433091886313,-0.04905669078030739,130.75,11.319692572799953,-119.43030742720005,369.83627406339286,356.4406042029691,4.0,4.0,5,5
0.8813559322033898,0.6082259117868763,0.9999998997227201,1.0,1.0027727992412139e-07,79.75,270.93462400920396,191.18462400920396,395.8781913420027,377.5302164101808,4.0,4.0,5,5
0.8813559322033898,0.6757875280657863,0.9999999982368318,1.0,1.7631681670238208e-09,94.75,275.9524513328719,181.20245133287187,416.98398387074656,396.5724458493895,4.0,4.0,5,5
0.8813559322033898,0.7508538755732771,0.9999999999919633,1.0,8.036682430656583e-12,113.75,281.0011667282374,167.25116672823742,437.92726248984025,415.6316403172163,4.0,4.0,5,5
0.8813559322033898,0.8342585783982197,1.0,1.0,0.0,464.75,286.05246897981317,-178.69753102018683,458.45994576003375,434.58446179091015,3.0,4.0,5,5
0.8813559322033898,0.9269278594315465,1.0,1.0,0.0,478.75,291.0792361365296,-187.67076386347043,475.92072748080295,453.3128647769208,3.0,4.0,5,5
0.8813559322033898,1.029890826223217,1.0,1.0,0.0,493.25,296.0587156674035,-197.19128433259652,492.88429430880046,471.7173680783337,3.0,4.0,5,5
0.8813559322033898,1.1442908993901826,1.0,1.0,0.0,506.75,300.98019633471654,-205.76980366528346,509.0593016912062,489.7391697110286,3.0,4.0,5,5
0.8813559322033898,1.2713985104896872,1.0,1.0,0.0,520.25,305.88556505363584,-214.36443494636416,524.6394194485109,507.4284549831613,3.0,4.0,5,5
0.8813559322033898,1.412625210369881,1.0,1.0,0.0,496.75,644.3898692396125,147.6398692396125,542.704388704527,523.4576466314144,3.0,3.0,5,5
0.8813559322033898,1.5695393446732664,1.0,1.0,0.0,511.25,646.795315866313,135.545315866313,556.7668272571872,536.4375579549838,3.0,3.0,5,5
0.8813559322033898,1.7438834705720385,1.0,1.0,0.0,525.25,649.1281980753251,123.87819807532514,570.0937412949329,548.810014511463,3.0,3.0,5,5
0.8813559322033898,1.9375937081510104,1.0,1.0,0.0,516.75,651.3799140848822,134.62991408488222,585.2472567313915,560.559666889401,3.0,3.0,5,5
0.8813559322033898,2.1528212413383825,1.0,1.0,0.0,530.75,653.5433943524519,122.79339435245186,596.878322889694,571.6789611690261,3.0,3.0,5,5
0.8813559322033898,2.3919562071557467,1.0,1.0,0.0,530.75,655.6131333004422,124.8631333004422,609.6359976623834,582.1675697560942,3.0,3.0,5,5
0.8813559322033898,2.657654238581348,1.0,1.0,0.0,544.75,657.5851721422083,112.83517214220831,619.4905852677764,592.0317139720586,3.0,3.0,5,5
0.8813559322033898,2.952865955789426,1.0,1.0,0.0,544.25,659.4570353083817,115.2070353083817,630.9350523539329,601.2833798515915,3.0,3.0,5,5
0.8813559322033898,3.2808697332707224,1.0,1.0,0.0,549.75,661.2276299531906,111.47762995319056,640.850039426395,609.9394806229335,3.0,3.0,5,5
0.8813559322033898,3.64530810671838,1.0,1.0,0.0,887.25,662.8971157318376,-224.35288426816237,648.6030133885664,618.0209862541537,2.0,3.0,5,5
0.8813559322033898,4.050228223983634,1.0,1.0,0.0,888.75,664.4667538708592,-224.28324612914082,655.138929949843,625.5520532284098,2.0,3.0,5,5
0.8813559322033898,4.500126789315846,1.0,1.0,0.0,890.25,665.9387425158226,-224.31125748417742,661.1811588207192,632.5591679800958,2.0,3.0,5,5
0.8813559322033898,5.000000000000001,1.0,1.0,0.0,891.75,667.316048383439,-224.433951616561,666.7569253302761,639.0703450482157,2.0,3.0,5,5
0.8983050847457628,0.01,0.12965616678064834,0.12539380447224727,-0.004262362308401074,3.0,2.5212459137721464,-0.47875408622785365,58.93500550913725,57.1817963504872,3.0,4.0,1,1
0.8983050847457628,0.011110798059892322,0.13250884897693033,0.12825644740489298,-0.004252401572037351,3.0,2.5250289970834285,-0.47497100291657146,59.96912577864493,58.124643764908924,3.0,4.0,1,1
0.8983050847457628,0.012344983352770704,0.13565673448448914,0.13142849464449388,-0.0042282398399952625,3.0,2.5292447341023956,-0.4707552658976044,61.10716520969784,59.17004672694174,3.0,4.0,1,1
0.8983050847457628,0.013716261708536773,0.1391332811940177,0.13494234712162056,-0.004190934072397123,3.0,2.53394254706218,-0.46605745293781986,62.37027442754685,60.32889550893571,3.0,4.0,1,1
0.8983050847457628,0.015239861398018572,0.14296822788363295,0.1388335553903898,-0.004134672493243147,3.0,2.5391812316142026,-0.4608187683857974,63.76832295613706,61.61317431383727,3.0,4.0,1,1
0.8983050847457628,0.016932702245413263,0.1471952701530205,0.14314107639229298,-0.00405419376072752,3.0,2.545024275453762,-0.4549757245462378,65.31507288097241,63.036059002990484,3.0,4.0,1,1
0.8983050847457628,0.018813583525707212,0.1518521735539785,0.1479075272031678,-0.00394464635081071,3.0,2.5515443990647335,-0.4484556009352665,67.0311564150397,64.61201638880237,3.0,4.0,1,1
0.8983050847457628,0.020903392733704982,0.15697430916698404,0.15317944603972244,-0.0037948631272615996,3.0,2.558824595727493,-0.4411754042725069,68.92203728786922,66.35690971128135,3.0,4.0,1,1
0.8983050847457628,0.023225337543081658,0.16260621216250362,0.1590075537870909,-0.0035986583754127333,3.0,2.5669576200773014,-0.43304237992269856,71.01522323706239,68.28810781148199,3.0,4.0,1,1
0.8983050847457628,0.02580520353140161,0.16879119969173387,0.16544700346016303,-0.0033441962315708396,3.0,2.5760490011249217,-0.42395099887507826,73.33300725106199,70.42459509353472,3.0,4.0,1,1
0.8983050847457628,0.028671640533182347,0.17557319011330666,0.17255761504809625,-0.003015575065210413,3.0,2.5862195843888927,-0.41378041561110734,75.88826629775882,72.78708239993128,3.0,4.0,1,1
0.8983050847457628,0.031856480801001244,0.18299910280360207,0.18040408790041657,-0.002595014903185505,3.0,2.5976064883172523,-0.40239351168274773,78.70765029272074,75.39811637291743,3.0,4.0,1,1
0.8983050847457628,0.03539509250787618,0.19111814180773073,0.18905617166364397,-0.0020619701440867666,3.0,2.610367483791198,-0.3896325162088021,81.81100347702129,78.28218323715356,3.0,4.0,1,1
0.8983050847457628,0.03932677251662197,0.19998473546222587,0.1985887890688248,-0.0013959463934010707,3.0,2.624683202942834,-0.3753167970571658,85.24196106705627,81.46580419731694,3.0,4.0,1,1
0.8983050847457628,0.04369518277795103,0.2096424497754967,0.2090820841472454,-0.0005603656282512914,3.0,2.6407629398687287,-0.3592370601312713,89.00478127717054,84.97761647160209,3.0,4.0,3,3
0.8983050847457628,0.048548835203589866,0.22014597132082467,0.22062139043155393,0.0004754191107292638,3.0,2.658848099398894,-0.3411519006011061,93.14753954176881,88.84843885875667,3.0,4.0,3,3
0.8983050847457628,0.05394163039900783,0.23154449676462774,0.23329706891744445,0.0017525721528167115,3.0,2.6792214422079277,-0.3207785577920723,97.70019043108698,93.11130498458174,3.0,4.0,3,3
0.8983050847457628,0.059933456238472516,0.24388188853946308,0.24720422101487394,0.0033223324754108607,3.0,2.7022137001040405,-0.2977862998959595,102.68429739337391,97.80146929869738,3.0,4.0,3,3
0.8983050847457628,0.06659085292970618,0.2572036223404224,0.26244222034250647,0.005238598002084094,3.0,2.7282148548052656,-0.2717851451947344,108.14893953800625,102.9563659507231,3.0,4.0,3,3
0.8983050847457628,0.07398775195379542,0.27154457504868257,0.2791140306996925,0.007569455651009915,3.0,2.757689958560515,-0.24231004143948498,114.1164310388371,108.61551147836833,3.0,4.0,3,3
0.8983050847457628,0.0822062970864025,0.2869420024520728,0.2973252989233979,0.010383296471325076,3.0,2.7911950219131554,-0.20880497808684462,120.64416437677905,114.82034698208555,3.0,4.0,3,3
0.8983050847457628,0.09133775661785326,0.30341551234286773,0.31718312721859454,0.013767614875726808,3.0,2.8294060168031154,-0.17059398319688457,127.76321375401827,121.61398759237849,3.0,4.0,3,3
0.8983050847457628,0.10148353690245611,0.3209738415385793,0.3387945612671605,0.017820719728581236,3.0,2.873148067790318,-0.12685193220968216,135.48781565676782,129.04088965972906,3.0,4.0,3,3
0.8983050847457628,0.112756308492682,0.33962010729565256,0.3622646501846492,0.022644542888996644,3.0,2.923448168765755,-0.0765518312342448,143.8682668451976,137.14638865829912,3.0,4.0,3,3
0.8983050847457628,0.1252812573641112,0.3593402111909513,0.38769412534360265,0.02835391415265137,3.0,2.981598825438415,-0.018401174561585076,152.9425140387168,145.9761159199686,3.0,4.0,3,3
0.8983050847457628,0.13919747512620373,0.3801036845242322,0.4151765867265704,0.03507290220233816,3.0,3.0492556973709743,0.04925569737097435,162.72901114128106,155.57526017167876,3.0,4.0,3,3
0.8983050847457628,0.1546595036574134,0.4018633818459498,0.44479514524696206,0.04293176340101229,3.0,3.128583125781735,0.12858312578173514,173.26421844093574,165.9876534851469,3.0,4.0,3,3
0.8983050847457628,0.1718390513180699,0.5867151144147656,0.4766184586652441,-0.11009665574952154,5.0,3.2224745743384138,-1.7775254256615862,184.64501558674732,177.25466476584768,4.0,4.0,4,3
0.8983050847457628,0.1909268997998548,0.4855371591783123,0.5106960322813169,0.025158873103004575,3.5,3.334899621753723,-0.1651003782462772,199.79058777762054,189.41386436333744,3.0,4.0,3,4
0.8983050847457628,0.21213502278774823,0.510934275725297,0.5470526084021178,0.03611833267682074,3.5,3.471470919711284,-0.028529080288715924,212.9091097194512,202.4974291998161,3.0,4.0,4,4
0.8983050847457628,0.23569893996253266,0.5368334287146247,0.585681416316472,0.048847987601847276,3.5,3.6403911109548086,0.1403911109548086,226.8133644553086,216.53023070170542,3.0,4.0,4,4
0.8983050847457628,0.26188033248543857,0.779124061596605,0.6265360284549361,-0.1525880331416689,7.0,3.85409333163989,-3.14590666836011,241.90239091058262,231.5275453077778,4.0,4.0,4,4
0.8983050847457628,0.2909699490103167,0.8159100944946925,0.6695212489405085,-0.14638884555418408,7.5,4.132112047157719,-3.367887952842281,258.37269980690814,247.492362600303,4.0,4.0,5,4
0.8983050847457628,0.32329083449507945,0.855957041959723,0.7144863314827221,-0.14147071047700088,8.5,4.506063394440571,-3.993936605559429,275.8279155985423,264.4125625815272,4.0,4.0,5,4
0.8983050847457628,0.35920191766889,0.9294749704281268,0.7612332984575868,-0.16824167197053996,12.5,5.027870375901692,-7.472129624098308,295.0781438439039,282.25935517017604,4.0,4.0,5,4
0.8983050847457628,0.39910199699451043,0.9673170965095482,0.8095687556354585,-0.15774834087408973,16.5,5.7834767894528305,-10.71652321054717,314.22446396572826,300.9902932482508,4.0,4.0,5,5
0.8983050847457628,0.4434341693905757,0.9999999874794548,0.8594193755576967,-0.1405806119217582,109.75,6.9273082839557825,-102.82269171604422,334.04840765051944,320.5588903688243,4.0,4.0,5,5
0.8983050847457628,0.4926907508954772,0.9999999968850339,0.9110111823465615,-0.0889888145384724,111.75,8.835266608197694,-102.9147333918023,354.4886719710273,340.92434114600235,4.0,4.0,5,5
0.8983050847457628,0.5474187439176361,0.9999999999960874,0.9659343521388738,-0.034065647857213555,142.75,13.311906712362513,-129.43809328763749,374.59608462556287,362.09005096454075,4.0,4.0,5,5
0.8983050847457628,0.6082259117868763,0.9999999511525308,1.0,4.88474691806573e-08,83.75,272.25750524138857,188.50750524138857,401.1289678885892,382.76507505005935,4.0,4.0,5,5
0.8983050847457628,0.6757875280657863,0.9999999995915727,1.0,4.084272919868681e-10,102.25,277.3461886909659,175.0961886909659,422.3029425056556,402.03845743360245,4.0,4.0,5,5
0.8983050847457628,0.7508538755732771,0.9999999999986277,1.0,1.372346680739156e-12,122.25,282.46432574104927,160.21432574104927,443.3188096842632,421.3140219575028,4.0,4.0,5,5
0.8983050847457628,0.8342585783982197,1.0,1.0,0.0,473.25,287.5834724050952,-185.66652759490478,463.5519801730525,440.4669814817356,3.0,4.0,5,5
0.8983050847457628,0.9269278594315465,1.0,1.0,0.0,487.25,292.67727444508546,-194.57272555491454,481.0746670167379,459.3825247959492,3.0,4.0,5,5
0.8983050847457628,1.029890826223217,1.0,1.0,0.0,501.25,297.72594080657893,-203.52405919342107,497.9642419165475,477.97287791938413,3.0,4.0,5,5
0.8983050847457628,1.1442908993901826,1.0,1.0,0.0,515.25,302.72909303169405,-212.52090696830595,514.2982664830881,496.20562937464103,3.0,4.0,5,5
0.8983050847457628,1.2713985104896872,1.0,1.0,0.0,491.25,307.88193448150935,-183.36806551849065,532.9487448120195,514.3776860087543,3.0,4.0,5,5
0.8983050847457628,1.412625210369881,1.0,1.0,0.0,505.75,645.3611620826246,139.61116208262456,547.7990705606543,528.8611782298163,3.0,3.0,5,5
0.8983050847457628,1.5695393446732664,1.0,1.0,0.0,520.25,647.8021538871411,127.55215388714112,561.9517038402478,541.93614481355,3.0,3.0,5,5
0.8983050847457628,1.7438834705720385,1.0,1.0,0.0,534.25,650.1691899314366,115.91918993143656,575.1905071242643,554.3974210952011,3.0,3.0,5,5
0.8983050847457628,1.9375937081510104,1.0,1.0,0.0,526.25,652.4535968326115,126.20359683261154,590.3355483873802,566.2299751216477,3.0,3.0,5,5
0.8983050847457628,2.1528212413383825,1.0,1.0,0.0,540.25,654.6482638337386,114.39826383373861,601.8610956688638,577.4266364371929,3.0,3.0,5,5
0.8983050847457628,2.3919562071557467,1.0,1.0,0.0,540.75,656.747675125211,115.997675125211,614.6243729186784,587.9875322172469,3.0,3.0,5,5
0.8983050847457628,2.657654238581348,1.0,1.0,0.0,546.25,658.747890988904,112.49789098890403,625.858746818074,597.9193985861883,3.0,3.0,5,5
0.8983050847457628,2.952865955789426,1.0,1.0,0.0,550.75,660.646481681142,109.89648168114195,636.5032330843504,607.234783446651,3.0,3.0,5,5
0.8983050847457628,3.2808697332707224,1.0,1.0,0.0,889.25,662.4424245011572,-226.80757549884277,646.2684441849958,615.9511995927073,2.0,3.0,5,5
0.8983050847457628,3.64530810671838,1.0,1.0,0.0,890.75,664.1359701363826,-226.61402986361736,653.3210065664446,624.0902385079236,2.0,3.0,5,5
0.8983050847457628,4.050228223983634,1.0,1.0,0.0,892.25,665.7284886991134,-226.52151130088657,659.8525899099078,631.676687450613,2.0,3.0,5,5
0.8983050847457628,4.500126789315846,1.0,1.0,0.0,893.75,667.2223024760372,-226.52769752396284,665.889788614379,638.7376621051155,2.0,3.0,5,5
0.8983050847457628,5.000000000000001,1.0,1.0,0.0,895.25,668.6205133550802,-226.62948664491978,671.4599718662782,645.3017757831202,2.0,3.0,5,5
0.9152542372881356,0.01,0.12933990571495016,0.1258786952113983,-0.0034612105035518592,3.0,2.537333541054978,-0.462666458945022,59.065787592262076,57.338109039911984,3.0,4.0,1,1
0.9152542372881356,0.011110798059892322,0.13221510193954342,0.12879351504383682,-0.0034215868957065965,3.0,2.541241683519912,-0.4587583164800879,60.10911810953063,58.2981425568719,3.0,4.0,1,1
0.9152542372881356,0.012344983352770704,0.13539088902534108,0.1320233514783831,-0.0033675375469579827,3.0,2.545596894179472,-0.454403105820528,61.26463992603381,59.362604576799555,3.0,4.0,1,1
0.9152542372881356,0.013716261708536773,0.13889812838511592,0.1356011852983161,-0.003296943086799814,3.0,2.550452041014797,-0.44954795898520317,62.547123581360985,60.542584701889446,3.0,4.0,1,1
0.9152542372881356,0.015239861398018572,0.1427668140630164,0.13956320467824035,-0.0032036093847760405,3.0,2.555866345611868,-0.444133654388132,63.96658730887897,61.85028743327411,3.0,4.0,1,1
0.9152542372881356,0.016932702245413263,0.14703246265005587,0.14394906122441967,-0.0030834014256362063,3.0,2.5619063470978305,-0.4380936529021695,65.5423109426554,63.299130486866325,3.0,4.0,1,1
0.9152542372881356,0.018813583525707212,0.15172841893712855,0.14880212872275664,-0.002926290214371907,3.0,2.5686484793550344,-0.4313515206449656,67.27922858771923,64.903846152703,3.0,4.0,1,1
0.9152542372881356,0.020903392733704982,0.15689694533836376,0.15416977197785506,-0.0027271733605087056,3.0,2.576177680498223,-0.42382231950177696,69.20313545855865,66.68059014711478,3.0,4.0,1,1
0.9152542372881356,0.023225337543081658,0.162579330164204,0.16010360592323333,-0.0024757242409706726,3.0,2.584591272374383,-0.41540872762561687,71.33492181918737,68.64705087789777,3.0,4.0,1,1
0.9152542372881356,0.02580520353140161,0.16881566065037404,0.16665975171889513,-0.002155908931478906,3.0,2.5939993564505137,-0.4060006435494863,73.68173679789433,70.82256254884496,3.0,4.0,1,1
0.9152542372881356,0.028671640533182347,0.17565335671996282,0.17389907414736183,-0.0017542825726009903,3.0,2.6045279127312835,-0.3954720872687165,76.27074086821813,73.22821832446883,3.0,4.0,1,1
0.9152542372881356,0.031856480801001244,0.18314432943714906,0.1818873939856907,-0.0012569354514583575,3.0,2.616320834879299,-0.383679165120701,79.1383504903508,75.88698129851672,3.0,4.0,1,1
0.9152542372881356,0.03539509250787618,0.19133156293175146,0.19069566395429105,-0.000635898977460414,3.0,2.6295418362366045,-0.37045816376339546,82.28884302627253,78.82379095078674,3.0,4.0,1,1
0.9152542372881356,0.03932677251662197,0.20026944612461187,0.2004000841567401,0.000130638032128233,3.0,2.644381168764086,-0.3556188312359141,85.7649056472917,82.06565978525873,3.0,4.0,3,3
0.9152542372881356,0.04369518277795103,0.21000899780597418,0.21108215090464547,0.0010731530986712867,3.0,2.661058797995794,-0.33894120200420597,89.59378974254842,85.64175583907083,3.0,4.0,3,3
0.9152542372881356,0.048548835203589866,0.2205981549696642,0.2228286208297645,0.0022304658601003113,3.0,2.6798284058982986,-0.3201715941017014,93.79604106725385,89.5834701931221,3.0,4.0,3,3
0.9152542372881356,0.05394163039900783,0.23208826237416097,0.23573133686544426,0.003643074491283288,3.0,2.7009883143007767,-0.2990116856992233,98.41658368147417,93.9244498752547,3.0,4.0,3,3
0.9152542372881356,0.059933456238472516,0.24452330091730362,0.2498869328426909,0.005363631925387274,3.0,2.724887833814138,-0.275112166185862,103.4778453779354,98.70060530694954,3.0,4.0,3,3
0.9152542372881356,0.06659085292970618,0.2579489312925745,0.2653963410908894,0.007447409798314875,3.0,2.7519411093264363,-0.24805889067356368,109.02327116011746,103.95006581522311,3.0,4.0,3,3
0.9152542372881356,0.07398775195379542,0.27240291783154785,0.28236409413517194,0.009961176303624086,3.0,2.7826425511681023,-0.21735744883189767,115.08934155962935,109.71308231093842,3.0,4.0,3,3
0.9152542372881356,0.0822062970864025,0.28791614639077473,0.30089738145090117,0.01298123506012644,3.0,2.8175859241047885,-0.18241407589521152,121.71309214467989,116.03186389967327,3.0,4.0,3,3
0.9152542372881356,0.09133775661785326,0.30450751419692657,0.32110478655375296,0.016597272356826398,3.0,2.85749498064397,-0.14250501935603,128.9187833326514,122.95032256757344,3.0,4.0,3,3
0.9152542372881356,0.10148353690245611,0.3221918274327698,0.3430947084967633,0.020902881063993517,3.0,2.9032598576974133,-0.09674014230258665,136.75361269187724,130.51372829103923,3.0,4.0,3,3
0.9152542372881356,0.112756308492682,0.3409648269069732,0.36697337316193457,0.02600854625496135,3.0,2.955991435190664,-0.044008564809336015,145.2375460130418,138.76823845619984,3.0,4.0,3,3
0.9152542372881356,0.1252812573641112,0.36082205495223346,0.3928424121452369,0.032020357193003446,3.0,3.0170971021987514,0.01709710219875138,154.45326491203258,147.7602956904935,3.0,4.0,3,3
0.9152542372881356,0.13919747512620373,0.38172180353059654,0.4207959287323258,0.03907412520172926,3.0,3.088392592803577,0.08839259280357714,164.38075420191817,157.5358635853726,3.0,4.0,3,3
0.9152542372881356,0.1546595036574134,0.403618546435036,0.4509169959600023,0.04729844952496631,3.0,3.172268306522166,0.17226830652216618,175.0529463668268,168.13948459941685,3.0,4.0,3,3
0.9152542372881356,0.1718390513180699,0.6040925221341417,0.4832734651738201,-0.12081905696032158,5.0,3.2719481725594974,-1.7280518274405026,186.85492329589036,179.61312494127486,4.0,4.0,4,3
0.9152542372881356,0.1909268997998548,0.48723084583436516,0.5179129751515131,0.030682129317147977,3.5,3.391897634399358,-0.1081023656006419,201.9530344109547,191.9947821778396,3.0,4.0,3,4
0.9152542372881356,0.21213502278774823,0.5127433589529488,0.5548569248629169,0.042113565909968176,3.5,3.53849487003172,0.03849487003172003,215.24028192532904,205.316801688719,3.0,4.0,4,4
0.9152542372881356,0.23569893996253266,0.6429012426327165,0.5940931347012023,-0.048808107931514244,5.25,3.721165885741359,-1.528834114258641,229.3846061834638,219.60383870375483,4.0,4.0,4,4
0.9152542372881356,0.26188033248543857,0.7824670437754585,0.6355671521360112,-0.14689989163944728,7.0,3.9543397410365313,-3.0456602589634687,245.0064612249551,234.87042750212242,4.0,4.0,4,4
0.9152542372881356,0.2909699490103167,0.8165009309910701,0.6791731823661707,-0.13732774862489938,7.5,4.2608405981853155,-3.2391594018146845,261.7696396352764,251.11816120203116,4.0,4.0,5,4
0.9152542372881356,0.32329083449507945,0.8564205973932043,0.724750435790094,-0.1316701616031103,8.5,4.677580720919651,-3.822419279080349,279.43222985211935,268.3330569492827,4.0,4.0,5,4
0.9152542372881356,0.35920191766889,0.9342146358102384,0.7721026511670537,-0.16211198464318477,13.0,5.26457272301195,-7.73542727698805,298.97773195102934,286.4851121369452,4.0,4.0,5,4
0.9152542372881356,0.39910199699451043,0.9718013612791935,0.8210692523469534,-0.1507321089322401,17.5,6.120945387118258,-11.379054612881742,318.39316270145537,305.53343675228416,4.0,4.0,5,5
0.9152542372881356,0.4434341693905757,0.9999999978784687,0.8716483157955232,-0.12835168208294556,121.25,7.435322654381152,-113.81467734561885,338.46583777031935,325.43588229628114,4.0,4.0,5,5
0.9152542372881356,0.4926907508954772,0.9999999995609778,0.9242185212425776,-0.07578147831840021,123.75,9.733994698210136,-114.01600530178986,359.09773546486406,346.15687050255207,4.0,4.0,5,5
0.9152542372881356,0.5474187439176361,0.9999997254500439,0.9824029166944723,-0.01759680875557157,79.75,16.987350934301475,-62.762649065698525,384.55770771954815,367.78325873913934,4.0,4.0,5,5
0.9152542372881356,0.6082259117868763,0.9999999960106617,1.0,3.989338304144496e-09,97.25,273.5723856475355,176.3223856475355,405.8945275392086,387.95412972433394,4.0,4.0,5,5
0.9152542372881356,0.6757875280657863,0.9999999999137856,1.0,8.621436897726653e-11,110.25,278.7308040939898,168.48080409398978,427.4654741756171,407.4509150620446,4.0,4.0,5,5
0.9152542372881356,0.7508538755732771,0.9999999999997372,1.0,2.6278978992877455e-13,130.25,283.9172321331513,153.6672321331513,448.79922316497016,426.9346315489702,4.0,4.0,5,5
0.9152542372881356,0.8342585783982197,1.0,1.0,0.0,481.25,289.10336639098335,-192.14663360901665,468.4522745272065,446.2808404405813,3.0,4.0,5,5
0.9152542372881356,0.9269278594315465,1.0,1.0,0.0,495.25,294.2642757967953,-200.9857242032047,486.0321452803245,465.38139299707314,3.0,4.0,5,5
0.9152542372881356,1.029890826223217,1.0,1.0,0.0,509.25,299.384710387202,-209.865289612798,503.0402083983386,484.16453904122613,3.0,4.0,5,5
0.9152542372881356,1.1442908993901826,1.0,1.0,0.0,523.25,304.4839296756708,-218.76607032432918,519.408412720493,502.63688515802653,3.0,4.0,5,5
0.9152542372881356,1.2713985104896872,1.0,1.0,0.0,499.75,643.7859698306248,144.03596983062482,537.9093582927245,520.4330615885609,3.0,3.0,5,5
0.9152542372881356,1.412625210369881,1.0,1.0,0.0,514.75,646.3272010106485,131.57720101064854,552.8890094375649,534.1974799991241,3.0,3.0,5,5
0.9152542372881356,1.5695393446732664,1.0,1.0,0.0,529.25,648.8033308594095,119.55333085940947,567.0429898115958,547.365079415856,3.0,3.0,5,5
0.9152542372881356,1.7438834705720385,1.0,1.0,0.0,521.25,651.2041119221094,129.9541119221094,582.8924121360062,559.9128042741196,3.0,3.0,5,5
0.9152542372881356,1.9375937081510104,1.0,1.0,0.0,535.75,653.5208032537918,117.77080325379177,595.3254944672486,571.8259457801304,3.0,3.0,5,5
0.9152542372881356,2.1528212413383825,1.0,1.0,0.0,536.25,655.7462591028802,119.49625910288023,608.8175432509182,583.0977398060268,3.0,3.0,5,5
0.9152542372881356,2.3919562071557467,1.0,1.0,0.0,541.25,657.8749609166209,116.62496091662092,620.863562308626,593.7287974790934,3.0,3.0,5,5
0.9152542372881356,2.657654238581348,1.0,1.0,0.0,550.25,659.9029963324002,109.65299633240022,631.6911904037628,603.7264004148649,3.0,3.0,5,5
0.9152542372881356,2.952865955789426,1.0,1.0,0.0,555.25,661.827991396618,106.57799139661802,642.4171151654532,613.1036963219518,3.0,3.0,5,5
0.9152542372881356,3.2808697332707224,1.0,1.0,0.0,892.75,663.6490061553127,-229.1009938446873,650.890619992883,621.8788483869054,2.0,3.0,5,5
0.9152542372881356,3.64530810671838,1.0,1.0,0.0,894.25,665.3663976803008,-228.8836023196992,657.9385549563826,630.0741292064887,2.0,3.0,5,5
0.9152542372881356,4.050228223983634,1.0,1.0,0.0,895.75,666.9816643444411,-228.76833565555887,664.4647427375086,637.7150288700133,2.0,3.0,5,5
0.9152542372881356,4.500126789315846,1.0,1.0,0.0,897.25,668.497277449153,-228.752722550847,670.4959428238091,644.8293770083645,2.0,3.0,5,5
0.9152542372881356,5.000000000000001,1.0,1.0,0.0,898.25,669.9165098431585,-228.33349015684155,675.9669759691636,651.4465071892603,2.0,3.0,5,5
0.9322033898305084,0.01,0.1290240108911515,0.12636295897480065,-0.002661051916350854,3.0,2.5536789303878336,-0.44632106961216644,59.18952221228756,57.49420383418918,3.0,4.0,1,1
0.9322033898305084,0.011110798059892322,0.13192395389714223,0.12932988188362027,-0.002594072013521964,3.0,2.5577157321327846,-0.4422842678672154,60.248558448804516,58.471399573632645,3.0,4.0,1,1
0.9322033898305084,0.012344983352770704,0.13512699689499902,0.13261742437335045,-0.002509572521648573,3.0,2.562214780942305,-0.43778521905769496,61.42145534595386,59.554894385723074,3.0,4.0,1,1
0.9322033898305084,0.013716261708536773,0.13866421738732837,0.13625914652404766,-0.002405070863280706,3.0,2.5672309715941095,-0.4327690284058905,62.72319336185657,60.75597685871401,3.0,4.0,1,1
0.9322033898305084,0.015239861398018572,0.14256735150126265,0.14029187201023602,-0.002275479491026633,3.0,2.572825480415487,-0.42717451958451313,64.1689739564215,62.087071618823614,3.0,4.0,1,1
0.9322033898305084,0.016932702245413263,0.14686768463184494,0.14475594384175677,-0.0021117407900881624,3.0,2.5790686070395177,-0.4209313929604823,65.76319953777649,63.56183719953877,3.0,4.0,1,1
0.9322033898305084,0.018813583525707212,0.15160331366288832,0.1496954933247017,-0.0019078203381866221,3.0,2.5860386935935833,-0.4139613064064167,67.52607245749338,65.19527213864357,3.0,4.0,1,1
0.9322033898305084,0.020903392733704982,0.15681697411990342,0.1551587072535409,-0.0016582668663625288,3.0,2.5938242265547173,-0.40617577344528266,69.48473336785072,67.003823423017,3.0,4.0,1,1
0.9322033898305084,0.023225337543081658,0.16254512644201163,0.16119809199109644,-0.001347034450915191,3.0,2.6025269283039973,-0.39747307169600266,71.64212101524795,69.00549863242988,3.0,4.0,1,1
0.9322033898305084,0.02580520353140161,0.1688332643518838,0.16787073427509197,-0.0009625300767918399,3.0,2.612261308688905,-0.3877386913110952,74.02377222645501,71.2199816356425,3.0,4.0,1,1
0.9322033898305084,0.028671640533182347,0.17572935619506797,0.17523853964910244,-0.0004908165459655278,3.0,2.6231588086055138,-0.37684119139448624,76.65855136062584,73.66874739909005,3.0,4.0,1,1
0.9322033898305084,0.031856480801001244,0.1832796702164702,0.18336844689053655,8.877667406634315e-05,3.0,2.635369624278975,-0.36463037572102497,79.56098236445126,76.37517506929214,3.0,4.0,1,1
0.9322033898305084,0.03539509250787618,0.19153556511773476,0.19233260181354978,0.0007970366958150177,3.0,2.6490662096533937,-0.3509337903466063,82.76642823742031,79.36465598683219,3.0,4.0,1,1
0.9322033898305084,0.03932677251662197,0.20054560716245357,0.20220847830608685,0.0016628711436332821,3.0,2.664446845155909,-0.3355531548440909,86.29161687143953,82.66469359624763,3.0,4.0,3,3
0.9322033898305084,0.04369518277795103,0.21036278191834573,0.213078918873784,0.002716136955438264,3.0,2.681742075982039,-0.3182579240179608,90.17690178448667,86.30498646952742,3.0,4.0,3,3
0.9322033898305084,0.048548835203589866,0.2210327015852252,0.22503208926605536,0.003999387680830163,3.0,2.701220211951296,-0.2987797880487042,94.43278253111326,90.31749601878748,3.0,4.0,3,3
0.9322033898305084,0.05394163039900783,0.23261206219492025,0.23816130495452195,0.005549242759601697,3.0,2.723195134359413,-0.27680486564058704,99.12005351845595,94.73648224499712,3.0,4.0,3,3
0.9322033898305084,0.059933456238472516,0.24514523685917727,0.25256471418170534,0.0074194773225280675,3.0,2.7480367421405405,-0.2519632578594595,104.26346542645192,99.59850918290364,3.0,4.0,3,3
0.9322033898305084,0.06659085292970618,0.25867218914845735,0.2683447930202376,0.009672603871780261,3.0,2.7761839552898904,-0.22381604471010963,109.88882940832443,104.94240052052974,3.0,4.0,3,3
0.9322033898305084,0.07398775195379542,0.27323022826908255,0.2856076217732867,0.012377393504204137,3.0,2.8081619889067966,-0.19183801109320342,116.0306360971369,110.80913939699056,3.0,4.0,3,3
0.9322033898305084,0.0822062970864025,0.2888561276633674,0.30446189698961135,0.015605769326243968,3.0,2.844606799940813,-0.1553932000591871,122.74755482252367,117.24169846966893,3.0,4.0,3,3
0.9322033898305084,0.09133775661785326,0.3055654258715449,0.3250176497526003,0.019452223881055386,3.0,2.8862929976603495,-0.11370700233965048,130.0537534319977,124.28478359349994,3.0,4.0,3,3
0.9322033898305084,0.10148353690245611,0.3233724249936277,0.34738458626163515,0.024012161268007426,3.0,2.934180421550993,-0.06581957844900721,137.99684000729465,131.9844727899738,3.0,4.0,3,3
0.9322033898305084,0.112756308492682,0.342279321059504,0.3716700449653122,0.029390723905808214,3.0,2.9894721332180794,-0.010527866781920636,146.63202287801062,140.38773862512713,3.0,4.0,3,3
0.9322033898305084,0.1252812573641112,0.3622595224400572,0.39797647063336267,0.03571694819330545,3.0,3.053701496828582,0.05370149682858205,155.93699943963813,149.54182271815094,3.0,4.0,3,3
0.9322033898305084,0.13919747512620373,0.3832952531307027,0.426398359087021,0.04310310595631833,3.0,3.1288603557914043,0.1288603557914043,166.0142403942265,159.49345017774743,3.0,4.0,3,3
0.9322033898305084,0.1546595036574134,0.5457476857178325,0.45701857364250226,-0.08872911207533024,4.5,3.2175920309615336,-1.2824079690384664,176.9300051578356,170.28784846152354,4.0,4.0,4,3
0.9322033898305084,0.1718390513180699,0.46388502189612396,0.48990393901774126,0.026018917121617302,3.5,3.323490111302819,-0.17650988869718098,191.4501310413046,181.9675517209383,3.0,4.0,3,3
0.9322033898305084,0.1909268997998548,0.48887589708707563,0.5250998898936601,0.03622399280658445,3.5,3.4515810817421895,-0.04841891825781053,204.12722543303022,194.57093117886407,3.0,4.0,3,4
0.9322033898305084,0.21213502278774823,0.5145003422209047,0.5626239909709719,0.04812364875006725,3.5,3.609117729961874,0.10911772996187397,217.58320832530583,208.13042062352753,3.0,4.0,4,4
0.9322033898305084,0.23569893996253266,0.7412473081120717,0.6024580518445889,-0.13878925626748284,6.5,3.8069236593961273,-2.6930763406038727,232.1102551894761,222.6703601778152,4.0,4.0,4,4
0.9322033898305084,0.26188033248543857,0.7832713489332621,0.6445389368775625,-0.13873241205569964,7.0,4.061706898338164,-2.938293101661836,248.10166587002885,238.20439876732914,4.0,4.0,4,4
0.9322033898305084,0.2909699490103167,0.8273546045182714,0.688750322930382,-0.1386042815878894,8.0,4.399984081811272,-3.6000159181887277,265.16188381237134,254.73264405564376,4.0,4.0,5,4
0.9322033898305084,0.32329083449507945,0.8654533647131569,0.7349242461364768,-0.13052911857668015,9.0,4.864397832832765,-4.135602167167235,283.1243810112996,272.2394426539822,4.0,4.0,5,4
0.9322033898305084,0.35920191766889,0.9342597461415307,0.782874682993848,-0.15138506314768274,13.0,5.523440093168753,-7.476559906831247,302.87978842733287,290.6944252279084,4.0,4.0,5,4
0.9322033898305084,0.39910199699451043,0.9773940147383566,0.8324842692464992,-0.14490974549185742,19.0,6.491552184073948,-12.508447815926052,322.61286396136546,310.0592862974379,4.0,4.0,5,5
0.9322033898305084,0.4434341693905757,0.9999999696771489,0.8838271102645011,-0.11617285941264777,104.75,8.005134877964144,-96.74486512203586,343.2820306714161,330.2957780617927,4.0,4.0,5,5
0.9322033898305084,0.4926907508954772,0.9999999999373433,0.9375032339181466,-0.06249676601919674,135.75,10.83178121522067,-124.91821878477933,363.58174018577125,351.3748632480287,4.0,4.0,5,5
0.9322033898305084,0.5474187439176361,0.9999997817871461,1.0,2.1821285389744816e-07,81.25,269.7077080166752,188.4577080166752,389.665762283896,373.48429834035267,4.0,4.0,5,5
0.9322033898305084,0.6082259117868763,0.9999999982077712,1.0,1.7922288098048966e-09,101.75,274.8791476966732,173.12914769667321,411.0034852374299,393.0959815913285,4.0,4.0,5,5
0.9322033898305084,0.6757875280657863,0.9999999999834087,1.0,1.6591283902300802e-11,118.75,280.1061863521457,161.3561863521457,432.60876178774856,412.8083899853206,4.0,4.0,5,5
0.9322033898305084,0.7508538755732771,0.9999999999999544,1.0,4.5630166312093934e-14,138.75,285.3598679377349,146.60986793773492,454.11253170155044,432.4927172065334,4.0,4.0,5,5
0.9322033898305084,0.8342585783982197,1.0,1.0,0.0,489.25,290.61242110245036,-198.63757889754964,473.3573336682432,452.02733977345116,3.0,4.0,5,5
0.9322033898305084,0.9269278594315465,1.0,1.0,0.0,503.25,295.8411526111096,-207.40884738889042,490.9910345182013,471.31430298540505,3.0,4.0,5,5
0.9322033898305084,1.029890826223217,1.0,1.0,0.0,517.25,301.03772856698293,-216.21227143301707,507.96600929682415,490.3016616103109,3.0,4.0,5,5
0.9322033898305084,1.1442908993901826,1.0,1.0,0.0,493.75,306.2694285820636,-187.4805714179364,527.1451050434067,509.0753238436078,3.0,4.0,5,5
0.9322033898305084,1.2713985104896872,1.0,1.0,0.0,508.75,644.7106730767124,135.9606730767124,542.9062150396901,525.6064429866536,3.0,3.0,5,5
0.9322033898305084,1.412625210369881,1.0,1.0,0.0,523.75,647.2879278919321,123.5379278919321,557.8061175735031,539.4674365863931,3.0,3.0,5,5
0.9322033898305084,1.5695393446732664,1.0,1.0,0.0,538.25,649.7987793974188,111.5487793974188,571.9573884570013,552.7252008276566,3.0,3.0,5,5
0.9322033898305084,1.7438834705720385,1.0,1.0,0.0,530.25,652.2328854521817,121.98288545218168,587.7801108686779,565.3569337009391,3.0,3.0,5,5
0.9322033898305084,1.9375937081510104,1.0,1.0,0.0,545.25,654.5814437203311,109.3314437203311,600.1283706682115,577.3482740594781,3.0,3.0,5,5
0.9322033898305084,2.1528212413383825,1.0,1.0,0.0,545.75,656.8372799715584,111.08727997155836,613.6140296382164,588.6928857258364,3.0,3.0,5,5
0.9322033898305084,2.3919562071557467,1.0,1.0,0.0,551.25,658.9948803607936,107.74488036079356,625.5926346215779,599.3918874665392,3.0,3.0,5,5
0.9322033898305084,2.657654238581348,1.0,1.0,0.0,555.75,661.050369534244,105.30036953424406,637.0136126469718,609.4531415736737,3.0,3.0,5,5
0.9322033898305084,2.952865955789426,1.0,1.0,0.0,894.25,663.0014425377234,-231.2485574622766,647.7247567684936,618.8904501747835,2.0,3.0,5,5
0.9322033898305084,3.2808697332707224,1.0,1.0,0.0,896.25,664.8472571209998,-231.40274287900024,655.4164699020282,627.722679254133,2.0,3.0,5,5
0.9322033898305084,3.64530810671838,1.0,1.0,0.0,897.75,666.588297381642,-231.16170261835805,662.458659759214,635.9728580332953,2.0,3.0,5,5
0.9322033898305084,4.050228223983634,1.0,1.0,0.0,899.25,668.2262184363092,-231.02378156369082,668.9784310728843,643.667280239449,2.0,3.0,5,5
0.9322033898305084,4.500126789315846,1.0,1.0,0.0,900.25,669.7636806034836,-230.48631939651636,674.9091037546452,650.8346180484538,2.0,3.0,5,5
0.9322033898305084,5.000000000000001,1.0,1.0,0.0,901.75,671.204188703269,-230.54581129673102,680.4672372611188,657.5051072336587,2.0,3.0,5,5
0.9491525423728814,0.01,0.12871124909468118,0.12684657950825476,-0.0018646695864264207,3.0,2.570289049943677,-0.429710950056323,59.312802888147395,57.650075796549686,3.0,4.0,1,1
0.9491525423728814,0.011110798059892322,0.13163536797801167,0.12986553031207826,-0.0017698376659334158,3.0,2.5744580126309313,-0.4255419873690687,60.387449536069255,58.64440963383174,3.0,4.0,1,1
0.9491525423728814,0.012344983352770704,0.13486503725316729,0.13321069395945123,-0.001654343293716054,3.0,2.579104594135425,-0.4208954058645751,61.57761545054587,59.746910251246646,3.0,4.0,1,1
0.9491525423728814,0.013716261708536773,0.13843297296296897,0.1369162087873442,-0.0015167641756247685,3.0,2.5842864993959678,-0.4157135006040322,62.90326525648306,60.96906550334815,3.0,4.0,1,1
0.9491525423728814,0.015239861398018572,0.1423668659408904,0.14101953133150527,-0.0013473346093851313,3.0,2.5900668768037587,-0.4099331231962413,64.36544396989603,62.32351904161662,3.0,4.0,1,1
0.9491525423728814,0.016932702245413263,0.14670254129597826,0.14556169637960303,-0.0011408449163752277,3.0,2.5965186827175795,-0.40348131728242054,65.98303435585052,63.824170924513545,3.0,4.0,1,1
0.9491525423728814,0.018813583525707212,0.1514769199726921,0.15058758966595198,-0.000889330306740127,3.0,2.603722871636274,-0.39627712836372586,67.77169864243699,65.48628505170653,3.0,4.0,1,1
0.9491525423728814,0.020903392733704982,0.15673299310895686,0.15614621635969947,-0.0005867767492573894,3.0,2.611772341921461,-0.3882276580785389,69.75890120879555,67.32659891985722,3.0,4.0,1,1
0.9491525423728814,0.023225337543081658,0.1625075112561713,0.1622909725767743,-0.00021653867939699922,3.0,2.620772727398436,-0.3792272726015642,71.94771407602074,69.36343936078858,3.0,4.0,1,1
0.9491525423728814,0.02580520353140161,0.16884624191587544,0.16907990690652944,0.00023366499065399782,3.0,2.630843253340573,-0.369156746659427,74.36397373330195,71.61683927806709,3.0,4.0,1,1
0.9491525423728814,0.028671640533182347,0.17579742885767355,0.1765759612415331,0.0007785323838595537,3.0,2.642121266468895,-0.3578787335311051,77.03688171106307,74.10865483767961,3.0,4.0,1,1
0.9491525423728814,0.031856480801001244,0.18340761084913518,0.18484718811029852,0.0014395772611633384,3.0,2.654763188713697,-0.3452368112863029,79.98124132770087,76.86268073559128,3.0,4.0,1,1
0.9491525423728814,0.03539509250787618,0.1917284094760435,0.1939669213105293,0.0022385118344858124,3.0,2.6689502976078083,-0.33104970239219167,83.23278155976406,79.90475966759529,3.0,4.0,1,1
0.9491525423728814,0.03932677251662197,0.2008086280839658,0.20401389970069417,0.0032052716167283724,3.0,2.6848900905868516,-0.3151099094131484,86.80852938749699,83.26288461695769,3.0,4.0,3,3
0.9491525423728814,0.04369518277795103,0.2107014672178744,0.21507230331351176,0.004370836095637376,3.0,2.7028246328991385,-0.29717536710086145,90.74924836227709,86.96728415945782,3.0,4.0,3,3
0.9491525423728814,0.048548835203589866,0.22145525473557853,0.2272316982594319,0.0057764435238533696,3.0,2.7230364472139637,-0.27696355278603635,95.07653281458492,91.05048867707644,3.0,4.0,3,3
0.9491525423728814,0.05394163039900783,0.23311916836702593,0.2405868594841439,0.0074676911171179805,3.0,2.745856524736156,-0.25414347526384384,99.81914381391167,95.54737021897401,3.0,4.0,3,3
0.9491525423728814,0.059933456238472516,0.24574526969205393,0.2552374370287855,0.009492167336731555,3.0,2.7716756564506806,-0.2283243435493194,105.0348168780573,100.49514534566572,3.0,4.0,3,3
0.9491525423728814,0.06659085292970618,0.25937095602849636,0.27128742795790267,0.011916471929406314,3.0,2.8009601780853712,-0.19903982191462877,110.73872173483325,105.9333291535844,3.0,4.0,3,3
0.9491525423728814,0.07398775195379542,0.2740365255216028,0.2888444313600297,0.014807905838426894,3.0,2.8342696375271785,-0.16573036247282147,116.97692249888608,111.90363375524365,3.0,4.0,3,3
0.9491525423728814,0.0822062970864025,0.2897691865739888,0.30801863273398233,0.01824944615999352,3.0,2.872281847958222,-0.12771815204177805,123.77500349371795,118.44979449239017,3.0,4.0,3,3
0.9491525423728814,0.09133775661785326,0.3065934577969789,0.3289214605297597,0.022328002732780794,3.0,2.9158290323219282,-0.08417096767807175,131.18084941297124,125.61730422886957,3.0,4.0,3,3
0.9491525423728814,0.10148353690245611,0.32452353229907976,0.35166388505533197,0.027140352756252206,3.0,2.965945075138008,-0.03405492486199213,139.25008107972272,133.45304554474066,3.0,4.0,3,3
0.9491525423728814,0.112756308492682,0.34355047171941105,0.3763542836511781,0.03280381193176707,3.0,3.0239342117391077,0.023934211739107702,147.98174469418814,142.00479523449692,3.0,4.0,3,3
0.9491525423728814,0.1252812573641112,0.3636609182030609,0.4030958252089576,0.03943490700589669,3.0,3.0914680188579973,0.09146801885799727,157.42600844064725,151.32058374510112,3.0,4.0,3,3
0.9491525423728814,0.13919747512620373,0.3848220102841386,0.4319832654910411,0.04716125520690251,3.25,3.1707336937543023,-0.07926630624569775,167.61816915174288,161.44787855860486,4.0,4.0,3,3
0.9491525423728814,0.1546595036574134,0.5576473170608456,0.4630990939481529,-0.09454822311269268,4.5,3.2646543327195126,-1.2353456672804874,178.91981116614434,172.43257116331733,4.0,4.0,4,3
0.9491525423728814,0.1718390513180699,0.4653623979315316,0.4965088377439727,0.031146439812441085,3.5,3.3772402367729244,-0.1227597632270756,193.42284699871126,184.3177200375657,3.0,4.0,3,3
0.9491525423728814,0.1909268997998548,0.4904662567432418,0.5322553763074311,0.04178911956418935,3.5,3.5141510547720847,0.01415105477208467,206.25505935617866,197.14201926124963,3.0,4.0,3,4
0.9491525423728814,0.21213502278774823,0.5161993216039761,0.570351942365789,0.05415262076181293,3.5,3.683632663311439,0.1836326633114389,219.87569335462805,210.93790993105384,3.0,4.0,4,4
0.9491525423728814,0.23569893996253266,0.7467439673494807,0.6107736931652502,-0.13597027418423047,6.5,3.898100444348531,-2.601899555651469,234.943236670081,225.72929567205915,4.0,4.0,4,4
0.9491525423728814,0.26188033248543857,0.7953246698510357,0.6534483575041876,-0.14187631234684805,7.5,4.176833262218864,-3.3231667377811362,251.27534871193654,241.52882196273492,4.0,4.0,4,4
0.9491525423728814,0.2909699490103167,0.8278177872227913,0.6982498503652593,-0.12956793685753198,8.0,4.550407650030684,-3.4495923499693157,268.4833130624691,258.3350917059201,4.0,4.0,5,4
0.9491525423728814,0.32329083449507945,0.8989345757661874,0.7450074552703074,-0.15392712049587998,11.0,5.067497038730652,-5.932502961269348,287.5838923210376,276.13115871957837,4.0,4.0,5,4
0.9491525423728814,0.35920191766889,0.9386364351613127,0.7935546512352372,-0.1450817839260755,13.5,5.805503667891022,-7.694496332108978,306.73578483250327,294.88724088472054,4.0,4.0,5,4
0.9491525423728814,0.39910199699451043,0.9818610193051112,0.8438239675265596,-0.13803705177855152,20.5,6.89784962415578,-13.60215037584422,326.74223663540715,314.5681198593888,4.0,4.0,5,5
0.9491525423728814,0.4434341693905757,0.9999999948181297,0.895971332572022,-0.10402866224610774,116.25,8.649059798748917,-107.60094020125108,347.5471946286862,335.13861209071223,4.0,4.0,5,5
0.9491525423728814,0.4926907508954772,0.9999999999901616,0.9509668545746375,-0.04903314541552417,147.25,12.237345900863849,-135.01265409913614,368.0582667697642,356.58128158869,4.0,4.0,5,5
0.9491525423728814,0.5474187439176361,0.9999999750835972,1.0,2.4916402829866513e-08,93.75,270.93753358131795,177.18753358131795,394.0963221900026,378.3556814186781,4.0,4.0,5,5
0.9491525423728814,0.6082259117868763,0.9999999992638836,1.0,7.361163900654333e-10,106.75,276.1776773165137,169.42767731651372,415.9843392793865,398.189282103836,4.0,4.0,5,5
0.9491525423728814,0.6757875280657863,0.9999999999970876,1.0,2.912448060499173e-12,127.75,281.4722544754675,153.72225447546748,437.60117531068187,418.1097776163839,4.0,4.0,5,5
0.9491525423728814,0.7508538755732771,1.0,1.0,0.0,482.75,286.79230181664525,-195.95769818335475,459.9416223875444,437.98837020888215,3.0,4.0,5,5
0.9491525423728814,0.8342585783982197,1.0,1.0,0.0,496.75,292.11107252236854,-204.63892747763146,478.0726549938415,457.7091329375707,3.0,4.0,5,5
0.9491525423728814,0.9269278594315465,1.0,1.0,0.0,511.25,297.4091067087518,-213.84089329124822,495.80716749615596,477.18723736770767,3.0,4.0,5,5
0.9491525423728814,1.029890826223217,1.0,1.0,0.0,525.25,302.6892536896207,-222.56074631037927,512.8919000336668,496.3951933676363,3.0,4.0,5,5
0.9491525423728814,1.1442908993901826,1.0,1.0,0.0,502.25,642.9617027583882,140.71170275838824,532.0120499882859,516.1834168901928,3.0,3.0,5,5
0.9491525423728814,1.2713985104896872,1.0,1.0,0.0,517.25,645.6304182821254,128.38041828212545,547.7017775474287,530.7167812742815,3.0,3.0,5,5
0.9491525423728814,1.412625210369881,1.0,1.0,0.0,532.25,648.2432776230808,115.99327762308076,562.6906919641378,544.6718081065115,3.0,3.0,5,5
0.9491525423728814,1.5695393446732664,1.0,1.0,0.0,524.25,650.7884232527945,126.53842325279447,579.3177806675546,558.0172037768633,3.0,3.0,5,5
0.9491525423728814,1.7438834705720385,1.0,1.0,0.0,539.75,653.2554229601136,113.5054229601136,592.5083211231342,570.7304320397602,3.0,3.0,5,5
0.9491525423728814,1.9375937081510104,1.0,1.0,0.0,539.75,655.6354179320363,115.88541793203626,606.8297822189666,582.7974887441095,3.0,3.0,5,5
0.9491525423728814,2.1528212413383825,1.0,1.0,0.0,545.25,657.9212131248473,112.67121312484733,619.6725018568841,594.2124938299289,3.0,3.0,5,5
0.9491525423728814,2.3919562071557467,1.0,1.0,0.0,554.25,660.1073086374189,105.8573086374189,631.276763167944,604.9771066498636,3.0,3.0,5,5
0.9491525423728814,2.657654238581348,1.0,1.0,0.0,560.25,662.1898780597535,101.93987805975348,642.5503039437563,615.0998142865905,3.0,3.0,5,5
0.9491525423728814,2.952865955789426,1.0,1.0,0.0,897.75,664.1667000212642,-233.5832999787358,652.163765937746,624.5951219378262,2.0,3.0,5,5
0.9491525423728814,3.2808697332707224,1.0,1.0,0.0,899.25,666.0370511187934,-233.21294888120656,659.7501372893224,633.4826756423171,2.0,3.0,5,5
0.9491525423728814,3.64530810671838,1.0,1.0,0.0,900.75,667.8015713869885,-232.94842861301152,666.7875509057842,641.7863583262732,2.0,3.0,5,5
0.9491525423728814,4.050228223983634,1.0,1.0,0.0,902.25,669.4621145984452,-232.78788540155483,673.3018831237275,649.5333949807873,2.0,3.0,5,5
0.9491525423728814,4.500126789315846,1.0,1.0,0.0,903.75,671.0215984493093,-232.7284015506907,679.3201947791783,656.7535044150727,2.0,3.0,5,5
0.9491525423728814,5.000000000000001,1.0,1.0,0.0,905.25,672.4838773809153,-232.76612261908474,684.8702419891348,663.4781506805379,2.0,3.0,5,5
0.9661016949152542,0.01,0.12840008850686052,0.1273295403591767,-0.0010705481476838141,3.0,2.5871708873135515,-0.4128291126864485,59.432940696447275,57.805720014989134,3.0,4.0,1,1
0.9661016949152542,0.011110798059892322,0.13134930789703517,0.13040044252456803,-0.0009488653724671336,3.0,2.5914747167320464,-0.40852528326795357,60.52579396690466,58.81716730865711,3.0,4.0,1,1
0.9661016949152542,0.012344983352770704,0.13460498936672874,0.13380313958110232,-0.0008018497856264184,3.0,2.596273893554463,-0.4037261064455371,61.73312404482096,59.93864609162759,3.0,4.0,1,1
0.9661016949152542,0.013716261708536773,0.13820153057494414,0.137572349505486,-0.0006291810694581401,3.0,2.6016253976442396,-0.3983746023557604,63.077813361957155,61.181843770690094,3.0,4.0,1,1
0.9661016949152542,0.015239861398018572,0.1421668707632723,0.14174615810424893,-0.0004207126590233812,3.0,2.6075970045814767,-0.3924029954185233,64.56101406528809,62.55962234545643,3.0,4.0,1,1
0.9661016949152542,0.016932702245413263,0.14653706920328285,0.14636629156020708,-0.00017077764307577015,3.0,2.6142630272486724,-0.38573697275132757,66.20182377401129,64.08612346549907,3.0,4.0,1,1
0.9661016949152542,0.018813583525707212,0.15134929767894284,0.15147838576627087,0.00012908808732803312,3.0,2.621708475844936,-0.3782915241550642,68.01611741787573,65.77687520516491,3.0,4.0,1,1
0.9661016949152542,0.020903392733704982,0.1566467961965586,0.1571322629152657,0.0004854667187070838,3.0,2.6300302791991284,-0.36996972080087165,70.03167973395296,67.64890583464658,3.0,4.0,1,1
0.9661016949152542,0.023225337543081658,0.16246659842424932,0.1633822068273618,0.0009156084031124723,3.0,2.6393372435122737,-0.3606627564877263,72.25171580583863,69.72086103349321,3.0,4.0,1,1
0.9661016949152542,0.02580520353140161,0.16885473838655887,0.17028722384379472,0.0014324854572358436,3.0,2.649754006392324,-0.35024599360767583,74.70235880452479,72.01312207405277,3.0,4.0,1,1
0.9661016949152542,0.028671640533182347,0.17585972780042713,0.17791128720486632,0.002051559404439185,3.0,2.6614244946802517,-0.33857550531974834,77.41314385398377,74.54792553131998,3.0,4.0,1,1
0.9661016949152542,0.031856480801001244,0.18352836861430463,0.18632355805577105,0.0027951894414664225,3.0,2.674511674500537,-0.32548832549946294,80.39915128296981,77.34948098210756,3.0,4.0,1,1
0.9661016949152542,0.03539509250787618,0.19191253774544065,0.195598555188314,0.0036860174428733627,3.0,2.6892046153021525,-0.3107953846978475,83.69647170258955,80.44408244562122,3.0,4.0,1,1
0.9661016949152542,0.03932677251662197,0.20106126861351664,0.20581627166093414,0.004755003047417494,3.0,2.705722306354438,-0.294277693645562,87.32242830260091,83.86021086979112,3.0,4.0,3,3
0.9661016949152542,0.04369518277795103,0.2110279697771253,0.21706221695956035,0.00603424718243506,3.0,2.724318344675704,-0.2756816553242958,91.31818920080892,87.6286237510212,3.0,4.0,3,3
0.9661016949152542,0.048548835203589866,0.2218611347135026,0.22942734761277556,0.0075662128992729505,3.0,2.745290227042279,-0.254709772957721,95.70563696919153,91.7824197852401,3.0,4.0,3,3
0.9661016949152542,0.05394163039900783,0.23361004985895265,0.2430078851834588,0.009397835324506165,3.0,2.768986868677895,-0.2310131313221051,100.51390321264311,96.3570815417836,3.0,4.0,3,3
0.9661016949152542,0.059933456238472516,0.2463268286166135,0.25790496256500267,0.011578133948389163,3.0,2.795822061254877,-0.20417793874512302,105.8012900621131,101.39047566659423,3.0,4.0,3,3
0.9661016949152542,0.06659085292970618,0.2600488438821147,0.27422408145427785,0.014175237572163157,3.0,2.826290092041019,-0.173709907958981,111.58312545778004,106.92280726355027,3.0,4.0,3,3
0.9661016949152542,0.07398775195379542,0.2748162689739194,0.29207433639406266,0.01725806742014324,3.0,2.8609869816864397,-0.13901301831356028,117.90594524669827,112.99651539003234,3.0,4.0,3,3
0.9661016949152542,0.0822062970864025,0.29065608770678636,0.31156736522306716,0.020911277516280802,3.0,2.9006367357156715,-0.09936326428432851,124.79552127424668,119.65609343091371,3.0,4.0,3,3
0.9661016949152542,0.09133775661785326,0.3075924639818562,0.33281595208300874,0.025223488101152547,3.0,2.946133469266353,-0.053866530733647,132.30016612118703,126.94781622380314,3.0,4.0,3,3
0.9661016949152542,0.10148353690245611,0.3256425009793172,0.3559322751222321,0.030289774142914894,3.0,2.9985916745732553,-0.0014083254267447387,140.49023706099422,134.91936379688136,3.0,4.0,3,3
0.9661016949152542,0.112756308492682,0.34478643896143885,0.38102568260291997,0.03623924364148112,3.0,3.0594250857830065,0.05942508578300654,149.32168395604035,143.61930940707035,3.0,4.0,3,3
0.9661016949152542,0.1252812573641112,0.36502405712349123,0.40819996183519475,0.04317590471170352,3.0,3.1304581447213433,0.13045814472134332,158.9100593284861,153.09645750052536,3.0,4.0,3,3
0.9661016949152542,0.13919747512620373,0.5258989007497058,0.43755000470035643,-0.08834889604934937,4.5,3.214091876859313,-1.285908123140687,169.350908097032,163.39900251512609,4.0,4.0,4,3
0.9661016949152542,0.1546595036574134,0.5825681680704964,0.4691577147938011,-0.1134104532766953,5.0,3.3135634264966956,-1.6864365735033044,180.9586978378187,174.57346663903095,4.0,4.0,4,3
0.9661016949152542,0.1718390513180699,0.4667945439097,0.5030870613074145,0.03629251739771455,3.5,3.433348566747738,-0.06665143325226186,195.37697155299657,186.66339707578763,3.0,4.0,3,4
0.9661016949152542,0.1909268997998548,0.4920033503743155,0.5393779566781463,0.04737460630383078,3.5,3.5798230645945317,0.0798230645945317,208.3397679622019,199.7077409463519,3.0,4.0,3,4
0.9661016949152542,0.21213502278774823,0.7125328895620471,0.5780388022357081,-0.13449408732633894,6.5,3.7623550898046254,-2.7376449101953746,222.30490834279172,213.73886724397045,4.0,4.0,4,4
0.9661016949152542,0.23569893996253266,0.7604952013160139,0.619037519909859,-0.1414576814061549,7.0,3.995157428906534,-3.004842571093466,237.8025342839851,228.7801243138682,4.0,4.0,4,4
0.9661016949152542,0.26188033248543857,0.7958052907147578,0.6622925521323927,-0.13351273858236512,7.5,4.300366597494577,-3.199633402505423,254.3611283434435,244.84306150035144,4.0,4.0,4,4
0.9661016949152542,0.2909699490103167,0.8282634960018321,0.7076697152094329,-0.12059378079239924,8.0,4.712918824888766,-3.2870811751112337,271.80455356252503,261.92485363598536,4.0,4.0,5,4
0.9661016949152542,0.32329083449507945,0.9052133351016254,0.7550013950226573,-0.1502119400789681,11.5,5.287685005133969,-6.212314994866031,291.12547907912074,280.0078200210777,4.0,4.0,5,4
0.9661016949152542,0.35920191766889,0.9427006579063131,0.8041490812669103,-0.13855157663940276,14.0,6.111728847649641,-7.888271152350359,310.5181586357771,299.06363127130254,4.0,4.0,5,5
0.9661016949152542,0.39910199699451043,0.9864714885000752,0.8550979308523683,-0.13137355764770686,22.5,7.343295255705006,-15.156704744294995,330.8672083005114,319.06006095693743,4.0,4.0,5,5
0.9661016949152542,0.4434341693905757,0.9999999991040636,0.9080993352785195,-0.09190066382554407,127.75,9.385076493996877,-118.36492350600312,351.7869085546487,339.9642917392354,4.0,4.0,5,5
0.9661016949152542,0.4926907508954772,0.9999992802044729,0.9648388588483726,-0.03516042135610031,79.75,14.195358067413293,-65.5546419325867,377.1924498959488,361.78444668675934,4.0,4.0,5,5
0.9661016949152542,0.5474187439176361,0.9999999817101272,1.0,1.828987283847283e-08,95.75,272.16007183813826,176.41007183813826,398.971310642183,383.18442825557895,4.0,4.0,5,5
0.9661016949152542,0.6082259117868763,0.9999999999318977,1.0,6.810230157583419e-11,119.75,277.46787167492266,157.71787167492266,420.58757513942925,403.23282981862894,4.0,4.0,5,5
0.9661016949152542,0.6757875280657863,0.9999999999994847,1.0,5.152545057285352e-13,136.75,282.82897329177894,146.07897329177894,442.45522411723726,423.3544747476831,4.0,4.0,5,5
0.9661016949152542,0.7508538755732771,1.0,1.0,0.0,490.25,288.21470758310244,-202.03529241689756,464.5354812811361,443.422689198727,3.0,4.0,5,5
0.9661016949152542,0.8342585783982197,1.0,1.0,0.0,504.75,293.59992458014364,-211.15007541985636,482.84946521421847,463.3300418753084,3.0,4.0,5,5
0.9661016949152542,0.9269278594315465,1.0,1.0,0.0,518.75,298.9696882841968,-219.78031171580318,500.5038315692228,483.00671290180003,3.0,4.0,5,5
0.9661016949152542,1.029890826223217,1.0,1.0,0.0,495.25,304.34745037183046,-190.90254962816954,520.1415163638966,502.4608461264161,3.0,4.0,5,5
0.9661016949152542,1.1442908993901826,1.0,1.0,0.0,510.75,643.8400517014962,133.09005170149624,536.7197049077616,521.1333854387717,3.0,3.0,5,5
0.9661016949152542,1.2713985104896872,1.0,1.0,0.0,525.75,646.5451437280116,120.79514372801157,552.5027495699518,535.7647714993526,3.0,3.0,5,5
0.9661016949152542,1.412625210369881,1.0,1.0,0.0,540.75,649.1931775545892,108.44317755458917,567.4070964632015,549.8112289591057,3.0,3.0,5,5
0.9661016949152542,1.5695393446732664,1.0,1.0,0.0,533.25,651.7721773223158,118.52217732231577,583.9508660926692,563.2416436005739,3.0,3.0,5,5
0.9661016949152542,1.7438834705720385,1.0,1.0,0.0,548.25,654.2716254656696,106.02162546566956,597.1969753053023,576.033756083785,3.0,3.0,5,5
0.9661016949152542,1.9375937081510104,1.0,1.0,0.0,549.25,656.6826131782294,107.43261317822942,611.369622446977,588.1739396930151,3.0,3.0,5,5
0.9661016949152542,2.1528212413383825,1.0,1.0,0.0,554.75,658.9979321878965,104.24793218789648,624.2296216944405,599.6567914749975,3.0,3.0,5,5
0.9661016949152542,2.3919562071557467,1.0,1.0,0.0,559.25,661.2121072844761,101.96210728447613,636.4817210413592,610.4845480925933,3.0,3.0,5,5
0.9661016949152542,2.657654238581348,1.0,1.0,0.0,899.25,663.3213754950256,-235.92862450497444,648.2574690376961,620.6663721106655,2.0,3.0,5,5
0.9661016949152542,2.952865955789426,1.0,1.0,0.0,900.75,665.3236186714895,-235.4263813285105,656.4129149820814,630.2175378243352,2.0,3.0,5,5
0.9661016949152542,3.2808697332707224,1.0,1.0,0.0,902.75,667.2182598296783,-235.53174017032165,664.0923705920277,639.1585572804635,2.0,3.0,5,5
0.9661016949152542,3.64530810671838,1.0,1.0,0.0,904.25,669.0061375418971,-235.24386245810285,671.1219758601762,647.514296604114,2.0,3.0,5,5
0.9661016949152542,4.050228223983634,1.0,1.0,0.0,905.75,670.6893737104552,-235.06062628954476,677.6280082298908,655.3131095176559,2.0,3.0,5,5
0.9661016949152542,4.500126789315846,1.0,1.0,0.0,907.25,672.2712677947546,-234.97873220524536,683.6376755441181,662.5860927978874,2.0,3.0,5,5
0.9661016949152542,5.000000000000001,1.0,1.0,0.0,908.25,673.7562755720528,-234.4937244279472,689.0885893984934,669.3665836548025,2.0,3.0,5,5
0.9830508474576272,0.01,0.12809345276624381,0.12781182542361827,-0.00028162734262554556,3.0,2.6043306110659628,-0.39566938893403725,59.55528590038421,57.96113172098007,3.0,4.0,1,1
0.9830508474576272,0.011110798059892322,0.13106573794428994,0.13093459846083175,-0.00013113948345819249,3.0,2.608774507622003,-0.391225492377997,60.663594198912726,58.98966665458549,3.0,4.0,1,1
0.9830508474576272,0.012344983352770704,0.1343468326149493,0.13439474133785684,4.790872290752479e-05,3.0,2.613728692685255,-0.386271307314745,61.88798476469174,60.13009591984585,3.0,4.0,1,1
0.9830508474576272,0.013716261708536773,0.13797131947598287,0.13822754419947392,0.0002562247234910442,3.0,2.6192560830677407,-0.3807439169322593,63.251597175186674,61.39430440107809,3.0,4.0,1,1
0.9830508474576272,0.015239861398018572,0.14196738050558777,0.14247172575120404,0.0005043452456162667,3.0,2.6254239423025876,-0.3745760576974124,64.75569068234226,62.795373755861,3.0,4.0,1,1
0.9830508474576272,0.016932702245413263,0.14637130329550355,0.14716969889635598,0.0007983956008524307,3.0,2.632310151163257,-0.36768984883674305,66.41957588529455,64.34768571786404,3.0,4.0,1,1
0.9830508474576272,0.018813583525707212,0.15122050426063813,0.15236784769406014,0.0011473434334220156,3.0,2.6400042425433647,-0.35999575745663526,68.25933872811132,66.06703261551348,3.0,4.0,1,1
0.9830508474576272,0.020903392733704982,0.1565584657428823,0.15811681060801636,0.0015583448651340648,3.0,2.648605819483056,-0.35139418051694404,70.30308097480332,67.9707334568591,3.0,4.0,1,1
0.9830508474576272,0.023225337543081658,0.16242249774554376,0.1644717539605625,0.0020492562150187243,3.0,2.6582284145872124,-0.3417715854127876,72.55414056851441,70.07775156989528,3.0,4.0,1,1
0.9830508474576272,0.02580520353140161,0.16885889379951619,0.17149263828409197,0.0026337444845757896,3.0,2.6690022900525956,-0.3309977099474044,75.03894442193624,72.40881622352106,3.0,4.0,1,1
0.9830508474576272,0.028671640533182347,0.17591642634952956,0.17924446492388002,0.0033280385743504615,3.0,2.681077445694246,-0.3189225543057539,77.78735772445371,74.98654397094471,3.0,4.0,1,1
0.9830508474576272,0.031856480801001244,0.18364215344682572,0.18779749774526874,0.0041553442984430256,3.0,2.6946242050617015,-0.3053757949382985,80.81473547982979,77.8355584604815,3.0,4.0,1,1
0.9830508474576272,0.03539509250787618,0.19208820007486802,0.1972274330013064,0.005139232926438392,3.0,2.70984045926598,-0.29015954073401984,84.15752566170272,80.98260401508526,3.0,4.0,1,1
0.9830508474576272,0.03932677251662197,0.20130382300753805,0.20761551383884772,0.006311690831309669,3.0,2.7269555917941046,-0.2730444082058954,87.83334482527697,84.45664937380099,3.0,4.0,3,3
0.9830508474576272,0.04369518277795103,0.2113426321637416,0.21904856816173027,0.007705935997988661,3.0,2.7462361665966464,-0.2537638334033536,91.88376028004377,88.28897923851498,3.0,4.0,3,3
0.9830508474576272,0.048548835203589866,0.22225328095625155,0.23161893292578245,0.009365651969530903,3.0,2.7679953387822036,-0.2320046612177964,96.33093934832485,92.51325991639553,3.0,4.0,3,3
0.9830508474576272,0.05394163039900783,0.23408515968412202,0.24542426166279357,0.01133910197867155,3.0,2.792601246410051,-0.20739875358994908,101.20437916672412,97.16558251602687,3.0,4.0,3,3
0.9830508474576272,0.059933456238472516,0.24689042941447806,0.26056715290585714,0.013676723491379078,3.0,2.8204921261814904,-0.17950787381850963,106.56293934907238,102.28446175514175,3.0,4.0,3,3
0.9830508474576272,0.06659085292970618,0.26070643667015175,0.27715459165069567,0.016448154980543916,3.0,2.8521925403794754,-0.14780745962052455,112.42210278883309,107.91079103317045,3.0,4.0,3,3
0.9830508474576272,0.07398775195379542,0.2755732293755443,0.2952971430587941,0.019723913683249827,3.0,2.888336366589648,-0.11166363341035179,118.82886825268096,114.08773262775574,3.0,4.0,3,3
0.9830508474576272,0.0822062970864025,0.2915175686830758,0.31510785826876025,0.023590289585684432,3.0,2.929698838514743,-0.07030116148525689,125.80918939468947,120.86053365408695,3.0,4.0,3,3
0.9830508474576272,0.09133775661785326,0.3085632679593547,0.33670084054103494,0.02813757258168026,3.0,2.9772389312274767,-0.022761068772523263,133.41179629028883,128.27624705905131,3.0,4.0,3,3
0.9830508474576272,0.10148353690245611,0.3267269471494128,0.3601894123704077,0.033462465220994886,3.0,3.0321597666596074,0.0321597666596074,141.70761802287697,136.38334183251507,3.0,4.0,3,3
0.9830508474576272,0.112756308492682,0.34598823699464726,0.38568381826621567,0.039695581271568414,3.0,3.0959941917215485,0.09599419172154855,150.651961452599,145.2311789197933,3.0,4.0,3,3
0.9830508474576272,0.1252812573641112,0.4697560828696481,0.4132883572589967,-0.05646772561065139,4.5,3.1707342263602203,-1.3292657736397797,160.36716999443496,154.86932190441357,4.0,4.0,3,3
0.9830508474576272,0.13919747512620373,0.5344039107497457,0.4430978924751566,-0.09130601827458912,4.5,3.259019601438196,-1.240980398561804,171.15594286429484,165.34666676646356,4.0,4.0,4,3
0.9830508474576272,0.1546595036574134,0.44361721511661734,0.47519355066468977,0.03157633554807243,3.5,3.364434250502383,-0.13556574949761702,184.97745461415136,176.710341749363,3.0,4.0,3,3
0.9830508474576272,0.1718390513180699,0.4681782021088693,0.5096374287501146,0.04145922664124535,3.5,3.4919769772968743,-0.008023022703125715,197.29128903739718,189.00433169209512,3.0,4.0,3,4
0.9830508474576272,0.1909268997998548,0.49349323480098395,0.546466083069868,0.05297284826888404,3.5,3.648826764692787,0.148826764692787,210.40712131085417,202.26777887639548,3.0,4.0,3,4
0.9830508474576272,0.21213502278774823,0.7222760946525218,0.5856825187832387,-0.1365935758692831,6.5,3.845619217597416,-2.654380782402584,224.8840831230015,216.5328723272071,4.0,4.0,4,4
0.9830508474576272,0.23569893996253266,0.761026118093293,0.6272469939100577,-0.13377912418323534,7.0,4.098572931828677,-2.901427068171323,240.67252409081257,231.82231132546718,4.0,4.0,4,4
0.9830508474576272,0.26188033248543857,0.7962615770717629,0.6710689446116813,-0.1251926324600816,7.5,4.432944595767186,-3.067055404232814,257.3812943299377,248.1464930701347,4.0,4.0,4,4
0.9830508474576272,0.2909699490103167,0.8382125484972207,0.7170088490710481,-0.1212036994261726,8.5,4.8882269370777065,-3.6117730629222935,275.14625999181226,265.5013720919811,4.0,4.0,5,4
0.9830508474576272,0.32329083449507945,0.9052810111575574,0.7649089224926934,-0.14037208866486406,11.5,5.525589602137913,-5.974410397862087,294.67809600601913,283.8692019787032,4.0,4.0,5,4
0.9830508474576272,0.35920191766889,0.9464789431001159,0.8146649736197117,-0.13181396948040425,14.5,6.4431840481352936,-8.056815951864706,314.35668121786324,303.2237007640669,4.0,4.0,5,5
0.9830508474576272,0.39910199699451043,0.9999999991884653,0.8663149723549063,-0.13368502683355898,136.25,7.832662889279881,-128.41733711072013,335.04686637331326,323.5350188149722,4.0,4.0,5,5
0.9830508474576272,0.4434341693905757,0.999999999830543,0.9202360321663715,-0.07976396766417149,138.75,10.240121888008415,-128.50987811199158,356.0225332841808,344.7728039399364,4.0,4.0,5,5
0.9830508474576272,0.4926907508954772,0.9999999060520282,0.9799071185001221,-0.02009278755190602,92.25,17.540939474664608,-74.70906052533539,381.4322870858597,367.0169402951339,4.0,4.0,5,5
0.9830508474576272,0.5474187439176361,0.9999999978709282,1.0,2.1290718077437987e-09,108.25,273.3752196964665,165.1252196964665,403.31464914442216,387.96938754279466,4.0,4.0,5,5
0.9830508474576272,0.6082259117868763,0.9999999999742006,1.0,2.5799362646239388e-11,125.25,278.7496490186299,153.4996490186299,425.4392271916991,408.2256920234592,4.0,4.0,5,5
0.9830508474576272,0.6757875280657863,0.9999999999999081,1.0,9.192646643896296e-14,145.75,284.17636849330137,138.42636849330137,447.29419138089486,428.5425432483492,4.0,4.0,5,5
0.9830508474576272,0.7508538755732771,1.0,1.0,0.0,497.75,289.6273699455908,-208.12263005440923,469.0713537486027,448.797788048482,3.0,4.0,5,5
0.9830508474576272,0.8342585783982197,1.0,1.0,0.0,512.25,295.0797317017072,-217.1702682982928,487.4386664533511,468.8945981865616,3.0,4.0,5,5
0.9830508474576272,0.9269278594315465,1.0,1.0,0.0,526.25,300.5249950165139,-225.7250049834861,505.20741960386067,488.77947380365464,3.0,4.0,5,5
0.9830508474576272,1.029890826223217,1.0,1.0,0.0,503.25,306.0341861739223,-197.2158138260777,524.7208928041323,508.5342074040997,3.0,4.0,5,5
0.9830508474576272,1.1442908993901826,1.0,1.0,0.0,518.75,644.7137396460113,125.96373964601128,541.316065006132,526.0242315138672,3.0,3.0,5,5
0.9830508474576272,1.2713985104896872,1.0,1.0,0.0,534.25,647.4547809776859,113.20478097768591,557.1416309435936,540.7509958600062,3.0,3.0,5,5
0.9830508474576272,1.412625210369881,1.0,1.0,0.0,526.25,650.1375470297952,123.8875470297952,574.463568583876,554.8862072980346,3.0,3.0,5,5
0.9830508474576272,1.5695393446732664,1.0,1.0,0.0,541.75,652.7499471855375,110.99994718553751,588.4778794423474,568.3989355107456,3.0,3.0,5,5
0.9830508474576272,1.7438834705720385,1.0,1.0,0.0,542.25,655.2813834310888,113.03138343108878,603.6036499118429,581.267208140287,3.0,3.0,5,5
0.9830508474576272,1.9375937081510104,1.0,1.0,0.0,547.75,657.7229039369885,109.97290393698847,617.265396866784,593.4777959848984,3.0,3.0,5,5
0.9830508474576272,2.1528212413383825,1.0,1.0,0.0,556.75,660.0672967777103,103.31729677771034,629.6883359743995,605.0258040731155,3.0,3.0,5,5
0.9830508474576272,2.3919562071557467,1.0,1.0,0.0,562.25,662.3091241519769,100.0591241519769,641.8616198944284,615.9140865155557,3.0,3.0,5,5
0.9830508474576272,2.657654238581348,1.0,1.0,0.0,902.75,664.4447039249461,-238.3052960750539,652.5277610938729,626.1525337239698,2.0,3.0,5,5
0.9830508474576272,2.952865955789426,1.0,1.0,0.0,904.25,666.4720473956429,-237.7779526043571,660.675815579584,635.757270793607,2.0,3.0,5,5
0.9830508474576272,3.2808697332707224,1.0,1.0,0.0,905.75,668.3907639588871,-237.35923604111292,668.2490335321197,644.749790916917,2.0,3.0,5,5
0.9830508474576272,3.64530810671838,1.0,1.0,0.0,907.25,670.2019566956855,-237.04804330431455,675.2719687558608,653.1561196259021,2.0,3.0,5,5
0.9830508474576272,4.050228223983634,1.0,1.0,0.0,908.75,671.9081378905927,-236.84186210940732,681.7708350082951,661.0060544306165,2.0,3.0,5,5
0.9830508474576272,4.500126789315846,1.0,1.0,0.0,910.25,673.5132421506348,-236.73675784936518,687.7729715446874,668.3326919484836,2.0,3.0,5,5
0.9830508474576272,5.000000000000001,1.0,1.0,0.0,911.75,675.0229483860735,-236.7270516139265,693.3063618231475,675.1727297739727,2.0,3.0,5,5
1.0,0.01,0.12778980190170103,0.1282934169966697,0.0005036150949686846,3.0,2.621775616426022,-0.3782243835739778,59.67718190154266,58.11630553848007,3.0,4.0,1,1
1.0,0.011110798059892322,0.13078311563634268,0.1314679804446487,0.0006848648083060127,3.0,2.6263625724706805,-0.3736374275293195,60.797918285639525,59.16190231607608,3.0,4.0,1,1
1.0,0.012344983352770704,0.13409054649404917,0.1349854763058097,0.0008949298117605364,3.0,2.631477685715073,-0.368522314284927,62.04220108364209,60.321252872370266,3.0,4.0,1,1
1.0,0.013716261708536773,0.1377423353602116,0.138881770164055,0.0011394348038434032,3.0,2.637184597511079,-0.3628154024889212,63.424621462360484,61.606440550120105,3.0,4.0,1,1
1.0,0.015239861398018572,0.1417667386989931,0.1431962081535417,0.0014294694545486097,3.0,2.6435542230494335,-0.35644577695056645,64.94588263413596,63.0307652571452,3.0,4.0,1,1
1.0,0.016932702245413263,0.14620527696079325,0.14797188739077086,0.0017666104299776109,3.0,2.6506685271509935,-0.34933147284900645,66.63629850857942,64.60884850325813,3.0,4.0,1,1
1.0,0.018813583525707212,0.15109059495457985,0.15325594198711925,0.0021653470325393998,3.0,2.658618052111707,-0.3413819478882929,68.50137219767439,66.35674743494943,3.0,4.0,1,1
1.0,0.020903392733704982,0.15646808109830515,0.15909982114873572,0.00263174005043057,3.0,2.6675073260907096,-0.3324926739092904,70.57311659251609,68.29207036883525,3.0,4.0,1,1
1.0,0.023225337543081658,0.16237335953638932,0.16555957014946748,0.0031862106130781664,3.0,2.6774555111827807,-0.3225444888172193,72.85016178063219,70.43409810140808,3.0,4.0,1,1
1.0,0.02580520353140161,0.16885680303091613,0.1726961010216752,0.0038392979907590774,3.0,2.6885976212855907,-0.31140237871440934,75.36851620354976,72.80390731941849,3.0,4.0,1,1
1.0,0.028671640533182347,0.17596769195073453,0.18057543825716396,0.004607746306429433,3.0,2.701090324943654,-0.298909675056346,78.15954270033127,75.4244937861344,3.0,4.0,1,1
1.0,0.031856480801001244,0.1837491682176787,0.1892689441310235,0.005519775913344793,3.0,2.715111268905458,-0.2848887310945418,81.22801653454133,78.32089485527064,3.0,4.0,1,1
1.0,0.03539509250787618,0.19225563823103592,0.19885348348731774,0.00659784525628182,3.0,2.730868594464847,-0.2691314055351528,84.61596971495528,81.52030357791075,3.0,4.0,1,1
1.0,0.03932677251662197,0.20153414578271936,0.20941154482881966,0.007877399046100297,3.0,2.7486016006965666,-0.25139839930343344,88.33411448670365,85.05217661890612,3.0,4.0,3,3
1.0,0.04369518277795103,0.21164324741202659,0.2210312620949377,0.009388014682911117,3.0,2.768591380835279,-0.23140861916472089,92.43819604437488,88.94832369824526,3.0,4.0,3,3
1.0,0.048548835203589866,0.22263207554719747,0.23380634472644343,0.011174269179245966,3.0,2.7911664621904504,-0.2088335378095496,96.9524802915246,93.24297838343456,3.0,4.0,3,3
1.0,0.05394163039900783,0.23454493553700503,0.24783585985478082,0.013290924317775787,3.0,2.8167165666178353,-0.18328343338216468,101.89061796900452,97.97283743366499,3.0,4.0,3,3
1.0,0.059933456238472516,0.2474336949978667,0.26322385788397645,0.015790162886109765,3.0,2.8457050217431985,-0.1542949782568015,107.3098827484445,103.17706307068232,3.0,4.0,3,3
1.0,0.06659085292970618,0.26134429830980394,0.28007878353893095,0.018734485229127018,3.0,2.8786884896049756,-0.12131151039502441,113.25571447881826,108.89723302036668,3.0,4.0,3,3
1.0,0.07398775195379542,0.2763080417665704,0.2985126434743048,0.02220460170773436,3.0,2.9163424361613597,-0.08365756383864031,119.74576099742036,115.1772304800428,3.0,4.0,3,3
1.0,0.0822062970864025,0.29235434129669235,0.31863986769196306,0.02628552639527071,3.0,2.9594962060626147,-0.040503793937385346,126.81608724937009,122.06305160338316,3.0,4.0,3,3
1.0,0.09133775661785326,0.30950666409070543,0.3405758298549037,0.03106916576419827,3.0,3.009179502178451,0.009179502178450871,134.51583059588685,129.60252167023748,3.0,4.0,3,3
1.0,0.10148353690245611,0.32778115381781264,0.3644349365013256,0.03665378268351294,3.0,3.066691032284872,0.06669103228487216,142.91647749523526,137.84489088509534,3.0,4.0,3,3
1.0,0.112756308492682,0.34715684315393147,0.39032823805638345,0.043171394902451976,3.0,3.133694730850404,0.13369473085040395,151.97269538515408,146.84029484364967,3.0,4.0,3,3
1.0,0.1252812573641112,0.5055619705005576,0.41836043084638863,-0.08720153965416899,4.5,3.212366406002549,-1.2876335939974508,161.96344549010388,156.639041092162,4.0,4.0,4,3
1.0,0.13919747512620373,0.5364308802147655,0.44862620131281233,-0.08780467890195315,4.5,3.3056077171873786,-1.1943922828126214,172.95504387559976,167.29070776823312,4.0,4.0,4,3
1.0,0.1546595036574134,0.4448527082817038,0.48120565097557594,0.036352942693872126,3.5,3.4173910204961455,-0.08260897950385448,186.73153217094014,178.84298934105922,3.0,4.0,3,3
1.0,0.1718390513180699,0.46951926698158275,0.5161586963167742,0.046639429335191496,3.5,3.5532980392163176,0.053298039216317594,199.19024533809315,191.34026161512233,3.0,4.0,3,4
1.0,0.1909268997998548,0.6681825317992368,0.5535180946969307,-0.11466443710230612,6.0,3.7214099333796207,-2.2785900666203793,212.57241656494108,204.82178736398797,4.0,4.0,4,4
1.0,0.21213502278774823,0.7236108879104572,0.5932809791621088,-0.1303299087483485,6.5,3.9337769943580514,-2.5662230056419486,227.49732529526682,219.31948794548157,4.0,4.0,4,4
1.0,0.23569893996253266,0.7615016160119373,0.6353996523596891,-0.12610196365224824,7.0,4.208831785729855,-2.7911682142701446,243.46799524471166,234.85531503795627,4.0,4.0,4,4
1.0,0.26188033248543857,0.7967000205626797,0.6797754400763399,-0.1169245804863398,7.5,4.575164842192317,-2.924835157807683,260.3878123196959,251.43853010963684,4.0,4.0,4,4
1.0,0.2909699490103167,0.8385635333842012,0.7262673193760408,-0.11229621400816037,8.5,5.0769083321734785,-3.4230916678265215,278.37922883519104,269.06420282869624,4.0,4.0,5,4
1.0,0.32329083449507945,0.9111209559614224,0.7747340761284052,-0.13638687983301723,12.0,5.7817028569465,-6.2182971430535,298.25263968542134,287.71520400094073,4.0,4.0,5,4
1.0,0.35920191766889,0.949989564424518,0.8251090764123735,-0.12488048801214446,15.0,6.801237400871462,-8.198762599128539,318.11923622958057,307.36748857985987,4.0,4.0,5,5
1.0,0.39910199699451043,0.9999999893489505,0.8774835741294638,-0.12251641521948675,119.25,8.37250797646701,-110.877492023533,339.44400493752283,327.99271602357476,4.0,4.0,5,5
1.0,0.4434341693905757,0.9999986604754157,0.9324196766332455,-0.0675789838421702,81.25,11.256559936539247,-69.99344006346075,363.98926540127337,349.56453932594155,4.0,4.0,5,5
1.0,0.4926907508954772,0.9999999853547775,1.0,1.4645222479181541e-08,103.75,269.2232490937015,165.4732490937015,385.56304389734066,372.43091918745995,4.0,4.0,5,5
1.0,0.5474187439176361,0.9999999997262796,1.0,2.7372037969541907e-10,120.25,274.58288142143044,154.33288142143044,407.67183038940277,392.7095318299728,4.0,4.0,5,5
1.0,0.6082259117868763,0.9999999999973272,1.0,2.672750909482602e-12,137.75,280.02295917548963,142.27295917548963,429.8231668868999,413.1673319100185,4.0,4.0,5,5
1.0,0.6757875280657863,0.9999999999999756,1.0,2.4424906541753444e-14,152.75,285.5145374349553,132.7645374349553,452.2266847094721,433.67481340335434,4.0,4.0,5,5
1.0,0.7508538755732771,1.0,1.0,0.0,505.25,291.0306750848556,-214.2193249151444,473.550485096489,454.1166089996459,3.0,4.0,5,5
1.0,0.8342585783982197,1.0,1.0,0.0,519.25,296.55139753868275,-222.69860246131725,491.9132428428641,474.40754220135665,3.0,4.0,5,5
1.0,0.9269278594315465,1.0,1.0,0.0,533.75,302.0782071886681,-231.6717928113319,509.77212935320296,494.5129743235803,3.0,4.0,5,5
1.0,1.029890826223217,1.0,1.0,0.0,511.25,307.94189872692766,-203.30810127307234,529.3153097738235,514.9132764259429,3.0,4.0,5,5
1.0,1.1442908993901826,1.0,1.0,0.0,526.75,645.5827031503902,118.83270315039022,545.8406495790416,530.8564953917929,3.0,3.0,5,5
1.0,1.2713985104896872,1.0,1.0,0.0,542.25,648.3592543751364,106.1092543751364,561.6703164129286,545.6759220563604,3.0,3.0,5,5
1.0,1.412625210369881,1.0,1.0,0.0,534.75,651.0762965219639,116.32629652196385,578.9226835831263,559.8971200952558,3.0,3.0,5,5
1.0,1.5695393446732664,1.0,1.0,0.0,550.25,653.7216278496282,103.47162784962825,593.016275990157,573.489345731514,3.0,3.0,5,5
1.0,1.7438834705720385,1.0,1.0,0.0,551.25,656.2845754609649,105.0345754609649,607.9808499539719,586.4309260848719,3.0,3.0,5,5
1.0,1.9375937081510104,1.0,1.0,0.0,556.75,658.7561524707279,102.0061524707279,621.6641628512878,598.7090517903536,3.0,3.0,5,5
1.0,2.1528212413383825,1.0,1.0,0.0,560.75,661.1291536778486,100.37915367784865,634.7913871190393,610.3193622064326,3.0,3.0,5,5
1.0,2.3919562071557467,1.0,1.0,0.0,568.75,663.3981948936289,94.6481948936289,646.7886617751724,621.2653800210609,3.0,3.0,5,5
1.0,2.657654238581348,1.0,1.0,0.0,905.75,665.559697864821,-240.19030213517897,656.6132352900875,631.5577897126261,2.0,3.0,5,5
1.0,2.952865955789426,1.0,1.0,0.0,907.25,667.611838998593,-239.63816100140696,664.7550791129687,641.2136634613503,2.0,3.0,5,5
1.0,3.2808697332707224,1.0,1.0,0.0,908.75,669.5544744614864,-239.1955255385136,672.3213280666272,650.2556330908101,2.0,3.0,5,5
1.0,3.64530810671838,1.0,1.0,0.0,910.25,671.3890832672777,-238.86091673272233,679.3367216284416,658.7111556369057,2.0,3.0,5,5
1.0,4.050228223983634,1.0,1.0,0.0,911.75,673.1188027710142,-238.6311972289858,685.8276274685738,666.6120235193804,2.0,3.0,5,5
1.0,4.500126789315846,1.0,1.0,0.0,913.25,674.7487901818954,-238.5012098181046,691.8215110586542,673.9946859559572,2.0,3.0,5,5
1.0,5.000000000000001,1.0,1.0,0.0,914.75,676.2878545228119,-238.46214547718807,697.3464582371049,680.9035787524789,2.0,3.0,5,5
