alpha1,theta,node_phi,event_phi,delta_phi,node_AR,event_AR,node_Au,event_Au,node_cycles,event_cycles
0.0,0.01,0.0007275756492023239,0.0006539806228913462,-7.359502631097768e-05,0.0962197777170243,0.09616723020586136,1.5003750937734708,1.2549269678303976,1.0,1.0
0.0,0.01295558665559571,0.0009397530949478466,0.0008447751130229618,-9.497798192488471e-05,0.12429562926310078,0.12422785180176456,1.5003750937734708,1.2550959278130907,1.0,1.0
0.0,0.016784722559064953,0.0012127317746099162,0.0010902958781359854,-0.00012243589647393084,0.1604274860135397,0.1603401768637603,1.5003750937734708,1.2553134257206695,1.0,1.0
0.0,0.02174559276040982,0.0015632247244592818,0.0014056207086675027,-0.00015760401579177912,0.20683679939601546,0.2067245156171016,1.5003750937734708,1.2555928830348422,1.0,1.0
0.0,0.028172691138478412,0.0020120751326237933,0.0018095762718293143,-0.00020249886079447906,0.2662986178340909,0.26615452046840615,1.5003750937734708,1.255951091455063,1.0,1.0
0.0,0.03649937413658904,0.0025849762293638154,0.0023254071549175135,-0.00025956907444630185,0.3422412476282658,0.34205682108026125,1.5003750937734708,1.2564088383049241,1.0,1.0
0.0,0.04728708045015879,0.0033131164803851952,0.002981389277745161,-0.00033172720264003407,0.43883837575319196,0.4386031404884984,1.5003750937734708,1.2569914886902553,1.0,1.0
0.0,0.061263186846215796,0.004233477481678966,0.0038112452871141606,-0.0004222321945648055,0.5610763654177784,0.5607742100466276,1.500375093773414,1.2577294392453042,1.0,1.0
0.0,0.07937005259841,0.005389154933392094,0.00485413598965523,-0.0005350189437368638,0.714744201542495,0.7143625158655581,1.500375093773414,1.2586581967771053,1.0,1.0
0.0,0.10282855942978895,0.006827838850349097,0.006153902091660862,-0.0006739367586882346,0.9063450339189101,0.9058661187103727,1.500375093773414,1.2598178553627806,1.0,1.0
0.0,0.13322043123627042,0.008599689707018179,0.007757137882255374,-0.0008425518247628053,1.1428146873068605,1.1422118131752295,1.500375093773414,1.2612515502783936,1.0,1.0
0.0,0.17259488411773308,0.0107540150490996,0.009709645016784656,-0.0010443700323149435,1.430983078735594,1.4302402307097568,1.500375093773414,1.263002491585212,1.0,1.0
0.0,0.22360679774997896,0.013331554565789112,0.012050927511126226,-0.0012806270546628865,1.7768160663880932,1.7759008947151234,1.5003750937734708,1.2651092157291715,1.0,1.0
0.0,0.2896957245030116,0.01635826966336271,0.014806756752019814,-0.0015515129113428967,2.1842569810770667,2.1831578074142404,1.5003750937734708,1.2675989997223953,1.0,1.0
0.0,0.3753178062554348,0.01983346458067273,0.017980528932608084,-0.001852935648064647,2.6540224240338723,2.6527070674932998,1.5003750937735274,1.2704799242783338,1.0,1.0
0.0,0.4862462362330365,0.02372366413104932,0.021545079742822073,-0.0021785843882272463,3.1822949393242057,3.180747314789803,1.5003750937734708,1.2737330004514664,1.0,1.0
0.0,0.6299605249474366,0.027956168875583123,0.02543747121841798,-0.002518697657165142,3.7599612054171496,3.7581727918272865,1.500375093773414,1.2773065223591404,1.0,1.0
0.0,0.8161508170561078,0.03242077758968023,0.029559433493961715,-0.0028613440957185182,4.372619772235312,4.370590864025047,1.500375093773414,1.2811152348935142,1.0,1.0
0.0,1.057371263440564,0.036978169780260826,0.03378508704003117,-0.003193082740229655,5.001707860502243,4.999418176443955,1.5003750937734708,1.285046113881981,1.0,1.0
0.0,1.3698865030640954,0.04147963619496145,0.03797531103274683,-0.0035043251622146193,5.626488243128456,5.623979846584743,1.500375093773414,1.288970666920068,1.0,1.0
0.0,1.7747683298777857,0.04578124437676439,0.041995562668326616,-0.003785681708437773,6.226858344370556,6.224152430546968,1.500375093773414,1.2927612202533059,1.0,1.0
0.0,2.2993164891338513,0.04976457441451179,0.045732485020915585,-0.004032089393596207,6.785741011646326,6.782860878766742,1.500375093773414,1.2963069853605704,1.0,1.0
0.0,2.9788994023613715,0.05334714134286139,0.04910516556312091,-0.0042419757797404825,7.2908343125169095,7.287802959861135,1.5003750937734708,1.2995258136012127,1.0,1.0
0.0,3.8593389345594997,0.0564856974500421,0.052069095998134085,-0.004416601451908017,7.735253604043469,7.732092117397844,1.5003750937734708,1.302369286498288,1.0,1.0
0.0,5.000000000000001,0.05917399160074176,0.05461345516915557,-0.004560536431586187,8.11712143703161,8.113894556799451,1.5003750937734708,1.3048213285626846,1.0,1.0
0.041666666666666664,0.01,0.0015713225777224272,0.0013625732398616663,-0.0002087493378607609,0.14056788990382188,0.13606369883157837,1.5003750937734708,1.2904409004200719,1.0,1.0
0.041666666666666664,0.01295558665559571,0.0020294576247739467,0.001760106224545128,-0.00026935140022881876,0.18158171023117234,0.1757712241268673,1.5003750937734708,1.2906214548856954,1.0,1.0
0.041666666666666664,0.016784722559064953,0.0026188100247946577,0.0022716725961002978,-0.0003471374286943599,0.23436238397701234,0.22687608208592466,1.5003750937734708,1.2908538941119334,1.0,1.0
0.041666666666666664,0.02174559276040982,0.0033754058725370406,0.002928695045609151,-0.0004467108269278898,0.30215362111705535,0.2925235874727386,1.5003750937734708,1.291152575949673,1.0,1.0
0.041666666666666664,0.028172691138478412,0.004344145838880397,0.0037704124307369876,-0.0005737334081434096,0.3890068165355041,0.3766445262419473,1.5003750937734708,1.291535471036332,1.0,1.0
0.041666666666666664,0.03649937413658904,0.005580332746628569,0.004845277041304162,-0.0007350557053244075,0.4999260032924852,0.48409768184273216,1.5003750937734708,1.2920248277718205,1.0,1.0
0.041666666666666664,0.04728708045015879,0.007151023666122706,0.006212237786135552,-0.0009387858799871536,0.6410014585614314,0.6208025506956034,1.5003750937734708,1.2926478341687473,1.0,1.0
0.041666666666666664,0.061263186846215796,0.009135943767933523,0.00794161345939674,-0.0011943303085367833,0.8197463970818859,0.7938333120956906,1.500375093773414,1.2934370873321315,1.0,1.0
0.041666666666666664,0.07937005259841,0.01162685893868368,0.01011508630193168,-0.0015117726367519999,1.044186523309548,1.0114277482959178,1.500375093773414,1.2944307306723206,1.0,1.0
0.041666666666666664,0.10282855942978895,0.014725921943401787,0.012824138170474222,-0.0019017837729275646,1.3239865865149758,1.2828437593490178,1.500375093773414,1.2956719126086684,1.0,1.0
0.041666666666666664,0.13322043123627042,0.01854052602283834,0.016166058183943344,-0.0023744678388949968,1.6697315526136705,1.6179759347640537,1.500375093773414,1.2972072246950122,1.0,1.0
0.041666666666666664,0.17259488411773308,0.023173750456440375,0.020236579861870645,-0.0029371705945697296,2.0904967151174456,2.0266357698002793,1.500375093773414,1.2990835896460342,1.0,1.0
0.041666666666666664,0.22360679774997896,0.028712194274671442,0.025118438901380494,-0.0035937553732909473,2.596076412917438,2.517419466542106,1.5003750937734708,1.3013433226908093,1.0,1.0
0.041666666666666664,0.2896957245030116,0.035206499886477505,0.03086590592423023,-0.004340593962247275,3.190810642876168,3.0961598298247854,1.5003750937734708,1.304017208970618,1.0,1.0
0.041666666666666664,0.3753178062554348,0.04265354534779878,0.03748679077556742,-0.005166754572231355,3.87739265444977,3.7641001876818234,1.5003750937735274,1.3071162025560628,1.0,1.0
0.041666666666666664,0.4862462362330365,0.050976369819014745,0.04492537813079365,-0.006050991688221097,4.649477778208059,4.516126060506139,1.5003750937734708,1.3106231401208792,1.0,1.0
0.041666666666666664,0.6299605249474366,0.060015447180901516,0.05305152964260815,-0.006963917538293368,5.4937552427810346,5.339577362720294,1.500375093773414,1.3144868405361199,1.0,1.0
0.041666666666666664,0.8161508170561078,0.0695323879294245,0.06166154717470494,-0.007870840754719555,6.38922110978533,6.214217861033728,1.500375093773414,1.3186212642234754,1.0,1.0
0.041666666666666664,1.057371263440564,0.07923156653331771,0.07049419926791665,-0.008737367265401058,7.310946324724265,7.113738872452451,1.5003750937734708,1.3229116424685345,1.0,1.0
0.041666666666666664,1.3698865030640954,0.08879229344055814,0.07926060649635527,-0.009531686944202866,8.22482148405989,8.008710672678891,1.500375093773414,1.3272274449642285,1.0,1.0
0.041666666666666664,1.7747683298777857,0.09791425520292962,0.08768133330105549,-0.010232921901874137,9.103498300711337,8.870343950290328,1.500375093773414,1.3314394679793626,1.0,1.0
0.041666666666666664,2.2993164891338513,0.10635100492394277,0.09552095358284762,-0.010830051341095145,9.922222773720703,9.67408001364679,1.500375093773414,1.3354364994855135,1.0,1.0
0.041666666666666664,2.9788994023613715,0.11393328579543811,0.10261143023501416,-0.011321855560423949,10.66319909335463,10.402101470204796,1.5003750937734708,1.3391371429781431,1.0,1.0
0.041666666666666664,3.8593389345594997,0.12057474529928,0.10886021015591482,-0.011714535143365179,11.316489416509752,11.044299391614619,1.5003750937734708,1.3424941724457315,1.0,1.0
0.041666666666666664,5.000000000000001,0.12626198569587377,0.11424432113079079,-0.012017664565082978,11.875994010598093,11.597786318943001,1.5003750937734708,1.345491691393545,1.0,1.0
0.08333333333333333,0.01,0.0023405741537543354,0.002068678603230562,-0.00027189555052377357,0.18270597113366804,0.1758010425059156,1.5003750937734708,1.328537673997926,1.0,1.0
0.08333333333333333,0.01295558665559571,0.0030229354334779927,0.0026722087362225327,-0.00035072669725545996,0.23601293303527837,0.22710903451142891,1.5003750937734708,1.3287313665321565,1.0,1.0
0.08333333333333333,0.016784722559064953,0.0039006983088671144,0.003448856292612376,-0.0004518420162547385,0.30461259417112563,0.29314666057050953,1.5003750937734708,1.3289807340363042,1.0,1.0
0.08333333333333333,0.02174559276040982,0.005027485877450132,0.004446320528999011,-0.0005811653484511202,0.39271992238589304,0.3779805634592899,1.5003750937734708,1.3293011996604038,1.0,1.0
0.08333333333333333,0.028172691138478412,0.00647011413220729,0.0057241626482601475,-0.0007459514839471427,0.5055989568074453,0.48669407000128545,1.5003750937734708,1.3297120760485999,1.0,1.0
0.08333333333333333,0.03649937413658904,0.008310851530129617,0.007355924380284521,-0.0009549271498450959,0.6497507711668181,0.6255724448725072,1.5003750937734708,1.3302372862584892,1.0,1.0
0.08333333333333333,0.04728708045015879,0.010649408853492536,0.009431071975574376,-0.0012183368779181605,0.8330864553384607,0.802276056900878,1.5003750937734708,1.330906067718752,1.0,1.0
0.08333333333333333,0.061263186846215796,0.013604401229177488,0.012056315969833645,-0.0015480852593438427,1.0655194081615125,1.025964305927775,1.500375093773414,1.3317535583046267,1.0,1.0
0.08333333333333333,0.07937005259841,0.017311853830049833,0.01535559321953388,-0.0019562606105159534,1.3572004218182339,1.3073107340852648,1.500375093773414,1.3328208930906842,1.0,1.0
0.08333333333333333,0.10282855942978895,0.021923389982327412,0.019467682365077274,-0.002455707617250138,1.7207969343127758,1.6583224531795244,1.500375093773414,1.334154757729266,1.0,1.0
0.08333333333333333,0.13322043123627042,0.027598304261884393,0.024540131608791465,-0.0030581726530929283,2.170358812427195,2.091850677216172,1.500375093773414,1.3358057303819808,1.0,1.0
0.08333333333333333,0.17259488411773308,0.03448833573932505,0.03071807216168713,-0.003770263577637916,2.7170933084540345,2.620667072645513,1.500375093773414,1.3378250763344115,1.0,1.0
0.08333333333333333,0.22360679774997896,0.04272134559518854,0.03812684831432806,-0.004594497280860477,3.374426936829992,3.256005942987988,1.5003750937734708,1.3402595634281171,1.0,1.0
0.08333333333333333,0.2896957245030116,0.05236984822457182,0.04684855765082044,-0.005521290573751385,4.14707271393002,4.005564746723023,1.5003750937734708,1.343144255416701,1.0,1.0
0.08333333333333333,0.3753178062554348,0.06342764889600887,0.056894787372544955,-0.006532861523463912,5.039591537811955,4.871137215115651,1.5003750937735274,1.3464937479759103,1.0,1.0
0.08333333333333333,0.4862462362330365,0.07577727213178076,0.06818080938557991,-0.007596462746200849,6.0432275455369,5.846309318482248,1.5003750937734708,1.3502935068856463,1.0,1.0
0.08333333333333333,0.6299605249474366,0.08917914553053904,0.08050917925393941,-0.008669966276599633,7.140667521136233,6.914893152696671,1.500375093773414,1.354493660415756,1.0,1.0
0.08333333333333333,0.8161508170561078,0.1032772368351827,0.0935712048266187,-0.009706032008564,8.30461653577322,8.050849381915446,1.500375093773414,1.3590081982954874,1.0,1.0
0.08333333333333333,1.057371263440564,0.11763269872442629,0.1069713967936773,-0.01066130193074899,9.504071952531822,9.220197166496778,1.5003750937734708,1.3637214464601133,1.0,1.0
0.08333333333333333,1.3698865030640954,0.13176798007747606,0.12027285724772632,-0.011495122829749738,10.692201996943147,10.384813689701446,1.500375093773414,1.368501783628017,1.0,1.0
0.08333333333333333,1.7747683298777857,0.14523996312095802,0.1330534638063069,-0.012186499314651128,11.834745452334321,11.507307589053939,1.500375093773414,1.3732195580028932,1.0,1.0
0.08333333333333333,2.2993164891338513,0.15768550462969194,0.1449580752208342,-0.012727429408857738,12.8996287466175,12.555694500746272,1.500375093773414,1.3777643029810864,1.0,1.0
0.08333333333333333,2.9788994023613715,0.1688563507029199,0.15573365878399167,-0.013122691918928231,13.863812962663866,13.50668591031628,1.5003750937734708,1.382056420913432,1.0,1.0
0.08333333333333333,3.8593389345594997,0.17862706943925993,0.16524118545197536,-0.013385883987284575,14.714441972934088,14.346973283851248,1.5003750937734708,1.3860505191260022,1.0,1.0
0.08333333333333333,5.000000000000001,0.18697855887542547,0.17344631368699315,-0.013532245188432324,15.441407917293484,15.072611221837938,1.5003750937734708,1.389730562071782,1.0,1.0
0.125,0.01,0.00304353764776644,0.002771989624568488,-0.00027154802319795217,0.22275766581562625,0.21536202728343656,1.5003750937734708,1.3695144912810069,1.0,1.0
0.125,0.01295558665559571,0.003930790398043508,0.0035806862264156497,-0.00035010417162785815,0.28774902038690386,0.2782190217634836,1.5003750937734708,1.3697231574391484,1.0,1.0
0.125,0.016784722559064953,0.005072085996164127,0.004621335762896155,-0.0004507502332679724,0.37138427003772195,0.3591231823605702,1.5003750937734708,1.3699918294500097,1.0,1.0
0.125,0.02174559276040982,0.006537119249238447,0.005957838830239803,-0.0005792804189986437,0.4788014947057566,0.4630584067186176,1.5003750937734708,1.3703371418756436,1.0,1.0
0.125,0.028172691138478412,0.008412718144771706,0.007669980615220895,-0.0007427375295508114,0.6164172421186362,0.5962554752960356,1.5003750937734708,1.370779929845594,1.0,1.0
0.125,0.03649937413658904,0.01080576873950948,0.009856263650218437,-0.0009495050892910431,0.792155347183431,0.7664198516018491,1.5003750937734708,1.3713460401399065,1.0,1.0
0.125,0.04728708045015879,0.013845782308584739,0.012636503491011544,-0.0012092788175731943,1.015657300538856,0.982945135409091,1.5003750937734708,1.3720670885988515,1.0,1.0
0.125,0.061263186846215796,0.017686847149120524,0.016153583691613987,-0.0015332634575065361,1.2991171376784003,1.2570668429715972,1.500375093773414,1.3729810853954407,1.0,1.0
0.125,0.07937005259841,0.02250534065445312,0.020573412934266955,-0.0019319277201861641,1.6547053326840029,1.6018837272359774,1.500375093773414,1.3741326648276302,1.0,1.0
0.125,0.10282855942978895,0.02849794280674833,0.026081705668755794,-0.0024162371379925357,2.097942037723527,2.032140370301311,1.500375093773414,1.375572584604379,1.0,1.0
0.125,0.13322043123627042,0.035871148015271324,0.032875817877891796,-0.002995330137379529,2.6461681767179783,2.5636322905984232,1.500375093773414,1.377356069546659,1.0,1.0
0.125,0.17259488411773308,0.044820862447915305,0.04114973266092099,-0.003671129786994312,3.312615873425178,3.212079573587821,1.500375093773414,1.3795394957182001,1.0,1.0
0.125,0.22360679774997896,0.05551220103465937,0.05107077621929292,-0.004441424815366447,4.114158695755368,3.99134527289065,1.5003750937734708,1.3821749793831262,1.0,1.0
0.125,0.2896957245030116,0.06803714460617465,0.06274821086814877,-0.005288933738025872,5.055860355784699,4.910987156034398,1.5003750937734708,1.385302784002852,1.0,1.0
0.125,0.3753178062554348,0.08238597449393806,0.07619679428317616,-0.0061891802107618965,6.144046836402268,5.973353255115615,1.5003750937735274,1.3889421917963776,1.0,1.0
0.125,0.4862462362330365,0.09840346438192137,0.09130237809713501,-0.007101086284786354,7.367660760666269,7.1707455991878595,1.5003750937734708,1.393082354019862,1.0,1.0
0.125,0.6299605249474366,0.11577614181983154,0.10780018727362858,-0.007975954546202951,8.705570831180715,8.483478637220413,1.500375093773414,1.3976758537872234,1.0,1.0
0.125,0.8161508170561078,0.13403979833385415,0.1252770761046175,-0.008762722229236658,10.124485509567172,9.87975588304145,1.500375093773414,1.402637854451314,1.0,1.0
0.125,1.057371263440564,0.1526240667158098,0.14320451371145188,-0.009419553004357928,11.587605481547994,11.31798456755195,1.5003750937734708,1.407853085343959,1.0,1.0
0.125,1.3698865030640954,0.1709079346857842,0.1609994487272789,-0.009908485958505298,13.035990022563986,12.751418662698388,1.500375093773414,1.4131902860535779,1.0,1.0
0.125,1.7747683298777857,0.18831752542410643,0.1780993887836565,-0.010218136640449932,14.428779815088916,14.134136851753402,1.500375093773414,1.4185209896124438,1.0,1.0
0.125,2.2993164891338513,0.20438300878613155,0.19403191165401953,-0.01035109713211202,15.726919559880802,15.426794291347946,1.500375093773414,1.423737187724328,1.0,1.0
0.125,2.9788994023613715,0.21878398079222938,0.20846114975321622,-0.010322831039013158,16.9023646384236,16.600680067076958,1.5003750937734708,1.428762714425102,1.0,1.0
0.125,3.8593389345594997,0.23135945432308774,0.22120313710594547,-0.010156317217142274,17.939468784308506,17.6393096342215,1.5003750937734708,1.4335549294308298,1.0,1.0
0.125,5.000000000000001,0.2420857969637929,0.2322128389146757,-0.009872958049117198,18.824318527538374,18.53767105329053,1.5003750937734708,1.438097267126432,1.0,1.0
0.16666666666666666,0.01,0.003687312761489718,0.0034721529142106326,-0.00021515984727908536,0.2608392587724772,0.25472683240833954,1.5003750937734708,1.4137122730200649,1.0,1.0
0.16666666666666666,0.01295558665559571,0.004762195000709667,0.004485082501914221,-0.0002771124987954463,0.3369401877875585,0.3290755830365486,1.5003750937734708,1.4139381141169,1.0,1.0
0.16666666666666666,0.016784722559064953,0.006144813885016968,0.005788522725223261,-0.0003562911597937077,0.434871293829437,0.4247726045761286,1.5003750937734708,1.4142289284558505,1.0,1.0
0.16666666666666666,0.02174559276040982,0.007919575372966696,0.007462492361117768,-0.0004570830118489277,0.5606483080103499,0.5477145199689367,1.5003750937734708,1.4146027516224424,1.0,1.0
0.16666666666666666,0.028172691138478412,0.010191622249283544,0.00960689240339331,-0.0005847298458902337,0.7217835051044614,0.7052739063137432,1.5003750937734708,1.4150821882416498,1.0,1.0
0.16666666666666666,0.03649937413658904,0.01309036535031917,0.012345045611721955,-0.0007453197385972141,0.927553345688014,0.9065694421101846,1.5003750937734708,1.4156952786317565,1.0,1.0
0.16666666666666666,0.04728708045015879,0.01677257483856668,0.015826934574094263,-0.0009456402644724173,1.1892443549070202,1.1627194659402094,1.5003750937734708,1.4164763713080906,1.0,1.0
0.16666666666666666,0.061263186846215796,0.021424771232463637,0.020231380564435623,-0.0011933906680280139,1.5212183509400348,1.4870254926506299,1.500375093773414,1.4174668605730405,1.0,1.0
0.16666666666666666,0.07937005259841,0.02726020990209874,0.0257659629657659,-0.0014942469363328388,1.9375659413290696,1.8949997750514773,1.500375093773414,1.4187153902952563,1.0,1.0
0.16666666666666666,0.10282855942978895,0.034516709077888244,0.032662951839805596,-0.0018537572380826484,2.456518418664287,2.4041113387394337,1.500375093773414,1.4202774917066565,1.0,1.0
0.16666666666666666,0.13322043123627042,0.04344379927475564,0.04116904156154144,-0.0022747577132141983,3.0985436911465634,3.0330863589470534,1.500375093773414,1.4222138736629861,1.0,1.0
0.16666666666666666,0.17259488411773308,0.054277587221374005,0.05152650766662556,-0.002751079554748445,3.8787976229941563,3.800580365056012,1.500375093773414,1.4245869740669155,1.0,1.0
0.16666666666666666,0.22360679774997896,0.06721692863186633,0.06394402720510457,-0.0032729014267617595,4.8174262158599985,4.723074925716439,1.5003750937734708,1.4274553229333835,1.0,1.0
0.16666666666666666,0.2896957245030116,0.0823711981412106,0.07855737563686979,-0.0038138225043408136,5.9198228014640994,5.81198353372253,1.5003750937734708,1.4308656679349956,1.0,1.0
0.16666666666666666,0.3753178062554348,0.09972684992358492,0.09538390729928847,-0.00434294262429645,7.193981912956474,7.070213266922859,1.5003750937735274,1.4348433035367636,1.0,1.0
0.16666666666666666,0.4862462362330365,0.11909347065581477,0.11427970710068182,-0.004813763555132952,8.6266483715399,8.488800176515303,1.5003750937734708,1.439382551569725,1.0,1.0
0.16666666666666666,0.6299605249474366,0.1400892659814238,0.13491273766046932,-0.005176528320954471,10.193047142448014,10.044595520853909,1.500375093773414,1.4444399756670467,1.0,1.0
0.16666666666666666,0.8161508170561078,0.1621503700256759,0.156766061104749,-0.005384308920926895,11.85416835141104,11.70009794155206,1.500375093773414,1.4499336911481808,1.0,1.0
0.16666666666666666,1.057371263440564,0.1845853925093396,0.17917946271453697,-0.005405929794802644,13.56767803643558,13.40617123602672,1.5003750937734708,1.4557507338817235,1.0,1.0
0.16666666666666666,1.3698865030640954,0.20664178325215998,0.20142574897899582,-0.005216034273164166,15.263105757182817,15.107525604468327,1.500375093773414,1.4617623889877,1.0,1.0
0.16666666666666666,1.7747683298777857,0.22762563404823144,0.22280450653947415,-0.004821127508757295,16.89329201747153,16.74979164031267,1.500375093773414,1.4678438580420339,1.0,1.0
0.16666666666666666,2.2993164891338513,0.24696930802556885,0.2427285633644608,-0.004240744661108048,18.41251935062933,18.286337693404434,1.500375093773414,1.4738922707212627,1.0,1.0
0.16666666666666666,2.9788994023613715,0.26428630898857514,0.26078142213474015,-0.0035048868538349875,19.787962259972204,19.683084831695368,1.5003750937734708,1.4798372416058558,1.0,1.0
0.16666666666666666,3.8593389345594997,0.2793831957157548,0.2767356860887831,-0.0026475096269717446,21.001306094266347,20.92039690056809,1.5003750937734708,1.4856404270569332,1.0,1.0
0.16666666666666666,5.000000000000001,0.29223276574312285,0.2905361782009151,-0.0016965875422077503,22.035023350683968,21.992181386633916,1.5003750937734708,1.4912843144207732,1.0,1.0
0.20833333333333331,0.01,0.004278070196016015,0.004168760743823999,-0.00010930945219201661,0.2970601359427642,0.29387260331695764,1.5003750937734708,1.461522266583052,1.0,1.0
0.20833333333333331,0.01295558665559571,0.005525121177173156,0.005384871216469076,-0.0001402499607040808,0.38372773868897947,0.37964919605443614,1.5003750937734708,1.461767956014956,1.0,1.0
0.20833333333333331,0.016784722559064953,0.007129172449289712,0.006949738417995697,-0.00017943403129401514,0.4952560448295911,0.49005682480617757,1.5003750937734708,1.4620843647513544,1.0,1.0
0.20833333333333331,0.02174559276040982,0.009188123518187678,0.008959406995879118,-0.00022871652230855959,0.6384955012031774,0.6318997818996399,1.5003750937734708,1.4624911426566545,1.0,1.0
0.20833333333333331,0.028172691138478412,0.011823913551824217,0.011533774267559275,-0.00029013928426494147,0.8220004830091323,0.8136861279234869,1.5003750937734708,1.4630129277065864,1.0,1.0
0.20833333333333331,0.03649937413658904,0.015186606550947689,0.014820828829292594,-0.0003657777216550945,1.0563338388439802,1.0459399611937197,1.5003750937734708,1.463680352730444,1.0,1.0
0.20833333333333331,0.04728708045015879,0.019457959805995545,0.0190005215484697,-0.0004574382575258454,1.35434650798662,1.3414948828909345,1.5003750937734708,1.464530949282926,1.0,1.0
0.20833333333333331,0.061263186846215796,0.024854210145354532,0.02428735708866849,-0.0005668530566860404,1.7324615312719118,1.7157071246321103,1.500375093773414,1.465610001207097,1.0,1.0
0.20833333333333331,0.07937005259841,0.03162239046972109,0.030930263055448142,-0.0006921274142729465,2.2065956129673303,2.186489377916233,1.500375093773414,1.466970914823469,1.0,1.0
0.20833333333333331,0.10282855942978895,0.04003796575489219,0.03920766265872419,-0.0008303030961680016,2.7975575117055325,2.7740205996476877,1.500375093773414,1.468674830714008,1.0,1.0
0.20833333333333331,0.13322043123627042,0.05038980064860005,0.04941509831602634,-0.0009747023325737056,3.5287872321652003,3.4999424423474816,1.500375093773414,1.4707889396289833,1.0,1.0
0.20833333333333331,0.17259488411773308,0.06295068570039596,0.061842562473741806,-0.0011081232266541494,4.417268853491365,4.385831485608575,1.500375093773414,1.47338296060334,1.0,1.0
0.20833333333333331,0.22360679774997896,0.07795012409125879,0.07673944607161616,-0.0012106780196426276,5.486256057102944,5.450776531683078,1.5003750937734708,1.4765232851495969,1.0,1.0
0.20833333333333331,0.2896957245030116,0.09551308833731635,0.0942673980724639,-0.0012456902648524532,6.741451895535244,6.70804195444,1.5003750937734708,1.4802646905067383,1.0,1.0
0.20833333333333331,0.3753178062554348,0.11562201421033846,0.11444583248916655,-0.0011761817211719122,8.192428568017565,8.161099582342096,1.5003750937735274,1.4846403156232557,1.0,1.0
0.20833333333333331,0.4862462362330365,0.13805367523919676,0.13710079059242644,-0.0009528846467703189,9.823831188944766,9.799740199728264,1.5003750937734708,1.4896516312088357,1.0,1.0
0.20833333333333331,0.6299605249474366,0.16236302441223108,0.1618331457068211,-0.0005298787054099641,11.607405896085318,11.597391254077879,1.500375093773414,1.4952614833659033,1.0,1.0
0.20833333333333331,0.8161508170561078,0.2180819919540198,0.18802296932053458,-0.030059022633485227,14.364303315153427,13.510906239475267,1.7504376094022973,1.5013933770125736,1.0,1.0
0.20833333333333331,1.057371263440564,0.24801670389098707,0.214879884241668,-0.033136819649319055,16.440986226201534,15.483683680771554,1.7504376094024108,1.5079395634413235,1.0,1.0
0.20833333333333331,1.3698865030640954,0.2773686484237477,0.24153473754847465,-0.035833910875273045,18.49456344040346,17.451980675658778,1.7504376094023542,1.5147772300639195,1.0,1.0
0.20833333333333331,1.7747683298777857,0.3052067980124239,0.2671518022823424,-0.038054995730081476,20.468696534557452,19.353073176607182,1.7504376094022973,1.5217890233674558,1.0,1.0
0.20833333333333331,2.2993164891338513,0.33077352458509035,0.29103181037505643,-0.03974171421003392,22.30791743819982,21.13312668862875,1.7504376094022973,1.5288811908918436,1.0,1.0
0.20833333333333331,2.9788994023613715,0.3535571516513716,0.31267989621630915,-0.04087725543506243,23.972357063250243,22.752755285829526,1.7504376094023542,1.5359929729020227,1.0,1.0
0.20833333333333331,3.8593389345594997,0.37330713782836494,0.33182670812964066,-0.041480429698724286,25.439704567453184,24.189196737487624,1.7504376094024108,1.5430927449022425,1.0,1.0
0.20833333333333331,5.000000000000001,0.3899986332564999,0.3484073302308076,-0.041591303025692306,26.687025446742393,25.435257184423655,1.7504376094024108,1.5501618107431572,1.0,1.0
0.25,0.01,0.005590722690058544,0.004861341792025358,-0.000729380898033186,0.35316705256286285,0.33277293767373256,1.7504376094024108,1.5133932809287223,1.0,1.0
0.25,0.01295558665559571,0.007220155309253119,0.006279443931235742,-0.0009407113780173764,0.4562024563224437,0.42990575550681726,1.7504376094024108,1.5136620501929432,1.0,1.0
0.25,0.016784722559064953,0.009315885398752052,0.008104198217750843,-0.0012116871810012083,0.5887927187547815,0.5549318253066514,1.7504376094024108,1.5140082274854654,1.0,1.0
0.25,0.02174559276040982,0.01200567285133985,0.010447572266987351,-0.0015581005843524984,0.7590811335497478,0.7155574439341312,1.7504376094024108,1.5144533583195885,1.0,1.0
0.25,0.028172691138478412,0.015448575436531232,0.013449327115634919,-0.0019992483208963133,0.9772360672670619,0.9214190812918324,1.7504376094024108,1.5150244846998253,1.0,1.0
0.25,0.03649937413658904,0.019840216169761043,0.017281946889475788,-0.0025582692802852552,1.2558126050641796,1.184437525642352,1.7504376094024108,1.515755211032229,1.0,1.0
0.25,0.04728708045015879,0.02541733774884817,0.022155132936541016,-0.0032622048123071533,1.6100843303600734,1.51915102754494,1.7504376094024108,1.5166868102038285,1.0,1.0
0.25,0.061263186846215796,0.03246134160246199,0.028318796741299643,-0.004142544861162344,2.059669904479544,1.9429578954991102,1.7504376094023542,1.5178692186425908,1.0,1.0
0.25,0.07937005259841,0.04129302107385399,0.03606286708194269,-0.005230153991911304,2.623306348072429,2.4761566446492873,1.7504376094023542,1.5193613932293377,1.0,1.0
0.25,0.10282855942978895,0.0522694849557798,0.04571149194889674,-0.006557993006883062,3.325795278664212,3.141619926882354,1.7504376094023542,1.5212311585317368,1.0,1.0
0.25,0.13322043123627042,0.0657640349021613,0.05760854681357127,-0.008155488088590034,4.1951840866188,3.963887903607618,1.7504376094022973,1.5235535015526698,1.0,1.0
0.25,0.17259488411773308,0.0821269178106791,0.07209114651713015,-0.010035771293548948,5.2512689041030685,4.967442157549233,1.7504376094022973,1.526406952500111,1.0,1.0
0.25,0.22360679774997896,0.10165011816444815,0.08944875194664348,-0.012201366217804668,6.522125954376924,6.173966241738908,1.7504376094023542,1.529867533250945,1.0,1.0
0.25,0.2896957245030116,0.1244864513507615,0.10986825806032521,-0.014618193290436288,8.013903433063485,7.598570205436644,1.7504376094023542,1.5340002377517525,1.0,1.0
0.25,0.3753178062554348,0.15060120578545816,0.13337064312176433,-0.017230562663693827,9.738625663381686,9.245297437913408,1.7504376094024108,1.5388484453258573,1.0,1.0
0.25,0.4862462362330365,0.17968992981115633,0.15975170599113508,-0.01993822382002125,11.677648842492392,11.102717294759964,1.7504376094024108,1.5444235878007027,1.0,1.0
0.25,0.6299605249474366,0.21115952577396824,0.18854552508253575,-0.02261400069143249,13.79729740577686,13.140878591732426,1.7504376094023542,1.5506978871300823,1.0,1.0
0.25,0.8161508170561078,0.2441445764022549,0.21903014207224955,-0.025114434330005347,16.044612931379007,15.311057964120677,1.7504376094022973,1.5576040250656664,1.0,1.0
0.25,1.057371263440564,0.27759205271886184,0.25028672981728056,-0.027305322901581275,18.363761296808832,17.549278199855543,1.7504376094024108,1.565043738856912,1.0,1.0
0.25,1.3698865030640954,0.31036260454742476,0.28130656223200434,-0.029056042315420416,20.656147978436827,19.78344729266069,1.7504376094023542,1.5729051696544054,1.0,1.0
0.25,1.7747683298777857,0.34141168027097724,0.3111213977287441,-0.03029028254223315,22.85921242021572,21.942593851841316,1.7504376094022973,1.5810842424805749,1.0,1.0
0.25,2.2993164891338513,0.3698897989495464,0.33892267620755606,-0.030967122741990316,24.910918217078397,23.965776774734994,1.7504376094022973,1.589502696448472,1.0,1.0
0.25,2.9788994023613715,0.39522391434935206,0.36413950842154036,-0.031084405927811698,26.766671505389894,25.808372702416282,1.7504376094023542,1.598115332727321,1.0,1.0
0.25,3.8593389345594997,0.41713469641333834,0.38646203441281046,-0.030672662000527873,28.40152022924763,27.44452026523519,1.7504376094024108,1.606901575037046,1.0,1.0
0.25,5.000000000000001,0.43559767023816126,0.40581583006707517,-0.029781840171086094,29.789039040742296,28.86589529280499,1.7504376094024108,1.6158419228391727,1.0,1.0
0.29166666666666663,0.01,0.006137330802647534,0.00554935083103009,-0.0005879799716174442,0.3882401884234817,0.3713973135349725,1.7504376094024108,1.5698387462587566,1.0,1.0
0.29166666666666663,0.01295558665559571,0.00792602739089623,0.007168096776648974,-0.0007579306142472568,0.5015071277874248,0.47980583293295265,1.7504376094024108,1.5701345827081246,1.0,1.0
0.29166666666666663,0.016784722559064953,0.010226567219989116,0.00925099439745577,-0.0009755728225333462,0.6472631261283777,0.6193467153467874,1.7504376094024108,1.5705156799056572,1.0,1.0
0.29166666666666663,0.02174559276040982,0.013179168540960351,0.011925819125144094,-0.0012533494158162573,0.8344595203042016,0.7986218933674704,1.7504376094024108,1.5710057999822316,1.0,1.0
0.29166666666666663,0.028172691138478412,0.016958385681587623,0.015352047981654243,-0.0016063376999333797,1.0742733810987695,1.028388294582128,1.7504376094024108,1.57163478814764,1.0,1.0
0.29166666666666663,0.03649937413658904,0.021778878079295884,0.019726471769507738,-0.002052406309788146,1.3805047946656395,1.3219535790557366,1.7504376094024108,1.5724398221645974,1.0,1.0
0.29166666666666663,0.04728708045015879,0.02790038945349673,0.025288302394335143,-0.002612087059161588,1.769941155221192,1.6955487133854705,1.7504376094024108,1.5734666108211974,1.0,1.0
0.29166666666666663,0.061263186846215796,0.035631624860273346,0.032322556079051774,-0.003309068781221572,2.264195184232296,2.1685998838356273,1.7504376094023542,1.5747705124435019,1.0,1.0
0.29166666666666663,0.07937005259841,0.04532433778032368,0.04115978686464925,-0.004164550915674428,2.883769690901748,2.763774993314484,1.7504376094023542,1.5764172129624061,1.0,1.0
0.29166666666666663,0.10282855942978895,0.057370015041355776,0.05216940899492686,-0.00520060604642892,3.6559576388897392,3.5066221483709032,1.7504376094023542,1.578482531878399,1.0,1.0
0.29166666666666663,0.13322043123627042,0.07217766657359406,0.06574308738938807,-0.0064345791842059935,4.6116771701447865,4.424560978134492,1.7504376094022973,1.5810508465510797,1.0,1.0
0.29166666666666663,0.17259488411773308,0.09013052665399689,0.08226444221562518,-0.00786608443837171,5.77248501482512,5.544960083389555,1.7504376094022973,1.5842114965431398,1.0,1.0
0.29166666666666663,0.22360679774997896,0.11154756238983594,0.10206235063183954,-0.009485211757996409,7.169450036344845,6.892083818484822,1.7504376094023542,1.5880525799177125,1.0,1.0
0.29166666666666663,0.2896957245030116,0.1365943033716969,0.12534833986792418,-0.011245963503772716,8.808999086728468,8.482882296346148,1.7504376094023542,1.5926520175533374,1.0,1.0
0.29166666666666663,0.3753178062554348,0.16523006599693202,0.15214450282248163,-0.013085563174450393,10.70465045773059,10.321978474530914,1.7504376094024108,1.5980667858151723,1.0,1.0
0.29166666666666663,0.4862462362330365,0.1971175376266442,0.1822162864080452,-0.014901251218598977,12.835684689213302,12.396747736905002,1.7504376094024108,1.6043221173749778,1.0,1.0
0.29166666666666663,0.6299605249474366,0.23160240170552351,0.21503140453461894,-0.016570997170904572,15.165001446109613,14.673911998263504,1.7504376094023542,1.6114042708883067,1.0,1.0
0.29166666666666663,0.8161508170561078,0.26773151594151645,0.24976701624018785,-0.0179644997013286,17.63429027407141,17.099249437399763,1.7504376094022973,1.6192604331416083,1.0,1.0
0.29166666666666663,1.057371263440564,0.3043460840487943,0.28537777827829913,-0.018968305770495186,20.182510395595724,19.601509885831792,1.7504376094024108,1.6278084071993366,1.0,1.0
0.29166666666666663,1.3698865030640954,0.3401934205046064,0.3207180179003501,-0.019475402604256287,22.70034984255404,22.100371954377838,1.7504376094023542,1.6369550978066405,1.0,1.0
0.29166666666666663,1.7747683298777857,0.37412537969294785,0.35469001188331795,-0.0194353678096299,25.119320854793976,24.516740895980703,1.7504376094022973,1.6466187680838635,1.0,1.0
0.29166666666666663,2.2993164891338513,0.40520873956377695,0.386378907235373,-0.01882983232840396,27.37113756948118,26.78268054626042,1.7504376094022973,1.6567467058193874,1.0,1.0
0.29166666666666663,2.9788994023613715,0.4328145901803452,0.41514024820645906,-0.01767434197388612,29.406708946387177,28.848410300697406,1.7504376094023542,1.6673192738613585,1.0,1.0
0.29166666666666663,3.8593389345594997,0.45663764633784437,0.44062509837596076,-0.016012547961883616,31.19857123086353,30.684999060203072,1.7504376094024108,1.6783346846117644,1.0,1.0
0.29166666666666663,5.000000000000001,0.4766545970025129,0.4627495565967489,-0.013905040405764013,32.71701498211614,32.28295361440353,1.7504376094024108,1.6897748144983786,1.0,1.0
0.3333333333333333,0.01,0.006634273869948822,0.006232157639997887,-0.00040211622995093513,0.4214600555088585,0.40971047620468615,1.7504376094024108,1.631443183100783,1.0,1.0
0.3333333333333333,0.01295558665559571,0.008567757875952643,0.008050016157328976,-0.0005177417186236662,0.5444177862348547,0.5293038854424627,1.7504376094024108,1.6317709799099254,1.0,1.0
0.3333333333333333,0.016784722559064953,0.01105448708414787,0.010389077725266727,-0.0006654093588811423,0.7026436282890841,0.6832427114719913,1.7504376094024108,1.6321933105005888,1.0,1.0
0.3333333333333333,0.02174559276040982,0.014246002052474942,0.01339279625818521,-0.0008532057942897322,0.9058541862323397,0.8810173391391053,1.7504376094024108,1.6327365750621543,1.0,1.0
0.3333333333333333,0.028172691138478412,0.018330938831326866,0.01724019942685879,-0.0010907394044680774,1.166181803065084,1.134496181878243,1.7504376094024108,1.6334340010827877,1.0,1.0
0.3333333333333333,0.03649937413658904,0.023541252386264932,0.022152174506702635,-0.001389077879562297,1.4986055599080506,1.4583627003024713,1.7504376094024108,1.634326959843748,1.0,1.0
0.3333333333333333,0.04728708045015879,0.030157579278246825,0.028397178525082993,-0.0017604007531638322,1.921346308562432,1.870527121159723,1.7504376094024108,1.6354664050508296,1.0,1.0
0.3333333333333333,0.061263186846215796,0.03851341609831626,0.036295000306465854,-0.002218415791850406,2.457904617604589,2.392427476128586,1.7504376094023542,1.6369143426592934,1.0,1.0
0.3333333333333333,0.07937005259841,0.048988620129855824,0.04621641021417975,-0.0027722099156760743,3.130455256048018,3.0490825329434257,1.7504376094023542,1.6387444047839386,1.0,1.0
0.3333333333333333,0.10282855942978895,0.06200585949292836,0.058575594987532106,-0.003430264505396255,3.968649166382056,3.868695275750665,1.7504376094023542,1.6410421522508845,1.0,1.0
0.3333333333333333,0.13322043123627042,0.07800649432510608,0.07381143143869268,-0.0041950628864134,5.006120621509307,4.881543317255178,1.7504376094022973,1.6439035004703333,1.0,1.0
0.3333333333333333,0.17259488411773308,0.09740359865351102,0.09235340114635807,-0.005050197507152951,6.266091187239299,6.117862011549526,1.7504376094022973,1.6474311532510917,1.0,1.0
0.3333333333333333,0.22360679774997896,0.12054043125336181,0.11456913256966338,-0.005971298683698431,7.782457442402643,7.604480875798964,1.7504376094023542,1.6517283254535873,1.0,1.0
0.3333333333333333,0.2896957245030116,0.14759379169626838,0.14069418399898168,-0.006899607697286703,9.561903730629075,9.360183834937573,1.7504376094023542,1.65688977825339,1.0,1.0
0.3333333333333333,0.3753178062554348,0.17851714221148537,0.17075136485036282,-0.00776577736112255,11.619350019494224,11.39018275796164,1.7504376094024108,1.6629905465873893,1.0,1.0
0.3333333333333333,0.4862462362330365,0.2129428119756838,0.20447575949648014,-0.008467052479203652,13.932096367854392,13.680690512393197,1.7504376094024108,1.6700751974713064,1.0,1.0
0.3333333333333333,0.6299605249474366,0.25016025339110715,0.24126930464092974,-0.008890948750177402,16.4597786988196,16.195161459930016,1.7504376094023542,1.6781505910737913,1.0,1.0
0.3333333333333333,0.8161508170561078,0.2891359388679046,0.2802096344082806,-0.008926304459624002,19.138992698050238,18.873965208509134,1.7504376094022973,1.6871865666762467,1.0,1.0
0.3333333333333333,1.057371263440564,0.32861420282434867,0.3201270830591524,-0.008487119765196283,21.903733610579742,21.63869698960719,1.7504376094024108,1.697126864077291,1.0,1.0
0.3333333333333333,1.3698865030640954,0.36723879156057393,0.35974194462827264,-0.007496846932301293,24.63451277577021,24.40094445061696,1.7504376094023542,1.707909274625127,1.0,1.0
0.3333333333333333,1.7747683298777857,0.40376676294695574,0.3978303319518197,-0.005936430995136022,27.257192855890153,27.07363351044029,1.7504376094022973,1.71948900531279,1.0,1.0
0.3333333333333333,2.2993164891338513,0.4371883248827953,0.4333743509497474,-0.0038139739330478872,29.697538555148466,29.58196360458676,1.7504376094022973,1.7318553079327108,1.0,1.0
0.3333333333333333,2.9788994023613715,0.4668235642831139,0.4656586025732804,-0.0011649617098334897,31.90217618491876,31.87109122493628,1.7504376094023542,1.745031264360296,1.0,1.0
0.3333333333333333,3.8593389345594997,0.5469157214584721,0.4942965212966712,-0.05261920016180094,35.56611541409815,33.909049426792244,2.0005001250312944,1.759048371709651,1.0,1.0
0.3333333333333333,5.000000000000001,0.5698480239908962,0.5191945395035935,-0.05065348448730267,37.27914713709085,35.68512616205426,2.0005001250312944,1.7738966962904676,1.0,1.0
0.375,0.01,0.007087143533446843,0.0069090361315424995,-0.0001781074019043434,0.45294128307698867,0.4476718392528411,1.7504376094024108,1.6988659432914581,1.0,1.0
0.375,0.01295558665559571,0.009152569163568084,0.008924264692105065,-0.00022830447146301829,0.5850825097011154,0.5783474804573155,1.7504376094024108,1.6992317555123015,1.0,1.0
0.375,0.016784722559064953,0.011808965530116929,0.01151723926396647,-0.0002917262661504584,0.7551253506480459,0.7465521327326299,1.7504376094024108,1.6997031765349682,1.0,1.0
0.375,0.02174559276040982,0.015218187972482533,0.014846946549265806,-0.0003712414232167269,0.97351155021313,0.9626565101734038,1.7504376094024108,1.7003097568464005,1.0,1.0
0.375,0.028172691138478412,0.019581699752788256,0.019111779347057004,-0.0004699204057312528,1.253278599410599,1.2396303702701188,1.7504376094024108,1.7010887110605841,1.0,1.0
0.375,0.03649937413658904,0.02514720816635123,0.024556486481553626,-0.000590721684797603,1.6105226557606644,1.5935204526418345,1.7504376094024108,1.7020864531397826,1.0,1.0
0.375,0.04728708045015879,0.032214374525836795,0.03147847489901507,-0.0007358996268217247,2.064822653415921,2.0439010133922655,1.7504376094024108,1.7033603688003502,1.0,1.0
0.375,0.061263186846215796,0.04113926224634022,0.040231939779789866,-0.000907322466550356,2.6414673952904177,2.614203812690374,1.7504376094023542,1.7049803209607495,1.0,1.0
0.375,0.07937005259841,0.05232730412221211,0.05122741979598999,-0.0010998843262221142,3.364215575034166,3.3317774983716757,1.7504376094023542,1.7070297721482353,1.0,1.0
0.375,0.10282855942978895,0.06622952317965743,0.06492333967958855,-0.0013061835000688776,4.264951042537702,4.227456652155177,1.7504376094023542,1.7096061043033848,1.0,1.0
0.375,0.13322043123627042,0.08331666561416258,0.08180517114707087,-0.0015114944670917146,5.379879232707049,5.334352551271803,1.7504376094022973,1.7128194964199799,1.0,1.0
0.375,0.17259488411773308,0.10402887254321391,0.10234758127532824,-0.0016812912678856734,6.7337967204108535,6.68554435094106,1.7504376094022973,1.7167893923062372,1.0,1.0
0.375,0.22360679774997896,0.1287313375915774,0.12695626879001423,-0.0017750688015631677,8.363273278583398,8.310408978126913,1.7504376094023542,1.7216383458231581,1.0,1.0
0.375,0.2896957245030116,0.15761088412375754,0.15589023574677519,-0.0017206483769823533,10.275230946284166,10.229557158018766,1.7504376094023542,1.7274830125679734,1.0,1.0
0.375,0.3753178062554348,0.19061527370059725,0.1891726641566708,-0.001442609543926443,12.485905148116432,12.448800281083836,1.7504376094024108,1.7344228919828315,1.0,1.0
0.375,0.4862462362330365,0.22734874733449909,0.2265083764035359,-0.0008403709309631746,14.970705004333933,14.953224623898267,1.7504376094024108,1.742529636446853,1.0,1.0
0.375,0.6299605249474366,0.29752794997224685,0.267234294075395,-0.030293655896851845,18.596281688538443,17.70308481318557,2.0005001250312944,1.7518403898866388,1.0,1.0
0.375,0.8161508170561078,0.34352351100596684,0.3103301251983779,-0.03319338580758896,21.620039709767493,20.633444937417533,2.0005001250312375,1.7623598552541813,1.0,1.0
0.375,1.057371263440564,0.38996670547966394,0.35450437443633004,-0.035462331043333906,24.739174303803114,23.6588819225103,2.0005001250312944,1.7740729902579921,1.0,1.0
0.375,1.3698865030640954,0.4352295716432093,0.39834655620784787,-0.03688301543536143,27.817020636568778,26.683052898352365,2.0005001250312944,1.7869676804752097,1.0,1.0
0.375,1.7747683298777857,0.47782579224736466,0.4405102944090627,-0.03731549783830196,30.769834659996455,29.611073106564525,2.0005001250312375,1.8010596821724911,1.0,1.0
0.375,2.2993164891338513,0.5165560736615854,0.4798782344590758,-0.03667783920250961,33.513279389844556,32.36143223454054,2.0005001250311802,1.8164082501083618,1.0,1.0
0.375,2.9788994023613715,0.5506239474408023,0.5156669109127271,-0.03495703652807525,35.986714666342635,34.87433785221426,2.0005001250312375,1.8331096022331628,1.0,1.0
0.375,3.8593389345594997,0.5796627292725145,0.5474536509781094,-0.032209078294405113,38.15629730756764,37.114829119312255,2.0005001250312944,1.8512571857485463,1.0,1.0
0.375,5.000000000000001,0.6036866441087556,0.5751348088244473,-0.02855183528430827,39.984304376390796,39.07091395315833,2.0005001250312944,1.870867625478423,1.0,1.0
0.41666666666666663,0.01,0.00835476575486493,0.00757915522299426,-0.0007756105318706694,0.5074553486212714,0.4852349859949198,2.0005001250312944,1.7728401773725644,1.0,1.0
0.41666666666666663,0.01295558665559571,0.010789238546096497,0.009789769399651895,-0.0009994691464446023,0.6554978017608097,0.6268766497452029,2.0005001250312944,1.7732515705400154,1.0,1.0
0.41666666666666663,0.016784722559064953,0.013920022883328215,0.012634095156364301,-0.0012859277269639136,0.8460009331857085,0.8091975674834131,2.0005001250312944,1.7737818458350383,1.0,1.0
0.41666666666666663,0.02174559276040982,0.01793765703141852,0.016286487557548555,-0.001651169473869965,1.0906612604472254,1.0434395842692081,2.0005001250312944,1.7744643499027013,1.0,1.0
0.41666666666666663,0.028172691138478412,0.023079194316278726,0.020964495769702374,-0.002114698546576352,1.4040821381304898,1.343662313324558,2.0005001250312944,1.775341115269112,1.0,1.0
0.41666666666666663,0.03649937413658904,0.029635918170654883,0.02693646679357022,-0.002699451377084664,1.8042915542556932,1.7272615830545859,2.0005001250312944,1.7764647320611409,1.0,1.0
0.41666666666666663,0.04728708045015879,0.03795990720959982,0.03452842850907731,-0.0034314787005225098,2.313215957146631,2.2154584315844503,2.0005001250312944,1.7779002904135275,1.0,1.0
0.41666666666666663,0.061263186846215796,0.04846906159529535,0.044128576332666335,-0.004340485262629014,2.9592387958915998,2.83365779713197,2.0005001250312944,1.7797272890864413,1.0,1.0
0.41666666666666663,0.07937005259841,0.06163833371629793,0.05618672492568429,-0.005451608790613641,3.7688419845091103,3.611514424696037,2.0005001250312944,1.7820412024797412,1.0,1.0
0.41666666666666663,0.10282855942978895,0.0779949604670127,0.07120495475933984,-0.006790005707672853,4.777762340615235,4.58246805300913,2.0005001250312944,1.7849541071569552,1.0,1.0
0.41666666666666663,0.13322043123627042,0.09808727003667134,0.08971466941634108,-0.008372600620330253,6.026639988018738,5.782436001707709,2.0005001250312375,1.7885939219559084,1.0,1.0
0.41666666666666663,0.17259488411773308,0.12242454251766703,0.11223500740686569,-0.01018953511080134,7.542939813816938,7.247315103785847,2.0005001250312375,1.7931012887507685,1.0,1.0
0.41666666666666663,0.22360679774997896,0.1514242879169768,0.1392090363883894,-0.012215251528587379,9.367820393299839,9.009009403342944,2.0005001250312375,1.7986237789795274,1.0,1.0
0.41666666666666663,0.2896957245030116,0.18528978710031324,0.17091862612410078,-0.014371160976212466,11.508498445898594,11.089948269219297,2.0005001250312375,1.8053069084824536,1.0,1.0
0.41666666666666663,0.3753178062554348,0.22393876320374895,0.20738704580268336,-0.01655171740106559,13.983392298970811,13.496554460966056,2.0005001250312944,1.8132835083757533,1.0,1.0
0.41666666666666663,0.4862462362330365,0.26688141684375555,0.24828907590371582,-0.018592340940039725,16.764450642135905,16.212828258466054,2.0005001250312944,1.8226635532220834,1.0,1.0
0.41666666666666663,0.6299605249474366,0.3131953094023601,0.29289757749758527,-0.02029773190477485,19.80258573439236,19.195901612399233,2.0005001250312944,1.8335288354661323,1.0,1.0
0.41666666666666663,0.8161508170561078,0.36155343107000093,0.3400962030366912,-0.02145722803330974,23.020868266593613,22.37565092055792,2.0005001250312375,1.8459373356250588,1.0,1.0
0.41666666666666663,1.057371263440564,0.41035336462253796,0.3884744618957027,-0.021878902726835237,26.340067827928614,25.659791461770943,2.0005001250312944,1.8599392803444068,1.0,1.0
0.41666666666666663,1.3698865030640954,0.4578758675965729,0.43649474623810947,-0.02138112135846343,29.613880790472695,28.94423615594644,2.0005001250312944,1.8756035852537034,1.0,1.0
0.41666666666666663,1.7747683298777857,0.5025511306929482,0.4826923072213043,-0.019858823471643916,32.75313488010839,32.12648800635632,2.0005001250312375,1.893046142318054,1.0,1.0
0.41666666666666663,2.2993164891338513,0.5431132544937426,0.5258543598706324,-0.017258894623110144,35.667817864223856,35.11851292250114,2.0005001250311802,1.9124451302515817,1.0,1.0
0.41666666666666663,2.9788994023613715,0.5787228468194406,0.5651326355995941,-0.013590211219846493,38.29322422066232,37.85571108605047,2.0005001250312375,1.9340268270811074,1.0,1.0
0.41666666666666663,3.8593389345594997,0.608996345112383,0.6000700808148991,-0.008926264297483888,40.59329833876115,40.3001852193413,2.0005001250312944,1.9580057132756346,1.0,1.0
0.41666666666666663,5.000000000000001,0.6339560084802134,0.6305523853726152,-0.0034036231075982304,42.52760643457511,42.43859269794956,2.0005001250312944,1.9844729747797838,1.0,1.0
0.4583333333333333,0.01,0.008737879674676695,0.00824157444414587,-0.000496305230530826,0.5367840268538041,0.5223474388045071,2.0005001250312944,1.8541625816782479,1.0,1.0
0.4583333333333333,0.01295558665559571,0.011283944952962238,0.01064531606030873,-0.0006386288926535071,0.693381478342603,0.6748235926423755,2.0005001250312944,1.8546289386227734,1.0,1.0
0.4583333333333333,0.016784722559064953,0.01455821145738517,0.013738079321714888,-0.0008201321356702818,0.894892495599591,0.8710914876869803,2.0005001250312944,1.8552302155585503,1.0,1.0
0.4583333333333333,0.02174559276040982,0.01875992487147811,0.01770940199216816,-0.0010505228793099494,1.1536887428163298,1.1232536828136555,2.0005001250312944,1.8560043558944024,1.0,1.0
0.4583333333333333,0.028172691138478412,0.02413695887649543,0.02279575448943682,-0.0013412043870586095,1.4852161401078154,1.446446631704185,2.0005001250312944,1.8569992772827397,1.0,1.0
0.4583333333333333,0.03649937413658904,0.030993871498034006,0.02928878650731804,-0.0017050849907159667,1.9085422164909323,1.859399176806564,2.0005001250312944,1.8582750710425906,1.0,1.0
0.4583333333333333,0.04728708045015879,0.03969875172441058,0.03754277924694992,-0.0021559724774606603,2.446856736584572,2.3849595853823757,2.0005001250312944,1.8599062241206419,1.0,1.0
0.4583333333333333,0.061263186846215796,0.05068845236741282,0.047979477008553095,-0.002708975358859722,3.130205635558189,3.0504826598410455,2.0005001250312944,1.8619841633772019,1.0,1.0
0.4583333333333333,0.07937005259841,0.0644593512675287,0.06108742732255507,-0.003371923944973633,3.9865420311810045,3.8879022501952103,2.0005001250312944,1.8646191322535748,1.0,1.0
0.4583333333333333,0.10282855942978895,0.08156233584762584,0.07741172982633572,-0.004150606021290124,5.053674691520711,4.9332332091879305,2.0005001250312944,1.8679415613703902,1.0,1.0
0.4583333333333333,0.13322043123627042,0.10257007438874344,0.09752900315142037,-0.005041071237323072,6.3746257123308485,6.225167430684145,2.0005001250312375,1.8721017738105736,1.0,1.0
0.4583333333333333,0.17259488411773308,0.12801400216809283,0.12200209758883163,-0.006011904579261207,7.978309541523624,7.802389556255409,2.0005001250312375,1.8772675725398593,1.0,1.0
0.4583333333333333,0.22360679774997896,0.15832907090643566,0.15131072327532502,-0.007018347631110644,9.90834422949603,9.69930742882117,2.0005001250312375,1.8836190047091812,1.0,1.0
0.4583333333333333,0.2896957245030116,0.19372556765848295,0.18575904853229622,-0.007966519126186733,12.172128861726527,11.940159240607315,2.0005001250312375,1.8913402409991258,1.0,1.0
0.4583333333333333,0.3753178062554348,0.23411434297578573,0.22537020265143298,-0.00874414032435275,14.78924468111499,14.531991869631765,2.0005001250312944,1.9006099436257506,1.0,1.0
0.4583333333333333,0.4862462362330365,0.2789793319726318,0.26978927022532245,-0.009190061747309353,17.729800786548395,17.45776487132054,2.0005001250312944,1.9115926764614424,1.0,1.0
0.4583333333333333,0.6299605249474366,0.32735130623207737,0.31822621250923333,-0.009125093722844035,20.94170765230298,20.671574258008512,2.0005001250312944,1.9244363460980831,1.0,1.0
0.4583333333333333,0.8161508170561078,0.3778374381922013,0.3694707919317296,-0.008366646260471677,24.343391728106564,24.0982424073403,2.0005001250312375,1.939280577667524,1.0,1.0
0.4583333333333333,1.057371263440564,0.4287564639967933,0.42199674302983603,-0.006759720966957261,27.851057915679824,27.638802377348004,2.0005001250312944,1.9562789195042578,1.0,1.0
0.4583333333333333,1.3698865030640954,0.4783058114770399,0.47414346279932196,-0.00416234867771792,31.30925951795165,31.18163879133313,2.0005001250312944,1.9756324638670786,1.0,1.0
0.4583333333333333,1.7747683298777857,0.5248393782984344,0.5243324977829432,-0.0005068805154911926,34.623651804568325,34.61687702477357,2.0005001250312375,1.9976253900618768,1.0,1.0
0.4583333333333333,2.2993164891338513,0.6125061738571327,0.5712602779542392,-0.041245895902893515,39.15545698052561,37.850186005859996,2.250562640660121,2.022643803549,1.0,1.0
0.4583333333333333,2.9788994023613715,0.6512680087651197,0.6140176115880865,-0.03725039717703316,42.0101767638683,40.812340579860425,2.250562640660121,2.0511555577802945,1.0,1.0
0.4583333333333333,3.8593389345594997,0.6837779393012764,0.65211525368376,-0.031662685617516395,44.50072971138196,43.46259394661537,2.2505626406601773,2.083624922094169,1.0,1.0
0.4583333333333333,5.000000000000001,0.7101371699690746,0.685427656181206,-0.024709513787868564,46.58307110200528,45.786181849350704,2.2505626406601773,2.120344479731285,1.0,1.0
0.5,0.01,0.009085489015484095,0.00889524882919995,-0.0001902401862841456,0.5645216436412889,0.5589509502139323,2.0005001250312944,1.9436683139123498,1.0,1.0
0.5,0.01295558665559571,0.011732802055126763,0.011489555484679725,-0.0002432465704470376,0.7292098468430394,0.7221130487995973,2.0005001250312944,1.9442012891115164,1.0,1.0
0.5,0.016784722559064953,0.015137247746439243,0.01482745151549602,-0.00030979623094322395,0.9411312976878148,0.932136727455151,2.0005001250312944,1.9448886613128715,1.0,1.0
0.5,0.02174559276040982,0.01950597005290476,0.019113448094010322,-0.0003925219588944394,1.213296077131912,1.2019734858034856,2.0005001250312944,1.9457739705452703,1.0,1.0
0.5,0.028172691138478412,0.025096656562225705,0.024602672433808148,-0.0004939841284175572,1.561946787703286,1.5478219025863091,2.0005001250312944,1.9469123749353465,1.0,1.0
0.5,0.03649937413658904,0.03222590354244223,0.031609745640841236,-0.0006161579016009944,2.0071338140000816,1.9897256577247142,2.0005001250312944,1.9483730882522659,1.0,1.0
0.5,0.04728708045015879,0.04127631647432892,0.04051679146622024,-0.0007595250081086774,2.573241222319816,2.552138116606703,2.0005001250312944,1.9502422166347977,1.0,1.0
0.5,0.061263186846215796,0.05270192654522072,0.05177860136039396,-0.0009233251848267607,3.2918862420641744,3.2643375486403476,2.0005001250312944,1.9526259457750719,1.0,1.0
0.5,0.07937005259841,0.06701852693722862,0.06592185537677098,-0.001096671560457646,4.192412487012529,4.160506297150696,2.0005001250312944,1.9556529227294965,1.0,1.0
0.5,0.10282855942978895,0.08479842036960078,0.08353397439675676,-0.0012644459728440166,5.314586084346266,5.279200210480796,2.0005001250312944,1.9594766250520486,1.0,1.0
0.5,0.13322043123627042,0.1066362899207004,0.10523601417030139,-0.0014002757503990132,6.703678245058657,6.661849911902739,2.0005001250312375,1.9642758905538367,1.0,1.0
0.5,0.17259488411773308,0.1330835766479857,0.13163372447463076,-0.001449852173354943,8.389970304259894,8.349893667563775,2.0005001250312375,1.970253546873574,1.0,1.0
0.5,0.22360679774997896,0.16459089753075418,0.1632426974762388,-0.001348200054515386,10.41939794217048,10.380216038123914,2.0005001250312375,1.9776324161444798,1.0,1.0
0.5,0.2896957245030116,0.20137468670977715,0.2003888326836869,-0.0009858540260902493,12.799523537435483,12.778851952408589,2.0005001250312375,1.9866487831575805,1.0,1.0
0.5,0.3753178062554348,0.24333923634800264,0.24309494647672417,-0.0002442898712784747,15.55101140675785,15.553485430548104,2.0005001250312944,1.9975449045537979,1.0,1.0
0.5,0.4862462362330365,0.3144423459977462,0.2909768978487697,-0.023465448148976498,19.37740058995254,18.686084716843837,2.2505626406601773,2.0105637115775616,1.0,1.0
0.5,0.6299605249474366,0.3685748720143656,0.3431831210350697,-0.025391750979295913,22.882654841518995,22.12780616920065,2.2505626406601773,2.025951353646816,1.0,1.0
0.5,0.8161508170561078,0.42489670565511706,0.3984119612614494,-0.02648474439366766,26.59212586604013,25.79856788012338,2.2505626406601773,2.043973334733165,1.0,1.0
0.5,1.057371263440564,0.48147484540266106,0.45502501545282525,-0.0264498299498358,30.413607540192817,29.592924158237807,2.2505626406601773,2.0649478906358136,1.0,1.0
0.5,1.3698865030640954,0.5362504141053706,0.5112433514260746,-0.025007062679295977,34.175321313445856,33.39198029582094,2.2505626406601773,2.089294423261891,1.0,1.0
0.5,1.7747683298777857,0.5873527880436055,0.5653801644695767,-0.021972623574028738,37.77352653579924,37.07876178981106,2.2505626406601773,2.117586446797942,1.0,1.0
0.5,2.2993164891338513,0.6332904852220411,0.6160466018696013,-0.01724388335243987,41.10319599900753,40.55292100246602,2.250562640660121,2.150586876727176,1.0,1.0
0.5,2.9788994023613715,0.6731004061450969,0.6622774370302772,-0.010822969114819725,44.08909589349392,43.74085054959393,2.250562640660121,2.1892356136406317,1.0,1.0
0.5,3.8593389345594997,0.7063870545512102,0.7035544215012461,-0.0028326330499640617,46.689919144346426,46.59909763065417,2.2505626406601773,2.234545720479219,1.0,1.0
0.5,5.000000000000001,0.7744816232104501,0.7397407534790295,-0.034740869731420654,50.2400667066885,49.11142946830949,2.500625156289061,2.2873633425449964,1.0,1.0
0.5416666666666666,0.01,0.010203055989787142,0.009539049470195585,-0.0006640065195915573,0.6139781813971498,0.5949826708339154,2.2505626406601773,2.042184118402657,1.0,1.0
0.5416666666666666,0.01295558665559571,0.013175522539183405,0.012321030067344049,-0.0008544924718393559,0.7930893556112049,0.7686638070243133,2.2505626406601773,2.042798077285989,1.0,1.0
0.5416666666666666,0.016784722559064953,0.016997794455115716,0.015900331591702375,-0.0010974628634133413,1.0235669692249516,0.9922284298663003,2.2505626406601773,2.043590159638553,1.0,1.0
0.5416666666666666,0.02174559276040982,0.021902156071782135,0.020496203745873635,-0.0014059523259085,1.3195572851451154,1.2794637382308272,2.2505626406601773,2.0446107767464134,1.0,1.0
0.5416666666666666,0.028172691138478412,0.028177426129616434,0.026382134444410118,-0.0017952916852063162,1.6987198266372299,1.6476138858762384,2.2505626406601773,2.045923914166634,1.0,1.0
0.5416666666666666,0.03649937413658904,0.03617821273863584,0.03389534599227495,-0.002282866746360891,2.1828514650968422,2.1180169259728174,2.2505626406601773,2.0476100624131512,1.0,1.0
0.5416666666666666,0.04728708045015879,0.046332672126140485,0.04344534720535478,-0.0028873249207857082,2.798455892020801,2.7167063954510287,2.2505626406601773,2.0497697091312155,1.0,1.0
0.5416666666666666,0.061263186846215796,0.059148284891873855,0.05551942023126568,-0.003628864660608175,3.5799410465611334,3.4748542763731187,2.2505626406601773,2.0525273266132,1.0,1.0
0.5416666666666666,0.07937005259841,0.0752004599757221,0.07068171492975824,-0.004518745045963862,4.559095009397046,4.428856835577562,2.2505626406601773,2.056034672493116,1.0,1.0
0.5416666666666666,0.10282855942978895,0.09512608746088518,0.0895612081081345,-0.005564879352750671,5.7791368847285325,5.6197723050190005,2.2505626406601773,2.0604743346280894,1.0,1.0
0.5416666666666666,0.13322043123627042,0.11958429182111328,0.11282254696980963,-0.006761744851303653,7.289293683954589,7.091729323460149,2.2505626406601773,2.066061621502741,1.0,1.0
0.5416666666666666,0.17259488411773308,0.1491817213282043,0.14111350788827703,-0.008068213439927252,9.122168315688583,8.888880658752369,2.2505626406601773,2.073044879134978,1.0,1.0
0.5416666666666666,0.22360679774997896,0.1844068537650329,0.17498476301652,-0.009422090748512912,11.32770436073458,11.05055606706591,2.2505626406601773,2.0817036348045814,1.0,1.0
0.5416666666666666,0.2896957245030116,0.2254795761060776,0.2147833682750821,-0.010696207830995508,13.91351806678577,13.60457200480015,2.2505626406601773,2.092344896873693,1.0,1.0
0.5416666666666666,0.3753178062554348,0.2722631320456507,0.2605316978262277,-0.01173143421942302,16.901939143634987,16.55926191103975,2.2505626406601773,2.1052997749939104,1.0,1.0
0.5416666666666666,0.4862462362330365,0.324116754606288,0.3118169684462773,-0.012299786160010706,20.257770839191522,19.895655099441115,2.2505626406601773,2.1209243137796885,1.0,1.0
0.5416666666666666,0.6299605249474366,0.3798670082647937,0.3677276594721485,-0.012139348792645166,23.92044599041264,23.562072724942105,2.2505626406601773,2.1396114056522504,1.0,1.0
0.5416666666666666,0.8161508170561078,0.43784608597261243,0.4268734715251982,-0.010972614447414208,27.79547369898294,27.47369316808947,2.2505626406601773,2.1618217214767363,1.0,1.0
0.5416666666666666,1.057371263440564,0.4960531540961446,0.4875079269048404,-0.008545227191304183,31.78626855528801,31.518818990008604,2.2505626406601773,2.188138451759006,1.0,1.0
0.5416666666666666,1.3698865030640954,0.5523584406024997,0.5477390211379604,-0.004619419464539365,35.712514870500165,35.5715596930172,2.2505626406601773,2.219347513385584,1.0,1.0
0.5416666666666666,1.7747683298777857,0.6420716402119302,0.6057777937645261,-0.03629384644740408,40.64837542697973,39.50816853183262,2.500625156289061,2.2565333752194427,1.0,1.0
0.5416666666666666,2.2993164891338513,0.6906724038398431,0.660156816818163,-0.030515587021680113,44.19589881590447,43.222631526669524,2.500625156289061,2.3011708644568,1.0,1.0
0.5416666666666666,2.9788994023613715,0.7322355418499163,0.7098614168079196,-0.022374125041996762,47.36303097507975,46.63729621796579,2.500625156289061,2.355177514691605,1.0,1.0
0.5416666666666666,3.8593389345594997,0.7664113027904834,0.7543496786251624,-0.012061624165320972,50.10630583577674,49.706257522548476,2.500625156289061,2.420865755761043,1.0,1.0
0.5416666666666666,5.000000000000001,0.8270677435096098,0.7934757035313262,-0.03359203997828353,53.505303675781164,52.41186100851529,2.750687671918002,2.5006993239454474,1.0,1.0
0.5833333333333333,0.01,0.010482655357587719,0.01017180739133773,-0.00031084796624998925,0.6393421929245452,0.6303776188227403,2.2505626406601773,2.150452802539804,1.0,1.0
0.5833333333333333,0.01295558665559571,0.01353653930073129,0.013138230463224989,-0.00039830883750630215,0.8258509438004213,0.8143918961038707,2.2505626406601773,2.151165213569767,1.0,1.0
0.5833333333333333,0.016784722559064953,0.017463479246072833,0.016954772653080676,-0.0005087065929921565,1.0658465234212502,1.0512581665753038,2.2505626406601773,2.1520846572704624,1.0,1.0
0.5833333333333333,0.02174559276040982,0.02250209727811085,0.02185516082872248,-0.0006469364493883675,1.3740583878718613,1.3555845660868113,2.2505626406601773,2.1532699805218734,1.0,1.0
0.5833333333333333,0.028172691138478412,0.02894908034923982,0.028130914657200037,-0.0008181656920397823,1.7688735711840418,1.7456423664539649,2.2505626406601773,2.1547959542658655,1.0,1.0
0.5833333333333333,0.03649937413658904,0.03716867692710982,0.03614144714943286,-0.0010272297776769551,2.272986032228248,2.244041158207,2.2505626406601773,2.1567570099956366,1.0,1.0
0.5833333333333333,0.04728708045015879,0.04760064943044089,0.04632314621115478,-0.0012775032192861163,2.9139888207873694,2.878366812883501,2.2505626406601773,2.159271455783165,1.0,1.0
0.5833333333333333,0.061263186846215796,0.0607661790400057,0.05919517128360526,-0.0015710077564004346,3.7277218080009407,3.6816517623450498,2.2505626406601773,2.162486471660669,1.0,1.0
0.5833333333333333,0.07937005259841,0.0772561121798553,0.07535841435425014,-0.0018976978256051574,4.747238059009335,4.692467479867272,2.2505626406601773,2.1665828807570513,1.0,1.0
0.5833333333333333,0.10282855942978895,0.097724272020543,0.09548257219303091,-0.0022416998275120864,6.017534723277437,5.954331222826166,2.2505626406601773,2.171780135866721,1.0,1.0
0.5833333333333333,0.13322043123627042,0.12284703220202668,0.12027496583486215,-0.0025720663671645327,7.58987646373672,7.514023716477514,2.2505626406601773,2.178340327017941,1.0,1.0
0.5833333333333333,0.17259488411773308,0.15324645972148293,0.1504244594380972,-0.0028220002833857227,9.498090321179426,9.418367705599413,2.2505626406601773,2.1865711442718756,1.0,1.0
0.5833333333333333,0.22360679774997896,0.1894226003289689,0.18651595389776549,-0.002906646431203419,11.794195439908554,11.70910151285278,2.2505626406601773,2.196827533369652,1.0,1.0
0.5833333333333333,0.2896957245030116,0.23159886175137445,0.22891706779326776,-0.002681793958106693,14.485901184264215,14.415803804313859,2.2505626406601773,2.2095128456247046,1.0,1.0
0.5833333333333333,0.3753178062554348,0.279631182576498,0.27764963103070744,-0.0019815515457905497,17.596439653027105,17.547467579221795,2.2505626406601773,2.225082674395527,1.0,1.0
0.5833333333333333,0.4862462362330365,0.3328566955203316,0.33227289039214064,-0.0005838051281909507,21.088895602162033,21.084236568311475,2.2505626406601773,2.244056701770752,1.0,1.0
0.5833333333333333,0.6299605249474366,0.41545420704890323,0.3918171048021401,-0.02363710224676313,25.668956123734613,24.97170637392855,2.500625156289061,2.267047867027578,1.0,1.0
0.5833333333333333,0.8161508170561078,0.4781870285815128,0.4548063658273556,-0.023380662754157178,29.815006176592572,29.12049172737921,2.500625156289061,2.294820517092013,1.0,1.0
0.5833333333333333,1.057371263440564,0.5408632181165146,0.519390572745546,-0.0214726453709686,34.078859819915685,33.41288992220215,2.500625156289118,2.3283884251781286,1.0,1.0
0.5833333333333333,1.3698865030640954,0.6011141003714922,0.583570519272984,-0.017543581098508176,38.264743058713016,37.716330926764364,2.500625156289061,2.3691631759633323,1.0,1.0
0.5833333333333333,1.7747683298777857,0.6568040428817451,0.64546228810104,-0.011341754780705093,42.254945291197735,41.900676981770395,2.500625156289061,2.4191585077904176,1.0,1.0
0.5833333333333333,2.2993164891338513,0.7062594417240717,0.7035283172493904,-0.002731124474681379,45.930500632336944,45.854687875752134,2.500625156289061,2.4812561802042192,1.0,1.0
0.5833333333333333,2.9788994023613715,0.7816687233848139,0.7567140401183562,-0.024954683266457667,50.30584143448193,49.49714956445016,2.750687671918002,2.5595392076415022,1.0,1.0
0.5833333333333333,3.8593389345594997,0.8157824169351721,0.8044641017619326,-0.011318315173239446,53.155452923646365,52.78018305335085,2.750687671918002,2.659695479460062,1.0,1.0
0.5833333333333333,5.000000000000001,0.8689138270403735,0.8466331086770594,-0.022280718363314023,56.40327636377849,55.68506107939353,3.000750187546941,2.789486891077833,1.0,1.0
0.625,0.01,0.01147175477167578,0.010792387069134964,-0.0006793677025408156,0.6842272661525841,0.6650727986690657,2.500625156289061,2.2690267977595804,1.0,1.0
0.625,0.01295558665559571,0.014813209169332073,0.013939690587018261,-0.000873518582313812,0.883822170290699,0.8592159089073843,2.500625156289061,2.2698584598023457,1.0,1.0
0.625,0.016784722559064953,0.019109542582377383,0.017988883709721612,-0.0011206588726557706,1.1406515446919439,1.109120815345008,2.500625156289061,2.270932255918161,1.0,1.0
0.625,0.02174559276040982,0.02462148134890794,0.02318788343657259,-0.0014335979123353514,1.4704733793197045,1.430200353037246,2.500625156289061,2.2723173296079047,1.0,1.0
0.625,0.028172691138478412,0.031673020576790265,0.02984588029994844,-0.0018271402768418252,1.8929562375222657,1.841732597311283,2.500625156289061,2.274101678933949,1.0,1.0
0.625,0.03649937413658904,0.040661647174028065,0.03834402859260413,-0.0023176185814239372,2.4323717656955295,2.367573539379895,2.500625156289061,2.2763968096580367,1.0,1.0
0.625,0.04728708045015879,0.052066779063167666,0.049145042319355285,-0.002921736743812381,3.1182245659953853,3.0368307115394533,2.500625156289061,2.2793430794088647,1.0,1.0
0.625,0.061263186846215796,0.0664558385681632,0.06279928943842637,-0.0036565491297368274,3.9888670340329804,3.8843602958938335,2.500625156289061,2.2831158798071565,1.0,1.0
0.625,0.07937005259841,0.08447075994033049,0.0799436134157362,-0.0045271465245942805,5.0795394143760735,4.950866190443646,2.500625156289061,2.2879324342182383,1.0,1.0
0.625,0.10282855942978895,0.10681991882918077,0.10128752638884665,-0.0055323924403341135,6.438321682525717,6.28227663860846,2.500625156289061,2.294058758596658,1.0,1.0
0.625,0.13322043123627042,0.13423275106753788,0.1275800344112934,-0.006652716656244478,8.119987970487355,7.927973274328446,2.500625156289061,2.3018169633753143,1.0,1.0
0.625,0.17259488411773308,0.1673743760407928,0.15955008413707983,-0.007824291903712977,10.160354029181153,9.93739874136503,2.500625156289061,2.311591988406145,1.0,1.0
0.625,0.22360679774997896,0.20677000118913963,0.19781590128886326,-0.008954099900276374,12.61489212673237,12.354657814339173,2.500625156289118,2.323838869930479,1.0,1.0
0.625,0.2896957245030116,0.25263481778272734,0.2427650436319517,-0.00986977415077564,15.491108495868785,15.211067058603913,2.500625156289118,2.339092073804933,1.0,1.0
0.625,0.3753178062554348,0.3047736382265476,0.2944187009470772,-0.0103549372794704,18.813377661868618,18.516285423761442,2.500625156289118,2.3579812677577148,1.0,1.0
0.625,0.4862462362330365,0.36241677938564737,0.352308873249151,-0.01010790613649637,22.541094473411153,22.249622568585977,2.500625156289061,2.3812624395999604,1.0,1.0
0.625,0.6299605249474366,0.4241900336076536,0.41540944021292436,-0.008780593394729252,26.605243172988832,26.354059158910218,2.500625156289061,2.409877969423543,1.0,1.0
0.625,0.8161508170561078,0.48816265197201264,0.48216209952157674,-0.006000552450435903,30.898720219261413,30.73582726084689,2.500625156289061,2.445065579673975,1.0,1.0
0.625,1.057371263440564,0.5520344104145546,0.5506178880045839,-0.0014165224099706997,35.31232695743129,35.27147706869856,2.500625156289118,2.4885430074878983,1.0,1.0
0.625,1.3698865030640954,0.6434205825717579,0.6186768448611135,-0.02474373771064442,40.590463758496384,39.822099803663136,2.750687671918002,2.5428063864877926,1.0,1.0
0.625,1.7747683298777857,0.7013307289754335,0.6843684818995943,-0.016962247075839154,44.78243549009899,44.251599964873684,2.750687671917944,2.6116079874569564,1.0,1.0
0.625,2.2993164891338513,0.752132306709673,0.7460961027318226,-0.0060362039778504295,48.62679499097435,48.44406247793132,2.750687671917944,2.7007470707350887,1.0,1.0
0.625,2.9788994023613715,0.8223050626949697,0.8027804269337527,-0.01952463576121699,52.945787012320935,52.31543305317114,3.0007501875468843,2.8194885239645386,1.0,1.0
0.625,3.8593389345594997,0.8555622729523429,0.853875460143701,-0.0016868128086419132,55.86810242179519,55.81684162841857,3.000750187546941,2.9834404000197554,1.0,1.0
0.625,5.000000000000001,0.9015153863033611,0.8992758019596605,-0.00223958434370064,58.96852569132591,58.92994470596661,3.250812703175825,3.2215402616304365,1.0,1.0
0.6666666666666666,0.01,0.011691384591539846,0.011399789699014715,-0.0002915948925251311,0.7072742907300441,0.6990129673989954,2.500625156289061,2.398139431711753,1.0,1.0
0.6666666666666666,0.01295558665559571,0.015096773043440717,0.014724121081648028,-0.0003726519617926888,0.9135899604565978,0.903064458432766,2.500625156289061,2.3991143846244096,1.0,1.0
0.6666666666666666,0.016784722559064953,0.019475284421944145,0.019001002059750978,-0.0004742823621931673,1.1790657873236117,1.165724195570097,2.500625156289061,2.4003737600753094,1.0,1.0
0.6666666666666666,0.02174559276040982,0.025092608569899713,0.02449223029306046,-0.0006003782768392515,1.5199889256127246,1.5031921822561252,2.500625156289061,2.4019991561479412,1.0,1.0
0.6666666666666666,0.028172691138478412,0.03227889609448782,0.0315242784157447,-0.0007546176787431233,1.956687721806681,1.9357313542497194,2.500625156289061,2.4040947109810085,1.0,1.0
0.6666666666666666,0.03649937413658904,0.04143916465666546,0.04049955858248379,-0.0009396060741816703,2.514246844924396,2.4884169438758597,2.500625156289061,2.4067926985851966,1.0,1.0
0.6666666666666666,0.04728708045015879,0.05306187977436773,0.05190651725662434,-0.0011553625177433899,3.2231572514292153,3.19184499072842,2.500625156289061,2.410260452947115,1.0,1.0
0.6666666666666666,0.061263186846215796,0.06772511003826528,0.06632601392626761,-0.0013990961119976775,4.123066336779301,4.082655691746589,2.500625156289061,2.4147083186660905,1.0,1.0
0.6666666666666666,0.07937005259841,0.08608273720415971,0.08442999908616652,-0.0016527381179931855,5.250355296090416,5.203639033698254,2.500625156289061,2.420398571313127,1.0,1.0
0.6666666666666666,0.10282855942978895,0.10885614472304489,0.1069668355540339,-0.0018893091690109914,6.654704809700681,6.603081996087486,2.500625156289061,2.4276559059449947,1.0,1.0
0.6666666666666666,0.13322043123627042,0.1367878551761261,0.13472616496088505,-0.002061690215241052,8.392716658839078,8.332911268624011,2.500625156289061,2.4368787278886894,1.0,1.0
0.6666666666666666,0.17259488411773308,0.17055441068902805,0.1684759529851513,-0.0020784577038767404,10.50128590169378,10.445134191516763,2.500625156289061,2.4485518919071194,1.0,1.0
0.6666666666666666,0.22360679774997896,0.2106890450428955,0.208866797100453,-0.001822247942442512,13.03771610641836,12.986174514739535,2.500625156289118,2.4632624210673395,1.0,1.0
0.6666666666666666,0.2896957245030116,0.25740822628447235,0.2563055388020462,-0.0011026874824261457,16.00952694195663,15.989057126745251,2.500625156289118,2.481721708783881,1.0,1.0
0.6666666666666666,0.3753178062554348,0.32743429284329834,0.3108126196141595,-0.016621673229138823,19.93853627182047,19.464108235940408,2.750687671918058,2.504801004601178,1.0,1.0
0.6666666666666666,0.4862462362330365,0.38892042605781474,0.37189352623234445,-0.017026899825470287,23.88077173607558,23.389850210990858,2.750687671918002,2.533594902820188,1.0,1.0
0.6666666666666666,0.6299605249474366,0.45459035646857143,0.43846763901082786,-0.016122717457743574,28.174000923029947,27.706755333062656,2.750687671917944,2.5695353179588,1.0,1.0
0.6666666666666666,0.8161508170561078,0.5223026841564364,0.5088975507711511,-0.013405133385285373,32.70268959180183,32.31685049118024,2.750687671917944,2.614594941469842,1.0,1.0
0.6666666666666666,1.057371263440564,0.5895261110402116,0.5811403885598334,-0.008385722480378166,37.349141808104136,37.091197023257045,2.750687671918058,2.6716432067798466,1.0,1.0
0.6666666666666666,1.3698865030640954,0.6536139608648698,0.6530024021469013,-0.0006115587179684745,41.894974332076735,41.88489868612185,2.750687671918002,2.745075447793353,1.0,1.0
0.6666666666666666,1.7747683298777857,0.7392120902437744,0.7224363948523793,-0.016775695391395118,47.07789069227415,46.55637943359726,3.0007501875468843,2.8419782493903782,1.0,1.0
0.6666666666666666,2.2993164891338513,0.7904567231235645,0.7878017414528615,-0.002654981670702994,51.05651423853276,50.98574247562595,3.0007501875468274,2.9745065893162987,1.0,1.0
0.6666666666666666,2.9788994023613715,0.8553458279164445,0.8480220804880765,-0.007323747428368055,55.31559870956327,55.087250981071556,3.250812703175768,3.165534598875094,1.0,1.0
0.6666666666666666,3.8593389345594997,0.9049466066792125,0.9026253243524757,-0.0023212823267367844,58.88553511754645,58.81348102471643,3.5008752188047083,3.465652884950398,1.0,1.0
0.6666666666666666,5.000000000000001,0.9595060902347804,0.9517789312732834,-0.007727158961497005,62.37662461134818,62.154512256658066,4.251062765691473,4.031497185141782,1.0,1.0
0.7083333333333333,0.01,0.012569245440468713,0.011993273705683975,-0.000575971734784738,0.7481836203324385,0.7321573429050443,2.750687671918002,2.537579729873688,1.0,1.0
0.7083333333333333,0.01295558665559571,0.016229634379554006,0.0154905650454523,-0.0007390693341017066,0.9664216634977022,0.9458848512389408,2.750687671918002,2.538724790117705,1.0,1.0
0.7083333333333333,0.016784722559064953,0.020935548568593698,0.019989894407586146,-0.0009456541610075517,1.2472310775023054,1.221000277680135,2.750687671918002,2.540204580215506,1.0,1.0
0.7083333333333333,0.02174559276040982,0.026972133783529136,0.02576661429438545,-0.001205519489143686,1.607833092760608,1.574472315152458,2.750687671918002,2.542115566722351,1.0,1.0
0.7083333333333333,0.028172691138478412,0.034693506071774155,0.033164070578004134,-0.0015294354937700205,2.0697184296634448,2.02752562955331,2.750687671918002,2.5445812829362704,1.0,1.0
0.7083333333333333,0.03649937413658904,0.044533734684819845,0.04260542516127178,-0.0019283095235480621,2.6594003025957607,2.6064260420438896,2.750687671918002,2.547759148641491,1.0,1.0
0.7083333333333333,0.04728708045015879,0.05701574846879106,0.05460423429155436,-0.002411514177236701,3.40909641436264,3.343223130988351,2.750687671918002,2.5518490575545014,1.0,1.0
0.7083333333333333,0.061263186846215796,0.07275747473384299,0.06977109879744027,-0.0029863759364027187,4.360718420804349,4.276299198237933,2.750687671917944,2.557103889319116,1.0,1.0
0.7083333333333333,0.07937005259841,0.09245627578479478,0.08881219327425173,-0.0036440825105430452,5.552601010914017,5.45048131989095,2.750687671917944,2.5638414102606486,1.0,1.0
0.7083333333333333,0.10282855942978895,0.11687905245842631,0.11251372686491011,-0.004365325593516198,7.037169924325091,6.916359941004107,2.750687671917944,2.572459074453219,1.0,1.0
0.7083333333333333,0.13322043123627042,0.14681101542968686,0.14170488715236995,-0.005106128277316907,8.874123431769375,8.728347489841475,2.750687671917944,2.583451111696196,1.0,1.0
0.7083333333333333,0.17259488411773308,0.1829604681207854,0.17719155872585257,-0.005768909394932825,11.102019588191876,10.940956967975506,2.750687671917944,2.597429894289236,1.0,1.0
0.7083333333333333,0.22360679774997896,0.2258737465416621,0.2196557264141194,-0.006218020127542689,13.781077626558853,13.602879358286868,2.750687671918002,2.6151542981853724,1.0,1.0
0.7083333333333333,0.2896957245030116,0.27574757583532966,0.2695228388726508,-0.006224736962678834,16.918316830652802,16.748813714087422,2.750687671918002,2.6375710874621303,1.0,1.0
0.7083333333333333,0.3753178062554348,0.3323173479994754,0.326812465367572,-0.005504882631903352,20.539406516013045,20.389749490145388,2.750687671918058,2.66588201672421,1.0,1.0
0.7083333333333333,0.4862462362330365,0.39467909096165693,0.39100430229564687,-0.003674788666010065,24.598104204896487,24.503462316125894,2.750687671918002,2.7016595207620426,1.0,1.0
0.7083333333333333,0.6299605249474366,0.46125943503991357,0.46096509321538814,-0.0002943418245254237,29.016816199363692,29.02801431960117,2.750687671917944,2.747053090430565,1.0,1.0
0.7083333333333333,0.8161508170561078,0.5525700656913384,0.5349816213156806,-0.017588444375657764,34.36805400135432,33.861394608615015,3.0007501875468274,2.8051627256150837,1.0,1.0
0.7083333333333333,1.057371263440564,0.6223797740694985,0.6109221705180317,-0.011457603551466855,39.219762304936424,38.86942273658761,3.000750187546941,2.8807300335611234,1.0,1.0
0.7083333333333333,1.3698865030640954,0.6883814378588962,0.6865067618415144,-0.0018746760173817822,43.95094038567029,43.90156398775394,3.000750187546941,2.981484733271647,1.0,1.0
0.7083333333333333,1.7747683298777857,0.771396241943584,0.7596236566206908,-0.01177258532289327,49.171440819810776,48.81128192906963,3.250812703175825,3.1210326178174017,1.0,1.0
0.7083333333333333,2.2993164891338513,0.8422903736207218,0.8286120798583423,-0.013678293762379501,53.900118317761205,53.47562306690634,3.5008752188047083,3.3261053955880944,1.0,1.0
0.7083333333333333,2.9788994023613715,0.8979745090926654,0.892462344016293,-0.005512165076372422,57.976163555049155,57.80943056570999,3.750937734433649,3.660029481770473,1.0,1.0
0.7083333333333333,3.8593389345594997,0.9560208553449538,0.9510681849105288,-0.004952670434425044,61.93530926321731,61.77646710355264,4.5011252813203555,4.347022407560145,1.0,1.0
0.7083333333333333,5.000000000000001,1.0,1.0,0.0,65.16361292597293,65.2064169380696,267.19179794948747,267.27358449460525,1.0,1.0
0.75,0.01,0.012740870334492638,0.012572463849746345,-0.00016840648474629287,0.7691459625939259,0.7644856530245725,2.750687671918002,2.6866134601412353,1.0,1.0
0.75,0.01295558665559571,0.016451198075062356,0.016238539166727066,-0.00021265890833528991,0.9934956155430965,0.9876509173657604,2.750687671918002,2.687957148341231,1.0,1.0
0.75,0.016784722559064953,0.021221287102994323,0.020954939258995876,-0.00026634784399844763,1.2821669502694224,1.2749153107113405,2.750687671918002,2.689694475359285,1.0,1.0
0.75,0.02174559276040982,0.027340146584175325,0.027010237799323298,-0.0003299087848520274,1.6528616041229365,1.643997270284409,2.750687671918002,2.69193949304754,1.0,1.0
0.75,0.028172691138478412,0.03516667696731942,0.03476423586932231,-0.00040244109799710687,2.1276688990276456,2.1170594972232717,2.750687671918002,2.694838515890298,1.0,1.0
0.75,0.03649937413658904,0.04514078936624579,0.04466032648862287,-0.0004804628776229197,2.7338390293581734,2.721529067021166,2.750687671918002,2.6985786960518467,1.0,1.0
0.75,0.04728708045015879,0.0577924117572636,0.05723654027091375,-0.0005558714863498487,3.504482707784932,3.490873253523868,2.750687671918002,2.703398917894812,1.0,1.0
0.75,0.061263186846215796,0.0737476724055369,0.07313245602390714,-0.0006152163816297573,4.482682328599342,4.465173545374321,2.750687671917944,2.7096029255015326,1.0,1.0
0.75,0.07937005259841,0.09371308586046585,0.09308757644416475,-0.000625509416301101,5.707800145212902,5.691243937117101,2.750687671917944,2.71757555085933,1.0,1.0
0.75,0.10282855942978895,0.11846541667105119,0.11792494123942783,-0.0005404754316233606,7.233700330056997,7.221921738227612,2.750687671917944,2.7278028919594375,1.0,1.0
0.75,0.13322043123627042,0.14879962777587954,0.14851218511374994,-0.0002874426621296,9.12171565198618,9.114044227588222,2.750687671917944,2.740897628309905,1.0,1.0
0.75,0.17259488411773308,0.19438610111645097,0.1856920077697759,-0.008694093346675064,11.665414088406024,11.424569270222852,3.0007501875468274,2.757631988596405,1.0,1.0
0.75,0.22360679774997896,0.2398136473658203,0.23017680223145065,-0.00963684513436966,14.477256729129236,14.204401417799362,3.0007501875468843,2.7789840652898437,1.0,1.0
0.75,0.2896957245030116,0.29251526587271237,0.28240995526609225,-0.010105310606620121,17.767900091260213,17.489877101387762,3.0007501875468843,2.8062078198185203,1.0,1.0
0.75,0.3753178062554348,0.35215494187489454,0.3424100519520707,-0.009744889922823852,21.563165084854127,21.292641582906263,3.000750187546941,2.840947542816868,1.0,1.0
0.75,0.4862462362330365,0.417706033029177,0.409631723458276,-0.00807430957090105,25.81260326607445,25.589758859292015,3.000750187546941,2.8854359923803727,1.0,1.0
0.75,0.6299605249474366,0.487423443793481,0.48289093973712316,-0.004532504056357856,30.43247305021215,30.316971181752123,3.0007501875468843,2.9428523493406846,1.0,1.0
0.75,0.8161508170561078,0.5796101828498299,0.5604019998198304,-0.019208183029999493,35.91796780483727,35.368385841515305,3.250812703175768,3.0179933212522903,1.0,1.0
0.75,1.057371263440564,0.6513373866395767,0.6399496641873327,-0.011387722452244065,40.95042197309977,40.60481605208418,3.250812703175825,3.118599914421795,1.0,1.0
0.75,1.3698865030640954,0.739182154960569,0.7191764637289315,-0.020005691231637535,46.47991301330374,45.87044242344297,3.5008752188047083,3.258225308090916,1.0,1.0
0.75,1.7747683298777857,0.7988136262151366,0.7959231960761818,-0.002890430138954847,51.090890481688284,51.01438718169703,3.5008752188047083,3.463403098494748,1.0,1.0
0.75,2.2993164891338513,0.8806286684295603,0.8685553311910306,-0.012073337238529769,56.28174499241509,55.91217327856532,4.001000250062475,3.796371319895845,1.0,1.0
0.75,2.9788994023613715,0.9375452122053289,0.936346518713226,-0.001198693492102887,60.50982261623287,60.486104989689025,4.501125281320298,4.468092016188895,1.0,1.0
0.75,3.8593389345594997,1.0,1.0,0.0,64.71397103119719,64.72076125966198,267.19179794948747,267.09957351034905,1.0,1.0
0.75,5.000000000000001,1.0,1.0,0.0,66.51703778431325,66.56081403435438,267.19179794948747,267.27358449460525,1.0,1.0
0.7916666666666666,0.01,0.013534611879330293,0.013137411308833795,-0.0003972005704964976,0.8069196942799931,0.796001432835989,3.000750187546941,2.8439939406991486,1.0,1.0
0.7916666666666666,0.01295558665559571,0.01747526032421672,0.01696811118868545,-0.0005071491355312686,1.0422724075685301,1.0283672658353402,3.000750187546941,2.8455653158947842,1.0,1.0
0.7916666666666666,0.016784722559064953,0.022540900508568096,0.021896226783477756,-0.0006446737250903403,1.3450912803500525,1.3274753151823955,3.000750187546941,2.8475980097253357,1.0,1.0
0.7916666666666666,0.02174559276040982,0.029037959389463734,0.028223221761933166,-0.0008147376275305686,1.733936481537455,1.7117749379799574,3.000750187546941,2.850226332014428,1.0,1.0
0.7916666666666666,0.028172691138478412,0.037346715921090456,0.03632493762630919,-0.0010217782947812698,2.2319639724959135,2.204343319267076,3.000750187546941,2.853623073652854,1.0,1.0
0.7916666666666666,0.03649937413658904,0.047932869259503665,0.046664484455100415,-0.0012683848044032497,2.867731945469966,2.833739640482936,3.000750187546941,2.8580100638559105,1.0,1.0
0.7916666666666666,0.04728708045015879,0.06135672605501043,0.05980373967530905,-0.0015529863797013738,3.6759273059196014,3.6348133443816857,3.000750187546941,2.8636715350963655,1.0,1.0
0.7916666666666666,0.061263186846215796,0.07827919350513324,0.07641050691653593,-0.0018686865885973042,4.701693059459268,4.649302551811972,3.0007501875468843,2.8709710921859384,1.0,1.0
0.7916666666666666,0.07937005259841,0.0994441166169955,0.09725673622799606,-0.0021873803889994325,5.986148237158928,5.925958519380045,3.0007501875468843,2.8803729614475757,1.0,1.0
0.7916666666666666,0.10282855942978895,0.12566633442976533,0.1232013027327663,-0.0024650316969990205,7.585616042307797,7.519809437684079,3.0007501875468843,2.8924692483502454,1.0,1.0
0.7916666666666666,0.13322043123627042,0.15777474241950723,0.15514921978333077,-0.002625522636176464,9.564169408645805,9.490057426939634,3.0007501875468274,2.9080156959185857,1.0,1.0
0.7916666666666666,0.17259488411773308,0.19650777352021737,0.1939789376089271,-0.0025288359112902725,11.962670374357138,11.89604539727026,3.0007501875468274,2.9279805347090604,1.0,1.0
0.7916666666666666,0.22360679774997896,0.24241913527181738,0.24043232607181492,-0.001986809200002465,14.845365077831284,14.790838735087858,3.0007501875468843,2.953615311189789,1.0,1.0
0.7916666666666666,0.2896957245030116,0.29567424051045466,0.2949700971045514,-0.0007041434059032459,18.218377203933443,18.212375152456428,3.0007501875468843,2.9865653161716197,1.0,1.0
0.7916666666666666,0.3753178062554348,0.370426879389387,0.3576098021500315,-0.01281707723935549,22.528253791914704,22.17294835250389,3.250812703175825,3.02905256682425,1.0,1.0
0.7916666666666666,0.4862462362330365,0.43876230345349637,0.4277818008164523,-0.010980502637044087,26.953758418159545,26.64894466915791,3.250812703175825,3.0841987481340785,1.0,1.0
0.7916666666666666,0.6299605249474366,0.5111323081532788,0.5042532481080094,-0.006879060045269392,31.757186483050848,31.573874073633615,3.250812703175825,3.1566228536947185,1.0,1.0
0.7916666666666666,0.8161508170561078,0.6040098462531366,0.5851695154184029,-0.018840330834733687,37.37219842915489,36.8381156890736,3.5008752188047083,3.253613447083628,1.0,1.0
0.7916666666666666,1.057371263440564,0.6770793610982577,0.668237918665088,-0.008841442433169755,42.563709411479415,42.29771925413046,3.5008752188047083,3.387620029045504,1.0,1.0
0.7916666666666666,1.3698865030640954,0.7633274032261697,0.7510350412045893,-0.01229236202158035,48.161974882586875,47.791992921403455,3.750937734433592,3.582260330114516,1.0,1.0
0.7916666666666666,1.7747683298777857,0.8382719404231712,0.8313832978128192,-0.006888642610352047,53.36771213671912,53.16665380475502,4.001000250062475,3.89006965478766,1.0,1.0
0.7916666666666666,2.2993164891338513,0.9092107686248554,0.9077932494265604,-0.0014175191982950253,58.32608189028032,58.29936400288867,4.501125281320298,4.467935015237892,1.0,1.0
0.7916666666666666,2.9788994023613715,0.9838462549009178,0.9814285720848261,-0.002417682816091671,63.23184493381318,63.17018068782425,6.7516879219804755,6.509727349766757,1.0,1.0
0.7916666666666666,3.8593389345594997,1.0,1.0,0.0,65.98447839103015,65.99141246950381,267.19179794948747,267.09957351034905,1.0,1.0
0.7916666666666666,5.000000000000001,1.0,1.0,0.0,67.78367277059415,67.82835707157112,267.19179794948747,267.27358449460525,1.0,1.0
0.8333333333333333,0.01,0.014287898866390194,0.01368857657882949,-0.0005993222875607038,0.8429987507853347,0.8267310158206108,3.250812703175825,3.008080468088157,1.0,1.0
0.8333333333333333,0.01295558665559571,0.018446907976702277,0.017679877808829774,-0.0007670301678725025,1.0888561808722412,1.0680679825916741,3.250812703175825,3.0099077987426446,1.0,1.0
0.8333333333333333,0.016784722559064953,0.02379260334320652,0.02281453015423167,-0.0009780731889748526,1.4051786598503295,1.378724398157252,3.250812703175825,3.0122727233858333,1.0,1.0
0.8333333333333333,0.02174559276040982,0.03064778531483838,0.029406567879596404,-0.0012412174352419772,1.8113429934037264,1.7778623632882717,3.250812703175825,3.015332539507655,1.0,1.0
0.8333333333333333,0.028172691138478412,0.039412760257544074,0.03784747356356256,-0.0015652866939815172,2.331518253312778,2.2894508365368087,3.250812703175825,3.0192900760157513,1.0,1.0
0.8333333333333333,0.03649937413658904,0.0505772699099027,0.04861958049446602,-0.0019576894154366836,2.995502510712769,2.9431530428484867,3.250812703175825,3.024406594142785,1.0,1.0
0.8333333333333333,0.04728708045015879,0.06472974983700178,0.06230801054230126,-0.002421739294700513,3.8394726261509446,3.77516639648919,3.250812703175825,3.0310183095163685,1.0,1.0
0.8333333333333333,0.061263186846215796,0.08256298732809669,0.07960807151360087,-0.0029549158144958204,4.91051420535047,4.828844778015373,3.250812703175825,3.03955782542471,1.0,1.0
0.8333333333333333,0.07937005259841,0.10485448748269605,0.10132332209499849,-0.0035311653876975574,6.251384200153643,6.154829175581551,3.250812703175825,3.0505812389368674,1.0,1.0
0.8333333333333333,0.10282855942978895,0.1324524933623555,0.12834753012702485,-0.004104963235330661,7.920690480993142,7.810285253487966,3.250812703175825,3.0648046556569186,1.0,1.0
0.8333333333333333,0.13322043123627042,0.16621399991995434,0.16162208291398703,-0.004591917005967311,9.98502285703734,9.85672298033449,3.250812703175768,3.0831529637158397,1.0,1.0
0.8333333333333333,0.17259488411773308,0.20689230043678347,0.20206019498160874,-0.0048321054551747344,12.486397122340541,12.355814053320255,3.250812703175768,3.1068290565104704,1.0,1.0
0.8333333333333333,0.22360679774997896,0.25503486550193255,0.2504323726220432,-0.004602492879889342,15.491152205920677,15.362735848540982,3.250812703175768,3.1374173901742344,1.0,1.0
0.8333333333333333,0.2896957245030116,0.3107669679174374,0.3072161481219358,-0.003550819795501592,19.00432455197092,18.916995584828143,3.250812703175768,3.17704878797522,1.0,1.0
0.8333333333333333,0.3753178062554348,0.37366142627184173,0.37242810937884646,-0.0012333168929952731,23.051719152140862,23.03153216948001,3.250812703175825,3.228679838863902,1.0,1.0
0.8333333333333333,0.4862462362330365,0.45826199227589787,0.44547529308840456,-0.012786699187493311,28.03629430255239,27.68209280957196,3.5008752188047083,3.2965962726448215,1.0,1.0
0.8333333333333333,0.6299605249474366,0.5328730184015736,0.525078248600854,-0.007794769800719692,33.00823921436362,32.80004918728237,3.5008752188047083,3.3873754392203432,1.0,1.0
0.8333333333333333,0.8161508170561078,0.6262590581704172,0.6093175405926191,-0.01694151757779805,38.74676282935292,38.272220422269335,3.750937734433592,3.511870518710932,1.0,1.0
0.8333333333333333,1.057371263440564,0.7001799580832733,0.695830756335505,-0.0043492017477683165,44.078118431135,43.9501808053504,3.750937734433649,3.6897623387863883,1.0,1.0
0.8333333333333333,1.3698865030640954,0.7846626673106103,0.7821459784209943,-0.002516688889615981,49.73565523495992,49.66895054663138,4.001000250062532,3.961888129846195,1.0,1.0
0.8333333333333333,1.7747683298777857,0.8694210155583812,0.8661253815400805,-0.003295634018300797,55.35930982619012,55.272651159925545,4.5011252813203555,4.43441731199273,1.0,1.0
0.8333333333333333,2.2993164891338513,0.9512029192370485,0.9468337324306085,-0.00436918680643994,60.772883519162455,60.6536350016444,5.75143785946483,5.568103986431376,1.0,1.0
0.8333333333333333,2.9788994023613715,1.0,1.0,0.0,64.94032486030655,64.9571656898955,266.94173543385847,266.8970221889082,1.0,1.0
0.8333333333333333,3.8593389345594997,1.0,1.0,0.0,67.17742305675732,67.18449183261949,267.19179794948747,267.09957351034905,1.0,1.0
0.8333333333333333,5.000000000000001,1.0,1.0,0.0,68.97160810889669,69.01714239871794,267.19179794948747,267.27358449460525,1.0,1.0
0.875,0.01,0.014406351004838117,0.014226735884075248,-0.00017961512076286948,0.8615658479817093,0.8567182761587645,3.250812703175825,3.177037575189026,1.0,1.0
0.875,0.01295558665559571,0.018599788340592182,0.018374843381922055,-0.00022494495867012715,1.1128339668745872,1.1068098155661814,3.250812703175825,3.179147518426182,1.0,1.0
0.875,0.016784722559064953,0.02398970030500371,0.023711148443346583,-0.000278551861657126,1.4361149673209295,1.428735925201222,3.250812703175825,3.181879439955812,1.0,1.0
0.875,0.02174559276040982,0.030901525884889206,0.030561955720575015,-0.00033957016431419157,1.851209311160471,1.8423543434290652,3.250812703175825,3.1854161736264377,1.0,1.0
0.875,0.028172691138478412,0.039738826753151914,0.039334013888039004,-0.0004048128651129093,2.3828131497343725,2.372504444926517,3.250812703175825,3.1899940492177863,1.0,1.0
0.875,0.03649937413658904,0.05099529860098869,0.050528416401532314,-0.0004668821994563768,3.061372125538452,3.0499271376755277,3.250812703175825,3.195918425108541,1.0,1.0
0.875,0.04728708045015879,0.06526407900314932,0.06475296600343597,-0.0005111129997133479,3.9238455086284834,3.91213573969505,3.250812703175825,3.203583984490253,1.0,1.0
0.875,0.061263186846215796,0.08324340245444646,0.0827298035983509,-0.0005135988560955596,5.018341412510975,5.004061718544477,3.250812703175825,3.21350100580021,1.0,1.0
0.875,0.07937005259841,0.10571675797043754,0.10529331712305257,-0.0004234408473849788,6.388505354398969,6.3781914605145875,3.250812703175825,3.226330130564749,1.0,1.0
0.875,0.10282855942978895,0.13353865816888605,0.133371298438515,-0.00016735973037104723,8.0941834545616,8.093778638291067,3.250812703175825,3.2429293528432046,1.0,1.0
0.875,0.13322043123627042,0.1742679001311577,0.16794059241194814,-0.006327307719209557,10.389705742861054,10.214588708026119,3.5008752188047083,3.264419225469466,1.0,1.0
0.875,0.17259488411773308,0.2167724302989315,0.20994829407055698,-0.006824136228374522,12.989293603679492,12.804571158143975,3.5008752188047083,3.292277507565452,1.0,1.0
0.875,0.22360679774997896,0.2669911537458484,0.260192825701989,-0.006798328043859436,16.11013911312583,15.920972517581605,3.5008752188047083,3.3284843765140995,1.0,1.0
0.875,0.2896957245030116,0.32500011174331833,0.31916816917525603,-0.005831942568062298,19.755925140399178,19.60484415583444,3.5008752188047083,3.3757587688742223,1.0,1.0
0.875,0.3753178062554348,0.3902802552430692,0.38689018097393824,-0.0033900742691309604,23.951641969996057,23.86977423624399,3.5008752188047083,3.43796769694891,1.0,1.0
0.875,0.4862462362330365,0.47653598230673,0.46274374169598154,-0.013792240610748463,29.0716767340489,28.690918245768348,3.750937734433592,3.520882213319421,1.0,1.0
0.875,0.6299605249474366,0.5530370300868482,0.5454053880915033,-0.00763164199534494,34.199155652445896,33.99761762386352,3.750937734433592,3.633675407088597,1.0,1.0
0.875,0.8161508170561078,0.6467444254912609,0.6328958895581774,-0.013848535933083439,40.05412933561597,39.67332974200462,4.001000250062475,3.7921785995073174,1.0,1.0
0.875,1.057371263440564,0.7369686169591557,0.7227935148825866,-0.014175102076569135,45.98923067936661,45.56552868110736,4.251062765691473,4.026972593402027,1.0,1.0
0.875,1.3698865030640954,0.8176960238942709,0.8126060623395303,-0.0050899615547406185,51.65117615597255,51.505867303818896,4.5011252813203555,4.4082701717212345,1.0,1.0
0.875,1.7747683298777857,0.9037475151883886,0.9003646204131162,-0.003382894775272427,57.429073845704146,57.34084457034816,5.251312828207005,5.159094906959215,1.0,1.0
0.875,2.2993164891338513,0.9898121724876405,0.9891069845647462,-0.0007051879228943125,63.084066808097724,63.08250456934558,9.002250562640597,8.860932365187896,1.0,1.0
0.875,2.9788994023613715,1.0,1.0,0.0,66.06665526160191,66.08381077049941,266.94173543385847,266.8970221889082,1.0,1.0
0.875,3.8593389345594997,1.0,1.0,0.0,68.29969845298957,68.30689360090791,267.19179794948747,267.09957351034905,1.0,1.0
0.875,5.000000000000001,1.0,1.0,0.0,70.08795866337091,70.13429024845145,267.19179794948747,267.27358449460525,1.0,1.0
0.9166666666666666,0.01,0.01511874837259815,0.014752843447607201,-0.00036590492499094865,0.8958938387118489,0.8860169370488263,3.5008752188047083,3.349052968370963,1.0,1.0
0.9166666666666666,0.01295558665559571,0.019518436035725853,0.01905424189994178,-0.0004641941357840726,1.1571504769506944,1.144662229641949,3.5008752188047083,3.3514700391679093,1.0,1.0
0.9166666666666666,0.016784722559064953,0.025172698318188455,0.024587676558719008,-0.0005850217594694472,1.4932672349251817,1.4775996625765782,3.5008752188047083,3.3546009863668607,1.0,1.0
0.9166666666666666,0.02174559276040982,0.03242227690986517,0.03169144518506012,-0.0007308317248050505,1.9248170135366103,1.9053667901755305,3.5008752188047083,3.358656580385288,1.0,1.0
0.9166666666666666,0.028172691138478412,0.041689370369945966,0.040787216671070055,-0.0009021536988759113,2.4774522405462553,2.4536536735012833,3.5008752188047083,3.363909872068327,1.0,1.0
0.9166666666666666,0.03649937413658904,0.0534899121859337,0.05239441799300671,-0.0010954941929269893,3.1827855251781374,3.154254574692087,3.5008752188047083,3.370714796456743,1.0,1.0
0.9166666666666666,0.04728708045015879,0.06844282997867404,0.06714301532461131,-0.0012998146540627309,4.079172844894604,4.04596921597797,3.5008752188047083,3.3795304498926293,1.0,1.0
0.9166666666666666,0.061263186846215796,0.08727520631143636,0.08578136716310521,-0.0014938391483311497,5.216536247939462,5.175271563577942,3.5008752188047083,3.3909533752303127,1.0,1.0
0.9166666666666666,0.07937005259841,0.11080032540231813,0.10917398022867383,-0.0016263451736442947,6.640025706181281,6.596452878028269,3.5008752188047083,3.4057608660368737,1.0,1.0
0.9166666666666666,0.10282855942978895,0.13990115331431002,0.13828188294513435,-0.0016192703691756682,8.41157515086219,8.370809841014983,3.5008752188047083,3.4249704836984187,1.0,1.0
0.9166666666666666,0.13322043123627042,0.17546245454862686,0.17411655682354907,-0.0013458977250777882,10.601425884646074,10.564316245296771,3.5008752188047083,3.4499248658132293,1.0,1.0
0.9166666666666666,0.17259488411773308,0.2182492418485899,0.21765820293380642,-0.0005910389147834871,13.253249510338613,13.24315427694904,3.5008752188047083,3.4824174013221656,1.0,1.0
0.9166666666666666,0.22360679774997896,0.27846509684368237,0.26973256019672603,-0.008732536646956335,16.70863533010094,16.466603194223428,3.750937734433649,3.5248892619740237,1.0,1.0
0.9166666666666666,0.2896957245030116,0.33858899067398357,0.33084982505331156,-0.007739165620672006,20.48089487804426,20.27724010875876,3.750937734433649,3.580756794079209,1.0,1.0
0.9166666666666666,0.3753178062554348,0.4060436908205551,0.40102551500950634,-0.005018175811048742,24.81702271056584,24.689314153388462,3.750937734433649,3.654991046531361,1.0,1.0
0.9166666666666666,0.4862462362330365,0.49383432166670027,0.47962374764910926,-0.014210574017591016,30.068483025534338,29.67744613756168,4.001000250062532,3.7552169968665137,1.0,1.0
0.9166666666666666,0.6299605249474366,0.5719227785046267,0.5652800648450456,-0.006642713659581134,35.34012326471208,35.16907102690281,4.001000250062475,3.893975429417335,1.0,1.0
0.9166666666666666,0.8161508170561078,0.6657595428660118,0.6559615544228742,-0.009797988443137617,41.303716640847874,41.04451969174869,4.251062765691358,4.0939181339577795,1.0,1.0
0.9166666666666666,1.057371263440564,0.7549666609246223,0.749201313782179,-0.005765347142443256,47.317332728082185,47.14765785735257,4.5011252813203555,4.4018593958753645,1.0,1.0
0.9166666666666666,1.3698865030640954,0.8454411071587233,0.8425336382676754,-0.002907468891047982,53.38558402058809,53.30824712166209,5.001250312578122,4.938638555136276,1.0,1.0
0.9166666666666666,1.7747683298777857,0.9354144225761877,0.9344912262313579,-0.0009231963448297353,59.39556148656858,59.38518048344967,6.251562890722654,6.2139918993285335,1.0,1.0
0.9166666666666666,2.2993164891338513,1.0,1.0,0.0,64.46533088245374,64.48637610067588,266.69167291822953,266.6667389023344,1.0,1.0
0.9166666666666666,2.9788994023613715,1.0,1.0,0.0,67.12951488238947,67.14696679196382,266.94173543385847,266.8970221889082,1.0,1.0
0.9166666666666666,3.8593389345594997,1.0,1.0,0.0,69.35740451360664,69.36471843789431,267.19179794948747,267.09957351034905,1.0,1.0
0.9166666666666666,5.000000000000001,1.0,1.0,0.0,71.13900664414564,71.18608755622117,267.19179794948747,267.27358449460525,1.0,1.0
0.9583333333333333,0.01,0.015816819849901586,0.015267894818758872,-0.0005489250311427139,0.9294162894171779,0.9146829626834632,3.750937734433592,3.5225111588137246,1.0,1.0
0.9583333333333333,0.01295558665559571,0.02041838519711906,0.019719360163158367,-0.0006990250339606943,1.2004220083304713,1.1816975591903558,3.750937734433592,3.5252577849896647,1.0,1.0
0.9583333333333333,0.016784722559064953,0.026331242278906927,0.025445776647730223,-0.0008854656311767031,1.5490634311611646,1.5254090400381255,3.750937734433592,3.5288170786341673,1.0,1.0
0.9583333333333333,0.02174559276040982,0.03391096930426937,0.032797181390071824,-0.001113787914197549,1.9966641567863757,1.9670202747834642,3.750937734433592,3.5334299835842122,1.0,1.0
0.9583333333333333,0.028172691138478412,0.043597763160954435,0.04220984716780558,-0.0013879159931488583,2.5698043833072783,2.533053939436198,3.750937734433592,3.539409318746768,1.0,1.0
0.9583333333333333,0.03649937413658904,0.05592891455702933,0.05422114513616335,-0.0017077694208659788,3.3012262334135767,3.2563354138083946,3.750937734433592,3.547161642304857,1.0,1.0
0.9583333333333333,0.04728708045015879,0.07154792059216801,0.06948273285275622,-0.002065187739411792,4.230633091151793,4.176923869611783,3.750937734433592,3.5572162426658926,1.0,1.0
0.9583333333333333,0.061263186846215796,0.09120901175267154,0.0887686266524844,-0.0024403851001871396,5.409691327377569,5.342803805456066,3.750937734433592,3.570264055603186,1.0,1.0
0.9583333333333333,0.07937005259841,0.11575292336088656,0.11297280842198762,-0.002780114938898945,6.884977588279122,6.810034570545473,3.750937734433592,3.587210627010793,1.0,1.0
0.9583333333333333,0.10282855942978895,0.14608783740158623,0.14308883341476133,-0.0029990039868248997,8.72039735025116,8.641915192904392,3.750937734433592,3.6092503670719474,1.0,1.0
0.9583333333333333,0.13322043123627042,0.18311600904599207,0.18016208753477822,-0.0029539215112138473,10.988294618051887,10.90658557803903,3.750937734433592,3.6379741243028567,1.0,1.0
0.9583333333333333,0.17259488411773308,0.2276040052479227,0.22520520083992634,-0.0023988044079963633,13.733069970071615,13.672420883612883,3.750937734433592,3.6755319981835806,1.0,1.0
0.9583333333333333,0.22360679774997896,0.28006314448408065,0.2790707333834781,-0.0009924111006025527,17.025476769995958,17.00070228958028,3.750937734433649,3.724893369129861,1.0,1.0
0.9583333333333333,0.2896957245030116,0.3516912768649653,0.342284970610116,-0.00940630625484934,21.184836472261594,20.935519888715614,4.001000250062532,3.790287595218981,1.0,1.0
0.9583333333333333,0.3753178062554348,0.4211421431713047,0.4148636070421409,-0.006278536129163792,25.654662390187653,25.491801195437827,4.001000250062589,3.8780014571035304,1.0,1.0
0.9583333333333333,0.4862462362330365,0.49631617217896334,0.4961515690816054,-0.00016460309735794043,30.62792189861013,30.643696089947273,4.001000250062532,3.9979342415696033,1.0,1.0
0.9583333333333333,0.6299605249474366,0.5897492458071676,0.5847468087481467,-0.0050024370590209255,36.43858697735574,36.31686876347922,4.251062765691415,4.166925080801596,1.0,1.0
0.9583333333333333,0.8161508170561078,0.6835222236710626,0.6785700269176231,-0.004952196753439497,42.502498160741965,42.388791904797415,4.501125281320298,4.416847978590523,1.0,1.0
0.9583333333333333,1.057371263440564,0.784611581041702,0.7751282737206435,-0.00948330732105851,48.98186068461343,48.700352267427135,5.001250312578179,4.818592701083981,1.0,1.0
0.9583333333333333,1.3698865030640954,0.8783919247369709,0.8720630729027052,-0.006328851834265681,55.26364689381865,55.081851183945076,5.751437859464887,5.582727992563738,1.0,1.0
0.9583333333333333,1.7747683298777857,0.9704971044444642,0.9696765934429068,-0.0008205110015574446,61.44846664702671,61.4422241433145,8.252063015753949,8.180540839256706,1.0,1.0
0.9583333333333333,2.2993164891338513,1.0,1.0,0.0,65.47452951184141,65.49592749165039,266.69167291822953,266.6667389023344,1.0,1.0
0.9583333333333333,2.9788994023613715,1.0,1.0,0.0,68.1341226201656,68.15185418610295,266.94173543385847,266.8970221889082,1.0,1.0
0.9583333333333333,3.8593389345594997,1.0,1.0,0.0,70.35595867536398,70.36338442630372,267.19179794948747,267.09957351034905,1.0,1.0
0.9583333333333333,5.000000000000001,1.0,1.0,0.0,72.13031996715095,72.17810641357185,267.19179794948747,267.27358449460525,1.0,1.0
1.0,0.01,0.015904203823082518,0.015772824428595605,-0.0001313793944869128,0.9462378410933457,0.9427688718945283,3.750937734433592,3.6960906747845024,1.0,1.0
1.0,0.01295558665559571,0.020531130095287013,0.020371405494690645,-0.00015972460059636776,1.2221427279972346,1.2179836615730049,3.750937734433592,3.6991874488478085,1.0,1.0
1.0,0.016784722559064953,0.02647653333405547,0.026287007358879733,-0.0001895259751757382,1.5770829035097191,1.5722516625909135,3.750937734433592,3.703202061634513,1.0,1.0
1.0,0.02174559276040982,0.034097911541308173,0.033881174506263864,-0.0002167370350443093,2.03276375038585,2.0274277827392413,3.750937734433592,3.7084076841245426,1.0,1.0
1.0,0.028172691138478412,0.043837818131722786,0.04360449461066863,-0.0002333235210541587,2.6162395617768435,2.6108507790685755,3.750937734433592,3.715159698855134,1.0,1.0
1.0,0.03649937413658904,0.05623638598464464,0.05601192726361361,-0.00022445872103103032,3.3608334461750284,3.356356802400958,3.750937734433592,3.7239211978740085,1.0,1.0
1.0,0.04728708045015879,0.07194045813859,0.07177639075424902,-0.00016406738434097956,4.3069482587792205,4.305239847364132,3.750937734433592,3.7352970883366674,1.0,1.0
1.0,0.061263186846215796,0.09170808176636504,0.09169704936283081,-1.1032403534227964e-05,5.507161114553448,5.506965782787167,3.750937734433592,3.7500804222596367,1.0,1.0
1.0,0.07937005259841,0.1206240475910435,0.11669677480062492,-0.003927272790418587,7.125116258860771,7.01932853684337,4.001000250062475,3.7693162490788406,1.0,1.0
1.0,0.10282855942978895,0.15216090012628683,0.14780100640648364,-0.004359893719803193,9.022870024922149,8.90759258110271,4.001000250062475,3.7943926530599152,1.0,1.0
1.0,0.13322043123627042,0.19061025039621912,0.18608837552888707,-0.004521874867332049,11.366756313945181,11.242025807912382,4.001000250062475,3.827174604428003,1.0,1.0
1.0,0.17259488411773308,0.23673481369773952,0.23260334088360277,-0.004131472814136755,14.201742653478586,14.093160863502627,4.001000250062475,3.870210352848519,1.0,1.0
1.0,0.22360679774997896,0.29101635662836134,0.2882248637956849,-0.0027914928326764343,17.599763653753463,17.5242540980742,4.001000250062532,3.92706676659873,1.0,1.0
1.0,0.2896957245030116,0.3644172715262213,0.3534952642720509,-0.010922007254170363,21.87167752097878,21.58089929362662,4.251062765691415,4.002908562414817,1.0,1.0
1.0,0.3753178062554348,0.4357095541762794,0.42843100187510785,-0.007278552301171526,26.469351370237305,26.27872237263284,4.251062765691473,4.105569795781051,1.0,1.0
1.0,0.4862462362330365,0.5125357942861096,0.5123594938553163,-0.00017630043079330804,31.575315587969964,31.591468176465984,4.251062765691473,4.247703817975709,1.0,1.0
1.0,0.6299605249474366,0.6066730055017949,0.6038448240718477,-0.0028281814299472297,37.49986880845152,37.44317112207227,4.5011252813203555,4.451572100649357,1.0,1.0
1.0,0.8161508170561078,0.7138357312772887,0.7007698883774641,-0.013065842899824598,44.061790573898676,43.70874099815161,5.001250312578122,4.761419060261687,1.0,1.0
1.0,1.057371263440564,0.8107009885636413,0.8006418705983243,-0.010059117965317,50.52547941042196,50.22688959131441,5.501375343836004,5.283959632844197,1.0,1.0
1.0,1.3698865030640954,0.9044388074066354,0.9013616879592198,-0.0030771194474156216,56.9141970579071,56.8328595708798,6.501625406351592,6.397392824437696,1.0,1.0
1.0,1.7747683298777857,1.0,1.0,0.0,63.30115209423144,63.321027992353564,266.44161040260065,266.41183501304977,1.0,1.0
1.0,2.2993164891338513,1.0,1.0,0.0,66.43118973997413,66.45292159837906,266.69167291822953,266.6667389023344,1.0,1.0
1.0,2.9788994023613715,1.0,1.0,0.0,69.0851403862028,69.10313623088317,266.94173543385847,266.8970221889082,1.0,1.0
1.0,3.8593389345594997,1.0,1.0,0.0,71.3001887452194,71.30771994702579,267.19179794948747,267.09957351034905,1.0,1.0
1.0,5.000000000000001,1.0,1.0,0.0,73.06685098021052,73.11530287187497,267.19179794948747,267.27358449460525,1.0,1.0
