R0,S0,node_phi,event_phi,delta_phi,node_AR_recomputed,event_AR,node_Au,event_Au,node_cycles,event_cycles,node_first_on,event_first_on
0.0,0.05,0.005678459218451466,0.0056784592184512366,-2.2985086056692694e-16,0.4578074493997284,0.45780770548378874,0.0,0.0,0.0,0.0,,
0.0,0.05714285714285715,0.005074796656332557,0.005074796656332321,-2.3592239273284576e-16,0.45795467587784244,0.45795493200620574,0.0,0.0,0.0,0.0,,
0.0,0.0642857142857143,0.004595542834334208,0.004595542834333935,-2.732189474663471e-16,0.45810148483576274,0.4581017410072343,0.0,0.0,0.0,0.0,,
0.0,0.07142857142857142,0.004205830854038454,0.004205830854038246,-2.0816681711721685e-16,0.45824785903215276,0.45824811524557746,0.0,0.0,0.0,0.0,,
0.0,0.07857142857142857,0.0038827097241837805,0.0038827097241835497,-2.3071822230491534e-16,0.4583937825064285,0.45839403876068974,0.0,0.0,0.0,0.0,,
0.0,0.08571428571428572,0.003610454654718785,0.003610454654718604,-1.8127860323957634e-16,0.4585392404983406,0.45853949679237893,0.0,0.0,0.0,0.0,,
0.0,0.09285714285714286,0.0033779305888354716,0.0033779305888352244,-2.47198095326695e-16,0.45868421937295584,0.45868447570573156,0.0,0.0,0.0,0.0,,
0.0,0.1,0.0031770315280368346,0.0031770315280366494,-1.8518173106052416e-16,0.458828706550595,0.4588289629211233,0.0,0.0,0.0,0.0,,
0.0,0.10714285714285715,0.0030017161293199534,0.0030017161293198064,-1.470178145890344e-16,0.4589726904414454,0.4589729468487707,0.0,0.0,0.0,0.0,,
0.0,0.1142857142857143,0.0028473897047306025,0.0028473897047304364,-1.6609977282477928e-16,0.4591161603844181,0.45911641682762233,0.0,0.0,0.0,0.0,,
0.0,0.12142857142857144,0.0027104956614502408,0.0027104956614500656,-1.7520707107365752e-16,0.45925910659001595,0.4592593630682083,0.0,0.0,0.0,0.0,,
0.0,0.1285714285714286,0.0025882380003340484,0.0025882380003339387,-1.0972125985553305e-16,0.4594015200868598,0.45940177659918985,0.0,0.0,0.0,0.0,,
0.0,0.13571428571428573,0.0024783883141233816,0.0024783883141232268,-1.5482407023093003e-16,0.4595433926717025,0.459543649217338,0.0,0.0,0.0,0.0,,
0.0,0.14285714285714285,0.0023791487165288083,0.002379148716528685,-1.231653667943533e-16,0.45968471686256923,0.4596849734407156,0.0,0.0,0.0,0.0,,
0.0,0.15000000000000002,0.0022890526635609273,0.002289052663560812,-1.1535911115245767e-16,0.4598254858548984,0.45982574246479124,0.0,0.0,0.0,0.0,,
0.0,0.15714285714285714,0.0022068919844989952,0.0022068919844988617,-1.3357370765021415e-16,0.459965693480458,0.45996595012134495,0.0,0.0,0.0,0.0,,
0.0,0.1642857142857143,0.03246154996198028,0.031238125829113426,-0.0012234241328668537,0.5915349431518598,0.5887633576061309,1.7504376094023542,1.6733442613272933,1.0,1.0,971.4928732183047,971.4873063364629
0.0,0.17142857142857143,0.03263206456181202,0.03139319944328996,-0.0012388651185220659,0.8852157889987284,0.8768059170214727,1.7504376094022973,1.6730173087446023,1.0,1.0,921.7304326081521,921.5485509792792
0.0,0.1785714285714286,0.03272374865638929,0.031472388231560185,-0.0012513604248291024,1.1853617715495224,1.1692906140881005,1.7504376094023542,1.6727144258795312,1.0,1.0,873.2183045761441,873.1723247221778
0.0,0.18571428571428572,0.03281540184761013,0.03155329296208292,-0.001262108885527212,1.4882083191841746,1.4661014730945068,1.7504376094022973,1.6724328466225422,1.0,1.0,826.4566141535385,826.2323795692238
0.0,0.1928571428571429,0.03290930836995773,0.031635454244037964,-0.0012738541259197655,1.7974944652377978,1.7672083426470473,1.750437609402411,1.6721701944479723,1.0,1.0,780.6951737934484,780.6162005288073
0.0,0.2,0.033002556607025973,0.031718491932476625,-0.0012840646745493484,2.1095942048013225,2.0725898744823383,1.750437609402411,1.6719244672916835,1.0,1.0,736.4341085271318,736.2230528424406
0.0,0.20714285714285718,0.03309660793223884,0.03180209199296184,-0.0012945159392769995,2.4269721052320903,2.382232532527226,1.7504376094022973,1.6716939053207176,1.0,1.0,693.1732933233309,692.9623630894102
0.0,0.2142857142857143,0.03319087815766077,0.031885994279219905,-0.0013048838784408684,2.7491407761076156,2.696129781750745,1.7504376094023542,1.6714770009217323,1.0,1.0,650.9127281820456,650.7523678632228
0.0,0.22142857142857142,0.033284853557516085,0.031969982900528195,-0.0013148706569878904,3.07563750762377,3.014281429930293,1.7504376094022973,1.671272430795944,1.0,1.0,609.6524131032759,609.5189785809986
0.0,0.2285714285714286,0.03337808024937452,0.03205387841651751,-0.0013242018328570096,3.4060208988710303,3.3366930820959073,1.7504376094023542,1.6710790540208114,1.0,1.0,569.3923480870218,569.1948221625
0.0,0.2357142857142857,0.033471242335345895,0.03213753165433964,-0.0013337106810062532,3.7415279389814637,3.663375701926448,1.7504376094022973,1.6708958322939003,1.0,1.0,529.8824706176545,529.7184257984826
0.0,0.24285714285714288,0.03356398878783035,0.032220818478235165,-0.0013431703095951875,4.081825366138025,3.994345230382675,1.7504376094023542,1.670721898198827,1.0,1.0,491.12278069517384,491.0335205282778
0.0,0.25,0.03365600570638277,0.03230363579849284,-0.001352369907889929,4.426594382961559,4.329622299744428,1.7504376094023542,1.6705564334639353,1.0,1.0,453.11327831957993,453.08844336957804
0.0,0.2571428571428572,0.033747011327463695,0.032385898022784534,-0.001361113304679161,4.775528887219123,4.669231970074486,1.7504376094023542,1.6703987447137485,1.0,1.0,415.85396349087273,415.8356216576997
0.0,0.2642857142857143,0.03383675185242511,0.03246753432224632,-0.0013692175301787887,5.1283338972237935,5.013203534973666,1.7504376094023542,1.6702481981774333,1.0,1.0,379.3448362090523,379.23112632378786
0.0,0.27142857142857146,0.03392609659519049,0.03254848628196834,-0.001377610313222151,5.486508136012855,5.361570355367863,1.7504376094023257,1.6701042262837296,1.0,1.0,343.3358339584897,343.2342832704199
0.0,0.2785714285714286,0.03401484364224369,0.032628705961270356,-0.0013861376809733358,5.849850403496265,5.714369728297524,1.7504376094023257,1.6699663195759062,1.0,1.0,307.8269567391848,307.80733393746056
0.0,0.28571428571428575,0.03410170664109723,0.03270815426415044,-0.0013935523769467925,6.216333530732633,6.071642782686068,1.7504376094023257,1.6698340292612561,1.0,1.0,273.06826706676674,272.9151376989751
0.0,0.29285714285714287,0.03418872139118301,0.03278679960523825,-0.001401921785944761,6.589415233285015,6.433434406148896,1.7504376094023542,1.669706946110819,1.0,1.0,238.5596399099775,238.5249099812174
0.0,0.3,0.08087540035199024,0.08516088851928535,0.004285488167295112,6.973657602742271,6.93231095710282,3.7509377344336485,3.4438636412785875,2.0,2.0,204.80120030007504,204.60599100234242
0.0,0.30714285714285716,0.093780248925402,0.08552820548460448,-0.008252043440797524,7.542066692562681,7.4974883878028304,3.7509377344335917,3.443486017803663,2.0,2.0,171.29282320580145,171.1296408595201
0.0,0.3142857142857143,0.0941323051857815,0.08582361501278424,-0.008308690172997263,8.133581503232248,8.073530116670701,3.7509377344335206,3.4431217989884337,2.0,2.0,138.2845711427857,138.06885736353516
0.0,0.32142857142857145,0.0944715771297842,0.08611614122938116,-0.008355435900403038,8.738743932803564,8.660572523470627,3.7509377344336485,3.442770114279121,2.0,2.0,105.52638159539886,105.3982135765965
0.0,0.32857142857142857,0.09480574437101881,0.0864058916698002,-0.00839985270121861,9.353936614572044,9.258827836326097,3.7509377344336485,3.442430116282778,2.0,2.0,73.26831707926982,73.0937124551246
0.0,0.33571428571428574,0.09513779440312992,0.08669288683782683,-0.008444907565303084,9.98261918626719,9.868513417423978,3.750937734433645,3.442106474202594,2.0,2.0,41.26031507876969,41.13264556102544
0.0,0.34285714285714286,0.09531380850460872,0.08695515467640123,-0.008358653828207482,10.616312394217013,10.486356767688378,3.750937734433588,3.4459732618299332,2.0,2.0,9.502375593898476,9.485136582216347
0.0,0.35000000000000003,0.10144392209902904,0.08866270994877053,-0.012781212150258514,11.164040501587754,10.93385160734272,3.8759689922480987,3.535756039290575,1.0,1.0,832.95823955989,766.3894714049975
0.0,0.35714285714285715,0.10151034879418677,0.09117521902760845,-0.010335129766578327,11.508379410472067,11.335015078141687,3.875968992248042,3.626341733123993,1.0,1.0,808.702175543886,766.3375729573114
0.0,0.3642857142857143,0.10157511630027258,0.09367752294044396,-0.00789759335982862,11.853823396359124,11.73465594763677,3.8759689922480987,3.717647862705055,1.0,1.0,784.9462365591398,766.2845760347243
0.0,0.37142857142857144,0.1083057656366579,0.09616966886607058,-0.012136096770587329,12.3353992849809,12.132781751275928,4.126031507877006,3.80968602774956,1.0,1.0,825.4563640910228,766.2305025125426
0.0,0.3785714285714286,0.10836848209661365,0.09865172080291223,-0.009716761293701415,12.680983085376603,12.529402701855851,4.126031507876892,3.902462836491761,1.0,1.0,802.4506126531634,766.1753725987314
0.0,0.38571428571428573,0.10842931930582791,0.10112376051416559,-0.007305558791662323,13.027270032190417,12.924531842833883,4.126031507876949,3.995979789088599,1.0,1.0,779.9449862465617,766.1192049048763
0.0,0.39285714285714285,0.1148997271259058,0.10358588822273918,-0.011313838903166631,13.49422656829698,13.318185160867236,4.376094023505914,4.0902332054829476,1.0,1.0,817.2043010752689,766.062016536014
0.0,0.4,0.11495806791117193,0.10603822299324446,-0.008919844917927466,13.83992407244098,13.710381663555756,4.376094023505857,4.185214285735858,1.0,1.0,795.448862215554,766.003823167363
0.00040816326530612246,0.05,0.014445472360172892,0.014445472360172308,-5.84601811404184e-16,1.2032755201380323,1.2032757720916514,0.0,0.0,0.0,0.0,,
0.00040816326530612246,0.05714285714285715,0.012830026135219687,0.012830026135219144,-5.429684479807406e-16,1.1982324596144447,1.1982327118008527,0.0,0.0,0.0,0.0,,
0.00040816326530612246,0.0642857142857143,0.011545339805002143,0.011545339805001742,-4.0072112295064244e-16,1.19327442233239,1.193274674742561,0.0,0.0,0.0,0.0,,
0.00040816326530612246,0.07142857142857142,0.010499310399407146,0.010499310399406759,-3.86843335142828e-16,1.1883991332671568,1.1883993858924597,0.0,0.0,0.0,0.0,,
0.00040816326530612246,0.07857142857142857,0.009631125068184757,0.009631125068184414,-3.434752482434078e-16,1.1836044009768432,1.1836046538090668,0.0,0.0,0.0,0.0,,
0.00040816326530612246,0.08571428571428572,0.008899013607459547,0.008899013607459209,-3.382710778154774e-16,1.1788881137023794,1.1788883667336727,0.0,0.0,0.0,0.0,,
0.00040816326530612246,0.09285714285714286,0.008273335980711288,0.008273335980711024,-2.636779683484747e-16,1.1742482356876889,1.1742484889105202,0.0,0.0,0.0,0.0,,
0.00040816326530612246,0.1,0.007732477105618723,0.007732477105618379,-3.434752482434078e-16,1.1696828037055058,1.169683057112719,0.0,0.0,0.0,0.0,,
0.00040816326530612246,0.10714285714285715,0.00726030314070264,0.007260303140702474,-1.6566609195578508e-16,1.1651899237753909,1.1651901773601274,0.0,0.0,0.0,0.0,,
0.00040816326530612246,0.1142857142857143,0.006844527642955709,0.006844527642955408,-3.0097452308197603e-16,1.1607677680615014,1.1607680218171985,0.0,0.0,0.0,0.0,,
0.00040816326530612246,0.12142857142857144,0.006475629260982429,0.006475629260982166,-2.636779683484747e-16,1.1564145719385053,1.1564148258588771,0.0,0.0,0.0,0.0,,
0.00040816326530612246,0.1285714285714286,0.006146115321570949,0.006146115321570767,-1.8214596497756474e-16,1.1521286312150927,1.1521288852941292,0.0,0.0,0.0,0.0,,
0.00040816326530612246,0.13571428571428573,0.005850008864072201,0.005850008864072017,-1.8388068845354155e-16,1.147908299505063,1.1479085537370055,0.0,0.0,0.0,0.0,,
0.00040816326530612246,0.14285714285714285,0.005582483830111266,0.005582483830111032,-2.3418766925686896e-16,1.1437519857368674,1.1437522401161855,0.0,0.0,0.0,0.0,,
0.00040816326530612246,0.15000000000000002,0.005339600779262712,0.005339600779262506,-2.0643209364124004e-16,1.1396581517930084,1.139658406314404,0.0,0.0,0.0,0.0,,
0.00040816326530612246,0.15714285714285714,0.005118112232374049,0.005118112232373851,-1.97758476261356e-16,1.1356253102713811,1.1356255649297737,0.0,0.0,0.0,0.0,,
0.00040816326530612246,0.1642857142857143,0.03733465508099344,0.03617549060123379,-0.0011591644797596529,1.281475913928327,1.279491718086086,1.7504376094022973,1.6819825604849035,1.0,1.0,968.2420605151289,968.0869841864189
0.00040816326530612246,0.17142857142857143,0.03726738053425077,0.036089245295323175,-0.0011781352389275968,1.5717920314715499,1.564078132660829,1.7504376094023542,1.6812347047438385,1.0,1.0,918.4796199049763,918.2882672087208
0.00040816326530612246,0.1785714285714286,0.037176328633991805,0.03598276954718504,-0.001193559086806767,1.8675285399247838,1.8535159726686026,1.7504376094023542,1.6805470316088764,1.0,1.0,870.2175543885973,870.0397726599459
0.00040816326530612246,0.18571428571428572,0.03709985410491499,0.03589194365673585,-0.0012079104481791392,2.167815430347387,2.147677733076029,1.750437609402411,1.6799124439596202,1.0,1.0,823.4558639659915,823.216706789098
0.00040816326530612246,0.1928571428571429,0.03703666743001326,0.03581479779030549,-0.0012218696397077733,2.4733934066448695,2.446490690682992,1.7504376094023542,1.679324884951348,1.0,1.0,777.9444861215304,777.7077895408211
0.00040816326530612246,0.2,0.03698581445783339,0.03574965273950202,-0.0012361617183313661,2.7851484596780662,2.749897175314728,1.7504376094022973,1.6787792015878955,1.0,1.0,733.433358339585,733.4133412293064
0.00040816326530612246,0.20714285714285718,0.03694333997460987,0.03569507030508712,-0.001248269669522753,3.099387939846937,3.0578524968304075,1.7504376094023542,1.6782709490507846,1.0,1.0,690.4226056514129,690.243694909148
0.00040816326530612246,0.2142857142857143,0.03691097900255892,0.035649812633632594,-0.001261166368926328,3.420235691029915,3.370323270621996,1.7504376094023542,1.6777962986147037,1.0,1.0,648.1620405101276,648.1178700440391
0.00040816326530612246,0.22142857142857142,0.03688519295338162,0.035612809512594934,-0.0012723834407866869,3.744031554308168,3.6872860645036805,1.7504376094022973,1.6773518985195557,1.0,1.0,607.1517879469868,606.9624574506447
0.00040816326530612246,0.2285714285714286,0.036866990206166635,0.03558313165922819,-0.0012838585469384448,4.073530614280392,4.008726283852414,1.7504376094022973,1.6769348544534302,1.0,1.0,566.8917229307327,566.710676316922
0.00040816326530612246,0.2357142857142857,0.03685532894917099,0.03555996903563576,-0.0012953599135352295,4.408363421236223,4.334637269172638,1.7504376094022973,1.6765426090045372,1.0,1.0,527.3818454613654,527.3015723205132
0.00040816326530612246,0.24285714285714288,0.03684818111102137,0.03554261291908493,-0.001305568191936446,4.746478127074971,4.665019547466309,1.7504376094023257,1.6761729017947806,1.0,1.0,488.87221805451367,488.6793321836671
0.00040816326530612246,0.25,0.036846931140844155,0.03553044101238009,-0.0013164901284640623,5.090913723998362,4.9998802068523185,1.7504376094023542,1.6758237663249025,1.0,1.0,450.86271567891976,450.7926948836675
0.00040816326530612246,0.2571428571428572,0.0368497421569016,0.035522905211411215,-0.0013268369454903853,5.439673513297826,5.339232397717341,1.7504376094023257,1.6754934288328518,1.0,1.0,413.6034008502126,413.59444354562373
0.00040816326530612246,0.2642857142857143,0.03685595581880953,0.035519521222280755,-0.0013364345965287752,5.792447752324247,5.683094903437423,1.7504376094023542,1.6751803201157607,1.0,1.0,377.0942735683921,377.04096503748127
0.00040816326530612246,0.27142857142857146,0.036864980219800766,0.03551985988965678,-0.0013451203301439868,6.148937479441134,6.031491791157434,1.7504376094023542,1.6748830492957503,1.0,1.0,341.3353338334584,341.09186665453046
0.00040816326530612246,0.2785714285714286,0.036878506335853274,0.03552353993290001,-0.001354966402953267,6.5125111254945915,6.384452134515376,1.7504376094023542,1.6746003502805258,1.0,1.0,305.8264566141536,305.70964116764765
0.00040816326530612246,0.28571428571428575,0.036893832097458536,0.035530221665900405,-0.0013636104315581307,6.879333781669162,6.742009768705499,1.7504376094023542,1.6743311062222352,1.0,1.0,271.06776694173544,270.85937302224517
0.00040816326530612246,0.29285714285714287,0.03691274942495953,0.03553960177350687,-0.0013731476514526608,7.252894198268614,7.104203111926034,1.7504376094023542,1.6740742980153305,1.0,1.0,236.55913978494624,236.50847969392737
0.00040816326530612246,0.3,0.09237448504348525,0.0899120955288803,-0.0024623895146049513,7.6532931567894495,7.617039466882755,3.7509377344336485,3.457496837008514,2.0,2.0,202.80070017504377,202.62648319686565
0.00040816326530612246,0.30714285714285716,0.09828770988795865,0.09014351441136971,-0.008144195476588942,8.229208302152497,8.183436514100139,3.7509377344336343,3.45674203161034,2.0,2.0,169.29232308077022,169.18480754698734
0.00040816326530612246,0.3142857142857143,0.09853371578023627,0.0903350008438414,-0.008198714936394874,8.822329318325483,8.760964575633254,3.7509377344335917,3.456019331753489,2.0,2.0,136.28407101775446,136.15659864300926
0.00040816326530612246,0.32142857142857145,0.09877605310168636,0.09052823520252581,-0.008247817899160542,9.427839685662809,9.349774195456492,3.7509377344336414,3.4553265051567013,2.0,2.0,103.5258814703676,103.51656357275918
0.00040816326530612246,0.32857142857142857,0.09901888450152903,0.0907230035064603,-0.008295880995068727,10.045175233115359,9.95006707136348,3.7509377344336414,3.454661547922298,2.0,2.0,71.26781695423857,71.24082678266882
0.00040816326530612246,0.33571428571428574,0.09925990935965869,0.09091903975995579,-0.0083408695997029,10.672565009630278,10.56204919111672,3.750937734433588,3.4540305628615915,2.0,2.0,39.509877469367346,39.30678505345451
0.00040816326530612246,0.34285714285714286,0.09928051996130398,0.0910839272998656,-0.008196592661438379,11.307018693258769,11.180797987468202,3.7509377344336454,3.459558115131224,2.0,2.0,7.7519379844961245,7.680814890618774
0.00040816326530612246,0.35000000000000003,0.10554344264178782,0.09290727374979044,-0.012636168891997382,11.842468515017504,11.6174287175728,3.875968992248042,3.5527965083980253,1.0,1.0,829.9574893723432,766.0610961762353
0.00040816326530612246,0.35714285714285715,0.10552738646923851,0.09541726394283166,-0.010110122526406848,12.184070796471314,12.018428744038925,3.875968992248042,3.6436777627357535,1.0,1.0,805.9514878719681,766.0094180969559
0.00040816326530612246,0.3642857142857143,0.10551582315287861,0.09791703414544735,-0.007598789007431259,12.530214291576817,12.41790335795921,3.875968992248042,3.7352839256433095,1.0,1.0,781.945486371593,765.956643662361
0.00040816326530612246,0.37142857142857144,0.11233393870443538,0.10040663344105161,-0.011927305263383772,13.013149945349673,12.815860403497448,4.126031507876949,3.8276262278581297,1.0,1.0,822.455613903476,765.9027946636875
0.00040816326530612246,0.3785714285714286,0.11231998606345792,0.10288612819751938,-0.009433857865938533,13.356076066377724,13.21231044909706,4.126031507877006,3.9207106644724288,1.0,1.0,799.6999249812453,765.8478912173283
0.00040816326530612246,0.38571428571428573,0.11230841896123649,0.10535560240554975,-0.006952816555686733,13.701442211718037,13.607266907922234,4.126031507876949,4.014538293171793,1.0,1.0,777.1942985746438,765.7919518295712
0.00040816326530612246,0.39285714285714285,0.11885745393682347,0.10781515902563892,-0.011042294911184553,14.171302925549513,14.000746187357974,4.376094023505857,4.109104715418655,1.0,1.0,814.203550887722,765.7349934866339
0.00040816326530612246,0.4,0.11884429513044514,0.11026491974608835,-0.008579375384356797,14.514407554458995,14.392767727677107,4.376094023505857,4.204400549517597,1.0,1.0,792.698174543636,765.677031731161
0.0008163265306122449,0.05,0.02305679922695311,0.02305679922695275,-3.5735303605122226e-16,1.9480967254919945,1.9480969733412008,0.0,0.0,0.0,0.0,,
0.0008163265306122449,0.05714285714285715,0.020463153000564692,0.020463153000563873,-8.187894806610529e-16,1.9378746691340814,1.9378749174034493,0.0,0.0,0.0,0.0,,
0.0008163265306122449,0.0642857142857143,0.018396867995037258,0.018396867995036748,-5.100087019371813e-16,1.9278227670429346,1.9278230157156828,0.0,0.0,0.0,0.0,,
0.0008163265306122449,0.07142857142857142,0.016712039312464448,0.016712039312464004,-4.440892098500626e-16,1.9179364980111033,1.9179367470711886,0.0,0.0,0.0,0.0,,
0.0008163265306122449,0.07857142857142857,0.015312038235965452,0.015312038235965159,-2.931682674400804e-16,1.9082115061662241,1.9082117555983331,0.0,0.0,0.0,0.0,,
0.0008163265306122449,0.08571428571428572,0.01413032952419835,0.014130329524198055,-2.949029909160572e-16,1.8986435932827022,1.898643843072238,0.0,0.0,0.0,0.0,,
0.0008163265306122449,0.09285714285714286,0.013119602555960565,0.013119602555960022,-5.429684479807406e-16,1.8892287115266386,1.8892289616596647,0.0,0.0,0.0,0.0,,
0.0008163265306122449,0.1,0.012245295731975817,0.012245295731975313,-5.030698080332741e-16,1.879962956604775,1.879963207068015,0.0,0.0,0.0,0.0,,
0.0008163265306122449,0.10714285714285715,0.011481573149013114,0.011481573149012846,-2.688821387764051e-16,1.87084256129168,1.8708428120723792,0.0,0.0,0.0,0.0,,
0.0008163265306122449,0.1142857142857143,0.010808734430180673,0.010808734430180239,-4.3368086899420177e-16,1.8618638893102548,1.8618641403962441,0.0,0.0,0.0,0.0,,
0.0008163265306122449,0.12142857142857144,0.0102114954977127,0.010211495497712402,-2.983724378680108e-16,1.853023429543221,1.853023680922859,0.0,0.0,0.0,0.0,,
0.0008163265306122449,0.1285714285714286,0.009677816756884262,0.00967781675688383,-4.3194614551822497e-16,1.8443177905545627,1.8443180422166987,0.0,0.0,0.0,0.0,,
0.0008163265306122449,0.13571428571428573,0.009198085590139791,0.009198085590139446,-3.452099717193846e-16,1.83574369540137,1.8357439473353416,0.0,0.0,0.0,0.0,,
0.0008163265306122449,0.14285714285714285,0.008764534173630947,0.008764534173630784,-1.6306400674181987e-16,1.8272979767182091,1.8272982289137982,0.0,0.0,0.0,0.0,,
0.0008163265306122449,0.15000000000000002,0.008370817205818013,0.008370817205817838,-1.7520707107365752e-16,1.8189775720570815,1.8189778245044868,0.0,0.0,0.0,0.0,,
0.0008163265306122449,0.15714285714285714,0.008011700546699545,0.008011700546699297,-2.480654570646834e-16,1.8107795194675025,1.8107797721573409,0.0,0.0,0.0,0.0,,
0.0008163265306122449,0.1642857142857143,0.04214131537245118,0.04106455637645249,-0.0010767589959986903,1.9723521488291824,1.9697705007515238,1.7504376094022973,1.6906555695983123,1.0,1.0,964.7411852963241,964.6986010882271
0.0008163265306122449,0.17142857142857143,0.04185826756567568,0.04075953570403711,-0.0010987318616385647,2.257931023791459,2.2509433684940574,1.750437609402411,1.6894834864535375,1.0,1.0,915.2288072018005,915.0387777038819
0.0008163265306122449,0.1785714285714286,0.04158893014685084,0.04046924119111949,-0.0011196889557313489,2.5507811382224923,2.537388621058865,1.7504376094022973,1.6884081628522842,1.0,1.0,866.9667416854214,866.9170160502404
0.0008163265306122449,0.18571428571428572,0.041346240194877704,0.04020833667612158,-0.001137903518756124,2.8470828458773867,2.828948777817813,1.7504376094022973,1.6874180454527965,1.0,1.0,820.4551137784447,820.2099533034882
0.0008163265306122449,0.1928571428571429,0.04112972711745831,0.03997336861149962,-0.0011563585059586948,3.150510432168262,3.1255096074425754,1.7504376094023542,1.6865033625450456,1.0,1.0,774.9437359339836,774.807525432005
0.0008163265306122449,0.2,0.040935015169212885,0.03976138063220884,-0.0011736345370040452,3.4588907995087594,3.4269779868386454,1.7504376094023542,1.6856557714520028,1.0,1.0,730.682670667667,730.6110923624439
0.0008163265306122449,0.20714285714285718,0.04075927068727387,0.03956982882036606,-0.0011894418669078088,3.7715635428266023,3.733278788379069,1.750437609402411,1.6848680891445844,1.0,1.0,687.6719179794949,687.5318808940797
0.0008163265306122449,0.2142857142857143,0.040601138630319215,0.03939651318424501,-0.0012046254460742062,4.089511732309423,4.044352370053302,1.7504376094023542,1.6841341411520268,1.0,1.0,645.6614153538385,645.4896828068358
0.0008163265306122449,0.22142857142857142,0.04045846179199499,0.03923952240914788,-0.0012189393828471104,4.412219097349485,4.360152551379304,1.7504376094023542,1.6834485390572813,1.0,1.0,604.6511627906978,604.4117595118722
0.0008163265306122449,0.2285714285714286,0.040330460013100596,0.039097188737444194,-0.0012332712756564015,4.740857482353438,4.6806449558844845,1.7504376094022973,1.6828065825044183,1.0,1.0,564.3910977744437,564.2319150757438
0.0008163265306122449,0.2357142857142857,0.040214345283798726,0.03896805098807326,-0.001246294295725467,5.073348470339677,5.005805650348495,1.7504376094022973,1.6822041799896403,1.0,1.0,525.1312828207052,524.8897074268795
0.0008163265306122449,0.24285714285714288,0.04011087116634304,0.03885082417229836,-0.0012600469940446807,5.412674571921416,5.335620036000677,1.7504376094023542,1.6816377075738278,1.0,1.0,486.3715928982246,486.3297736801948
0.0008163265306122449,0.25,0.04001648491872378,0.03874437414137688,-0.001272110777346902,5.755077594079677,5.670081918087948,1.7504376094023542,1.6811039823223841,1.0,1.0,448.6121530382596,448.50125026259485
0.0008163265306122449,0.2571428571428572,0.039931129101579185,0.03864769658634218,-0.0012834325152370069,6.101909208378074,6.009192751234311,1.7504376094023542,1.6806001542718154,1.0,1.0,411.6029007251813,411.3572722263331
0.0008163265306122449,0.2642857142857143,0.03985487349141738,0.038559899232210704,-0.0012949742592066743,6.454640615104958,6.352960987881728,1.7504376094023542,1.6801237342122484,1.0,1.0,375.0937734433609,374.8545390534178
0.0008163265306122449,0.27142857142857146,0.03978677593605936,0.038480187083750235,-0.0013065888523091235,6.813038817411662,6.7014015694947044,1.7504376094023542,1.6796724672545686,1.0,1.0,339.0847711927982,338.952936561388
0.0008163265306122449,0.2785714285714286,0.03972486374396046,0.03840784973636312,-0.0013170140075973447,7.17503278931951,7.054535477888836,1.7504376094023542,1.679244350176305,1.0,1.0,303.8259564891223,303.61520636285184
0.0008163265306122449,0.28571428571428575,0.039670616860873656,0.03834225071680513,-0.0013283661440685254,7.5440805406680465,7.41238938225244,1.7504376094023542,1.6788375677773735,1.0,1.0,268.81720430107526,268.80665580739867
0.0008163265306122449,0.29285714285714287,0.039621091854135926,0.038990211280053706,-0.0006308805740822196,7.916254070041318,7.774995346617419,1.7504376094023542,1.7211892235607402,1.0,2.0,234.558639659915,234.49490252663932
0.0008163265306122449,0.3,0.09990823771650896,0.09463671651034172,-0.005271521206167237,8.334887949849996,8.301848941760612,3.7509377344336343,3.4712041735881956,2.0,2.0,200.8002000500125,200.64964867083634
0.0008163265306122449,0.30714285714285716,0.10274764253164652,0.09474343431419271,-0.008004208217453804,8.916299273616351,8.869490994249315,3.7509377344336485,3.470068170985907,2.0,2.0,167.29182295573895,167.2424807145412
0.0008163265306122449,0.3142857142857143,0.1028914002759357,0.09483154790033815,-0.008059852375597545,9.509544006792673,9.448538951467663,3.7509377344335917,3.468983255798232,2.0,2.0,134.2835708927232,134.24669135599353
0.0008163265306122449,0.32142857142857145,0.10303814157265764,0.09492600227461226,-0.008112139298045384,10.11494058857669,10.039147531032393,3.7509377344336414,3.4679458173399347,2.0,2.0,101.77544386096525,101.6371205681367
0.0008163265306122449,0.32857142857142857,0.10318978338310635,0.09502627299839654,-0.008163510384709805,10.732821252105532,10.641508095271439,3.7509377344335917,3.466952668566957,2.0,2.0,69.51737934483621,69.39001327195763
0.0008163265306122449,0.33571428571428574,0.10334664607565919,0.09513180320728383,-0.008214842868375358,11.364657853748204,11.255814450504827,3.7509377344335846,3.4660125660069774,2.0,2.0,37.50937734433609,37.482868203360965
0.0008163265306122449,0.34285714285714286,0.1031756595657855,0.09519499493627415,-0.007980664629511358,11.994704476022083,11.874721708842435,3.750937734433645,3.4741162759950406,2.0,2.0,6.001500375093774,5.876543518251851
0.0008163265306122449,0.35000000000000003,0.10960546076826345,0.09714837267051063,-0.012457088097752825,12.520574184982646,12.300981925184496,3.8759689922480987,3.569956345271205,1.0,1.0,826.9567391847962,765.7331406714723
0.0008163265306122449,0.35714285714285715,0.10950989017427751,0.09965584246851793,-0.00985404770575958,12.861127052882848,12.701817839273168,3.8759689922480987,3.6611352466134144,1.0,1.0,802.9507376844211,765.6816834493286
0.0008163265306122449,0.3642857142857143,0.10942030627349715,0.10215307753409507,-0.007267228739402082,13.204618850706982,13.101125545966944,3.8759689922480987,3.75304357611167,1.0,1.0,779.194798699675,765.6291319967517
0.0008163265306122449,0.37142857142857144,0.11632561440696067,0.10464012909013905,-0.01168548531682162,13.690587060137736,13.498913213631177,4.126031507877006,3.845692042596059,1.0,1.0,819.454863715929,765.5755080223411
0.0008163265306122449,0.3785714285714286,0.11623787014459057,0.1071170656478746,-0.00912080449671597,14.032555526435589,13.895191759561735,4.126031507876949,3.9390862018655777,1.0,1.0,796.6991747936985,765.5208315425414
0.0008163265306122449,0.38571428571428573,0.11615516190537156,0.10958397377255677,-0.0065711881328147925,14.377051192062254,14.289974989815304,4.126031507877006,4.033226442235176,1.0,1.0,774.1935483870968,765.4651209586161
0.0008163265306122449,0.39285714285714285,0.12277967597515461,0.11204095883367853,-0.01073871714147609,14.848074961617058,14.683279715558186,4.376094023505914,4.128107876653669,1.0,1.0,811.2028007001751,765.4083931350127
0.0008163265306122449,0.4,0.12269781501688484,0.11448814547977314,-0.008209669537111705,15.190301114365596,15.075125831354613,4.376094023505914,4.223720315771063,1.0,1.0,789.6974243560891,765.3506634830126
0.0012244897959183673,0.05,0.0315165529518316,0.031516552951830645,-9.575673587391975e-16,2.6922721813396344,2.69227242511035,0.0,0.0,0.0,0.0,,
0.0012244897959183673,0.05714285714285715,0.027977040637497515,0.027977040637496516,-9.992007221626409e-16,2.6768823885770856,2.6768826329542614,0.0,0.0,0.0,0.0,,
0.0012244897959183673,0.0642857142857143,0.025152198986467554,0.02515219898646708,-4.753142324176451e-16,2.6617475725907633,2.66174781754988,0.0,0.0,0.0,0.0,,
0.0012244897959183673,0.07142857142857142,0.022845563575171948,0.022845563575171583,-3.642919299551295e-16,2.646860977532151,2.64686122304978,0.0,0.0,0.0,0.0,,
0.0012244897959183673,0.07857142857142857,0.020926632836788864,0.020926632836788254,-6.106226635438361e-16,2.6322160940935073,2.6322163401473273,0.0,0.0,0.0,0.0,,
0.0012244897959183673,0.08571428571428572,0.019305328199162062,0.019305328199161573,-4.891920202254596e-16,2.61780664806265,2.6178068946313924,0.0,0.0,0.0,0.0,,
0.0012244897959183673,0.09285714285714286,0.01791746775731197,0.01791746775731141,-5.585809592645319e-16,2.6036265895216144,2.6036268365849415,0.0,0.0,0.0,0.0,,
0.0012244897959183673,0.1,0.016716084095083447,0.016716084095083142,-3.0531133177191805e-16,2.589670082646209,2.589670330184712,0.0,0.0,0.0,0.0,,
0.0012244897959183673,0.10714285714285715,0.015666015577499498,0.01566601557749896,-5.377642775528102e-16,2.575931496067463,2.575931744062568,0.0,0.0,0.0,0.0,,
0.0012244897959183673,0.1142857142857143,0.014740416337818158,0.014740416337817832,-3.2612801348363973e-16,2.5624053937589717,2.562405642192959,0.0,0.0,0.0,0.0,,
0.0012244897959183673,0.12142857142857144,0.01391843520619327,0.013918435206192717,-5.533767888366015e-16,2.5490865264160596,2.5490867752719426,0.0,0.0,0.0,0.0,,
0.0012244897959183673,0.1285714285714286,0.013183630952520857,0.013183630952520627,-2.3071822230491534e-16,2.5359698232960026,2.535970072557548,0.0,0.0,0.0,0.0,,
0.0012244897959183673,0.13571428571428573,0.012522865016842771,0.012522865016842405,-3.660266534311063e-16,2.523050384490244,2.523050634141913,0.0,0.0,0.0,0.0,,
0.0012244897959183673,0.14285714285714285,0.011925511908094466,0.01192551190809416,-3.0531133177191805e-16,2.5103234736018196,2.5103237236287064,0.0,0.0,0.0,0.0,,
0.0012244897959183673,0.15000000000000002,0.011382885796905766,0.011382885796905454,-3.122502256758253e-16,2.497784510803142,2.497784761191005,0.0,0.0,0.0,0.0,,
0.0012244897959183673,0.15714285714285714,0.010887817256467558,0.010887817256467225,-3.3306690738754696e-16,2.485429066250874,2.4854293169860324,0.0,0.0,0.0,0.0,,
0.0012244897959183673,0.1642857142857143,0.04688755791321705,0.045916039081956475,-0.0009715188312605719,2.661328498250367,2.659596177271013,1.750437609402411,1.699363527842798,1.0,1.0,961.4903725931483,961.3220537446223
0.0012244897959183673,0.17142857142857143,0.04640535771719695,0.045404252118651865,-0.0010011055985450837,2.9436383253499545,2.9374072452953652,1.7504376094022973,1.6977639298886065,1.0,1.0,911.9779944986248,911.7999933137636
0.0012244897959183673,0.1785714285714286,0.045959924522243546,0.04493196656118524,-0.0010279579610583053,3.232181169044246,3.2209133758514943,1.750437609402411,1.696298020245741,1.0,1.0,863.9659914978745,863.8039774984032
0.0012244897959183673,0.18571428571428572,0.04555506216278479,0.044502619869278635,-0.0010524422935061575,3.526014387834205,3.5099187548881408,1.750437609402411,1.6949498197005601,1.0,1.0,817.4543635908977,817.2120515577998
0.0012244897959183673,0.1928571428571429,0.04518786889832766,0.044111300936193205,-0.001076567962134456,3.8273345770324436,3.804268680792964,1.7504376094023542,1.6937057751638356,1.0,1.0,771.9429857464366,771.915348938456
0.0012244897959183673,0.2,0.04485163632817921,0.04375379787279683,-0.0010978384553823814,4.132362174575244,4.1038354267804005,1.7504376094023542,1.692554300825578,1.0,1.0,727.931982995749,727.816254005873
0.0012244897959183673,0.20714285714285718,0.044544766346948324,0.04342647921131151,-0.0011182871356368168,4.443501193366455,4.408514126113134,1.7504376094023542,1.69148544484051,1.0,1.0,684.9212303075769,684.8268747998196
0.0012244897959183673,0.2142857142857143,0.04426389915276691,0.043126198233459735,-0.0011377009193071774,4.760178113735904,4.7182194613055515,1.7504376094022973,1.6904906330455565,1.0,1.0,642.9107276819205,642.8677650424002
0.0012244897959183673,0.22142857142857142,0.04400609394122204,0.04285021558870931,-0.0011558783525127334,5.081850407940256,5.032882986696468,1.750437609402411,1.6895624213328124,1.0,1.0,601.9004751187797,601.8668480783714
0.0012244897959183673,0.2285714285714286,0.04376876535805185,0.04259613617914597,-0.0011726291789058846,5.408002804465441,5.352450945372732,1.7504376094022973,1.6886943137214991,1.0,1.0,561.8904726181546,561.7585055798214
0.0012244897959183673,0.2357142857142857,0.04355076350873299,0.04236185733763134,-0.0011889061711016502,5.7398482608857675,5.676882476995037,1.7504376094022973,1.6878806336550047,1.0,1.0,522.6306576644162,522.4828015844171
0.0012244897959183673,0.24285714285714288,0.04335006746408561,0.04214552610410596,-0.0012045413599796467,6.076999335887642,6.00614814815751,1.7504376094023257,1.6871163745759992,1.0,1.0,484.1210302575644,483.9848183869712
0.0012244897959183673,0.25,0.04316487997240764,0.04194550364436411,-0.001219376328043524,6.41908669244135,6.340228726442313,1.7504376094023257,1.6863971404382032,1.0,1.0,446.36159039759946,446.2140854176842
0.0012244897959183673,0.2571428571428572,0.04299359718567783,0.0417603356882697,-0.001233261497408128,6.76575712480917,6.67911418085772,1.7504376094023542,1.6857189980219123,1.0,1.0,409.35233808452114,409.12408584606436
0.0012244897959183673,0.2642857142857143,0.042835917391387215,0.04158872750333676,-0.0012471898880504553,7.11848579455585,7.022802823495665,1.7504376094023542,1.6850784934998961,1.0,1.0,372.8432108027007,372.6718284890771
0.0012244897959183673,0.27142857142857146,0.04269055237578251,0.04142952297010886,-0.0012610294056736512,7.477028546548467,7.371300616510771,1.7504376094023542,1.6844725473085425,1.0,1.0,336.8342085521381,336.81747485286843
0.0012244897959183673,0.2785714285714286,0.04255520670608761,0.041281686867731315,-0.0012735198383562948,7.839284158998347,7.724620601266305,1.7504376094023542,1.6838983548048423,1.0,1.0,301.5753938484621,301.5240129331448
0.0012244897959183673,0.28571428571428575,0.042429966667494,0.041144289583535165,-0.001285677083958832,8.206844059670617,8.082782388001313,1.7504376094023542,1.6833534429722938,1.0,1.0,266.816704176044,266.7569708425095
0.0012244897959183673,0.29285714285714287,0.042313883166262375,0.08019654985011425,0.03788266668385187,8.579495005072078,8.447471456966648,1.7504376094023542,3.4865836138254984,1.0,2.0,232.55813953488374,232.4841644972037
0.0012244897959183673,0.3,0.10590501808086067,0.09933898313658414,-0.00656603494427653,9.01918078232684,8.986738731206056,3.7509377344336485,3.4849864936259127,2.0,2.0,198.79969992498127,198.6754745423171
0.0012244897959183673,0.30714285714285716,0.1071590235767028,0.09932801549528035,-0.007831008081422453,9.599865535402435,9.555654936868663,3.7509377344336485,3.483465144637741,2.0,2.0,165.5413853463366,165.30264846689897
0.0012244897959183673,0.3142857142857143,0.10720550498200174,0.0993133016020143,-0.00789220337998743,10.194734948666067,10.136256132203595,3.750937734433535,3.4820141633215846,2.0,2.0,132.53313328332084,132.33912449391178
0.0012244897959183673,0.32142857142857145,0.10726227418705044,0.09930948635865959,-0.007952787828390845,10.80408757955427,10.728695220036562,3.7509377344336414,3.4806286291684976,2.0,2.0,99.77494373593399,99.75987435279683
0.0012244897959183673,0.32857142857142857,0.10732392730214498,0.09931574261767981,-0.008008184684465167,11.422101119922472,11.333153413185876,3.7509377344335846,3.4793040076911006,2.0,2.0,67.76694173543386,67.54126243229592
0.0012244897959183673,0.33571428571428574,0.10739617330725733,0.09933121537574247,-0.008064957931514863,12.056383440262168,11.949811081954833,3.7509377344335917,3.4780535350670125,2.0,2.0,35.75893973493373,35.66088507488335
0.0012244897959183673,0.34285714285714286,0.10698605255024769,0.0992861508186107,-0.007699901731636996,12.681331571249826,12.567759783229928,3.750937734433645,3.490086233575132,2.0,2.0,4.251062765691423,4.071491812475144
0.0012244897959183673,0.35000000000000003,0.11363048578778198,0.10138600840536022,-0.012244477382421765,13.198361317551653,12.984511104735342,3.875968992248042,3.587236952575042,1.0,1.0,823.9559889972494,765.4056042565477
0.0012244897959183673,0.35714285714285715,0.11345682471093674,0.10389095630161448,-0.009565868409322262,13.537887989636236,13.385182236711186,3.875968992248042,3.6787156188016543,1.0,1.0,799.9499874968743,765.3543683867588
0.0012244897959183673,0.3642857142857143,0.11329209321198895,0.10638565484533917,-0.006906438366649781,13.88045177465274,13.784322385190304,3.875968992247985,3.7709282535797706,1.0,1.0,776.1940485121281,765.3020404189278
0.0012244897959183673,0.37142857142857144,0.12028128365012125,0.10887015752861977,-0.011411126121501483,14.367714328074051,14.181940053275937,4.126031507876949,3.863884965135369,1.0,1.0,816.4541135283822,765.2486419735454
0.0012244897959183673,0.3785714285714286,0.1201210570763152,0.11134453496731915,-0.008776522108996043,14.708746745157777,14.578046509373241,4.126031507877006,3.957590911656737,1.0,1.0,793.6984246061515,765.194192970245
0.0012244897959183673,0.38571428571428573,0.11996686488597316,0.1138088763719749,-0.006157988513998264,15.050658762510466,14.972655960195254,4.126031507876892,4.052045773822468,1.0,1.0,771.4428607151789,765.1387116943987
0.0012244897959183673,0.39285714285714285,0.12666525841182213,0.11626328958829112,-0.010401968823531019,15.522858937217782,15.36578563019751,4.3760940235058,4.147244148884786,1.0,1.0,808.4521130282571,765.0822148888873
0.0012244897959183673,0.4,0.12651590484056724,0.11870790212612792,-0.007808002714439322,15.864194995035303,15.757455862725799,4.3760940235058,4.243175104682452,1.0,1.0,786.9467366841711,765.024717830515
0.0016326530612244899,0.05,0.03982870303890528,0.0398287030389042,-1.0824674490095276e-15,3.43580300067872,3.435803240396755,0.0,0.0,0.0,0.0,,
0.0016326530612244899,0.05714285714285715,0.03537446359008527,0.03537446359008383,-1.4363510381087963e-15,3.4152566993171853,3.415256939826855,0.0,0.0,0.0,0.0,,
0.0016326530612244899,0.0642857142857143,0.03181334653629845,0.031813346536297776,-6.730727086790012e-16,3.3950498899408057,3.39505013120993,0.0,0.0,0.0,0.0,,
0.0016326530612244899,0.07142857142857142,0.028901389952250462,0.028901389952249543,-9.194034422677078e-16,3.375173593542816,3.3751738355406524,0.0,0.0,0.0,0.0,,
0.0016326530612244899,0.07857142857142857,0.026476064965850907,0.026476064965850088,-8.187894806610529e-16,3.3556191583198274,3.355619401017114,0.0,0.0,0.0,0.0,,
0.0016326530612244899,0.08571428571428572,0.0244249155670273,0.024424915567026768,-5.30825383648903e-16,3.336378244500852,3.3363784878696667,0.0,0.0,0.0,0.0,,
0.0016326530612244899,0.09285714285714286,0.022667654342441813,0.02266765434244101,-8.049116928532385e-16,3.3174428100285627,3.317443054042154,0.0,0.0,0.0,0.0,,
0.0016326530612244899,0.1,0.021145427795936925,0.021145427795936086,-8.396061623727746e-16,3.2988050970361984,3.298805341669145,0.0,0.0,0.0,0.0,,
0.0016326530612244899,0.10714285714285715,0.019814111326108216,0.019814111326107393,-8.222589276130066e-16,3.2804576190691463,3.280457864297064,0.0,0.0,0.0,0.0,,
0.0016326530612244899,0.1142857142857143,0.018639972979954268,0.018639972979953803,-4.649058915617843e-16,3.2623931490021247,3.2623933948017614,0.0,0.0,0.0,0.0,,
0.0016326530612244899,0.12142857142857144,0.017596783947517666,0.017596783947516976,-6.904199434387692e-16,3.2446047076084943,3.2446049539575537,0.0,0.0,0.0,0.0,,
0.0016326530612244899,0.1285714285714286,0.016663842324822285,0.01666384232482184,-4.440892098500626e-16,3.227085552739825,3.2270857996170457,0.0,0.0,0.0,0.0,,
0.0016326530612244899,0.13571428571428573,0.015824590237511777,0.01582459023751146,-3.157196726277789e-16,3.209829169077931,3.209829416462926,0.0,0.0,0.0,0.0,,
0.0016326530612244899,0.14285714285714285,0.015065626382883246,0.015065626382882637,-6.088879400678593e-16,3.192829258423573,3.1928295062967433,0.0,0.0,0.0,0.0,,
0.0016326530612244899,0.15000000000000002,0.014375988081011178,0.014375988081010635,-5.429684479807406e-16,3.1760797304889983,3.1760799788316842,0.0,0.0,0.0,0.0,,
0.0016326530612244899,0.15714285714285714,0.013746620751602875,0.01374662075160256,-3.139849491518021e-16,3.1595746941638434,3.159574942958135,0.0,0.0,0.0,0.0,,
0.0016326530612244899,0.1642857142857143,0.05158350646555031,0.050735241423561575,-0.0008482650419887328,3.3512385468177803,3.3489703140348714,1.750437609402411,1.7081067421066114,1.0,1.0,957.9894973743436,957.9572401965744
0.0016326530612244899,0.17142857142857143,0.05090927100285039,0.050023574659236576,-0.0008856963436138163,3.6289194224502066,3.623475301056007,1.7504376094022973,1.706076192023466,1.0,1.0,908.7271817954489,908.5718259868457
0.0016326530612244899,0.1785714285714286,0.05029209889825728,0.049371107849053394,-0.000920991049203887,3.9146834855041672,3.9040949838162824,1.7504376094023542,1.704216797027039,1.0,1.0,860.7151787946988,860.7005805200976
0.0016326530612244899,0.18571428571428572,0.04972681327634153,0.0487749399944853,-0.0009518732818562248,4.204613829029495,4.1905917537024004,1.7504376094022973,1.7025079415703666,1.0,1.0,814.4536134033509,814.2229347566406
0.0016326530612244899,0.1928571428571429,0.049210385953557347,0.048228728019180725,-0.0009816579343766216,4.502326396674256,4.482771450165247,1.7504376094022973,1.7009322775353217,1.0,1.0,769.1922980745187,769.0312014334646
0.0016326530612244899,0.2,0.048736077179768106,0.04772702583982466,-0.0010090513399434453,4.8055651308210585,4.780472571608704,1.7504376094022973,1.699474928580458,1.0,1.0,725.181295323831,725.0287744618373
0.0016326530612244899,0.20714285714285718,0.048300187454785176,0.04726513237652827,-0.001035055078256908,5.115203140845791,5.08356119533076,1.7504376094022973,1.6981231364596174,1.0,1.0,682.170542635659,682.1286308391449
0.0016326530612244899,0.2142857142857143,0.04789734346274916,0.046838969364048355,-0.0010583740987008053,5.42900651091163,5.391926895430154,1.7504376094022973,1.696865894447547,1.0,1.0,640.4101025256315,640.2520760318016
0.0016326530612244899,0.22142857142857142,0.04752614069230447,0.04644498233152158,-0.0010811583607828953,5.749642158888099,5.705479434612759,1.750437609402411,1.6956936753646012,1.0,1.0,599.3998499624906,599.3276867988003
0.0016326530612244899,0.2285714285714286,0.04718217796625415,0.0460800598927131,-0.0011021180735410543,6.074967864364451,6.024146073956554,1.7504376094023542,1.6945981591707102,1.0,1.0,559.3898474618655,559.2904152587788
0.0016326530612244899,0.2357142857142857,0.04686372965693848,0.045741467410505283,-0.001122262246433199,6.406189208285058,6.347869364886787,1.7504376094022973,1.6935720495996072,1.0,1.0,520.1300325081271,520.0808255100858
0.0016326530612244899,0.24285714285714288,0.046567102945745446,0.04542679210444506,-0.001140310841300389,6.741153446586988,6.676605320245905,1.7504376094023542,1.692608970374568,1.0,1.0,481.87046761690425,481.6444398905997
0.0016326530612244899,0.25,0.04629232641941701,0.045133897572772634,-0.0011584288466443757,7.08294170832529,7.010321914640636,1.7504376094023542,1.6917032873490832,1.0,1.0,444.1110277569393,443.9311764501621
0.0016326530612244899,0.2571428571428572,0.046036232171173384,0.04486088572445158,-0.001175346446721806,7.4294663057786225,7.348997833669295,1.7504376094023542,1.6908500030287548,1.0,1.0,407.101775443861,406.89486271730055
0.0016326530612244899,0.2642857142857143,0.04579815677593561,0.044606064822917936,-0.001192091953017671,7.782206494846105,7.69262143474406,1.7504376094023542,1.6900446569605272,1.0,1.0,370.5926481620405,370.4928136081796
0.0016326530612244899,0.27142857142857146,0.04557532858738248,0.044367922416793756,-0.0012074061705887248,8.139046766662462,8.041189864638623,1.7504376094023542,1.6892833019606774,1.0,1.0,334.8337084271068,334.68546351978904
0.0016326530612244899,0.2785714285714286,0.04536742986255289,0.044145102519410166,-0.0012223273431427248,8.501548400793018,8.394708339744266,1.7504376094023542,1.688562402874232,1.0,1.0,299.5748937234309,299.43604440266165
0.0016326530612244899,0.28571428571428575,0.04517313826679412,0.04393638609132348,-0.0012367521754706456,8.869479286885008,8.753189532248074,1.7504376094023542,1.6878788021160294,1.0,1.0,264.8162040510128,264.71030301683976
0.0016326530612244899,0.29285714285714287,0.044991256318565986,0.0925802476956174,0.047588991377051415,9.242617155880202,9.124273738611718,1.7504376094023542,3.5008523018041178,1.0,2.0,230.55763940985247,230.47625171344836
0.0016326530612244899,0.3,0.11104385189698356,0.10402147776645565,-0.007022374130527906,9.704118214383364,9.67170974163361,3.7509377344336485,3.4988444970571457,2.0,2.0,196.79919979995,196.7039480096388
0.0016326530612244899,0.30714285714285716,0.11152882247332428,0.10389730705492277,-0.007631515418401513,10.28535025888718,10.241931438833385,3.7509377344336485,3.4969336381705967,2.0,2.0,163.54088522130533,163.3652989805364
0.0016326530612244899,0.3142857142857143,0.11148049656369302,0.10378030722774335,-0.007700189335949667,10.881923354122822,10.824118980008814,3.7509377344335775,3.4951127736945655,2.0,2.0,130.53263315828957,130.43388711260027
0.0016326530612244899,0.32142857142857145,0.11144356268839732,0.10367873134325405,-0.007764831345143275,11.489624497391445,11.418419920786844,3.750937734433535,3.4933755183534254,2.0,2.0,98.02450612653163,97.88481477461336
0.0016326530612244899,0.32857142857142857,0.11142072749871339,0.10359145473381143,-0.00782927276490196,12.111913545915685,12.025005500388277,3.7509377344335917,3.491716144362001,2.0,2.0,65.76644161040261,65.69456482438018
0.0016326530612244899,0.33571428571428574,0.11140780687571457,0.10351731299264276,-0.007890493883071809,12.746517431786026,12.644040730396647,3.7509377344336414,3.4901548567111624,2.0,2.0,34.008502125531386,33.840825272657305
0.0016326530612244899,0.34285714285714286,0.11068787284076953,0.10335408127269163,-0.0073337915680778965,13.364878280448423,13.259359749268494,3.750937734433645,3.5081237896636615,2.0,2.0,2.5006251562890727,2.2644413749716485
0.0016326530612244899,0.35000000000000003,0.11761901784077271,0.10562018274572567,-0.011998835095047039,13.875833668913764,13.668016133484294,3.8759689922480987,3.604639697921814,1.0,1.0,820.9552388097025,765.0784863032203
0.0016326530612244899,0.35714285714285715,0.11736866162676403,0.10812260717404507,-0.009246054452718963,14.214357132476096,14.068521808911374,3.8759689922480987,3.6964203228097197,1.0,1.0,796.9492373093274,765.0274722896785
0.0016326530612244899,0.3642857142857143,0.11712852719264008,0.11061476792084673,-0.006513759271793346,14.554287498455164,14.467493752286446,3.8759689922480987,3.788939358820792,1.0,1.0,773.4433608402101,764.9753683152935
0.0016326530612244899,0.37142857142857144,0.12420142858694923,0.11309672055093664,-0.011104708036012587,15.044535399090396,14.864940796003737,4.126031507876949,3.882206468287043,1.0,1.0,813.4533633408353,764.922195914432
0.0016326530612244899,0.3785714285714286,0.12396840577662444,0.11556853805283328,-0.008399867723791157,15.382942828993212,15.260874576983804,4.126031507877006,3.9762262331176337,1.0,1.0,790.9477369342336,764.8679749012493
0.0016326530612244899,0.38571428571428573,0.1237471109514186,0.11803031207703188,-0.005716798874386725,15.725726747983005,15.655309696792633,4.126031507877006,4.070997786798401,1.0,1.0,768.4421105276319,764.8127234448656
0.0016326530612244899,0.39285714285714285,0.13051786828399217,0.12048215320918583,-0.010035715074806342,16.19902514239166,16.04826381025427,4.376094023505914,4.166515034055922,1.0,1.0,805.4513628407102,764.7564581639401
0.0016326530612244899,0.4,0.1303022040548592,0.12292419164785479,-0.0073780124070044195,16.539521922702203,16.43975770667928,4.376094023505914,4.262766441589339,1.0,1.0,783.9459864966242,764.6991941938968
0.0020408163265306124,0.05,0.04799708157841828,0.04799708157841643,-1.85268467234323e-15,4.178690293636537,4.178690529327565,0.0,0.0,0.0,0.0,,
0.0020408163265306124,0.05714285714285715,0.0426581109803693,0.042658110980368695,-6.036837696399289e-16,4.152998679970892,4.152998916637732,0.0,0.0,0.0,0.0,,
0.0020408163265306124,0.0642857142857143,0.0383822685801609,0.038382268580159536,-1.366962099069724e-15,4.127730767408447,4.127731005011159,0.0,0.0,0.0,0.0,,
0.0020408163265306124,0.07142857142857142,0.03488098722689183,0.03488098722689049,-1.339206523454095e-15,4.102875365208431,4.1028756037090846,0.0,0.0,0.0,0.0,,
0.0020408163265306124,0.07857142857142857,0.0319614639991566,0.031961463999156316,-2.8449465006019636e-16,4.078421689956627,4.078421929319039,0.0,0.0,0.0,0.0,,
0.0020408163265306124,0.08571428571428572,0.029489978232607843,0.029489978232607048,-7.945033519973776e-16,4.054359346699081,4.054359586888659,0.0,0.0,0.0,0.0,,
0.0020408163265306124,0.09285714285714286,0.027370870747707412,0.027370870747706746,-6.661338147750939e-16,4.03067831113476,4.030678552118565,0.0,0.0,0.0,0.0,,
0.0020408163265306124,0.1,0.025533901604873246,0.025533901604872532,-7.147060721024445e-16,4.0073689127968635,4.007369154543337,0.0,0.0,0.0,0.0,,
0.0020408163265306124,0.10714285714285715,0.023926332956225503,0.023926332956225174,-3.2959746043559335e-16,3.984421819159111,3.9844220616381834,0.0,0.0,0.0,0.0,,
0.0020408163265306124,0.1142857142857143,0.022507797449158626,0.02250779744915803,-5.967448757360216e-16,3.961828020606748,3.961828263789603,0.0,0.0,0.0,0.0,,
0.0020408163265306124,0.12142857142857144,0.02124687211092308,0.0212468721109223,-7.806255641895632e-16,3.9395788162176477,3.939579060076769,0.0,0.0,0.0,0.0,,
0.0020408163265306124,0.1285714285714286,0.020118731137427848,0.020118731137427393,-4.544975507059235e-16,3.9176658003019105,3.9176660448110034,0.0,0.0,0.0,0.0,,
0.0020408163265306124,0.13571428571428573,0.01910350097378377,0.01910350097378341,-3.608224830031759e-16,3.8960808496528663,3.8960810947866764,0.0,0.0,0.0,0.0,,
0.0020408163265306124,0.14285714285714285,0.01818508418217756,0.018185084182176812,-7.4593109467002705e-16,3.874816111465209,3.874816357199561,0.0,0.0,0.0,0.0,,
0.0020408163265306124,0.15000000000000002,0.017350303298071523,0.017350303298071117,-4.0592529337857286e-16,3.8538639918793,3.853864238191144,0.0,0.0,0.0,0.0,,
0.0020408163265306124,0.15714285714285714,0.01658826751219234,0.0165882675121918,-5.412337245047638e-16,3.8332171451138466,3.8332173919810097,0.0,0.0,0.0,0.0,,
0.0020408163265306124,0.1642857142857143,0.05622935611568122,0.05552484460689818,-0.0007045115087830414,4.039253714399246,4.037896897854729,1.7504376094023542,1.7168855171126784,1.0,1.0,954.7386846711679,954.6040597998887
0.0020408163265306124,0.17142857142857143,0.05537061573898023,0.05461768179198731,-0.0007529339469929189,4.313779729018713,4.309152986464818,1.750437609402411,1.7144205815042375,1.0,1.0,905.4763690922731,905.3541887527394
0.0020408163265306124,0.1785714285714286,0.054583716049199274,0.05378682602168198,-0.0007968900275172955,4.595334574605691,4.586938122538306,1.7504376094023542,1.7121646957763013,1.0,1.0,857.7144286071518,857.606749526919
0.0020408163265306124,0.18571428571428572,0.053861978216665364,0.0530254427052586,-0.0008365355114067635,4.882884893521874,4.870971805740599,1.750437609402411,1.7100926064769744,1.0,1.0,811.452863215804,811.2425368521095
0.0020408163265306124,0.1928571428571429,0.05319999189328625,0.05232578212391806,-0.0008742097693681949,5.178567294713243,5.161021406209417,1.750437609402411,1.708183047425701,1.0,1.0,766.1915478869718,766.1550249181726
0.0020408163265306124,0.2,0.05258873048126755,0.05168118503603105,-0.0009075454452364962,5.478502181958789,5.45689245726003,1.7504376094023542,1.7064178070751956,1.0,1.0,722.4306076519131,722.248602563154
0.0020408163265306124,0.20714285714285718,0.05202472396734348,0.05108589844141798,-0.0009388255259254949,5.785058379585957,5.758422647925463,1.7504376094023542,1.7047812881879516,1.0,1.0,679.6699174793699,679.4371036756858
0.0020408163265306124,0.2142857142857143,0.05150407197655885,0.050534927490822765,-0.0009691444857360884,6.099251863065647,6.065476997378697,1.750437609402411,1.703260031394894,1.0,1.0,637.6594148537134,637.642575441421
0.0020408163265306124,0.22142857142857142,0.05102001077250007,0.050023915338995584,-0.0009960954335044847,6.417231909042402,6.377943939542233,1.7504376094023542,1.7018424017413059,1.0,1.0,596.8992248062016,596.794239652582
0.0020408163265306124,0.2285714285714286,0.050570965671234286,0.04954904532449498,-0.0010219203467393065,6.741753928332215,6.695732153357924,1.7504376094023542,1.7005181639920925,1.0,1.0,556.8892223055765,556.8276118275911
0.0020408163265306124,0.2357142857142857,0.05015232783261048,0.04910696002369292,-0.0010453678089175564,7.070638368435928,7.018767912859705,1.7504376094022973,1.6992785072769043,1.0,1.0,517.8794698674669,517.6837501680242
0.0020408163265306124,0.24285714285714288,0.04976336319618959,0.04869469504584154,-0.0010686681503480483,7.406901254180161,7.34699296748305,1.7504376094023542,1.6981155955931178,1.0,1.0,479.3698424606152,479.3086119927085
0.0020408163265306124,0.25,0.049399031608761274,0.04830962349405836,-0.0010894081147029139,7.746643321067402,7.680362744827929,1.7504376094023542,1.6970225103548735,1.0,1.0,441.8604651162791,441.652499648946
0.0020408163265306124,0.2571428571428572,0.04905922510015664,0.04794940952558302,-0.001109815574573618,8.093037320296194,8.018844847439455,1.7504376094023542,1.695993207360153,1.0,1.0,404.85121280320084,404.66958131713056
0.0020408163265306124,0.2642857142857143,0.048741768050794346,0.047611969672617896,-0.0011297983781764498,8.445803182990844,8.362417844134542,1.7504376094023257,1.695022253965727,1.0,1.0,368.3420855213804,368.31747481912674
0.0020408163265306124,0.27142857142857146,0.04844354892980383,0.04729543988919735,-0.0011481090406064778,8.802795337428432,8.71107022539174,1.7504376094023542,1.6941047951346269,1.0,1.0,332.5831457864466,332.5568846806577
0.0020408163265306124,0.2785714285714286,0.048162809166271144,0.04699814756385677,-0.0011646616024143727,9.163674418857399,9.064799517545826,1.7504376094023542,1.6932365477958236,1.0,1.0,297.57439359839964,297.3512844085597
0.0020408163265306124,0.28571428571428575,0.047900272907388596,0.04671858792682491,-0.001181684980563688,9.531986430209864,9.42361158046352,1.7504376094023542,1.6924136315996299,1.0,1.0,262.8157039259815,262.666637319955
0.0020408163265306124,0.29285714285714287,0.047653342759647305,0.10193742562154554,0.05428408286189823,9.905620671072283,9.80396006480198,1.75043760940234,3.5152021116809937,1.0,2.0,228.55713928482123,228.47115037250336
0.0020408163265306124,0.3,0.11577133543748297,0.10868578501649179,-0.007085550420991182,10.389305348897773,10.356763819431185,3.7509377344335917,3.512779032060646,2.0,2.0,194.79869967491874,194.7350563507896
0.0020408163265306124,0.30714285714285716,0.11585764625303199,0.10845135714185607,-0.007406289111175926,10.972295428860038,10.928323551064384,3.7509377344336343,3.510474405332936,2.0,2.0,161.5403850962741,161.43042050317547
0.0020408163265306124,0.3142857142857143,0.11571501744412076,0.10823261022019393,-0.007482407223926832,11.569118684455011,11.512130337044674,3.7509377344335917,3.5082797133771257,2.0,2.0,128.53213303325833,128.530968331691
0.0020408163265306124,0.32142857142857145,0.11558954369076767,0.10803378105111637,-0.007555762639651298,12.178838241250237,12.108324274233391,3.750937734433535,3.5061871397076194,2.0,2.0,96.02400600150038,96.0119317388354
0.0020408163265306124,0.32857142857142857,0.11547988570167719,0.10785345182915143,-0.007626433872525762,12.801292692444964,12.717066832603294,3.750937734433588,3.504189631057672,2.0,2.0,64.01600400100025,63.8499110595475
0.0020408163265306124,0.33571428571428574,0.11538350165004956,0.10769013089907796,-0.007693370750971595,13.436704986577569,13.338504715325943,3.7509377344336485,3.5023182558012214,2.0,2.0,32.25806451612903,32.02267770869967
0.0020408163265306124,0.34285714285714286,0.11419169819664789,0.10739376401132561,-0.006797934185322277,14.042646811402621,13.948684005179217,3.750937734433645,3.529220545629507,2.0,2.0,0.5001250312578145,0.4535938141489169
0.0020408163265306124,0.35000000000000003,0.1215715481041733,0.10985089741861036,-0.011720650685562939,14.552994945881453,14.351496886103241,3.875968992247985,3.6221660361712584,1.0,1.0,817.9544886221556,764.7517861820268
0.0020408163265306124,0.35714285714285715,0.12124427624424872,0.11235079683319911,-0.008893479411049607,14.888835246816356,14.751836427221521,3.875968992248042,3.714250825150523,1.0,1.0,794.1985496374094,764.7009945376345
0.0020408163265306124,0.3642857142857143,0.12093317668951187,0.11484041852357707,-0.006092758165934797,15.229575041281457,15.150639518126185,3.875968992248042,3.8070783837029034,1.0,1.0,770.4426106526632,764.6491150760359
0.0020408163265306124,0.37142857142857144,0.12808652281183053,0.1173198199700132,-0.010766702841817327,15.721053874813965,15.547915314444667,4.126031507877006,3.9006580471032093,1.0,1.0,810.4526131532883,764.5961692413931
0.0020408163265306124,0.3785714285714286,0.12778354603546002,0.11978907673914405,-0.007994469296315976,16.058559374840495,15.943675836024187,4.126031507876949,3.9949936859222386,1.0,1.0,787.9469867466868,764.5421767402474
0.0020408163265306124,0.38571428571428573,0.12749314863650243,0.1222482828026758,-0.005244865833826634,16.398781418085676,16.33793607767476,4.126031507876949,4.090083987734399,1.0,1.0,765.691422855714,764.4871556244999
0.0020408163265306124,0.39285714285714285,0.13433636744841873,0.1246975516250399,-0.009638815823378832,16.874897478508473,16.73071413568106,4.3760940235058,4.185922073546683,1.0,1.0,802.4506126531634,764.431122378921
0.0020408163265306124,0.4,0.13405555296952767,0.12713701609002312,-0.006918536879504555,17.214574653660534,17.122031249041008,4.376094023505857,4.282495825606749,1.0,1.0,780.9452363090774,764.3740919983106
0.0024489795918367346,0.05,0.05602538914189388,0.056025389141892534,-1.3461454173580023e-15,4.920935167479814,4.92093539916943,0.0,0.0,0.0,0.0,,
0.0024489795918367346,0.05714285714285715,0.0498305897707117,0.04983058977071047,-1.2281842209915794e-15,4.890109406407026,4.890109639255449,0.0,0.0,0.0,0.0,,
0.0024489795918367346,0.0642857142857143,0.04486086915322304,0.04486086915322279,-2.498001805406602e-16,4.859791250668414,4.859791484628224,0.0,0.0,0.0,0.0,,
0.0024489795918367346,0.07142857142857142,0.04078578739004194,0.040785787390040885,-1.0547118733938987e-15,4.829967309155635,4.829967544181641,0.0,0.0,0.0,0.0,,
0.0024489795918367346,0.07857142857142857,0.03738393336099813,0.03738393336099711,-1.0200174038743626e-15,4.800624677673639,4.800624913722703,0.0,0.0,0.0,0.0,,
0.0024489795918367346,0.08571428571428572,0.03450138398367465,0.03450138398367355,-1.1032841307212493e-15,4.771750916409711,4.7717511534407615,0.0,0.0,0.0,0.0,,
0.0024489795918367346,0.09285714285714286,0.032027811441124425,0.03202781144112378,-6.453171330633722e-16,4.743334028666221,4.743334266639963,0.0,0.0,0.0,0.0,,
0.0024489795918367346,0.1,0.029882069710815605,0.02988206971081464,-9.645062526431047e-16,4.715362440772761,4.7153626796517605,0.0,0.0,0.0,0.0,,
0.0024489795918367346,0.10714285714285715,0.028003144870637216,0.028003144870636383,-8.326672684688674e-16,4.687824983102195,4.68782522285059,0.0,0.0,0.0,0.0,,
0.0024489795918367346,0.1142857142857143,0.02634427644898438,0.026344276448983198,-1.1830814106161824e-15,4.660710872118682,4.660711112702193,0.0,0.0,0.0,0.0,,
0.0024489795918367346,0.12142857142857144,0.024869025013050928,0.024869025013050217,-7.112366251504909e-16,4.634009693392317,4.634009934778285,0.0,0.0,0.0,0.0,,
0.0024489795918367346,0.1285714285714286,0.0235485735767939,0.023548573576793574,-3.2612801348363973e-16,4.607711385519316,4.607711627676376,0.0,0.0,0.0,0.0,,
0.0024489795918367346,0.13571428571428573,0.022359833633859422,0.022359833633858715,-7.077671781985373e-16,4.581806224891066,4.581806467789142,0.0,0.0,0.0,0.0,,
0.0024489795918367346,0.14285714285714285,0.02128408917046621,0.021284089170465766,-4.440892098500626e-16,4.556284811259569,4.556285054870006,0.0,0.0,0.0,0.0,,
0.0024489795918367346,0.15000000000000002,0.02030600843543051,0.020306008435429707,-8.049116928532385e-16,4.5311380540504524,4.531138298345707,0.0,0.0,0.0,0.0,,
0.0024489795918367346,0.15714285714285714,0.019412912137185653,0.01941291213718555,-1.0408340855860843e-16,4.506357159378169,4.5063574043319425,0.0,0.0,0.0,0.0,,
0.0024489795918367346,0.1642857142857143,0.0608285665629843,0.060286256769441916,-0.0005423097935423823,4.726795044640591,4.72638104304987,1.7504376094022973,1.7257000704470564,1.0,1.0,951.4878719679921,951.262413202272
0.0024489795918367346,0.17142857142857143,0.05978998885081831,0.059186750705899606,-0.000603238144918701,4.998224587342468,4.994445671621044,1.7504376094023542,1.7227973280765587,1.0,1.0,902.2255563890974,902.1469957044695
0.0024489795918367346,0.1785714285714286,0.05883643785837749,0.0581792808186192,-0.0006571570397582924,5.27561551228922,5.269447401338704,1.7504376094023542,1.720141936058645,1.0,1.0,854.713678419605,854.5224098120939
0.0024489795918367346,0.18571428571428572,0.05796103326430933,0.05725427257970055,-0.0007067606846087801,5.560831257107604,5.551062886314881,1.7504376094022973,1.7177040152077103,1.0,1.0,808.4521130282571,808.2707925326557
0.0024489795918367346,0.1928571428571429,0.05715479862633914,0.05640259455465209,-0.0007522040716870515,5.852967056143866,5.839021992740595,1.7504376094022973,1.7154582684626811,1.0,1.0,763.4408602150538,763.2867620126434
0.0024489795918367346,0.2,0.056409982633462294,0.05561639510892382,-0.0007935875245384735,6.151175809777681,6.133098080614787,1.750437609402411,1.7133830920793123,1.0,1.0,719.679919979995,719.4756876659104
0.0024489795918367346,0.20714285714285718,0.05572103835984142,0.054888886761697515,-0.0008321515981439057,6.456285081364085,6.433101102805946,1.750437609402411,1.7114600287808577,1.0,1.0,676.9192298074519,676.7522484180934
0.0024489795918367346,0.2142857142857143,0.05508209110316808,0.054214172839628615,-0.0008679182635394633,6.76763963119245,6.738872064489411,1.750437609402411,1.7096731517871382,1.0,1.0,635.1587896974244,635.0392233179215
0.0024489795918367346,0.22142857142857142,0.05448799353241824,0.05358710679185371,-0.0009008867405645299,7.084621093581131,7.050278531602356,1.7504376094023542,1.7080086374073296,1.0,1.0,594.3985996499125,594.266470945888
0.0024489795918367346,0.2285714285714286,0.053935392484227254,0.05300317724351578,-0.0009322152407114717,7.40836224534356,7.367210963817897,1.750437609402411,1.7064544494147418,1.0,1.0,554.3885971492873,554.3700632831278
0.0024489795918367346,0.2357142857142857,0.05341910749609658,0.052458413480190244,-0.0009606940159063368,7.736649943501572,7.689579702193934,1.7504376094022973,1.7050000906689098,1.0,1.0,515.3788447111779,515.2915467666977
0.0024489795918367346,0.24285714285714288,0.05293676381561379,0.05194930747519792,-0.0009874563404158668,8.07073241264103,8.017312507211965,1.7504376094023542,1.7036362641840248,1.0,1.0,477.119279819955,476.97730870755834
0.0024489795918367346,0.25,0.05248520016637909,0.05147274858433819,-0.0010124515820408991,8.41019220018577,8.350352470536027,1.7504376094023542,1.7023548786761245,1.0,1.0,439.6099024756189,439.37803148875184
0.0024489795918367346,0.2571428571428572,0.05206276457323544,0.05102596946166784,-0.0010367951115676025,8.756470728385201,8.688656338242287,1.7504376094023542,1.7011486979434272,1.0,1.0,402.60065016254066,402.44822028547907
0.0024489795918367346,0.2642857142857143,0.05166575594353075,0.05060650014490212,-0.0010592557986286305,9.1074072195106,9.03219305918684,1.7504376094023542,1.7000113375077497,1.0,1.0,366.3415853963491,366.14579267362734
0.0024489795918367346,0.27142857142857146,0.05129307156481944,0.05021212953827295,-0.0010809420265464886,9.464534853977694,9.380942603522596,1.7504376094023542,1.6989370852825239,1.0,1.0,330.58264566141537,330.43172058039136
0.0024489795918367346,0.2785714285714286,0.050942662203426074,0.04984087259085691,-0.001101789612569161,9.827590412841106,9.73489495428127,1.7504376094023257,1.6979208353674047,1.0,1.0,295.32383095773946,295.2697166998886
0.0024489795918367346,0.28571428571428575,0.05061151020115254,0.049490942339232256,-0.001120567861920281,10.1943656932569,10.094049261343358,1.7504376094023257,1.6969580222270457,1.0,1.0,260.81520380095026,260.6259588407639
0.0024489795918367346,0.29285714285714287,0.05030027245081409,0.10946288834161985,0.059162615890805764,10.568505695379345,10.485406940288144,1.7504376094023542,3.529633895441659,1.0,2.0,226.55663915978997,226.46884675990455
0.0024489795918367346,0.3,0.12028183502857114,0.11333288566865753,-0.006948949359913609,11.073113524312662,11.041903340019477,3.7509377344335775,3.526790831622204,2.0,2.0,192.7981995498875,192.76878692268136
0.0024489795918367346,0.30714285714285716,0.12014308994250947,0.11299021352424798,-0.0071528764182614835,11.657711736847318,11.614834310919504,3.7509377344336485,3.524088180891706,2.0,2.0,159.53988497124283,159.4980013531556
0.0024489795918367346,0.3142857142857143,0.1199076715314693,0.11267025597411924,-0.007237415557350066,12.25423665090033,12.200293021784034,3.7509377344335917,3.521515664900655,2.0,2.0,126.78169542385598,126.6303573341458
0.0024489795918367346,0.32142857142857145,0.11969529840144094,0.11237467947963585,-0.0073206189218050916,12.865981748846584,12.798410917613475,3.7509377344335846,3.519064071169125,2.0,2.0,94.27356839209803,94.14121520755764
0.0024489795918367346,0.32857142857142857,0.11950269202698656,0.11210177615236692,-0.007400915874619635,13.49124921049852,13.409339833643095,3.750937734433645,3.516725102148486,2.0,2.0,62.015503875968996,62.00729179890829
0.0024489795918367346,0.33571428571428574,0.1193255074057273,0.11184970101940321,-0.007475806386324085,14.12913261039903,14.033203877830564,3.7509377344335313,3.5145460625179132,2.0,2.0,30.257564391097777,30.206430262859953
0.0024489795918367346,0.34285714285714286,0.11789995470460089,0.11157044658342784,-0.006329508121173055,14.717746886695377,14.633234557016626,3.6259064766190776,3.548159657142244,1.0,1.0,771.4428607151789,764.4749631733376
0.0024489795918367346,0.35000000000000003,0.12548695490666248,0.1140781541738089,-0.01140880073285358,15.228172380581292,15.034953235740861,3.8759689922480987,3.6398174396745184,1.0,1.0,815.2038009502376,764.425503271967
0.0024489795918367346,0.35714285714285715,0.12508728652227227,0.11657552712325758,-0.00851175939901469,15.564722894876493,15.435125965900939,3.8759689922480987,3.7322085595486008,1.0,1.0,791.1977994498625,764.3749345215072
0.0024489795918367346,0.3642857142857143,0.12470331510419273,0.11906260842046444,-0.0056407066837282915,15.90285374875263,15.83375955178528,3.875968992248042,3.825346854361126,1.0,1.0,767.6919229807453,764.3232801006268
0.0024489795918367346,0.37142857142857144,0.1319354062766436,0.12153945768320978,-0.010395948593433818,16.395580136380804,16.230863483458947,4.126031507877006,3.919241173352932,1.0,1.0,807.7019254813704,764.2705613607924
0.0024489795918367346,0.3785714285714286,0.1315653342257744,0.12400615285556983,-0.0075591813702045735,16.73389768703499,16.626450157986064,4.126031507877006,4.0138948331790765,1.0,1.0,784.9462365591398,764.2167978997667
0.0024489795918367346,0.38571428571428573,0.13847980948797292,0.12646279049424605,-0.012017018993726869,17.214120866266928,17.020534980697782,4.376094023505857,4.109305898819005,1.0,1.0,821.2053013253314,764.1620076489901
0.0024489795918367346,0.39285714285714285,0.1381212042196865,0.12890948675597952,-0.00921171746370697,17.550479393602878,17.41313648434024,4.376094023505914,4.205466855215493,1.0,1.0,799.4498624656164,764.1062069579002
0.0024489795918367346,0.4,0.13777473567336418,0.1313463774335348,-0.006428358239829374,17.8876111722624,17.804276372593037,4.376094023505914,4.302364848661821,1.0,1.0,778.1945486371593,764.0494106754519
0.002857142857142857,0.05,0.06391720037636252,0.06391720037636127,-1.2490009027033011e-15,5.662538726624591,5.662538954338229,0.0,0.0,0.0,0.0,,
0.002857142857142857,0.05714285714285715,0.056894427877761417,0.056894427877758724,-2.6922908347160046e-15,5.626589951755831,5.626590180810156,0.0,0.0,0.0,0.0,,
0.002857142857142857,0.0642857142857143,0.05125100023232318,0.05125100023232157,-1.609823385706477e-15,5.591232382763665,5.59123261310387,0.0,0.0,0.0,0.0,,
0.002857142857142857,0.07142857142857142,0.04661718678527293,0.04661718678527142,-1.5057399771478686e-15,5.556450439480831,5.55645067105448,0.0,0.0,0.0,0.0,,
0.002857142857142857,0.07857142857142857,0.042744551265129015,0.042744551265127474,-1.5404344466674047e-15,5.522229107706883,5.5222293404640554,0.0,0.0,0.0,0.0,,
0.002857142857142857,0.08571428571428572,0.039459982287538366,0.03945998228753703,-1.3322676295501878e-15,5.488553913043473,5.488554146936518,0.0,0.0,0.0,0.0,,
0.002857142857142857,0.09285714285714286,0.03663915726495448,0.03663915726495383,-6.522560269672795e-16,5.45541089619489,5.4554111311784,0.0,0.0,0.0,0.0,,
0.002857142857142857,0.1,0.034190485963667014,0.03419048596366606,-9.506284648352903e-16,5.422786589637968,5.422786825668448,0.0,0.0,0.0,0.0,,
0.002857142857142857,0.10714285714285715,0.03204500348884459,0.032045003488843475,-1.1171619185290638e-15,5.390667995572423,5.390668232608327,0.0,0.0,0.0,0.0,,
0.002857142857142857,0.1142857142857143,0.030149790423249282,0.03014979042324842,-8.604228440844963e-16,5.3590425650688545,5.359042803070564,0.0,0.0,0.0,0.0,,
0.002857142857142857,0.12142857142857144,0.028463562994931413,0.028463562994930747,-6.661338147750939e-16,5.327898178338945,5.327898417268455,0.0,0.0,0.0,0.0,,
0.002857142857142857,0.1285714285714286,0.026953641826071666,0.02695364182607105,-6.175615574477433e-16,5.297223126056051,5.297223365877115,0.0,0.0,0.0,0.0,,
0.002857142857142857,0.13571428571428573,0.02559382136955813,0.025593821369557672,-4.579669976578771e-16,5.26700609166164,5.267006332339486,0.0,0.0,0.0,0.0,,
0.002857142857142857,0.14285714285714285,0.02436284253715835,0.024362842537157856,-4.961309141293668e-16,5.237236134595858,5.237236376097175,0.0,0.0,0.0,0.0,,
0.002857142857142857,0.15000000000000002,0.02324327826311694,0.023243278263116597,-3.434752482434078e-16,5.2079026743957035,5.207902916688634,0.0,0.0,0.0,0.0,,
0.002857142857142857,0.15714285714285714,0.03726375793171872,0.04045006177967068,0.00318630384795196,5.1792936603180415,5.179454942588758,1.3753438359589154,1.475516108599368,1.0,1.0,998.7496874218556,998.5244838914003
0.002857142857142857,0.1642857142857143,0.06538362719332526,0.06502026559071056,-0.00036336160261470074,5.41528595999702,5.414428362840049,1.7504376094022973,1.7345507199293941,1.0,1.0,947.9869967491874,947.9322023209927
0.002857142857142857,0.17142857142857143,0.06416797615393914,0.06373095720201276,-0.0004370189519263823,5.682259268814904,5.6793586455334,1.7504376094022973,1.7312066749786033,1.0,1.0,898.9747436859216,898.9501619805397
0.002857142857142857,0.1785714285714286,0.06305199863883738,0.06254863076847134,-0.0005033678703660477,5.957024511251851,5.951627362700534,1.7504376094022973,1.7281487478816424,1.0,1.0,851.4628657164292,851.447487536678
0.002857142857142857,0.18571428571428572,0.062024446480473956,0.06146157320759803,-0.0005628732728759286,6.238456547806378,6.230868918673969,1.750437609402411,1.7253423182934062,1.0,1.0,805.4513628407102,805.3076372117746
0.002857142857142857,0.1928571428571429,0.06107758049968894,0.06045929583761029,-0.0006182846620786525,6.528637125606208,6.5167766161865535,1.750437609402411,1.7227580095583113,1.0,1.0,760.4401100275069,760.4263559467416
0.002857142857142857,0.2,0.060200213808703266,0.05953277493651879,-0.0006674388721844768,6.823588464448459,6.809092404923993,1.7504376094022973,1.7203708882792859,1.0,1.0,716.9292323080771,716.7099796421577
0.002857142857142857,0.20714285714285718,0.05938832661539932,0.0586742059201608,-0.0007141206952385182,7.127282539250837,7.107599145791614,1.7504376094023542,1.7181594976107595,1.0,1.0,674.1685421355339,674.0740206139398
0.002857142857142857,0.2142857142857143,0.05863286157863462,0.05787680495237591,-0.0007560566262587096,7.435803724177588,7.412114366908816,1.7504376094023542,1.7161053655261647,1.0,1.0,632.6581645411353,632.4419800834231
0.002857142857142857,0.22142857142857142,0.05793037408017751,0.05713464807203775,-0.0007957260081397632,7.751811128990833,7.722485201442993,1.7504376094022973,1.7141925406001979,1.0,1.0,591.8979744936235,591.7443453074598
0.002857142857142857,0.2285714285714286,0.05727452854159346,0.056442539931519424,-0.0008319886100740387,8.073061682406559,8.038584272984304,1.7504376094023542,1.7124070937861695,1.0,1.0,552.1380345086272,551.9177379008806
0.002857142857142857,0.2357142857142857,0.05666197214026282,0.05579590562885637,-0.0008660665114064506,8.400741762463802,8.360306303209905,1.7504376094022973,1.710736851050752,1.0,1.0,513.1282820705177,512.9041867561682
0.002857142857142857,0.24285714285714288,0.05608867092138283,0.05519070134450034,-0.0008979695768824916,8.734395323970944,8.687565325926725,1.7504376094023542,1.7091710794076795,1.0,1.0,474.86871717929483,474.6505042596794
0.002857142857142857,0.25,0.055552218149501516,0.054623339629815096,-0.0009288785196864199,9.075415439862873,9.020292336784731,1.7504376094023542,1.7077004442282493,1.0,1.0,437.10927731932986,437.1077486280282
0.002857142857142857,0.2571428571428572,0.05504703678840448,0.05409062757559014,-0.0009564092128143409,9.41976708116284,9.358433419387403,1.7504376094023542,1.706316527718446,1.0,1.0,400.3500875218805,400.2307584234069
0.002857142857142857,0.2642857142857143,0.0545726202315904,0.05358971393492484,-0.0009829062966655588,9.77073885480999,9.70194807078492,1.7504376094023542,1.7050119932391685,1.0,1.0,364.0910227556889,363.97774786513736
0.002857142857142857,0.27142857142857146,0.05412638183395371,0.05311804521061704,-0.0010083366233366725,10.128043682753349,10.050807898501878,1.7504376094023542,1.7037802218459555,1.0,1.0,328.3320830207552,328.3099535890887
0.002857142857142857,0.2785714285714286,0.05370481302745345,0.05267332788280123,-0.0010314851446522263,10.489460641046655,10.40499546036255,1.7504376094023542,1.702615320589394,1.0,1.0,293.3233308327082,293.1913251365662
0.002857142857142857,0.28571428571428575,0.053306988146854244,0.05225349640838886,-0.0010534917384653827,10.856617275389668,10.76450331653358,1.7504376094023542,1.7015120010648395,1.0,1.0,258.814703675919,258.5882527665982
0.002857142857142857,0.29285714285714287,0.052932173887048954,0.11587675437474025,0.0629445804876913,11.231272369692817,11.167939086538077,1.7504376094023542,3.5441485283954552,1.0,2.0,224.5561390347587,224.46932724884854
0.002857142857142857,0.3,0.12468363019291033,0.11796339445721049,-0.006720235735699839,11.756327366981909,11.72713100937411,3.750937734433535,3.5408807669067777,2.0,2.0,191.04776194048515,190.80512716045124
0.002857142857142857,0.30714285714285716,0.12438543737699125,0.11751392385093541,-0.0068715135260558335,12.341024109787277,12.301466750257898,3.7509377344336485,3.53777565257624,2.0,2.0,157.78944736184047,157.56802991879928
0.002857142857142857,0.3142857142857143,0.12406293389060769,0.11709328991634141,-0.006969643974266276,12.941438808309144,12.888609830733785,3.7509377344335917,3.53482130780467,2.0,2.0,124.78119529882471,124.73204336568024
0.002857142857142857,0.32142857142857145,0.12376527180333141,0.11670147038349524,-0.007063801419836174,13.55528747252239,13.488682434253944,3.7509377344335917,3.5320069864857966,2.0,2.0,92.27306826706678,92.27265519931875
0.002857142857142857,0.32857142857142857,0.12348886634836172,0.11633647033254745,-0.007152396015814272,14.18074557324319,14.101826962292547,3.750937734433645,3.529323048412336,2.0,2.0,60.26506626656665,60.16669775230461
0.002857142857142857,0.33571428571428574,0.12323203027539244,0.11599605109675386,-0.00723597917863858,14.821122952858362,14.728138374068067,3.7509377344335313,3.5268414572696223,2.0,2.0,28.507126781695426,28.392069288119224
0.002857142857142857,0.34285714285714286,0.12169380131230274,0.11579675929849823,-0.005897042013804518,15.392951771080746,15.31683086226826,3.6259064766191913,3.565633907515441,1.0,1.0,768.4421105276319,764.1488756845855
0.002857142857142857,0.35000000000000003,0.1293689072809115,0.11830195475413205,-0.011066952526779444,15.90471478413296,15.718385049248774,3.875968992248042,3.6575954073952768,1.0,1.0,812.2030507626907,764.0996369591714
0.002857142857142857,0.35714285714285715,0.12889656528213844,0.12079679987827821,-0.008099765403860232,16.240328883535696,16.11839030232735,3.875968992247985,3.7502950211957815,1.0,1.0,788.1970492623157,764.0492916292718
0.002857142857142857,0.3642857142857143,0.12844254876390468,0.12328133942783753,-0.005161209336067146,16.57760817223288,16.51685372277195,3.8759689922480987,3.8437462975241967,1.0,1.0,764.6911727931983,763.9978627883163
0.002857142857142857,0.37142857142857144,0.13575177439858005,0.12575563551799473,-0.009996138880585315,17.071496019015363,16.913785172565067,4.126031507876949,3.9379574055637954,1.0,1.0,804.7011752938236,763.9453716807973
0.002857142857142857,0.3785714285714286,0.13531256901393457,0.12821976830435974,-0.007092800709574826,17.407224983022658,17.30919741609516,4.126031507876892,4.032931223060589,1.0,1.0,782.1955488872219,763.8918377961181
0.002857142857142857,0.38571428571428573,0.14229647398114126,0.1306738370650127,-0.011622636916128554,17.8902722768614,17.703106280342332,4.376094023505857,4.128665104982795,1.0,1.0,818.2045511377845,763.8372789422898
0.002857142857142857,0.39285714285714285,0.14187116312275108,0.13311796062838446,-0.008753202494366619,18.22405445451435,18.09553073765817,4.376094023505857,4.225150929213853,1.0,1.0,796.6991747936985,763.7817113280212
0.002857142857142857,0.4,0.14146344241860212,0.1355522777159919,-0.0059111647026102165,18.562116142430355,18.48649296137264,4.376094023505857,4.322375101389482,1.0,1.0,775.1937984496125,763.7251496563174
0.0032653061224489797,0.05,0.07167596931545747,0.071675969315455,-2.4702462297909733e-15,6.4035020726458995,6.4035022964088855,0.0,0.0,0.0,0.0,,
0.0032653061224489797,0.05714285714285715,0.06385207714585833,0.0638520771458567,-1.6375789613221059e-15,6.362441386418219,6.3624416117028835,0.0,0.0,0.0,0.0,,
0.0032653061224489797,0.0642857142857143,0.057554463503060156,0.05755446350305869,-1.4641066137244252e-15,6.322055204114193,6.322055430858082,0.0,0.0,0.0,0.0,,
0.0032653061224489797,0.07142857142857142,0.052376547211171263,0.052376547211169994,-1.2698175844150228e-15,6.282325767758465,6.282325995902073,0.0,0.0,0.0,0.0,,
0.0032653061224489797,0.07857142857142857,0.04804437143068214,0.0480443714306811,-1.0408340855860843e-15,6.243235963866759,6.243236193353442,0.0,0.0,0.0,0.0,,
0.0032653061224489797,0.08571428571428572,0.0443666047719885,0.044366604771987346,-1.1518563880486e-15,6.204769293676885,6.204769524452509,0.0,0.0,0.0,0.0,,
0.0032653061224489797,0.09285714285714286,0.04120557576825743,0.041205575768256474,-9.575673587391975e-16,6.1669098450458355,6.16691007705867,0.0,0.0,0.0,0.0,,
0.0032653061224489797,0.1,0.03845969411006794,0.0384596941100667,-1.2351231148954867e-15,6.1296422659029695,6.129642499103687,0.0,0.0,0.0,0.0,,
0.0032653061224489797,0.10714285714285715,0.03605235741788189,0.036052357417880765,-1.124100812432971e-15,6.092951739159482,6.0929519735009805,0.0,0.0,0.0,0.0,,
0.0032653061224489797,0.1142857142857143,0.03392471368219269,0.03392471368219217,-5.204170427930421e-16,6.056823958979656,6.056824194416842,0.0,0.0,0.0,0.0,,
0.0032653061224489797,0.12142857142857144,0.03203080151675026,0.03203080151674923,-1.0269562977782698e-15,6.021245108327546,6.02124534481727,0.0,0.0,0.0,0.0,,
0.0032653061224489797,0.1285714285714286,0.030334204137382855,0.03033420413738235,-5.065392549852277e-16,5.98620183770864,5.9862020752097,0.0,0.0,0.0,0.0,,
0.0032653061224489797,0.13571428571428573,0.02880569413219721,0.02880569413219648,-7.320533068622126e-16,5.9516812450322485,5.951681483505119,0.0,0.0,0.0,0.0,,
0.0032653061224489797,0.14285714285714285,0.02742154284032043,0.027421542840319217,-1.214306433183765e-15,5.917670856524731,5.917671095931607,0.0,0.0,0.0,0.0,,
0.0032653061224489797,0.15000000000000002,0.026162285368463895,0.026162285368463403,-4.926614671774132e-16,5.884158608630102,5.884158848934766,0.0,0.0,0.0,0.0,,
0.0032653061224489797,0.15714285714285714,0.05963641076790112,0.060045960739141375,0.000409549971240257,5.858538543200702,5.859135173225526,1.7504376094023542,1.7475990804203327,1.0,1.0,995.2488122030509,995.0604315182578
0.0032653061224489797,0.1642857142857143,0.06989298221877908,0.06972735539572035,-0.00016562682305873433,6.1018969518988175,6.102044666200256,1.7504376094023542,1.7434377691068228,1.0,1.0,944.7361840460115,944.6133303209477
0.0032653061224489797,0.17142857142857143,0.06850391757064776,0.06825047571221983,-0.000253441858427933,6.364429256859867,6.363897117616179,1.750437609402411,1.739648877829314,1.0,1.0,895.9739934983746,895.7636037480884
0.0032653061224489797,0.1785714285714286,0.06722850959939443,0.06689503322159407,-0.00033347637780035966,6.636582138878819,6.6334824841686615,1.750437609402411,1.7361853544367483,1.0,1.0,848.4621155288822,848.381909715884
0.0032653061224489797,0.18571428571428572,0.0660526778835464,0.06564748707461364,-0.0004051908089327677,6.915764346342375,6.910393770346324,1.7504376094022973,1.7330076998157897,1.0,1.0,802.4506126531634,802.3530070172626
0.0032653061224489797,0.1928571428571429,0.06496636224007979,0.06449601525908248,-0.00047034698099730765,7.202456478286082,7.194288623442645,1.7504376094023542,1.7300825442478533,1.0,1.0,757.6894223555889,757.573750551396
0.0032653061224489797,0.2,0.0639597980758946,0.06343044249383813,-0.0005293555820564677,7.495742564825411,7.484878352288117,1.7504376094023542,1.7273813423933468,1.0,1.0,714.1785446361591,713.9514288727928
0.0032653061224489797,0.20714285714285718,0.06302692723109765,0.06244196381177195,-0.0005849634193257,7.798052887972747,7.781919335786322,1.7504376094022973,1.7248797899228525,1.0,1.0,671.417854463616,671.4023762440015
0.0032653061224489797,0.2142857142857143,0.0621579017826576,0.061522922687491814,-0.0006349790951657858,8.105425235010165,8.08520614770581,1.7504376094022973,1.7225567866174976,1.0,1.0,629.9074768692174,629.8508065306775
0.0032653061224489797,0.22142857142857142,0.06134743335887167,0.06066663005607187,-0.0006808033027997998,8.418803413237002,8.39456592666053,1.7504376094022973,1.7203942001273396,1.0,1.0,589.3973493373344,589.2278276847777
0.0032653061224489797,0.2285714285714286,0.060590996965048737,0.059867217100406635,-0.0007237798646421018,8.739304085332993,8.709853827619849,1.750437609402411,1.7183761855470954,1.0,1.0,549.6374093523381,549.470604231553
0.0032653061224489797,0.2357142857142857,0.05988351956037953,0.05911951377623044,-0.000764005784149091,9.066427996767693,9.030949265266708,1.7504376094023542,1.7164888673985848,1.0,1.0,510.62765691422857,510.5216418251318
0.0032653061224489797,0.24285714285714288,0.05922049958623068,0.05841894818415859,-0.0008015514020720885,9.399702229613046,9.357752800174877,1.7504376094023542,1.7147201223706368,1.0,1.0,472.3680920230058,472.32817308149055
0.0032653061224489797,0.25,0.058597928620599635,0.05776146303430125,-0.0008364655862983864,9.738677710026753,9.690183581016882,1.7504376094023542,1.7130592374189297,1.0,1.0,434.8587146786697,434.8416279069655
0.0032653061224489797,0.2571428571428572,0.05801222557917534,0.05714344552607727,-0.0008687800530980672,10.082926920920768,10.02817719308808,1.7504376094023257,1.7114967533503664,1.0,1.0,398.09952488122036,398.01717469145825
0.0032653061224489797,0.2642857142857143,0.057461372845594064,0.05656166849125539,-0.0008997043543386707,10.433947812945595,10.37168387643343,1.7504376094023542,1.7100242430984514,1.0,1.0,361.8404601150288,361.8133212275388
0.0032653061224489797,0.27142857142857146,0.05694129006828908,0.05601324045959139,-0.0009280496086976897,10.789505848870984,10.720667006204918,1.7504376094023542,1.708634239225649,1.0,1.0,326.33158289572395,326.1915662008423
0.0032653061224489797,0.2785714285714286,0.056450565202422795,0.05549556352712709,-0.0009550016752957052,11.151193434529992,11.075101856836715,1.7504376094023542,1.707319997012383,1.0,1.0,291.3228307076769,291.11609368827254
0.0032653061224489797,0.28571428571428575,0.05598802900584466,0.05500629698721035,-0.0009817320186343084,11.520739379644207,11.434974489967075,1.7504376094023542,1.70607556992909,1.0,1.0,256.56414103525884,256.55350438231693
0.0032653061224489797,0.29285714285714287,0.08719131053820528,0.12161309601646093,0.034421785478255654,11.89420935928646,11.85115075860874,3.1257814453612554,3.5587469015328703,2.0,2.0,222.55563890972743,222.47257829937192
0.0032653061224489797,0.3,0.1290065717416596,0.12257770447651908,-0.006428867265140525,12.440067736283735,12.41244974831617,3.7509377344335917,3.5550496056617726,2.0,2.0,189.04726181545388,188.84406457676897
0.0032653061224489797,0.30714285714285716,0.12858923260121316,0.12202253533462663,-0.006566697266586527,13.026369613537602,12.988223838265018,3.7509377344336485,3.5515376050840155,2.0,2.0,155.7889472368092,155.64049465781264
0.0032653061224489797,0.3142857142857143,0.12817741944826352,0.12150175747462678,-0.00667566197363674,13.626527508015236,13.577083538110111,3.7509377344336414,3.5481973395042607,2.0,2.0,123.03075768942236,122.83601573429208
0.0032653061224489797,0.32142857142857145,0.12779442647160855,0.12101419766434662,-0.006780228807261923,14.240884468985982,14.179141408475832,3.7509377344336485,3.5450165162910725,2.0,2.0,90.52263065766442,90.4062417885833
0.0032653061224489797,0.32857142857142857,0.12743766905599693,0.12055757660466639,-0.006880092451330547,14.868652120826123,14.79453060119932,3.750937734433588,3.5419840931601376,2.0,2.0,58.514628657164295,58.32811967690124
0.0032653061224489797,0.33571428571428574,0.12710206755671707,0.12012920279793683,-0.006972864758780242,15.511474018389421,15.42330734425495,3.750937734433645,3.539208779449111,2.0,2.0,26.756689172293076,26.579578890130612
0.0032653061224489797,0.34285714285714286,0.12545329196814933,0.12001961923024182,-0.005433672737907513,16.066145812874137,16.00040319614966,3.6259064766191345,3.58323397911445,1.0,1.0,765.691422855714,763.8232036560573
0.0032653061224489797,0.35000000000000003,0.13321628005478994,0.12252230102128947,-0.010693979033500473,16.58095677265456,16.401792199775322,3.8759689922480987,3.6755013979243834,1.0,1.0,809.2023005751438,763.7741866358647
0.0032653061224489797,0.35714285714285715,0.13267092612216017,0.12501461684784523,-0.007656309274314932,16.91392853656149,16.801629298300938,3.8759689922480987,3.768511771733759,1.0,1.0,785.4463615903976,763.7240652626704
0.0032653061224489797,0.3642857142857143,0.14006071119614977,0.12749661349035663,-0.012564097705793142,17.415285122052758,17.199921909541146,4.126031507877006,3.862278200560834,1.0,1.0,824.4561140285072,763.672862542092
0.0032653061224489797,0.37142857142857144,0.13953446355158147,0.12996835534790435,-0.00956610820367712,17.747119661919943,17.596680251569353,4.126031507877006,3.95680830771744,1.0,1.0,801.7004251062766,763.6205996141451
0.0032653061224489797,0.3785714285714286,0.13902893249209589,0.1324299250435476,-0.006599007448548272,18.082007769761393,17.991917484476243,4.126031507877006,4.052104401736872,1.0,1.0,779.194798699675,763.5672958514219
0.0032653061224489797,0.38571428571428573,0.14607919806335978,0.1348814244804494,-0.01119777358291038,18.566120074609298,18.38564985188587,4.376094023505914,4.148163192524228,1.0,1.0,815.2038009502376,763.5129689322059
0.0032653061224489797,0.39285714285714285,0.14558997800457565,0.13732297525060214,-0.008267002753973518,18.899057141341565,18.777896774484617,4.376094023505914,4.244975899063867,1.0,1.0,793.6984246061515,763.4576349259502
0.0032653061224489797,0.4,0.14511879099613098,0.1397547189931023,-0.005364072003028686,19.234592898388517,19.168680898672648,4.376094023505857,4.342528203371331,1.0,1.0,772.4431107776945,763.4013083808737
0.0036734693877551023,0.05,0.07930503442394338,0.07930503442394145,-1.9290125052862095e-15,7.14382630428749,7.143826524125168,0.0,0.0,0.0,0.0,,
0.0036734693877551023,0.05714285714285715,0.07070591618722684,0.07070591618722509,-1.7486012637846216e-15,7.097664778075295,7.097664999614377,0.0,0.0,0.0,0.0,,
0.0036734693877551023,0.0642857142857143,0.06377301205539612,0.06377301205539415,-1.970645868709653e-15,7.052260752525768,7.052260975696455,0.0,0.0,0.0,0.0,,
0.0036734693877551023,0.07142857142857142,0.05806519698306513,0.058065196983063706,-1.4224732503009818e-15,7.007594303049392,7.007594527785228,0.0,0.0,0.0,0.0,,
0.0036734693877551023,0.07857142857142857,0.05328442377382814,0.053284423773827166,-9.71445146547012e-16,6.963646227545744,6.963646453783199,0.0,0.0,0.0,0.0,,
0.0036734693877551023,0.08571428571428572,0.04922206569116041,0.04922206569115948,-9.298117831235686e-16,6.920398013060088,6.9203982407386135,0.0,0.0,0.0,0.0,,
0.0036734693877551023,0.09285714285714286,0.04572772152975626,0.04572772152975528,-9.783840404509192e-16,6.877831804304542,6.877832033366372,0.0,0.0,0.0,0.0,,
0.0036734693877551023,0.1,0.04269022802273615,0.042690228022735484,-6.661338147750939e-16,6.83593037392129,6.835930604311166,0.0,0.0,0.0,0.0,,
0.0036734693877551023,0.10714285714285715,0.04002564761876476,0.04002564761876472,-4.163336342344337e-17,6.794677094375182,6.794677326040345,0.0,0.0,0.0,0.0,,
0.0036734693877551023,0.1142857142857143,0.037669414525590264,0.03766941452558962,-6.453171330633722e-16,6.7540559113709255,6.7540561442609075,0.0,0.0,0.0,0.0,,
0.0036734693877551023,0.12142857142857144,0.035571051250458265,0.035571051250457474,-7.91033905045424e-16,6.714051318697682,6.714051552764211,0.0,0.0,0.0,0.0,,
0.0036734693877551023,0.1285714285714286,0.03369052490253613,0.03369052490253582,-3.0531133177191805e-16,6.674648334411955,6.674648569608976,0.0,0.0,0.0,0.0,,
0.0036734693877551023,0.13571428571428573,0.031995678727324256,0.0319956787273236,-6.591949208711867e-16,6.635832478274416,6.635832714557635,0.0,0.0,0.0,0.0,,
0.0036734693877551023,0.14285714285714285,0.030460386049557905,0.030460386049557534,-3.712308238590367e-16,6.597589750363612,6.597589987690837,0.0,0.0,0.0,0.0,,
0.0036734693877551023,0.15000000000000002,0.02906320019007763,0.029063200190076875,-7.563394355258879e-16,6.5599066107953075,6.559906849125848,0.0,0.0,0.0,0.0,,
0.0036734693877551023,0.15714285714285714,0.07578218088858311,0.07075924767422886,-0.00502293321435425,6.544643047684163,6.544257298224679,2.0005001250312375,1.7570168464095337,1.0,1.0,991.7479369842462,991.6088282489244
0.0036734693877551023,0.1642857142857143,0.08043305881125172,0.07440786143063016,-0.006025197380621558,6.807353080112825,6.789235810849655,2.0005001250312375,1.7523614856821956,1.0,1.0,941.4853713428358,941.3057015931786
0.0036734693877551023,0.17142857142857143,0.07280082825667482,0.07274547939380131,-5.534886287350549e-05,7.047655894956524,7.048066220759731,1.7504376094023542,1.7481241453497212,1.0,1.0,892.7231807951989,892.5872381858678
0.0036734693877551023,0.1785714285714286,0.07136766703092214,0.07121864446579776,-0.0001490225651243765,7.315781883112787,7.315017182826422,1.7504376094022973,1.7442518960975584,1.0,1.0,845.4613653413354,845.3256042056237
0.0036734693877551023,0.18571428571428572,0.07004617962110678,0.06981215557803995,-0.00023402404306682723,7.592758186620845,7.589641254281481,1.750437609402411,1.7407003710337456,1.0,1.0,799.4498624656164,799.4068387804783
0.0036734693877551023,0.1928571428571429,0.06882273771401183,0.06851288148942873,-0.00030985622458309936,7.875985823681942,7.871561333046335,1.7504376094022973,1.7374319288472186,1.0,1.0,754.938734683671,754.7288902500248
0.0036734693877551023,0.2,0.06768910352247758,0.06730951486440175,-0.0003795886580758301,8.167640498745632,8.160458804374834,1.750437609402411,1.7344146405463112,1.0,1.0,711.4278569642411,711.1999862405734
0.0036734693877551023,0.20714285714285718,0.0666359449256833,0.06619226756723011,-0.00044367735845318723,8.466942394578034,8.456064199673301,1.7504376094023542,1.7316210117656743,1.0,1.0,668.9172293073269,668.7372717164623
0.0036734693877551023,0.2142857142857143,0.06565511043136993,0.06515262421779575,-0.0005024862135741825,8.773158793348015,8.758149622699865,1.7504376094022973,1.7290275379142264,1.0,1.0,627.4068517129283,627.2656638183411
0.0036734693877551023,0.22142857142857142,0.06473944822233883,0.06418314300509317,-0.000556305217245659,9.085599325932774,9.066522661905807,1.7504376094022973,1.7266137106402317,1.0,1.0,586.8967241810453,586.7168833400917
0.0036734693877551023,0.2285714285714286,0.06388387461290407,0.0632772919464617,-0.0006065826664423679,9.405372322295683,9.381021359024214,1.750437609402411,1.7243617923290009,1.0,1.0,547.136784196049,547.0286310977948
0.0036734693877551023,0.2357142857142857,0.06308159308344548,0.06242931468448519,-0.0006522783989602876,9.73016624424366,9.701510116258802,1.7504376094023542,1.7222562494105664,1.0,1.0,508.37709427356845,508.1438838983978
0.0036734693877551023,0.24285714285714288,0.062330078729347246,0.06163411909195793,-0.0006959596373893179,10.063047022500559,10.027876295105104,1.7504376094023542,1.7202834619034553,1.0,1.0,470.1175293823456,470.01028981112813
0.0036734693877551023,0.25,0.06162370015986143,0.060887184617060094,-0.0007365155428013387,10.401789227173557,10.36002740551902,1.7504376094023542,1.7184314016834839,1.0,1.0,432.6081520380095,432.57964634563325
0.0036734693877551023,0.2571428571428572,0.06095851245198373,0.06018448459810116,-0.0007740278538825654,10.745950781204389,10.697888751687639,1.7504376094023542,1.716689430584666,1.0,1.0,395.8489622405602,395.8074482080014
0.0036734693877551023,0.2642857142857143,0.060330979213961564,0.059522420880804915,-0.000808558333156649,11.095110089668056,11.04140145911417,1.7504376094023542,1.715048132225639,1.0,1.0,359.8399599899975,359.6524937336611
0.0036734693877551023,0.27142857142857146,0.059740320756913524,0.05889776854633323,-0.0008425522105802927,11.45277630010403,11.390520818929208,1.7504376094023542,1.7134991568280389,1.0,1.0,324.0810202550638,324.0765410324639
0.0036734693877551023,0.2785714285714286,0.059181261248641884,0.058307629190872685,-0.0008736320577691983,11.814776453625843,11.745214934999115,1.7504376094023542,1.712034940894228,1.0,1.0,289.07226806701675,289.0440064334719
0.0036734693877551023,0.28571428571428575,0.05865240533683957,0.057749390515354694,-0.0009030148214848738,12.182756652077673,12.10546349207255,1.75043760940234,1.7106488231162083,1.0,1.0,254.56364091022758,254.5216990694389
0.0036734693877551023,0.29285714285714287,0.12115796013327561,0.12693368863839158,0.005775728505115971,12.563872135998867,12.534798452303606,3.7509377344335917,3.573429969116116,2.0,2.0,220.5551387846962,220.4785864575829
0.0036734693877551023,0.3,0.1332754209776305,0.12717607374458312,-0.006099347233047392,13.12522546966212,13.097862524107144,3.750937734433535,3.569298220839121,2.0,2.0,187.0467616904226,186.88558676120832
0.0036734693877551023,0.30714285714285716,0.1327547395624793,0.12651609521631052,-0.006238644346168776,13.713212537277375,13.675108540486198,3.7509377344336343,3.565374810766664,2.0,2.0,153.78844711177797,153.7153840967497
0.0036734693877551023,0.3142857142857143,0.13225560732506944,0.12589570414331944,-0.006359903181750004,14.313757815858775,14.265716897528483,3.7509377344336485,3.5616444234212414,2.0,2.0,121.0302575643911,120.94226380967916
0.0036734693877551023,0.32142857142857145,0.13178844871942613,0.12531290538346113,-0.006475543335965006,14.928098139652155,14.86979042809329,3.7509377344336414,3.5580932415381556,2.0,2.0,88.77219304826207,88.54196510532272
0.0036734693877551023,0.32857142857142857,0.131353141523948,0.12476513724198751,-0.006588004281960491,15.558840099096471,15.487453138235434,3.7509377344335313,3.55470889877761,2.0,2.0,56.514128532133036,56.49154837538716
0.0036734693877551023,0.33571428571428574,0.13093741274114049,0.12424916868092024,-0.006688244060220241,16.201846571678573,16.11870845462706,3.750937734433645,3.5516543015139197,2.0,2.0,25.006251562890725,24.76893987809025
0.0036734693877551023,0.34285714285714286,0.1376716068299563,0.12423902816340864,-0.013432578666547665,16.928466739861495,16.683951428158096,3.8759689922480987,3.6009613872360227,1.0,1.0,830.207551887972,763.4979464713399
0.0036734693877551023,0.35000000000000003,0.13702953048638192,0.12673919474863085,-0.010290335737751066,17.256901863007553,17.085174554089793,3.875968992248042,3.6935369696147995,1.0,1.0,806.201550387597,763.44915169568
0.0036734693877551023,0.35714285714285715,0.13641404090090012,0.12922897984242612,-0.007185061058473996,17.588972421031727,17.484842820726122,3.875968992248042,3.78686038059823,1.0,1.0,782.4456114028508,763.3992548256329
0.0036734693877551023,0.3642857142857143,0.14387764012374799,0.1317084324216805,-0.012169207702067475,18.09152392557045,17.882963976348286,4.126031507876892,3.8809441637044104,1.0,1.0,821.4553638409603,763.348278773387
0.0036734693877551023,0.37142857142857144,0.143283914925989,0.13417761906370904,-0.009106295862279956,18.422454480898487,18.27954859306491,4.126031507876949,3.97579548469221,1.0,1.0,798.6996749187298,763.2962445789165
0.0036734693877551023,0.3785714285714286,0.14271156385237596,0.13663662497636686,-0.0060749388760091005,18.754767956574746,18.674610232637356,4.126031507876949,4.071415994610291,1.0,1.0,776.444111027757,763.2431714906446
0.0036734693877551023,0.38571428571428573,0.14982842980620736,0.1390855546930546,-0.01074287511315275,19.24166776892555,19.068165568113017,4.376094023505857,4.167801799133306,1.0,1.0,812.2030507626907,763.1890770512548
0.0036734693877551023,0.39285714285714285,0.14927642966119536,0.1415245326356012,-0.007751897025594173,19.57377931915669,19.460234472141824,4.376094023505857,4.2649434066523115,1.0,1.0,790.6976744186047,763.133977188272
0.0036734693877551023,0.4,0.14874282831896596,0.14395370337307686,-0.004789124945889095,19.906789405222327,19.85084006875698,4.376094023505914,4.362825778525441,1.0,1.0,769.6924231057765,763.0778862946173
0.004081632653061225,0.05,0.0868076233911796,0.08680762339117709,-2.5118795932144167e-15,7.883512517471633,7.883512733409006,0.0,0.0,0.0,0.0,,
0.004081632653061225,0.05714285714285715,0.07745825309585631,0.07745825309585368,-2.6367796834847468e-15,7.832261191697274,7.832261409514837,0.0,0.0,0.0,0.0,,
0.004081632653061225,0.0642857142857143,0.06990835201111475,0.06990835201111259,-2.1649348980190553e-15,7.781850063198692,7.781850282819299,0.0,0.0,0.0,0.0,,
0.004081632653061225,0.07142857142857142,0.063684431955837,0.06368443195583517,-1.8318679906315083e-15,7.732257051909343,7.7322572732594095,0.0,0.0,0.0,0.0,,
0.004081632653061225,0.07857142857142857,0.05846571507613305,0.05846571507613163,-1.4224732503009818e-15,7.683460877726699,7.683461100736046,0.0,0.0,0.0,0.0,,
0.004081632653061225,0.08571428571428572,0.0540271623768793,0.05402716237687757,-1.734723475976807e-15,7.635441023624074,7.635441248225835,0.0,0.0,0.0,0.0,,
0.004081632653061225,0.09285714285714286,0.05020623647133153,0.05020623647132965,-1.880440247958859e-15,7.588177700824062,7.588177926954176,0.0,0.0,0.0,0.0,,
0.004081632653061225,0.1,0.046882611923584866,0.04688261192358337,-1.4988010832439613e-15,7.541651815896681,7.54165204349428,0.0,0.0,0.0,0.0,,
0.004081632653061225,0.10714285714285715,0.043965307568702976,0.04396530756870224,-7.355227538141662e-16,7.4958449396602695,7.495845168666893,0.0,0.0,0.0,0.0,,
0.004081632653061225,0.1142857142857143,0.04138425536291861,0.04138425536291767,-9.367506770274758e-16,7.450739277766422,7.450739508126257,0.0,0.0,0.0,0.0,,
0.004081632653061225,0.12142857142857144,0.039084618170281686,0.039084618170280826,-8.604228440844963e-16,7.406317642864493,7.406317874524354,0.0,0.0,0.0,0.0,,
0.004081632653061225,0.1285714285714286,0.037022864722223645,0.03702286472222274,-9.020562075079397e-16,7.362563428244842,7.362563661153607,0.0,0.0,0.0,0.0,,
0.004081632653061225,0.13571428571428573,0.03516399886833052,0.03516399886832989,-6.314393452555578e-16,7.319460582869037,7.31946081697788,0.0,0.0,0.0,0.0,,
0.004081632653061225,0.14285714285714285,0.033479565588063455,0.033479565588062636,-8.187894806610529e-16,7.276993587701808,7.276993822963843,0.0,0.0,0.0,0.0,,
0.004081632653061225,0.15000000000000002,0.03194619105117984,0.031946191051179094,-7.424616477180734e-16,7.2351474332647046,7.235147669635229,0.0,0.0,0.0,0.0,,
0.004081632653061225,0.15714285714285714,0.08397139912476011,0.078427262049067,-0.005544137075693109,7.2332692598897435,7.231751017804953,2.0005001250311807,1.766475793358405,1.0,1.0,988.2470617654415,988.1695645184857
0.004081632653061225,0.1642857142857143,0.08507392539581407,0.07906204505300765,-0.006011880342806419,7.494281577143711,7.476007631630734,2.0005001250311807,1.7613221486622939,1.0,1.0,938.23455863966,938.0092217339923
0.004081632653061225,0.17142857142857143,0.08328685981197151,0.07721614000876179,-0.006070719803209723,7.77066068535791,7.731871010354087,2.0005001250312375,1.756632732902654,1.0,1.0,889.4723680920231,889.4209834677253
0.004081632653061225,0.1785714285714286,0.08164055028510636,0.07551961937867975,-0.006120930906426611,8.055128882546377,7.996235805935842,2.0005001250312944,1.752348677749979,1.0,1.0,842.4606151537885,842.2784996896029
0.004081632653061225,0.18571428571428572,0.07400413633471588,0.07395571912980431,-4.841720491156887e-05,8.267891199150094,8.268615133596017,1.7504376094022973,1.748420505208197,1.0,1.0,796.6991747936985,796.4690700258235
0.004081632653061225,0.1928571428571429,0.07264836205541435,0.07251002196889819,-0.00013834008651615604,8.550818113415087,8.548598004988111,1.750437609402411,1.7448064273456119,1.0,1.0,751.937984496124,751.8917200500209
0.004081632653061225,0.2,0.07138849237350696,0.07117010845765719,-0.00021838391584977357,8.839284623325643,8.835836616026384,1.7504376094022973,1.741470863774885,1.0,1.0,708.6771692923231,708.4556031231966
0.004081632653061225,0.20714285714285718,0.0702181500553532,0.06992522342635342,-0.0002929266289997817,9.137253910639718,9.130036223141206,1.750437609402411,1.7383833692001651,1.0,1.0,666.1665416354089,666.0786638612494
0.004081632653061225,0.2142857142857143,0.06912598175766275,0.06876600710147666,-0.0003599746561860906,9.440673493962526,9.430946986337059,1.7504376094023542,1.7355177060351714,1.0,1.0,624.9062265566392,624.6865134663886
0.004081632653061225,0.22142857142857142,0.06810669150928633,0.06768427657757756,-0.00042241493170877553,9.752200228506428,9.738357340000235,1.7504376094023542,1.7328511667787105,1.0,1.0,584.3960990247563,584.2114778465332
0.004081632653061225,0.2285714285714286,0.0671534108656341,0.06667284700172814,-0.00048056386390596395,10.07126757580144,10.052088567536078,1.750437609402411,1.7303640604950494,1.0,1.0,544.63615903976,544.5917875911225
0.004081632653061225,0.2357142857142857,0.06625883643218483,0.06572538464184775,-0.0005334517903370778,10.395531058104998,10.371990370384138,1.7504376094023257,1.7280390943866228,1.0,1.0,505.8764691172794,505.77088513411866
0.004081632653061225,0.24285714285714288,0.0654188051839216,0.06483628472613082,-0.0005825204577907805,10.726225874381832,10.697937163473423,1.7504376094023542,1.7258611609868246,1.0,1.0,467.8669667416855,467.6968292900245
0.004081632653061225,0.25,0.0646297269428395,0.06400057005918859,-0.0006291568836509082,11.06475062163574,11.029825037589006,1.7504376094023542,1.7238169040123472,1.0,1.0,430.3575893973494,430.3217811419893
0.004081632653061225,0.2571428571428572,0.06388486068555285,0.06321380570473423,-0.000671054980818625,11.406928921308065,11.367569177811285,1.7504376094023542,1.7218946137756581,1.0,1.0,393.8484621155289,393.60155824757595
0.004081632653061225,0.2642857142857143,0.06318399939334032,0.06247202773135499,-0.0007119716619853333,11.7580565480265,11.711101777725721,1.7504376094023542,1.720083769893973,1.0,1.0,357.58939734933733,357.49524649391935
0.004081632653061225,0.27142857142857146,0.06252123843673008,0.061771682316010955,-0.0007495561207191206,12.113962421968129,12.060370204276039,1.7504376094023542,1.7183750599331693,1.0,1.0,322.08052013003254,321.96486082237277
0.004081632653061225,0.2785714285714286,0.06189465900734156,0.061109574259367264,-0.000785084747974299,12.476254995392804,12.415335480657896,1.7504376094023542,1.7167602255824028,1.0,1.0,287.0717679419855,286.97504755833614
0.004081632653061225,0.28571428571428575,0.06130142666422241,0.06048282326332436,-0.000818603400898052,12.84464681169054,12.775971045895144,1.7504376094023542,1.7152317941130613,1.0,1.0,252.5631407851963,252.4928223051525
0.004081632653061225,0.29285714285714287,0.13242552021468357,0.13199651290138145,-0.0004290073133021155,13.241193307550319,13.21873641428832,3.7509377344336485,3.588198604423089,2.0,2.0,218.55463865966493,218.48733835489898
0.004081632653061225,0.3,0.1374936353318767,0.13175867885351772,-0.005734956478358977,13.808872016986674,13.783372418567419,3.750937734433535,3.583627387229355,2.0,2.0,185.04626156539135,184.9296813795077
0.004081632653061225,0.30714285714285716,0.1368772802169736,0.13099465072974564,-0.005882629487227953,14.396391104985813,14.36212379973595,3.7509377344336485,3.5792880238674134,2.0,2.0,152.03800950237562,151.79268683036065
0.004081632653061225,0.3142857142857143,0.13629406930781673,0.13027517530161825,-0.006018894006198483,14.998838329835362,14.954512638354736,3.7509377344336414,3.5751633239677196,2.0,2.0,119.27981995498875,119.05077702278547
0.004081632653061225,0.32142857142857145,0.13574657565985462,0.12959763719604536,-0.0061489384638092615,15.615946922578697,15.560632005036968,3.7509377344335917,3.57123789257603,2.0,2.0,86.77169292323082,86.6798153345554
0.004081632653061225,0.32857142857142857,0.13523343018091374,0.1289591948076351,-0.006274235373278647,16.24852865447175,16.18059697175503,3.750937734433588,3.567497965006625,2.0,2.0,54.76369092273069,54.656974693484294
0.004081632653061225,0.33571428571428574,0.13473956338949064,0.12835594842632178,-0.00638361496316886,16.89446723740796,16.81433723767329,3.750937734433588,3.5641868300619555,2.0,2.0,23.005751437859466,22.960128237374064
0.004081632653061225,0.34285714285714286,0.14152265333220201,0.12845498796914656,-0.013067665363055453,17.605092155099165,17.367475429941052,3.875968992248042,3.618817622147619,1.0,1.0,827.2068017004252,763.1731035268082
0.004081632653061225,0.35000000000000003,0.14080910781844738,0.13095263778103958,-0.009856470037407805,17.932553525094846,17.768531980423635,3.8759689922480987,3.71170366657607,1.0,1.0,803.20080020005,763.1245315395269
0.004081632653061225,0.35714285714285715,0.14012307138575478,0.13343989078056762,-0.006683180605187161,18.261998753892485,18.16803073985135,3.875968992248042,3.8053423767414665,1.0,1.0,779.6949237309328,763.074859726077
0.004081632653061225,0.3642857142857143,0.14766056260003477,0.13591679809493448,-0.011743764505100285,18.767456352705068,18.565979789019618,4.126031507877006,3.899745785570124,1.0,1.0,818.4546136534134,763.0241109030585
0.004081632653061225,0.37142857142857144,0.14699889064433283,0.13838342863577077,-0.008615462008562058,19.095777728075664,18.962390067845128,4.126031507877006,3.9949205086362807,1.0,1.0,795.9489872468117,762.9723060002639
0.004081632653061225,0.3785714285714286,0.14636417655228362,0.14083987008496482,-0.005524306467318801,19.429007465108135,19.357275536169553,4.126031507877006,4.090867625430112,1.0,1.0,773.4433608402101,762.9194641422104
0.004081632653061225,0.38571428571428573,0.15354291753533567,0.14328622973476193,-0.010256687800573733,19.915209758022808,19.75065330390968,4.376094023505857,4.1875825445255055,1.0,1.0,809.4523630907728,762.8656027375168
0.004081632653061225,0.39285714285714285,0.15292924838996588,0.14572263482275463,-0.007206613567211251,20.246478424109657,20.142543707508363,4.376094023505857,4.285055116566948,1.0,1.0,787.9469867466868,762.8107375598718
0.004081632653061225,0.4,0.15233763668026587,0.14814923293977098,-0.004188403740494895,20.58049050950657,20.53297035302639,4.3760940235058,4.383269510642277,1.0,1.0,766.6916729182296,762.7548828453845
0.004489795918367347,0.05,0.094186857687953,0.09418685768795076,-2.2343238370581275e-15,8.622561805308676,8.622562017370829,0.0,0.0,0.0,0.0,,
0.004489795918367347,0.05714285714285715,0.0841113280415877,0.0841113280415845,-3.2057689836051395e-15,8.566231689552868,8.566231903672836,0.0,0.0,0.0,0.0,,
0.004489795918367347,0.0642857142857143,0.07596214408630829,0.07596214408630515,-3.1363800445660672e-15,8.510824168736574,8.510824384829991,0.0,0.0,0.0,0.0,,
0.004489795918367347,0.07142857142857142,0.06923551650946701,0.06923551650946488,-2.123301534595612e-15,8.456315018397015,8.456315236383336,0.0,0.0,0.0,0.0,,
0.004489795918367347,0.07857142857142857,0.06358922963051251,0.06358922963051038,-2.1371793224034263e-15,8.402680890990219,8.402681110792596,0.0,0.0,0.0,0.0,,
0.004489795918367347,0.08571428571428572,0.058782675676006875,0.05878267567600583,-1.0477729794899915e-15,8.349899275488339,8.349899497033576,0.0,0.0,0.0,0.0,,
0.004489795918367347,0.09285714285714286,0.05464175016246964,0.054641750162467896,-1.7416623698807143e-15,8.297948459231865,8.297948682449857,0.0,0.0,0.0,0.0,,
0.004489795918367347,0.1,0.05103736060081978,0.05103736060081859,-1.186550857568136e-15,8.24680749188963,8.246807716713583,0.0,0.0,0.0,0.0,,
0.004489795918367347,0.10714285714285715,0.04787176341919706,0.04787176341919612,-9.367506770274758e-16,8.196456151390416,8.19645637775643,0.0,0.0,0.0,0.0,,
0.004489795918367347,0.1142857142857143,0.04506959283064588,0.04506959283064425,-1.6237011735142914e-15,8.14687491169985,8.146875139546824,0.0,0.0,0.0,0.0,,
0.004489795918367347,0.12142857142857144,0.0425718036411835,0.04257180364118214,-1.3600232051658168e-15,8.09804491232442,8.098045141594016,0.0,0.0,0.0,0.0,,
0.004489795918367347,0.1285714285714286,0.04033148047373084,0.04033148047372926,-1.582067810090848e-15,8.049947929435582,8.049948160071837,0.0,0.0,0.0,0.0,,
0.004489795918367347,0.13571428571428573,0.03831087522897273,0.03831087522897213,-6.036837696399289e-16,8.00256634851176,8.002566580461295,0.0,0.0,0.0,0.0,,
0.004489795918367347,0.14285714285714285,0.03647927237384237,0.03647927237384164,-7.28583859910259e-16,7.955883138405477,7.95588337161696,0.0,0.0,0.0,0.0,,
0.004489795918367347,0.15000000000000002,0.03481142419232309,0.034811424192322506,-5.828670879282072e-16,7.909881826748139,7.909882061172511,0.0,0.0,0.0,0.0,,
0.004489795918367347,0.15714285714285714,0.09034879710417221,0.08461398623223586,-0.005734810871936349,7.922963389005574,7.920145761555719,2.0005001250312375,1.7759762364381464,1.0,1.0,984.7461865466367,984.7425322068517
0.004489795918367347,0.1642857142857143,0.08966942426689807,0.08369013051725349,-0.005979293749644579,8.182286037807435,8.162365906217852,2.0005001250312375,1.7703200669435324,1.0,1.0,934.7336834208553,934.7237975244191
0.004489795918367347,0.17142857142857143,0.08771049327009378,0.08166262794215498,-0.006047865327938801,8.45285922752513,8.415316465674943,2.0005001250312944,1.7651749349490282,1.0,1.0,886.4716179044761,886.2647587465259
0.004489795918367347,0.1785714285714286,0.08590709660628289,0.07979811188920438,-0.0061089847170785055,8.734966988273776,8.677142645553532,2.0005001250312375,1.7604758524219513,1.0,1.0,839.4598649662416,839.2405256662722
0.004489795918367347,0.18571428571428572,0.0842417574161942,0.07807831710734399,-0.006163440308850215,9.027377062997873,8.947319120341374,2.0005001250312944,1.7561682739702524,1.0,1.0,793.6984246061515,793.5396389604821
0.004489795918367347,0.1928571428571429,0.08269938180648138,0.07648756346976454,-0.006211818336716843,9.328939241549271,9.22540186952565,2.0005001250312944,1.7522061292140285,1.0,1.0,749.1872968242061,749.0621855344331
0.004489795918367347,0.2,0.07505832110788971,0.07501233873625868,-4.598237163103147e-05,9.510677265255616,9.511014598902436,1.7504376094022973,1.7485501752758872,1.0,1.0,705.9264816204052,705.7182313865592
0.004489795918367347,0.20714285714285718,0.07377139458956374,0.07364093715092751,-0.00013045743863622505,9.805666638432504,9.803837880629446,1.7504376094023542,1.7451668916211935,1.0,1.0,663.6659164791198,663.4265099246209
0.004489795918367347,0.2142857142857143,0.07257206313918761,0.07236316821634492,-0.0002088949228426923,10.109686687885922,10.103600406424638,1.750437609402411,1.7420273886760702,1.0,1.0,622.1555388847212,622.1133173514334
0.004489795918367347,0.22142857142857142,0.07144943211580755,0.07117011983081034,-0.00027931228499721017,10.418607464367817,10.41007187200232,1.7504376094023542,1.7391066650103317,1.0,1.0,581.8954738684672,581.7115770843895
0.004489795918367347,0.2285714285714286,0.07039860878991672,0.07005396445327072,-0.0003446443366459939,10.735201804110122,10.723057155580149,1.750437609402411,1.7363830064539802,1.0,1.0,542.3855963990998,542.1600430686253
0.004489795918367347,0.2357142857142857,0.06941303557264221,0.06900779956349563,-0.00040523600914657565,11.05891940162841,11.042391539798237,1.7504376094023542,1.7338374206621672,1.0,1.0,503.6259064766192,503.40261792107714
0.004489795918367347,0.24285714285714288,0.06848688699683514,0.06802551531012382,-0.0004613716867113149,11.389239520206267,11.367936746155143,1.7504376094023542,1.7314532748132485,1.0,1.0,465.6164041010253,465.3877665607719
0.004489795918367347,0.25,0.06761620063614071,0.06710168434674633,-0.0005145162893943761,11.727562514363214,11.69957765382875,1.7504376094023542,1.729215899726842,1.0,1.0,428.1070267566892,428.0680096700174
0.004489795918367347,0.2571428571428572,0.06679386843238345,0.06623146938917936,-0.0005623990432040982,12.069664647853362,12.037219544373912,1.7504376094023542,1.7271123567363253,1.0,1.0,391.59789947486877,391.39948423931503
0.004489795918367347,0.2642857142857143,0.0660181823530237,0.06541054557163897,-0.0006076367813847294,12.418920159725399,12.38078582077697,1.7504376094023542,1.725131109228824,1.0,1.0,355.5888972243061,355.34156075488784
0.004489795918367347,0.27142857142857146,0.06528538521768962,0.0646350343662885,-0.0006503508514011241,12.775001382655484,12.730216033196578,1.7504376094023257,1.72326199298841,1.0,1.0,320.0800200050013,319.85650842930323
0.004489795918367347,0.2785714285714286,0.06459208779860393,0.06390144795671904,-0.000690639841884888,13.137596847251418,13.085464295804238,1.7504376094023542,1.721495844237507,1.0,1.0,285.0712678169543,284.90920135577244
0.004489795918367347,0.28571428571428575,0.06393522476588862,0.06320664132514525,-0.0007285834407433633,13.50641004083074,13.446497885731311,1.75043760940234,1.7198244615457958,1.0,1.0,250.56264066016507,250.46685966154206
0.004489795918367347,0.29285714285714287,0.13983448561366965,0.13689699223233545,-0.0029374933813341997,13.921909024710606,13.902877849736202,3.7509377344336485,3.60305373806623,2.0,2.0,216.55413853463367,216.49882070727836
0.004489795918367347,0.3,0.14167001227256545,0.13632564618738693,-0.00534436608517852,14.493943955905163,14.468982477375382,3.7509377344335917,3.598038037278459,2.0,2.0,183.0457614403601,182.97633617295912
0.004489795918367347,0.30714285714285716,0.14096299565843265,0.13545824915131438,-0.005504746507118269,15.081688336189279,15.049272548966849,3.7509377344336485,3.5932780026167186,2.0,2.0,150.03750937734435,149.8723915210621
0.004489795918367347,0.3142857142857143,0.14029562804284898,0.1346402164612285,-0.005655411581620473,15.68454677704544,15.64347347113514,3.7509377344336485,3.5887547174003,2.0,2.0,117.2793198299575,117.16154486525973
0.004489795918367347,0.32142857142857145,0.139668597919203,0.1338684371561728,-0.005800160763030193,16.30323656576768,16.251668690362717,3.7509377344335917,3.584451067523334,2.0,2.0,85.02125531382846,84.81978271589851
0.004489795918367347,0.32857142857142857,0.13907770629798547,0.13313979136354295,-0.005937914934442512,16.93661741364547,16.873964419172186,3.750937734433645,3.5803519951645306,2.0,2.0,53.013253313328335,52.82438951651323
0.004489795918367347,0.33571428571428574,0.13850536987947776,0.13244952271818528,-0.0060558471612924825,17.584802598037825,17.51018609464376,3.750937734433588,3.5768190226983303,2.0,2.0,21.255313828457115,21.153112906150668
0.004489795918367347,0.34285714285714286,0.14533751502242387,0.13266750043658265,-0.012670014585841216,18.279727862926137,18.05097506698393,3.8759689922480987,3.6368042698974046,1.0,1.0,824.4561140285072,762.8486742161186
0.004489795918367347,0.35000000000000003,0.14455378892726714,0.1351626319145613,-0.009391157012705847,18.606198928117532,18.451864342465413,3.8759689922480987,3.730003108197709,1.0,1.0,800.4501125281321,762.8003255741759
0.004489795918367347,0.35714285714285715,0.14380172179739378,0.13764735150016844,-0.006154370297225348,18.936492938107833,18.851192919864392,3.8759689922480987,3.8239593871840065,1.0,1.0,776.6941735433859,762.7508793801856
0.004489795918367347,0.3642857142857143,0.1514082419830523,0.14012171240458074,-0.011286529578471566,19.441389322240614,19.248969213541425,4.126031507876949,3.9186846928874752,1.0,1.0,815.7039259814954,762.700358351294
0.004489795918367347,0.37142857142857144,0.15068314909902328,0.1425857859569786,-0.008097363142044678,19.770536311013096,19.645204539843263,4.126031507876892,4.014185045284106,1.0,1.0,792.9482370592649,762.6487833055988
0.004489795918367347,0.3785714285714286,0.14998385148088755,0.14503966235232313,-0.004944189128564425,20.101212048590163,20.039913264544342,4.126031507877006,4.110460942485954,1.0,1.0,770.6926731682921,762.5961732440192
0.004489795918367347,0.38571428571428573,0.15722646760627,0.14748345164939694,-0.009743015956873047,20.59015926615847,20.433112938112416,4.376094023505914,4.20750710074499,1.0,1.0,806.4516129032259,762.5425454311277
0.004489795918367347,0.39285714285714285,0.15655221085698726,0.14991728392014902,-0.006634926936838231,20.920640342953003,20.824824359778994,4.376094023505914,4.305312687836706,1.0,1.0,784.9462365591398,762.4879154898081
0.004489795918367347,0.4,0.1559002499691317,0.15234130981822913,-0.0035589401509025786,21.252144015367996,21.21507163321757,4.376094023505914,4.403861097290065,1.0,1.0,763.9409852463116,762.432297487071
0.004897959183673469,0.05,0.10144575690021,0.10144575690020653,-3.469446951953614e-15,9.360975258106523,9.360975466318248,0.0,0.0,0.0,0.0,,
0.004897959183673469,0.05714285714285715,0.09066731575052143,0.09066731575052006,-1.3739009929736312e-15,9.299577331218005,9.29957754166436,0.0,0.0,0.0,0.0,,
0.004897959183673469,0.0642857142857143,0.08193600509190377,0.08193600509190184,-1.9290125052862095e-15,9.239184099154976,9.239184311744161,0.0,0.0,0.0,0.0,,
0.004897959183673469,0.07142857142857142,0.0747196844988875,0.07471968449888654,-9.575673587391975e-16,9.179769204082339,9.179769418726934,0.0,0.0,0.0,0.0,,
0.004897959183673469,0.07857142857142857,0.06865592986567215,0.06865592986567058,-1.5681900222830336e-15,9.121307241522933,9.121307458139404,0.0,0.0,0.0,0.0,,
0.004897959183673469,0.08571428571428572,0.06348937037429396,0.06348937037429268,-1.27675647831893e-15,9.063773716468297,9.06377393497715,0.0,0.0,0.0,0.0,,
0.004897959183673469,0.09285714285714286,0.05903488011596812,0.05903488011596645,-1.672273430841642e-15,9.00714500193756,9.007145222262752,0.0,0.0,0.0,0.0,,
0.004897959183673469,0.1,0.05515497962019889,0.05515497962019778,-1.1102230246251565e-15,8.951398299824154,8.951398521893056,0.0,0.0,0.0,0.0,,
0.004897959183673469,0.10714285714285715,0.051745434150149164,0.051745434150148546,-6.175615574477433e-16,8.896511603883193,8.896511827626401,0.0,0.0,0.0,0.0,,
0.004897959183673469,0.1142857142857143,0.048725777906731736,0.048725777906731584,-1.5265566588595902e-16,8.84246366472106,8.842463890072247,0.0,0.0,0.0,0.0,,
0.004897959183673469,0.12142857142857144,0.04603290450533711,0.046032904505335426,-1.6861512186494565e-15,8.78923395666113,8.789234183556784,0.0,0.0,0.0,0.0,,
0.004897959183673469,0.1285714285714286,0.04361662537720355,0.04361662537720234,-1.214306433183765e-15,8.736802646367694,8.736802874747237,0.0,0.0,0.0,0.0,,
0.004897959183673469,0.13571428571428573,0.041436525494825585,0.041436525494824766,-8.187894806610529e-16,8.685150563118281,8.685150792923553,0.0,0.0,0.0,0.0,,
0.004897959183673469,0.14285714285714285,0.03945969486014629,0.03945969486014558,-7.077671781985373e-16,8.634259170623016,8.634259401798474,0.0,0.0,0.0,0.0,,
0.004897959183673469,0.15000000000000002,0.03765906380351157,0.037659063803510806,-7.632783294297951e-16,8.584110540297083,8.58411077278929,0.0,0.0,0.0,0.0,,
0.004897959183673469,0.15714285714285714,0.09579899256753426,0.09007133846678995,-0.0057276541007443005,8.61147973857797,8.60873730538159,2.0005001250312944,1.785518529108959,1.0,1.0,981.4953738434609,981.3276246132507
0.004897959183673469,0.1642857142857143,0.09421735427098608,0.08829232311008398,-0.005925031160902108,8.868339271153927,8.848316340116368,2.0005001250312944,1.7793555196956736,1.0,1.0,931.4828707176795,931.4493369101203
0.004897959183673469,0.17142857142857143,0.0920928600650626,0.08608511239114262,-0.006007747673919983,9.136244569698688,9.098407495031397,2.0005001250312375,1.7737509582075297,1.0,1.0,883.2208052013004,883.1184841382913
0.004897959183673469,0.1785714285714286,0.09013393090114022,0.08405427466031928,-0.006079656240820935,9.414469057061268,9.357741929932953,2.0005001250312944,1.768633646657691,1.0,1.0,836.4591147786947,836.2116124363639
0.004897959183673469,0.18571428571428572,0.08832486360932218,0.08218008781715556,-0.006144775792166615,9.70493613451859,9.625756874534012,2.0005001250312375,1.7639438788988633,1.0,1.0,790.6976744186047,790.6184844642854
0.004897959183673469,0.1928571428571429,0.08664662752321783,0.08044563169925914,-0.006200995823958694,10.003166651844719,9.90197610736583,2.0005001250311807,1.7596312258974656,1.0,1.0,746.4366091522882,746.2402328538352
0.004897959183673469,0.2,0.08508818099088428,0.07883632031477578,-0.0062518606761085005,10.31143927275645,10.185995527532993,2.0005001250312944,1.7556527606735477,1.0,1.0,703.1757939484871,702.987823378092
0.004897959183673469,0.20714285714285718,0.08363734522623233,0.07733951349188581,-0.006297831734346518,10.62884701185708,10.477471596833066,2.0005001250312375,1.751971797161969,1.0,1.0,660.9152288072019,660.780767563588
0.004897959183673469,0.2142857142857143,0.07599115352218178,0.07594420368358581,-4.6949838595961024e-05,10.776780559759496,10.776112017600523,1.750437609402411,1.7485567491967235,1.0,1.0,619.6549137284321,619.5460377023318
0.004897959183673469,0.22142857142857142,0.07476793506633286,0.07464076121930988,-0.00012717384702298773,11.08482235907266,11.08166814703219,1.750437609402411,1.74538030679687,1.0,1.0,579.394848712178,579.2171472373439
0.004897959183673469,0.2285714285714286,0.07362218411326736,0.07342072580490158,-0.00020145830836577894,11.400740230197643,11.393928792456189,1.750437609402411,1.7424187420518145,1.0,1.0,539.8849712428107,539.7333671498974
0.004897959183673469,0.2357142857142857,0.07254687783680835,0.07227663476352911,-0.0002702430732792471,11.723966606100658,11.712715108235956,1.7504376094023257,1.7396513228886765,1.0,1.0,501.12528132033015,501.03905487616026
0.004897959183673469,0.24285714285714288,0.07153577505494692,0.07120188057565764,-0.0003338944792892762,12.053964642332373,12.037876364690288,1.7504376094023542,1.7370598903333307,1.0,1.0,463.11577894473623,463.083076864899
0.004897959183673469,0.25,0.07058331043781184,0.07019059231885877,-0.00039271811895306985,12.390225517007448,12.369286454590895,1.7504376094023542,1.7346283758117358,1.0,1.0,425.85646411602903,425.8183094778294
0.004897959183673469,0.2571428571428572,0.06968450543327719,0.06923753581627919,-0.00044696961699799975,12.732265923001552,12.706840913134473,1.7504376094023542,1.7323427194030963,1.0,1.0,389.3473368342086,389.20120576536243
0.004897959183673469,0.2642857142857143,0.06883612599516553,0.0683380302604741,-0.0004980957346914366,13.081605739791287,13.050454515557385,1.7504376094023542,1.7301903188636067,1.0,1.0,353.3383345836459,353.19141789804866
0.004897959183673469,0.27142857142857146,0.06803414106867797,0.06748787698204702,-0.000546264086630957,13.4379071467915,13.400059168846601,1.7504376094023542,1.7281600025657105,1.0,1.0,317.8294573643411,317.7514668312398
0.004897959183673469,0.2785714285714286,0.06727368758629618,0.06668329913052139,-0.0005903884557747902,13.798802248198598,13.755602159565587,1.7504376094023542,1.72624184928136,1.0,1.0,283.070767691923,282.84645222439303
0.004897959183673469,0.28571428571428575,0.06655392991877798,0.06592089035579818,-0.0006330395629798036,14.168046517793961,14.117044706466285,1.7504376094023542,1.7244269168295436,1.0,1.0,248.5621405351338,248.44379680468592
0.004897959183673469,0.29285714285714287,0.14541187275985004,0.1416928214794654,-0.003719051280384633,14.602755876298648,14.587171536495141,3.7509377344336343,3.617996283498362,2.0,2.0,214.55363840960243,214.51302031447494
0.004897959183673469,0.3,0.14580311972394988,0.14087707226864526,-0.004926047455304616,15.177505450559426,15.15469580108597,3.7509377344335917,3.6125309615628813,2.0,2.0,181.04526131532884,181.0255389577271
0.004897959183673469,0.30714285714285716,0.14501044812306887,0.13990693755789024,-0.005103510565178632,15.766986809330273,15.7365576658239,3.7509377344336485,3.607345556281509,2.0,2.0,148.03700925231308,147.95448689833162
0.004897959183673469,0.3142857142857143,0.1442621163821438,0.1389908730432385,-0.0052712433389053015,16.37186380349975,16.33260208237865,3.7509377344335846,3.6024193553545065,2.0,2.0,115.27881970492624,115.27455688897236
0.004897959183673469,0.32142857142857145,0.14355567334552946,0.13812534903826848,-0.005430324307260981,16.991204610717926,16.942902978716912,3.7509377344335846,3.5977334697672654,2.0,2.0,83.02075518879721,82.96185754310238
0.004897959183673469,0.32857142857142857,0.1428900387683743,0.13730696912289003,-0.005583069645484273,17.627072001974035,17.56755780772646,3.750937734433645,3.5932716389943407,2.0,2.0,51.012753188297076,50.993783764561975
0.004897959183673469,0.33571428571428574,0.14223606201993788,0.13652984451118746,-0.005706217508750416,18.275035870908216,18.206242847596474,3.750937734433645,3.58956919089542,2.0,2.0,19.504876219054765,19.34785253898299
0.004897959183673469,0.34285714285714286,0.14911997861776638,0.1368765674025894,-0.01224341121517697,18.955724584045893,18.734450204916357,3.875968992247985,3.6549229214462704,1.0,1.0,821.4553638409603,762.5246579420666
0.004897959183673469,0.35000000000000003,0.14826732583337682,0.1393691790723154,-0.008898146761061404,19.28126549142353,19.13517150810768,3.875968992248042,3.748436859357755,1.0,1.0,797.4493623405853,762.4765332101
0.004897959183673469,0.35714285714285715,0.1474470940801669,0.1418513638862312,-0.005595730193935694,19.608957603385935,19.534329225229722,3.875968992248042,3.8427130442316435,1.0,1.0,773.9434858714679,762.4273132051545
0.004897959183673469,0.3642857142857143,0.15512448274161772,0.14432317730155778,-0.010801305440059944,20.116711466182778,19.931932116708907,4.126031507877006,3.9377625122520863,1.0,1.0,812.7031757939485,762.377020546465
0.004897959183673469,0.37142857142857144,0.1543337564276203,0.14678469298147678,-0.007549063446143506,20.4432724225063,20.32799187565228,4.126031507877006,4.033590763635587,1.0,1.0,790.1975493873468,762.3256759345153
0.004897959183673469,0.3785714285714286,0.153572643454843,0.14923600378667623,-0.004336639668166775,20.77313835397836,20.722523285993688,4.126031507876892,4.130197616139778,1.0,1.0,767.9419854963742,762.2732982367073
0.004897959183673469,0.38571428571428573,0.16087782358090594,0.1516772224559091,-0.009200601124996849,21.26481876204517,21.115544339449766,4.376094023505857,4.2275771756569185,1.0,1.0,803.450862715679,762.2199045789282
0.004897959183673469,0.39285714285714285,0.16014233633325592,0.15410848207064987,-0.006033854262606053,21.592767410780688,21.507076312634,4.3760940235058,4.325717814275415,1.0,1.0,782.1955488872219,762.1655104260163
0.004897959183673469,0.4,0.1671216399693216,0.1565299361779019,-0.010591703791419715,22.071955829243738,21.89714379440194,4.62615653913482,4.424602258493543,1.0,1.0,814.7036759189798,762.1101296758366
0.005306122448979592,0.05,0.10858724285233028,0.10858724285232804,-2.2343238370581275e-15,10.098753963380531,10.09875416776671,0.0,0.0,0.0,0.0,,
0.005306122448979592,0.05714285714285715,0.0971283278775284,0.09712832787752698,-1.4155343563970746e-15,10.032299173585645,10.032299380382094,0.0,0.0,0.0,0.0,,
0.005306122448979592,0.0642857142857143,0.08783150937507549,0.08783150937507284,-2.6506574712925612e-15,9.966930881889905,9.96693109099754,0.0,0.0,0.0,0.0,,
0.005306122448979592,0.07142857142857142,0.08013814016964996,0.08013814016964868,-1.27675647831893e-15,9.902620608054805,9.902620819379303,0.0,0.0,0.0,0.0,,
0.005306122448979592,0.07857142857142857,0.07366675694985492,0.0736667569498533,-1.6237011735142914e-15,9.839340901125192,9.839341114576605,0.0,0.0,0.0,0.0,,
0.005306122448979592,0.08571428571428572,0.06814799560722391,0.06814799560722327,-6.38378239159465e-16,9.777065292082924,9.77706550757536,0.0,0.0,0.0,0.0,,
0.005306122448979592,0.09285714285714286,0.06338623207518054,0.06338623207517859,-1.9567680809018384e-15,9.715768249139437,9.715768466590806,0.0,0.0,0.0,0.0,,
0.005306122448979592,0.1,0.059235965530647756,0.05923596553064663,-1.124100812432971e-15,9.65542513549487,9.655425354827049,0.0,0.0,0.0,0.0,,
0.005306122448979592,0.10714285714285715,0.0555867317200969,0.055586731720095865,-1.033895191682177e-15,9.59601216940417,9.596012390542205,0.0,0.0,0.0,0.0,,
0.005306122448979592,0.1142857142857143,0.05235315602241526,0.0523531560224144,-8.604228440844963e-16,9.537506386402196,9.537506609274459,0.0,0.0,0.0,0.0,,
0.005306122448979592,0.12142857142857144,0.04946821316665784,0.04946821316665687,-9.645062526431047e-16,9.479885603551443,9.47988582808961,0.0,0.0,0.0,0.0,,
0.005306122448979592,0.1285714285714286,0.04687854906050456,0.04687854906050342,-1.1379786002407855e-15,9.423128385585501,9.42312861172401,0.0,0.0,0.0,0.0,,
0.005306122448979592,0.13571428571428573,0.04454116441369337,0.04454116441369185,-1.519617764955683e-15,9.3672140128296,9.367214240505701,0.0,0.0,0.0,0.0,,
0.005306122448979592,0.14285714285714285,0.04242101907512166,0.04242101907512111,-5.551115123125783e-16,9.312122450789934,9.312122679943727,0.0,0.0,0.0,0.0,,
0.005306122448979592,0.15000000000000002,0.040489272055716126,0.04048927205571539,-7.355227538141662e-16,9.257834321309062,9.257834551882855,0.0,0.0,0.0,0.0,,
0.005306122448979592,0.15714285714285714,0.10085953597719606,0.09516156694265643,-0.005697969034539632,9.301276245624525,9.297189245640787,2.0005001250312944,1.795103011105676,1.0,1.0,977.9944986246562,977.9247364308856
0.005306122448979592,0.1642857142857143,0.09871986291323223,0.09286881795114556,-0.005851044962086674,9.553962703000467,9.533864558964897,2.0005001250312944,1.7884288119443232,1.0,1.0,928.2320580145037,928.1857489816435
0.005306122448979592,0.17142857142857143,0.09643163547844652,0.09048376115918258,-0.0059478743192639405,9.817680944188071,9.781148932739102,2.0005001250312944,1.7823610728257344,1.0,1.0,880.2200550137535,879.9820807066228
0.005306122448979592,0.1785714285714286,0.09432308871716591,0.08828825917863865,-0.006034829538527256,10.095268027431585,10.038037826952635,2.0005001250312375,1.7768223057908479,1.0,1.0,833.208302075519,833.191691090529
0.005306122448979592,0.18571428571428572,0.09236999427372572,0.08626116853764193,-0.006108825736083789,10.38052878652468,10.303932006470959,2.0005001250312375,1.7717475260898943,1.0,1.0,787.9469867466868,787.7055460798175
0.005306122448979592,0.1928571428571429,0.09056121608878752,0.08438435150690607,-0.00617686458188145,10.678856343463515,10.578323860669057,2.0005001250312944,1.7670818732294726,1.0,1.0,743.4358589647412,743.425808718252
0.005306122448979592,0.2,0.08887751707939086,0.08264216712660438,-0.006235349952786476,10.98407090762711,10.860782150182855,2.0005001250312944,1.762778714415618,1.0,1.0,700.4251062765692,700.2643319202242
0.005306122448979592,0.20714285714285718,0.0873103812074375,0.0810210566949049,-0.006289324512532599,11.30041979583833,11.150939783671118,2.0005001250312375,1.7587981518940075,1.0,1.0,658.1645411352839,658.1413948405675
0.005306122448979592,0.2142857142857143,0.08584557384906902,0.07950920908329169,-0.0063363647657773275,11.62343185331631,11.448483939383411,2.0005001250312944,1.7551058732962708,1.0,1.0,617.1542885721431,616.9846370957199
0.005306122448979592,0.22142857142857142,0.08447604549039044,0.07809628859645729,-0.00637975689393315,11.955964244914423,11.75314803230148,2.0005001250312944,1.7516722006374046,1.0,1.0,576.894223555889,576.7281547887615
0.005306122448979592,0.2285714285714286,0.0768231457649237,0.07677321200797918,-4.9933756944522956e-05,12.066109062677862,12.064705127582958,1.7504376094023542,1.7484713927609852,1.0,1.0,537.3843460865216,537.3117297139934
0.005306122448979592,0.2357142857142857,0.07565809452926411,0.07553196500872691,-0.00012612952053719928,12.387008612870725,12.382962536800752,1.7504376094023542,1.7454809363989632,1.0,1.0,498.87471867966997,498.6801688417688
0.005306122448979592,0.24285714285714288,0.07456319181885669,0.07436544983671016,-0.00019774198214653205,12.716666272044733,12.707757330421076,1.7504376094023542,1.7426810798118828,1.0,1.0,460.86521630407606,460.7827356406646
0.005306122448979592,0.25,0.07353124311694312,0.07326735818196348,-0.00026388493497964127,13.052740232004684,13.038952597193864,1.7504376094023542,1.7400544719479518,1.0,1.0,423.60590147536885,423.5726582858669
0.005306122448979592,0.2571428571428572,0.07255694424208953,0.07223206478813315,-0.00032487945395637263,13.394733246804007,13.376434336758804,1.7504376094023542,1.7375857594539417,1.0,1.0,387.0967741935484,387.00670255921926
0.005306122448979592,0.2642857142857143,0.07163677722232202,0.07125453766534223,-0.0003822395569797882,13.744170712866111,13.720108835909995,1.7504376094023542,1.735261344298488,1.0,1.0,351.0877719429858,351.04479943832524
0.005306122448979592,0.27142857142857146,0.0707652055342834,0.0703302621384677,-0.00043494339581570673,14.098671931423164,14.069900466841744,1.7504376094023542,1.7330691367737023,1.0,1.0,315.82895723930983,315.64971912422953
0.005306122448979592,0.2785714285714286,0.06994083145645157,0.06945517627737686,-0.000485655179074701,14.461938188691295,14.425749832377175,1.7504376094023542,1.7309983370010749,1.0,1.0,280.82020505126286,280.78678466746754
0.005306122448979592,0.28571428571428575,0.06915767092017305,0.06862561582169549,-0.0005320550984775629,14.829556416861553,14.787612211283967,1.7504376094023542,1.7290392060065647,1.0,1.0,246.56164041010254,246.42361949377712
0.005306122448979592,0.29285714285714287,0.15026870596369968,0.14641892308422852,-0.0038497828794711586,15.285572327240711,15.271587735302473,3.7509377344336485,3.6330272785329747,2.0,2.0,212.55313828457116,212.52992405929348
0.005306122448979592,0.3,0.1498942054492106,0.14541303476749692,-0.004481170681713664,15.858855290574681,15.840515431126763,3.750937734433535,3.627107105922189,2.0,2.0,179.2948237059265,179.07727762421413
0.005306122448979592,0.30714285714285716,0.14901816850575644,0.14434076306885524,-0.004677405436901205,16.450077884885438,16.423982019551456,3.7509377344336485,3.6214915220974966,2.0,2.0,146.28657164291073,146.0389617581666
0.005306122448979592,0.3142857142857143,0.1481903861951456,0.14332719057743362,-0.0048631956177119795,17.056975966128558,17.021901146715187,3.7509377344335846,3.6161579386505784,2.0,2.0,113.5283820955239,113.38980270551475
0.005306122448979592,0.32142857142857145,0.14740760655827634,0.14236841669643174,-0.005039189861844595,17.678588059710897,17.634337355531333,3.7509377344335917,3.611085766897306,2.0,2.0,81.27031757939486,81.10603016364878
0.005306122448979592,0.32857142857142857,0.1466668854444695,0.14146077042793123,-0.005206115016538282,18.31530389016308,18.261379467737513,3.750937734433588,3.6062574833864365,2.0,2.0,49.26231557889473,49.165148385594215
0.005306122448979592,0.33571428571428574,0.1459325845812019,0.14059682639925009,-0.005335758181951811,18.966819159012505,18.9024886228281,3.750937734433645,3.6024638547911327,2.0,2.0,17.754438609652414,17.544290795599206
0.005306122448979592,0.34285714285714286,0.15286883752028654,0.1410821907316837,-0.011786646788602834,19.631415982011994,19.4179007085962,3.8759689922480987,3.673175185118455,1.0,1.0,818.4546136534134,762.2010541112307
0.005306122448979592,0.35000000000000003,0.15194849141457206,0.14357228110472403,-0.008376210309848031,19.956048602097592,19.818453339484183,3.8759689922480987,3.7670065772807018,1.0,1.0,794.4486121530383,762.153153860438
0.005306122448979592,0.35714285714285715,0.1510629220905398,0.146051929835462,-0.005010992255077784,20.28291416697097,20.217439518882507,3.8759689922480987,3.861605012512885,1.0,1.0,770.942735683921,762.1041606249258
0.005306122448979592,0.3642857142857143,0.15880804335446627,0.1485211946987094,-0.01028684865575688,20.79173752821084,20.6148683613661,4.126031507876949,3.956980939346251,1.0,1.0,809.7024256064017,762.0540969197026
0.005306122448979592,0.37142857142857144,0.15795449850514703,0.15098015167395226,-0.006974346831194772,21.117467281039424,21.010751940473945,4.126031507876949,4.0531393662182404,1.0,1.0,787.1967991998,762.0029833220382
0.005306122448979592,0.3785714285714286,0.1571326408466895,0.15342889637675997,-0.0037037444699295208,21.446580390836743,21.405105467272232,4.126031507877006,4.150079380531681,1.0,1.0,764.9412353088272,761.9508385705092
0.005306122448979592,0.38571428571428573,0.16449568229048298,0.1558675442100226,-0.008628138080460368,21.937457208242478,21.79794737844229,4.376094023505914,4.247794501684258,1.0,1.0,800.700175043761,761.8976796384405
0.005306122448979592,0.39285714285714285,0.1637034268609048,0.15829623133651155,-0.005407195524393255,22.266381204667123,22.189299435808106,4.376094023505914,4.346272265320296,1.0,1.0,779.194798699675,761.8435218310302
0.005306122448979592,0.4,0.17073520156808797,0.1607151142279542,-0.010020087340133765,22.746436931069255,22.579186721028957,4.626156539134763,4.445494726780454,1.0,1.0,811.702925731433,761.7883788745587
0.005714285714285714,0.05,0.11561414353176085,0.1156141435317582,-2.6506574712925612e-15,10.835899005862718,10.835899206448055,0.0,0.0,0.0,0.0,,
0.005714285714285714,0.05714285714285715,0.10349641527627884,0.10349641527627533,-3.5110803153770576e-15,10.76439827087407,10.76439847404414,0.0,0.0,0.0,0.0,,
0.005714285714285714,0.0642857142857143,0.09365019020423948,0.09365019020423788,-1.5959455978986625e-15,10.69406554180661,10.694065747455419,0.0,0.0,0.0,0.0,,
0.005714285714285714,0.07142857142857142,0.08549205904081938,0.08549205904081783,-1.5543122344752192e-15,10.624870226931618,10.624870434957769,0.0,0.0,0.0,0.0,,
0.005714285714285714,0.07857142857142857,0.07862263137468425,0.07862263137468221,-2.040034807748725e-15,10.55678283921859,10.556783049525794,0.0,0.0,0.0,0.0,,
0.005714285714285714,0.08571428571428572,0.07275928525830523,0.07275928525830339,-1.8457457784393227e-15,10.489774945561594,10.48977515805765,0.0,0.0,0.0,0.0,,
0.005714285714285714,0.09285714285714286,0.06769640029309337,0.06769640029309197,-1.4016565685892601e-15,10.423819118831501,10.423819333428476,0.0,0.0,0.0,0.0,,
0.005714285714285714,0.1,0.06328080606438644,0.06328080606438428,-2.1510571102112408e-15,10.358888892573185,10.358889109187071,0.0,0.0,0.0,0.0,,
0.005714285714285714,0.10714285714285715,0.059396061212684315,0.05939606121268219,-2.123301534595612e-15,10.294958718173387,10.294958936723843,0.0,0.0,0.0,0.0,,
0.005714285714285714,0.1142857142857143,0.05595206717135692,0.0559520671713555,-1.4224732503009818e-15,10.23200392434369,10.232004144754121,0.0,0.0,0.0,0.0,,
0.005714285714285714,0.12142857142857144,0.05287801767344903,0.05287801767344695,-2.0816681711721685e-15,10.170000678771157,10.170000900967867,0.0,0.0,0.0,0.0,,
0.005714285714285714,0.1285714285714286,0.050117497622692735,0.050117497622691264,-1.4710455076283324e-15,10.108925951799545,10.108926175712645,0.0,0.0,0.0,0.0,,
0.005714285714285714,0.13571428571428573,0.04762500384500528,0.04762500384500386,-1.4224732503009818e-15,10.048757482017606,10.048757707579579,0.0,0.0,0.0,0.0,,
0.005714285714285714,0.14285714285714285,0.04536342866069751,0.0453634286606967,-8.049116928532385e-16,9.989473743634132,9.989473970780544,0.0,0.0,0.0,0.0,,
0.005714285714285714,0.15000000000000002,0.04330220913182297,0.04330220913182225,-7.216449660063518e-16,9.93105391553294,9.931054144202257,0.0,0.0,0.0,0.0,,
0.005714285714285714,0.15714285714285714,0.10566109452212924,0.10005963908286643,-0.005601455439262812,9.989310346867972,9.985342157327333,2.0005001250312944,1.804730028606719,1.0,1.0,974.7436859214804,974.533763722428
0.005714285714285714,0.1642857142857143,0.10317762777857808,0.09741980443863095,-0.005757823339947135,10.239162044411012,10.219016106704817,2.0005001250312375,1.7975402259908158,1.0,1.0,924.9812453113279,924.9329439554122
0.005714285714285714,0.17142857142857143,0.1007303944755327,0.09485874078984985,-0.005871653685682848,10.500322408524635,10.463545543052259,2.0005001250312944,1.791005524911453,1.0,1.0,876.9692423105777,876.8554704476728
0.005714285714285714,0.1785714285714286,0.09847215204112997,0.09250021586213288,-0.005971936178997092,10.774116402733963,10.718034448445664,2.0005001250312944,1.7850420212547768,1.0,1.0,830.207551887972,830.1806934971837
0.005714285714285714,0.18571428571428572,0.09638057320897646,0.09032169557742956,-0.006058877631546902,11.057508690393929,10.981848079788888,2.0005001250312944,1.7795793901255825,1.0,1.0,784.9462365591398,784.8007640026823
0.005714285714285714,0.1928571428571429,0.09444066213527977,0.08830384679725252,-0.006136815338027249,11.352565434953156,11.254448228838799,2.0005001250312375,1.7745582559611655,1.0,1.0,740.6851712928233,740.6188603893426
0.005714285714285714,0.2,0.09263529827937746,0.08642999219286,-0.006205306086517454,11.65647418829365,11.535377174478032,2.0005001250311807,1.7699282026034788,1.0,1.0,697.6744186046512,697.5477103039387
0.005714285714285714,0.20714285714285718,0.09095233059550818,0.08468567017392958,-0.006266660421578599,11.969963413707292,11.824244816485868,2.0005001250312375,1.765646094223485,1.0,1.0,655.6639159789949,655.5083502181883
0.005714285714285714,0.2142857142857143,0.08937980492027937,0.08305827932376497,-0.006321525596514402,12.292131840622584,12.120718265379564,2.0005001250312944,1.7616748615284457,1.0,1.0,614.653663415854,614.4290784516181
0.005714285714285714,0.22142857142857142,0.08790865894225577,0.08153678921944449,-0.006371869722811285,12.624052623848993,12.424513373467171,2.0005001250312944,1.7579824616550475,1.0,1.0,574.3935983995999,574.2445665181565
0.005714285714285714,0.2285714285714286,0.08652813560144565,0.08011150356210904,-0.006416632039336609,12.96308829230525,12.735387801183117,2.0005001250312944,1.7545410306134734,1.0,1.0,535.1337834458615,534.8951008963551
0.005714285714285714,0.2357142857142857,0.08523288443687034,0.07877386478689165,-0.006459019649978692,13.312493157643965,13.053135295252442,2.0005001250312375,1.751326262397925,1.0,1.0,496.3740935233809,496.32593288318674
0.005714285714285714,0.24285714285714288,0.07757057146681544,0.07751629196908534,-5.427949773009755e-05,13.379204873469432,13.377580941752134,1.7504376094023542,1.7483169159037066,1.0,1.0,458.6146536634159,458.4867185209508
0.005714285714285714,0.25,0.07646018305252165,0.0763320459767092,-0.00012813707581245393,13.715107252658498,13.708577260179034,1.7504376094023542,1.745494173443877,1.0,1.0,421.35533883470873,421.3310339850559
0.005714285714285714,0.2571428571428572,0.07541135526239698,0.07521511573196842,-0.00019623953042856301,14.057067110948685,14.046000856809274,1.7504376094023542,1.742841541446979,1.0,1.0,384.84621155288824,384.8159545043004
0.005714285714285714,0.2642857142857143,0.07441904143506446,0.07416012301214502,-0.00025891842291944633,14.404598500421459,14.389749698067874,1.7504376094023542,1.740344331564848,1.0,1.0,349.0872718179545,348.90168702284785
0.005714285714285714,0.27142857142857146,0.07348119331008848,0.07316224150251055,-0.00031895180757793296,14.761342501518964,14.739740775284542,1.7504376094023542,1.737989445403219,1.0,1.0,313.5783945986497,313.5512485212529
0.005714285714285714,0.2785714285714286,0.07259119542390333,0.07221712783763323,-0.00037406758627009373,15.122891247437673,15.095908109535538,1.7504376094023542,1.7357652593695099,1.0,1.0,278.81970492623157,278.7301832920791
0.005714285714285714,0.28571428571428575,0.07174657510864471,0.07132086294242138,-0.0004257121662233354,15.490939908337412,15.458201100317671,1.75043760940234,1.733661367744208,1.0,1.0,244.56114028507128,244.406313580297
0.005714285714285714,0.29285714285714287,0.15471413702882578,0.15109646304381724,-0.003617673985008535,15.968659800593937,15.956109703740886,3.7509377344336485,3.648147619480735,2.0,2.0,210.5526381595399,210.5495189068151
0.005714285714285714,0.3,0.15394817376466213,0.14993360059708977,-0.004014573167572366,16.54232625872629,16.52644445375607,3.7509377344335206,3.6417672507930567,2.0,2.0,177.29432358089522,177.1315401364031
0.005714285714285714,0.30714285714285716,0.15299067191633228,0.14875977295543272,-0.004230898960899565,17.135372067587266,17.11154845992945,3.7509377344335775,3.635716633824634,2.0,2.0,144.2860715178795,144.12580496250203
0.005714285714285714,0.3142857142857143,0.1520849210037287,0.14764921456488178,-0.004435706438846915,17.744371396976252,17.711373319270262,3.7509377344335917,3.62997120266664,2.0,2.0,111.52788197049263,111.50727198568141
0.005714285714285714,0.32142857142857145,0.15122550845691848,0.14659768409656837,-0.0046278243603501135,18.366692029241676,18.325974309942158,3.7509377344336485,3.624508602806602,2.0,2.0,79.26981745436359,79.25229097825627
0.005714285714285714,0.32857142857142857,0.1504106695006864,0.1456012372043579,-0.00480943229632852,19.00360041071461,18.955431647731924,3.750937734433588,3.6193102320597994,2.0,2.0,47.511877969492375,47.33847434557141
0.005714285714285714,0.33571428571428574,0.14958952137116754,0.1446503220505814,-0.004939199320586146,19.658733356920024,19.598894741859212,3.750937734433645,3.61554156910279,2.0,2.0,15.753938484621157,15.74234948057852
0.005714285714285714,0.34285714285714286,0.1565845349660619,0.1452843723171078,-0.011300162648954087,20.306805562938237,20.101326442045355,3.875968992248042,3.6915626897680363,1.0,1.0,815.4538634658666,761.8778621390956
0.005714285714285714,0.35000000000000003,0.15559600885149086,0.14777193990824028,-0.007824068943250578,20.628809539762322,20.501709698781955,3.875968992247985,3.78571392738668,1.0,1.0,791.6979244811204,761.8301869497487
0.005714285714285714,0.35714285714285715,0.1546462518240653,0.1502490513321111,-0.00439720049195419,20.95482851428004,20.900523666009846,3.875968992248042,3.880636932983182,1.0,1.0,768.192048012003,761.7814210707
0.005714285714285714,0.3642857142857143,0.16245935045865473,0.15271576655389088,-0.009743583904763847,21.466470903222696,21.29777781054983,4.126031507877006,3.9763416788220667,1.0,1.0,806.7016754188547,761.7315869077835
0.005714285714285714,0.37142857142857144,0.16154238679337085,0.1551721640828501,-0.006370222710520762,21.78962801683211,21.69348460167645,4.126031507876949,4.072832537392972,1.0,1.0,784.4461115278821,761.6807049167894
0.005714285714285714,0.3785714285714286,0.16066084404816328,0.1576183421635675,-0.0030425018845957885,22.117967657685437,22.08765967589232,4.126031507876949,4.170107974021813,1.0,1.0,762.1905476369093,761.6287936947394
0.005714285714285714,0.38571428571428573,0.16808388714674102,0.16005441905163167,-0.008029468095109349,22.61153783603242,22.48032192875755,4.3760940235058,4.268160794986763,1.0,1.0,797.6994248562141,761.5758700666336
0.005714285714285714,0.39285714285714285,0.16723245035412512,0.16248053386236747,-0.004751916491757657,22.937947641482953,22.871493605079703,4.376094023505857,4.3669778080162365,1.0,1.0,776.444111027757,761.5219491684545
0.005714285714285714,0.4,0.174315519411803,0.16489684617306108,-0.009418673238741931,23.418898493096613,23.261200292302853,4.62615653913482,4.466540272053681,1.0,1.0,808.9522380595149,761.4670445532332
0.006122448979591837,0.05,0.12252919682609272,0.1225291968260889,-3.816391647148976e-15,11.572411467511467,11.572411664320454,0.0,0.0,0.0,0.0,,
0.006122448979591837,0.05714285714285715,0.10977357017193722,0.109773570171934,-3.219646771412954e-15,11.495875674636249,11.495875874203506,0.0,0.0,0.0,0.0,,
0.006122448979591837,0.0642857142857143,0.09939354110019415,0.09939354110019304,-1.1102230246251565e-15,11.42058910120814,11.420589303420588,0.0,0.0,0.0,0.0,,
0.006122448979591837,0.07142857142857142,0.09078258875647172,0.09078258875646948,-2.2343238370581275e-15,11.346519054865647,11.346519259615178,0.0,0.0,0.0,0.0,,
0.006122448979591837,0.07857142857142857,0.08352445351988312,0.0835244535198819,-1.2212453270876722e-15,11.27363402285415,11.273634230037988,0.0,0.0,0.0,0.0,,
0.006122448979591837,0.08571428571428572,0.07732395834526593,0.07732395834526397,-1.9567680809018384e-15,11.20190361785215,11.201903827371755,0.0,0.0,0.0,0.0,,
0.006122448979591837,0.09285714285714286,0.07196596780349762,0.07196596780349576,-1.8596235662471372e-15,11.131298526811129,11.131298738572715,0.0,0.0,0.0,0.0,,
0.006122448979591837,0.1,0.06728998033176042,0.06728998033175883,-1.5959455978986625e-15,11.061790462614491,11.06179067652837,0.0,0.0,0.0,0.0,,
0.006122448979591837,0.10714285714285715,0.06317382097948722,0.06317382097948544,-1.7763568394002505e-15,10.99335211837179,10.993352334352318,0.0,0.0,0.0,0.0,,
0.006122448979591837,0.1142857142857143,0.0595228460162212,0.059522846016219606,-1.5959455978986625e-15,10.925957124180757,10.92595734214594,0.0,0.0,0.0,0.0,,
0.006122448979591837,0.12142857142857144,0.0562626017992024,0.05626260179920146,-9.43689570931383e-16,10.85958000620067,10.859580226072374,0.0,0.0,0.0,0.0,,
0.006122448979591837,0.1285714285714286,0.05333371369616389,0.05333371369616252,-1.366962099069724e-15,10.794196147892434,10.794196369595488,0.0,0.0,0.0,0.0,,
0.006122448979591837,0.13571428571428573,0.05068825280821926,0.050688252808218114,-1.1449174941446927e-15,10.729781753290158,10.729781976752797,0.0,0.0,0.0,0.0,,
0.006122448979591837,0.14285714285714285,0.048287104910726554,0.04828710491072597,-5.828670879282072e-16,10.666313812180709,10.666314037334214,0.0,0.0,0.0,0.0,,
0.006122448979591837,0.15000000000000002,0.046098033257004026,0.04609803325700342,-6.036837696399289e-16,10.60377006707349,10.603770293851992,0.0,0.0,0.0,0.0,,
0.006122448979591837,0.15714285714285714,0.11033492357030335,0.10485032258329614,-0.005484600987007204,10.678405509127494,10.673121964959284,2.0005001250312944,1.814399942231831,1.0,1.0,971.2428107026757,971.1546038959971
0.006122448979591837,0.1642857142857143,0.1075913108655556,0.10194546830676363,-0.005645842558791969,10.92394293271859,10.903776443758742,2.0005001250312375,1.8066900984966203,1.0,1.0,921.7304326081521,921.6908331546741
0.006122448979591837,0.17142857142857143,0.10498671631435062,0.09921021651038078,-0.0057764998039698395,11.18101521053827,11.145602020050816,2.0005001250311807,1.799684580409667,1.0,1.0,873.9684921230308,873.738576275057
0.006122448979591837,0.1785714285714286,0.10258311908251817,0.09669029392922984,-0.005892825153288331,11.452640775496697,11.397735846773337,2.0005001250312375,1.793293028185145,1.0,1.0,827.2068017004252,827.1785522906287
0.006122448979591837,0.18571428571428572,0.10035561492963856,0.09436180421643468,-0.005993810713203873,11.73420808166538,11.659508609550587,2.0005001250312375,1.787439659348457,1.0,1.0,781.945486371593,781.9040790719753
0.006122448979591837,0.1928571428571429,0.09828685008763166,0.09220424061048996,-0.006082609477141704,12.026014707994273,11.930352273150216,2.0005001250312375,1.7820605354674632,1.0,1.0,737.9344836209053,737.8193356726175
0.006122448979591837,0.2,0.09636191485490513,0.09019990776169436,-0.0061620070932107696,12.328651447913428,12.209783276399149,2.0005001250312944,1.7771013713558212,1.0,1.0,694.9237309327332,694.8379122825448
0.006122448979591837,0.20714285714285718,0.09456647205174963,0.08833345660584555,-0.006233015445904086,12.641132139288695,12.497389040979359,2.0005001250312944,1.7725157766428317,1.0,1.0,652.9132283070768,652.8815925539542
0.006122448979591837,0.2142857142857143,0.09288795458463085,0.08659150859874007,-0.006296445985890783,12.962529942008011,12.792817059412103,2.0005001250311807,1.768263859627769,1.0,1.0,611.902975743936,611.8793250292052
0.006122448979591837,0.22142857142857142,0.09131530074659396,0.08496234983779738,-0.006352950908796576,13.291971937974333,13.09576600320942,2.0005001250312944,1.7643111527664592,1.0,1.0,571.8929732433108,571.7663494975251
0.006122448979591837,0.2285714285714286,0.08984019604932493,0.08343568044407225,-0.006404515605252681,13.630615504462646,13.405978436739671,2.0005001250312944,1.760627724486404,1.0,1.0,532.6331582895724,532.4834510858317
0.006122448979591837,0.2357142857142857,0.0884539507189183,0.08200240787363496,-0.006451542845283348,13.977811275785522,13.723234811066524,2.000500125031266,1.7571874581044546,1.0,1.0,494.12353088272073,493.9763202861826
0.006122448979591837,0.24285714285714288,0.08714883043628958,0.08065447541288376,-0.006494355023405826,14.332944601416214,14.047348484262558,2.000500125031266,1.7539674719970213,1.0,1.0,456.3640910227557,456.195001331167
0.006122448979591837,0.25,0.08591937016166908,0.07938471909978524,-0.006534651061883834,14.697541792070556,14.37816157663026,2.000500125031266,1.750947630219162,1.0,1.0,419.10477619404855,419.09341463500806
0.006122448979591837,0.2571428571428572,0.07824663990916433,0.07818674771057967,-5.989219858466843e-05,14.717268747278565,14.715541504993107,1.7504376094023542,1.7481101321289323,1.0,1.0,382.845711427857,382.62894163235717
0.006122448979591837,0.2642857142857143,0.07718557002533041,0.0770548414283193,-0.00013072859701111772,15.06690493741281,15.059378047594572,1.7504376094023542,1.7454392756684691,1.0,1.0,346.8367091772943,346.76206242959756
0.006122448979591837,0.27142857142857146,0.07617976293756008,0.0759838664338674,-0.00019589650369268574,15.421834303605957,15.409580934627,1.7504376094023542,1.7429209809051833,1.0,1.0,311.5778944736184,311.45603835105953
0.006122448979591837,0.2785714285714286,0.0752261404067328,0.07496920166989807,-0.00025693873683473034,15.78370854349126,15.766077724890007,1.7504376094023542,1.7405427636462272,1.0,1.0,276.8192048012003,276.6766328080181
0.006122448979591837,0.28571428571428575,0.07432076838463704,0.07400667670520893,-0.00031409167942811345,16.152197158585597,16.128812073327772,1.7504376094023542,1.7382934250053956,1.0,1.0,242.56064016004004,242.39186500717693
0.006122448979591837,0.29285714285714287,0.15894230078190955,0.15573828932497472,-0.00320401145693483,16.64823164266554,16.64072855573086,3.7509377344336485,3.6633583737886535,2.0,2.0,208.80220055013754,208.57179190372815
0.006122448979591837,0.3,0.15796546757205965,0.15443882922663268,-0.0035266383454269634,17.22725821351808,17.212485865816483,3.7509377344335917,3.656512410280995,2.0,2.0,175.293823455864,175.18831453125182
0.006122448979591837,0.30714285714285716,0.15692647415515582,0.15316401427505247,-0.003762459880103347,17.820683307267547,17.799259810044035,3.7509377344335917,3.6500217987399104,2.0,2.0,142.28557139284823,142.21500543866918
0.006122448979591837,0.3142857142857143,0.15594049223321213,0.15195699039857377,-0.003983501834638359,18.42792985104398,18.40102122056722,3.7509377344335846,3.6438599277462367,2.0,2.0,109.77744436109028,109.6269544590507
0.006122448979591837,0.32142857142857145,0.15500749670344452,0.15081319485737524,-0.004194301846069282,19.052537797579376,19.01781626510855,3.7509377344336414,3.6380027490609814,2.0,2.0,77.51937984496125,77.4006304404668
0.006122448979591837,0.32857142857142857,0.15412181569003297,0.1497284112383841,-0.004393404451648875,19.691964900704736,19.649716577075996,3.750937734433645,3.632430673693309,2.0,2.0,45.76144036009003,45.51375261421528
0.006122448979591837,0.33571428571428574,0.1532068591578583,0.1486900990178679,-0.004516760139990417,20.347903662711552,20.295418153705334,3.750937734433532,3.6288585510570575,2.0,2.0,14.003500875218805,13.94191854812376
0.006122448979591837,0.34285714285714286,0.16026750644128981,0.1494831140691281,-0.010784392372161722,20.98189678613278,20.784727272506874,3.8759689922480987,3.710087106723224,1.0,1.0,812.4531132783196,761.5550814342538
0.006122448979591837,0.35000000000000003,0.15921367166203612,0.1519681573889665,-0.007245514273069631,21.303026644253226,21.184940446492355,3.8759689922480987,3.804560608367322,1.0,1.0,788.6971742935734,761.5076319034122
0.006122448979591837,0.35714285714285715,0.15819914443219213,0.15444273028002783,-0.0037564141521642946,21.62646710054478,21.583581525589327,3.875968992248042,3.8998105494683863,1.0,1.0,765.4413603400851,761.459093977211
0.006122448979591837,0.3642857142857143,0.1660770979014935,0.15690689483939235,-0.009170203062101145,22.139185186997043,21.980660325883218,4.126031507876949,3.9958464686671533,1.0,1.0,803.9509877469368,761.4094899563495
0.006122448979591837,0.37142857142857144,0.16510123210672908,0.15936073221444128,-0.005740499892287809,22.463271336566493,22.376189722495862,4.126031507877006,4.092672036672596,1.0,1.0,781.4453613403351,761.3588401678045
0.006122448979591837,0.3785714285714286,0.17258195966383466,0.16180434320395576,-0.010777616459878903,22.962776494868745,22.77018577818522,4.376094023505914,4.190285169103301,1.0,1.0,816.2040510127532,761.3071630683056
0.006122448979591837,0.38571428571428573,0.1716411299859815,0.1642378490809139,-0.0074032809050675885,23.28533814855749,23.162667860204312,4.376094023505914,4.288677847370857,1.0,1.0,794.6986746686672,761.2544753249529
0.006122448979591837,0.39285714285714285,0.17073149862964718,0.1666613918106303,-0.004070106819016872,23.60923322989611,23.55365869533913,4.376094023505857,4.387836243773928,1.0,1.0,773.6934233558391,761.2007919083143
0.006122448979591837,0.4,0.17786648656109347,0.16907513423701936,-0.008791352324074103,24.092789547137656,23.943184388920045,4.626156539134763,4.487740705985926,1.0,1.0,805.9514878719681,761.1461261874673
0.006530612244897959,0.05,0.1293350540829478,0.12933505408294596,-1.8318679906315083e-15,12.308292427520607,12.308292620577872,0.0,0.0,0.0,0.0,,
0.006530612244897959,0.05714285714285715,0.1159617282413528,0.11596172824134887,-3.927413949611491e-15,12.226732433768792,12.226732629756786,0.0,0.0,0.0,0.0,,
0.006530612244897959,0.0642857142857143,0.10506301711582847,0.10506301711582568,-2.789435349370706e-15,12.146502579843595,12.14650277864221,0.0,0.0,0.0,0.0,,
0.006530612244897959,0.07142857142857142,0.09601084990708067,0.09601084990707817,-2.4980018054066022e-15,12.067568083553834,12.0675682850482,0.0,0.0,0.0,0.0,,
0.006530612244897959,0.07857142857142857,0.08837310419957904,0.08837310419957782,-1.2212453270876722e-15,11.98989541671975,11.989895620800624,0.0,0.0,0.0,0.0,,
0.006530612244897959,0.08571428571428572,0.08184271939457201,0.08184271939456962,-2.3869795029440866e-15,11.913452247627914,11.913452454190699,0.0,0.0,0.0,0.0,,
0.006530612244897959,0.09285714285714286,0.0761955066845138,0.07619550668451165,-2.1510571102112408e-15,11.838207386685228,11.838207595630314,0.0,0.0,0.0,0.0,,
0.006530612244897959,0.1,0.07126395901092353,0.07126395901092195,-1.582067810090848e-15,11.764130735064493,11.764130946296595,0.0,0.0,0.0,0.0,,
0.006530612244897959,0.10714285714285715,0.06692040277928579,0.06692040277928357,-2.220446049250313e-15,11.691193236147551,11.691193449575545,0.0,0.0,0.0,0.0,,
0.006530612244897959,0.1142857142857143,0.06306582199275633,0.06306582199275462,-1.7069679003611782e-15,11.619366829588714,11.619367045125616,0.0,0.0,0.0,0.0,,
0.006530612244897959,0.12142857142857144,0.05962224512161228,0.059622245121610906,-1.3739009929736312e-15,11.548624407831126,11.548624625393746,0.0,0.0,0.0,0.0,,
0.006530612244897959,0.1285714285714286,0.05652743650747847,0.05652743650747726,-1.2073675392798577e-15,11.478939774923855,11.47893999443247,0.0,0.0,0.0,0.0,,
0.006530612244897959,0.13571428571428573,0.053731117530249,0.053731117530247424,-1.5751289161869408e-15,11.410287607496292,11.410287828874418,0.0,0.0,0.0,0.0,,
0.006530612244897959,0.14285714285714285,0.0511922268083973,0.051192226808395865,-1.4363510381087963e-15,11.342643417757307,11.342643640932154,0.0,0.0,0.0,0.0,,
0.006530612244897959,0.15000000000000002,0.04887690072854154,0.048876900728540985,-5.551115123125783e-16,11.275983518396561,11.275983743298,0.0,0.0,0.0,0.0,,
0.006530612244897959,0.15714285714285714,0.11491039018495525,0.10957484009667469,-0.005335550088280558,11.365605794176169,11.360495833968242,2.0005001250311807,1.8241131270711783,1.0,1.0,967.9919979995,967.7871556816362
0.006530612244897959,0.1642857142857143,0.1119615600932093,0.10644599293600321,-0.005515567157206094,11.60831093123959,11.588150950660046,2.0005001250312944,1.8158786536776468,1.0,1.0,918.4796199049763,918.4593289911724
0.006530612244897959,0.17142857142857143,0.10920422405309521,0.10353835228752917,-0.005665871765566044,11.862932031057685,11.82732298998249,2.0005001250312944,1.8083984929311563,1.0,1.0,870.717679419855,870.6313220053837
0.006530612244897959,0.1785714285714286,0.10665650912589689,0.10085864148177381,-0.0057978676441230725,12.130844989190273,12.077146018237006,2.0005001250312944,1.8015755535161595,1.0,1.0,824.2060515128783,824.1852008594428
0.006530612244897959,0.18571428571428572,0.10429406182016991,0.09838162872907154,-0.0059124330910983736,12.408926647181012,12.336917063717609,2.0005001250312944,1.7953285245806916,1.0,1.0,779.194798699675,779.0154327608653
0.006530612244897959,0.1928571428571429,0.10210020349505226,0.09608565511163415,-0.006014548383418111,12.699206767307448,12.606039016604676,2.0005001250312944,1.7895888607657986,1.0,1.0,735.1837959489873,735.0271829098256
0.006530612244897959,0.2,0.10005775066994824,0.09395202528519764,-0.006105725384750599,13.000604988666549,12.884003098996942,2.0005001250312944,1.784298366535223,1.0,1.0,692.1730432608152,692.1348920653269
0.006530612244897959,0.20714285714285718,0.09815020359883363,0.09196451801532333,-0.006185685583510292,13.310250882719423,13.170374779712127,2.0005001250312944,1.7794073080352981,1.0,1.0,650.4126031507877,650.2610810953432
0.006530612244897959,0.2142857142857143,0.09636740528865562,0.09010899053837597,-0.006258414750279648,13.630858472683341,13.464782368505604,2.0005001250312375,1.7748729612154426,1.0,1.0,609.402350587647,609.3353404225637
0.006530612244897959,0.22142857142857142,0.0946962629487005,0.08837305652766278,-0.0063232064210377165,13.95972350212971,13.76690772508151,2.0005001250312944,1.7706584017665599,1.0,1.0,569.3923480870218,569.2934710878818
0.006530612244897959,0.2285714285714286,0.09312800468565206,0.08674582204999277,-0.006382182635659289,14.297997134772938,14.076478634571789,2.0005001250312944,1.766731581150089,1.0,1.0,530.1325331332833,530.0767509217981
0.006530612244897959,0.2357142857142857,0.0916520538155933,0.0852176677699216,-0.006434386045671703,14.642970922778572,14.393262520763713,2.0005001250312375,1.7630645469354937,1.0,1.0,491.87296824206055,491.6313045545303
0.006530612244897959,0.24285714285714288,0.09026323483225117,0.08378006819060223,-0.006483166641648941,14.998053608917257,14.717061232874867,2.000500125031266,1.7596328120620461,1.0,1.0,454.1135283820956,453.90756008705046
0.006530612244897959,0.25,0.08895282795016736,0.0824254407774468,-0.006527387172720556,15.36064976371076,15.047706700108696,2.000500125031266,1.7564148444449534,1.0,1.0,417.10427606901726,416.85977846225734
0.006530612244897959,0.2571428571428572,0.08771578499000501,0.08114701941741541,-0.006568765572589605,15.732360798046429,15.385057302239987,2.0005001250312375,1.7533916047890679,1.0,1.0,380.5951487871968,380.4456441220105
0.006530612244897959,0.2642857142857143,0.08654481181558929,0.07993874762664792,-0.006606064188941371,16.110558739806834,15.728994808346787,2.0005001250312375,1.7505462259869098,1.0,1.0,344.8362090522631,344.62590756613173
0.006530612244897959,0.27142857142857146,0.07886229675483175,0.07879518802402669,-6.710873080506552e-05,16.082180423967543,16.079421784302586,1.7504376094023542,1.7478637732856448,1.0,1.0,309.5773943485872,309.3640720570915
0.006530612244897959,0.2785714285714286,0.07784579999916733,0.07771144566411356,-0.0001343543350537657,16.4443902979223,16.43625946308058,1.7504376094023542,1.745330797228963,1.0,1.0,274.81870467616903,274.6261180269093
0.006530612244897959,0.28571428571428575,0.07688037523070991,0.07668310182030329,-0.00019727341040662316,16.81332833006693,16.799445820768053,1.7504376094023542,1.7429354144027462,1.0,1.0,240.56014003500877,240.38025980794856
0.006530612244897959,0.29285714285714287,0.16306408993217716,0.16035221622906623,-0.002711873703110934,17.329960194028654,17.325440168459114,3.7509377344336343,3.6786604586755884,2.0,2.0,206.8017004251063,206.5967301775656
0.006530612244897959,0.3,0.1619432592467939,0.15892877652019435,-0.0030144827265995433,17.91068692664628,17.898642714511734,3.750937734433535,3.671343397482999,2.0,2.0,173.29332333083272,173.2475889180353
0.006530612244897959,0.30714285714285716,0.16082234146095425,0.15755353428349317,-0.003268807177461086,18.50218768224565,18.487118874016286,3.7509377344335917,3.6644077844219303,2.0,2.0,140.53513378344587,140.30655217885428
0.006530612244897959,0.3142857142857143,0.1597649842604091,0.15625056345930471,-0.0035144208011043954,19.115416253800564,19.090847448992285,3.7509377344335917,3.657824901532151,2.0,2.0,107.77694423605902,107.74883991341446
0.006530612244897959,0.32142857142857145,0.15875772693184045,0.15501499300533716,-0.003742733926503289,19.74007846578581,19.709865688604566,3.7509377344335917,3.6515688358573266,2.0,2.0,75.7689422355589,75.55103905618597
0.006530612244897959,0.32857142857142857,0.15780444552308875,0.15384233438656325,-0.0039621111365255035,20.384516405311984,20.34423645902249,3.7509377344336414,3.6456194618018363,2.0,2.0,43.76094023505877,43.69097414436727
0.006530612244897959,0.33571428571428574,0.15678301251763252,0.15271579895340381,-0.0040672135642287055,21.03802974760034,20.99199471436814,3.7509377344335313,3.642496882658454,2.0,2.0,12.253063265816454,12.142841524610386
0.006530612244897959,0.34285714285714286,0.1639181798509324,0.15367841788359307,-0.010239761967339334,21.656693064572803,21.468103058294524,3.875968992248042,3.7287501395301685,1.0,1.0,809.4523630907728,761.2327114213284
0.006530612244897959,0.35000000000000003,0.16279848420773535,0.1561609355360638,-0.006637548671671545,21.975209998107882,21.868145448337224,3.875968992248042,3.823548311545167,1.0,1.0,785.9464866216555,761.1854881478209
0.006530612244897959,0.35714285714285715,0.16172369287746585,0.15863296863693216,-0.003090724240533693,22.299634300868092,22.266612957110155,3.8759689922480987,3.919127608122656,1.0,1.0,762.4406101525382,761.1371787845766
0.006530612244897959,0.3642857142857143,0.16966513977750095,0.1610945815731111,-0.008570558204389844,22.81333448681005,22.6635157691674,4.126031507876949,4.0154970562696715,1.0,1.0,800.95023755939,761.0878055105943
0.006530612244897959,0.37142857142857144,0.1686279949121683,0.16354585808107058,-0.0050821368310977055,23.13486815199085,23.0588671644144,4.126031507876892,4.112659664571404,1.0,1.0,778.6946736684172,761.0373885306556
0.006530612244897959,0.3785714285714286,0.17616412825803537,0.16598690160996687,-0.0101772266480685,23.63535368259933,23.452683641293845,4.376094023505857,4.210612742617379,1.0,1.0,813.4533633408353,760.9859461525481
0.006530612244897959,0.38571428571428573,0.1751660609591578,0.16841783641412825,-0.006748224545029546,23.957100336553466,23.844985041500475,4.376094023505857,4.309347486778281,1.0,1.0,791.9479869967493,760.9334948839355
0.006530612244897959,0.39285714285714285,0.17420269125292484,0.17083880742423854,-0.003363883828686298,24.28204203999992,24.23579458381953,4.376094023505914,4.408849359789748,1.0,1.0,770.6926731682921,760.8800495214845
0.006530612244897959,0.4,0.18138676524469408,0.17324998066514122,-0.008136784579552858,24.766394684554683,24.625138890970973,4.62615653913482,4.509097873358407,1.0,1.0,802.9507376844211,760.8256232525888
0.0069387755102040816,0.05,0.13603428350242214,0.13603428350241925,-2.886579864025407e-15,13.043542962329573,13.043543151659138,0.0,0.0,0.0,0.0,,
0.0069387755102040816,0.05714285714285715,0.12206277060530427,0.12206277060530185,-2.4147350785597155e-15,12.956969594520965,12.95696978695296,0.0,0.0,0.0,0.0,,
0.0069387755102040816,0.0642857142857143,0.1106600360667057,0.11066003606670248,-3.219646771412954e-15,12.871806994917026,12.871807190324066,0.0,0.0,0.0,0.0,,
0.0069387755102040816,0.07142857142857142,0.10117793682202694,0.10117793682202549,-1.457167719820518e-15,12.788018302245014,12.788018500505816,0.0,0.0,0.0,0.0,,
0.0069387755102040816,0.07857142857142857,0.09316944519090034,0.09316944519089732,-3.0253577421035516e-15,12.705567983147725,12.705568184146227,0.0,0.0,0.0,0.0,,
0.0069387755102040816,0.08571428571428572,0.08631625880467812,0.08631625880467601,-2.1094237467877974e-15,12.624421771294955,12.624421974920708,0.0,0.0,0.0,0.0,,
0.0069387755102040816,0.09285714285714286,0.08038557831473171,0.08038557831472959,-2.123301534595612e-15,12.544546609877917,12.544546816025418,0.0,0.0,0.0,0.0,,
0.0069387755102040816,0.1,0.07520320453253444,0.07520320453253379,-6.522560269672795e-16,12.465910597266037,12.465910805834566,0.0,0.0,0.0,0.0,,
0.0069387755102040816,0.10714285714285715,0.07063619191390194,0.07063619191389985,-2.095545958979983e-15,12.388482935622536,12.388483146515583,0.0,0.0,0.0,0.0,,
0.0069387755102040816,0.1142857142857143,0.06658131941144817,0.06658131941144661,-1.5543122344752192e-15,12.312233882289842,12.312234095415096,0.0,0.0,0.0,0.0,,
0.0069387755102040816,0.12142857142857144,0.06295722309984106,0.06295722309983864,-2.4147350785597155e-15,12.237134703769778,12.23713491903927,0.0,0.0,0.0,0.0,,
0.0069387755102040816,0.1285714285714286,0.05969890193691843,0.059698901936916834,-1.5959455978986625e-15,12.163157632136713,12.1631578494661,0.0,0.0,0.0,0.0,,
0.0069387755102040816,0.13571428571428573,0.056753801491951805,0.05675380149195082,-9.853229343548264e-16,12.09027582373167,12.090276043040245,0.0,0.0,0.0,0.0,,
0.0069387755102040816,0.14285714285714285,0.054078971062932635,0.05407897106293131,-1.3253287356462806e-15,12.018463319998894,12.018463541209274,0.0,0.0,0.0,0.0,,
0.0069387755102040816,0.15000000000000002,0.05163896594509856,0.0516389659450972,-1.3600232051658168e-15,11.947695010333174,11.947695233371187,0.0,0.0,0.0,0.0,,
0.0069387755102040816,0.15714285714285714,0.1194217614982195,0.11425334061086671,-0.0051684208873527815,12.053826383905784,12.047450883719321,2.0005001250311807,1.8338698578008925,1.0,1.0,964.4911227806953,964.4313191082642
0.0069387755102040816,0.1642857142857143,0.11628743374717551,0.1109215595365507,-0.005365874210624816,12.290736302746973,12.272144924339354,2.0005001250312375,1.8251062614494011,1.0,1.0,915.4788697174295,915.2383449471117
0.0069387755102040816,0.17142857142857143,0.11338040691611725,0.10784331081396668,-0.005537096102150571,12.542899371097313,12.508713012019253,2.0005001250312375,1.817147519055289,1.0,1.0,867.7169292323082,867.5336323439819
0.0069387755102040816,0.1785714285714286,0.11069283207291548,0.10500540550606068,-0.0056874265668548085,12.808732837002648,12.75626890391883,2.0005001250312375,1.8098898191412451,1.0,1.0,821.2053013253314,821.200573335028
0.0069387755102040816,0.18571428571428572,0.10819940833962283,0.10238130239553442,-0.005818105944088409,13.085066686665526,13.014076864140739,2.0005001250311807,1.8032461760623855,1.0,1.0,776.1940485121281,776.1347671673752
0.0069387755102040816,0.1928571428571429,0.10588113875432466,0.09994821153047037,-0.005932927223854287,13.37214418418388,13.281511440876972,2.0005001250312375,1.7971434158156632,1.0,1.0,732.4331082770693,732.242350971526
0.0069387755102040816,0.2,0.10372166446644439,0.09768645542104916,-0.006035209045395229,13.670518134788738,13.558039252709047,2.0005001250312944,1.7915193356107928,1.0,1.0,689.6724181045262,689.4386043115616
0.0069387755102040816,0.20714285714285718,0.10170684825845959,0.09557895567228852,-0.006127892586171066,13.98102323581291,13.843204324444462,2.0005001250311807,1.7863208281982232,1.0,1.0,647.6619154788698,647.6467754745858
0.0069387755102040816,0.2142857142857143,0.09981993311288291,0.09361081808679421,-0.006209115026088702,14.298996788089527,14.136616212353486,2.0005001250312375,1.7815022905066151,1.0,1.0,606.9017254313579,606.7970885565121
0.0069387755102040816,0.22142857142857142,0.09805183323810439,0.09176899483377919,-0.006282838404325197,14.627308612889891,14.43794032715639,2.0005001250312375,1.7770243067876441,1.0,1.0,566.8917229307327,566.8258989358371
0.0069387755102040816,0.2285714285714286,0.09639034133905522,0.0900420072788638,-0.0063483340601914184,14.963221310938073,14.746889980638038,2.0005001250312944,1.7728526920021985,1.0,1.0,527.8819704926232,527.6749712912036
0.0069387755102040816,0.2357142857142857,0.09482891376296146,0.08841971736830319,-0.00640919639465827,15.31003132393947,15.06321983029621,2.000500125031266,1.7689576428267182,1.0,1.0,489.3723430857715,489.29085940748826
0.0069387755102040816,0.24285714285714288,0.09335610970160149,0.08689313785611459,-0.006462971845486901,15.663022069606887,15.386720445003208,2.000500125031266,1.76531302643125,1.0,1.0,451.8629657414354,451.6243709927447
0.0069387755102040816,0.25,0.09196729680626634,0.08545427372422734,-0.006513023082038993,16.025742258410972,15.71721375665368,2.000500125031266,1.7618958973325793,1.0,1.0,414.85371342835714,414.63010385853664
0.0069387755102040816,0.2571428571428572,0.09065566185526847,0.08409598926895229,-0.006559672586316179,16.39774001237668,16.054549272538278,2.000500125031266,1.7586859791597824,1.0,1.0,378.34458614653664,378.26604229712103
0.0069387755102040816,0.2642857142857143,0.08941362969737673,0.08281189589784382,-0.006601733799532911,16.776356274906142,16.398600880648043,2.000500125031266,1.7556652961764492,1.0,1.0,342.5856464116029,342.4932044683089
0.0069387755102040816,0.27142857142857146,0.08823713984926186,0.0815962570205927,-0.006640882828669162,17.16333317024215,16.749264149259997,2.0005001250312375,1.7528178819397005,1.0,1.0,307.326831707927,307.2753331964296
0.0069387755102040816,0.2785714285714286,0.08711976187988342,0.08044390714811553,-0.006675854731767891,17.555973963119136,17.106454049919577,2.0005001250312375,1.7501294939254883,1.0,1.0,272.8182045511378,272.578623861228
0.0069387755102040816,0.28571428571428575,0.11332981698167625,0.14535746793560808,0.03202765095393183,17.474487718365673,17.471091051099116,2.8757189297323293,3.702290762436772,2.0,2.0,238.5596399099775,238.3714841059462
0.0069387755102040816,0.29285714285714287,0.16711738204915977,0.1649430085791495,-0.00217437347001026,18.013097927668866,18.010243277995695,3.7509377344336485,3.6940548622573277,2.0,2.0,204.80120030007504,204.62432093604724
0.0069387755102040816,0.3,0.16588181221935402,0.1634034953333282,-0.0024783168860258165,18.591837060624638,18.584917967335095,3.750937734433535,3.6862612018769165,2.0,2.0,171.54288572143037,171.30935147773454
0.0069387755102040816,0.30714285714285716,0.16468622204000272,0.16192838008756016,-0.0027578419524425524,19.187519810603135,19.175128431338088,3.7509377344335917,3.6788754838518822,2.0,2.0,138.5346336584146,138.40043423952818
0.0069387755102040816,0.3142857142857143,0.1635514200777214,0.1605299792045266,-0.0030214408731947806,19.799014899315353,19.780854595239237,3.7509377344336414,3.671866890002277,2.0,2.0,106.02650662665667,105.87291819438805
0.0069387755102040816,0.32142857142857145,0.1624752406655034,0.1592031221418475,-0.003272118523655887,20.428400738561205,20.40212496653813,3.7509377344335277,3.665207628451755,2.0,2.0,73.76844211052764,73.70350738323476
0.0069387755102040816,0.32857142857142857,0.1614515631687394,0.15794304803721834,-0.0035085151315210616,21.073059040251184,21.03899343724669,3.7509377344335917,3.658877468371067,2.0,2.0,42.010502625656414,41.870129842133935
0.0069387755102040816,0.33571428571428574,0.16031123758267413,0.156726878934037,-0.003584358648637126,21.726952518121838,21.68852925164817,3.750937734433588,3.6565766791056395,2.0,2.0,10.502625656414104,10.344894214023931
0.0069387755102040816,0.34285714285714286,0.16753524618108676,0.15787028567771907,-0.009664960503367681,22.329471956910034,22.151453657412112,3.8759689922480987,3.7475535214383875,1.0,1.0,806.7016754188547,760.9107515315435
0.0069387755102040816,0.35000000000000003,0.16635426453963947,0.16035027633314286,-0.006003988206496613,22.648873310225657,22.55132456504516,3.8759689922480987,3.842678766287283,1.0,1.0,782.9457364341085,760.8637551211486
0.0069387755102040816,0.35714285714285715,0.1743577618837149,0.16281976840978662,-0.011537993473928282,23.168458088596765,22.94961782331642,4.126031507877006,3.9385898736858533,1.0,1.0,820.7051762940736,760.8156749323851
0.0069387755102040816,0.3642857142857143,0.17322216475637411,0.16527882878982172,-0.00794333596655239,23.487200860712036,23.34634400089263,4.126031507876949,4.035295221160052,1.0,1.0,797.949487371843,760.7665330255197
0.0069387755102040816,0.37142857142857144,0.17212650854095832,0.16772754374208235,-0.004398964798875971,23.80797179892513,23.741516789149284,4.126031507877006,4.132797232610757,1.0,1.0,775.6939234808702,760.7163494652511
0.0069387755102040816,0.3785714285714286,0.17971685099790413,0.17016601949579035,-0.009550831502113777,24.309349515877315,24.13515313047858,4.376094023505914,4.231092516225183,1.0,1.0,810.4526131532883,760.6651424140753
0.0069387755102040816,0.38571428571428573,0.17866255505442524,0.17259438320416282,-0.006068171850262427,24.630340344068504,24.527273341269584,4.376094023505914,4.330171561575845,1.0,1.0,788.9472368092023,760.6129282157544
0.0069387755102040816,0.39285714285714285,0.177642925508331,0.17501278289874533,-0.0026301426095856617,24.952783419857095,24.917901143469084,4.3760940235058,4.430019029552932,1.0,1.0,767.9419854963742,760.5597214902659
0.0069387755102040816,0.4,0.18487497916043455,0.17742138772453792,-0.007453591435896634,25.43796360688994,25.307063677902004,4.626156539134763,4.530613653067849,1.0,1.0,800.2000500125032,760.5055352330523
0.007346938775510205,0.05,0.14262937337116324,0.1426293733711608,-2.4424906541753444e-15,13.778164145631681,13.77816433125807,0.0,0.0,0.0,0.0,,
0.007346938775510205,0.05714285714285715,0.12807852573709735,0.12807852573709483,-2.525757381022231e-15,13.686588200503307,13.686588389402663,0.0,0.0,0.0,0.0,,
0.007346938775510205,0.0642857142857143,0.11618597971471621,0.116185979714714,-2.2065682614424986e-15,13.596503361095557,13.596503553133429,0.0,0.0,0.0,0.0,,
0.007346938775510205,0.07142857142857142,0.10628491833441299,0.10628491833440974,-3.247402347028583e-15,13.50787069774829,13.50787089279654,0.0,0.0,0.0,0.0,,
0.007346938775510205,0.07857142857142857,0.09791431974552407,0.09791431974552255,-1.5265566588595902e-15,13.420652682122787,13.420652880059595,0.0,0.0,0.0,0.0,,
0.007346938775510205,0.08571428571428572,0.09074525319840626,0.0907452531984045,-1.762479051592436e-15,13.3348131229994,13.334813323707777,0.0,0.0,0.0,0.0,,
0.007346938775510205,0.09285714285714286,0.08453673362218757,0.0845367336221866,-9.71445146547012e-16,13.250317105636958,13.250317309005759,0.0,0.0,0.0,0.0,,
0.007346938775510205,0.1,0.07910817125962251,0.07910817125962115,-1.3600232051658168e-15,13.167130934465707,13.167131140388708,0.0,0.0,0.0,0.0,,
0.007346938775510205,0.10714285714285715,0.07432156736068067,0.07432156736067827,-2.400857290751901e-15,13.08522207889835,13.085222287273538,0.0,0.0,0.0,0.0,,
0.007346938775510205,0.1142857142857143,0.07006965755680859,0.07006965755680702,-1.5681900222830336e-15,13.004559122058778,13.004559332789123,0.0,0.0,0.0,0.0,,
0.007346938775510205,0.12142857142857144,0.06626780715008254,0.06626780715008034,-2.2065682614424986e-15,12.925111712246046,12.925111925238514,0.0,0.0,0.0,0.0,,
0.007346938775510205,0.1285714285714286,0.06284834257679513,0.06284834257679352,-1.609823385706477e-15,12.84685051696212,12.846850732127763,0.0,0.0,0.0,0.0,,
0.007346938775510205,0.13571428571428573,0.05975650547368649,0.059756505473684926,-1.5612511283791264e-15,12.76974717934384,12.7697473965975,0.0,0.0,0.0,0.0,,
0.007346938775510205,0.14285714285714285,0.056947512145590636,0.056947512145589504,-1.1310397063368782e-15,12.693774276852889,12.69377449611277,0.0,0.0,0.0,0.0,,
0.007346938775510205,0.15000000000000002,0.05438438143546867,0.05438438143546744,-1.2281842209915794e-15,12.618905282085136,12.61890550327327,0.0,0.0,0.0,0.0,,
0.007346938775510205,0.15714285714285714,0.12387414577341528,0.11889574831367491,-0.004978397459740366,12.74012746339209,12.733983886220436,2.0005001250312944,1.8436705964268192,1.0,1.0,961.2403100775194,961.0869954813462
0.007346938775510205,0.1642857142857143,0.12057269108052127,0.1153723477302305,-0.005200343350290765,12.974291122830019,12.955763583560335,2.0005001250312375,1.834373211849016,1.0,1.0,912.2280570142536,912.0277955574237
0.007346938775510205,0.17142857142857143,0.11751893229893311,0.11212525350864277,-0.005393678790290332,13.224110276179553,13.189776579254932,2.0005001250312375,1.825931924371981,1.0,1.0,864.4661165291324,864.4454328707681
0.007346938775510205,0.1785714285714286,0.11469102281884067,0.10913073193597282,-0.005560290882867844,13.48464510921538,13.435108392686361,2.0005001250312944,1.8182360022678048,1.0,1.0,818.4546136534134,818.2246045804447
0.007346938775510205,0.18571428571428572,0.11206904206688391,0.10636095746843952,-0.005708084598444393,13.759215229230401,13.690991385476947,2.0005001250312944,1.8111928324098707,1.0,1.0,773.4433608402101,773.2620250054398
0.007346938775510205,0.1928571428571429,0.10963006526014185,0.10379203022636083,-0.005838035033781025,14.04482949680455,13.956772490133146,2.0005001250312375,1.8047243782144513,1.0,1.0,729.6824206051514,729.4647892497085
0.007346938775510205,0.2,0.10735705224672716,0.10140330803640762,-0.0059537442103195365,14.342019614466382,14.23189431572049,2.0005001250311807,1.7987644293752971,1.0,1.0,686.9217304326082,686.7490041244457
0.007346938775510205,0.20714285714285718,0.10523373919641411,0.09917687015685818,-0.006056869039555934,14.64972429195373,14.51587994106704,2.0005001250312375,1.7932564671733422,1.0,1.0,645.1612903225807,645.0386357038626
0.007346938775510205,0.2142857142857143,0.1032458477154594,0.09709708359644553,-0.006148764119013869,14.966946358431779,14.808320591476853,2.0005001250312944,1.7881519450631465,1.0,1.0,604.4011002750688,604.2645336825303
0.007346938775510205,0.22142857142857142,0.10138229502946552,0.09515024973543111,-0.006232045294034413,15.294728548731426,15.108865578690192,2.0005001250312375,1.7834089597919962,1.0,1.0,564.3910977744437,564.3636009701223
0.007346938775510205,0.2285714285714286,0.09963042285318266,0.09332431451100935,-0.006306108342173308,15.630299251922455,15.417214044123781,2.0005001250312944,1.7789911494415727,1.0,1.0,525.3813453363341,525.2780833257492
0.007346938775510205,0.2357142857142857,0.09798182858775932,0.09160862916949414,-0.0063731994182651824,15.974893314195388,15.733108140582722,2.0005001250312375,1.7748668096901392,1.0,1.0,487.1217804451113,486.95495877750653
0.007346938775510205,0.24285714285714288,0.09642915620367594,0.089993751562757,-0.006435404640918935,16.329971177752267,16.05632736918151,2.000500125031266,1.7710081880795776,1.0,1.0,449.36234058514634,449.3454104386985
0.007346938775510205,0.25,0.0949615397319479,0.08847128026134263,-0.006490259470605275,16.69071064442548,16.386683861032587,2.000500125031266,1.767390874336707,1.0,1.0,412.60315078769696,412.4043693789854
0.007346938775510205,0.2571428571428572,0.0935763144145146,0.08703371523626838,-0.0065425991782462195,17.06300977810314,16.72401841709239,2.000500125031266,1.7639933355909314,1.0,1.0,376.0940235058765,376.09011662553775
0.007346938775510205,0.2642857142857143,0.09226269325688964,0.08567434038580089,-0.0065883528710887485,17.439807040784967,17.068197186162184,2.0005001250312375,1.7607964824128437,1.0,1.0,340.58514628657167,340.36393529901414
0.007346938775510205,0.27142857142857146,0.09101931077596263,0.08438712388425784,-0.006632186891704792,17.82731294660274,17.41910884968527,2.000500125031266,1.757783358613961,1.0,1.0,305.32633158289576,305.1898054386119
0.007346938775510205,0.2785714285714286,0.0898394910196684,0.0831666334278584,-0.006672857591809994,18.222925582067145,17.776662252149265,2.000500125031266,1.7549388234503573,1.0,1.0,270.5676419104776,270.53413532337464
0.007346938775510205,0.28571428571428575,0.08871707021507674,0.15839035345379215,0.06967328323871541,18.623895651191425,18.14692317880273,2.0005001250312517,3.718290303403048,1.0,2.0,236.55913978494624,236.365524113498
0.007346938775510205,0.29285714285714287,0.17111295010483765,0.16951358201054856,-0.0015993680942890942,18.694763304545027,18.695138331532462,3.7509377344336485,3.709542740660256,2.0,2.0,202.80070017504377,202.65455146626488
0.007346938775510205,0.3,0.16978568805714678,0.16786303719775383,-0.0019226508593929437,19.27521907868774,19.271314597238383,3.7509377344335775,3.701266734302046,2.0,2.0,169.5423855963991,169.37359046241957
0.007346938775510205,0.30714285714285716,0.16851487891272876,0.166288598956702,-0.0022262799560267554,19.87288392083394,19.863291244705582,3.7509377344335775,3.6934256798995215,2.0,2.0,136.53413353338337,136.49664074094562
0.007346938775510205,0.3142857142857143,0.16730772463518864,0.16479528317095837,-0.0025124414642302695,20.48661015482024,20.471045241279672,3.7509377344336485,3.685986628435787,2.0,2.0,104.02600650162542,103.99917920485733
0.007346938775510205,0.32142857142857145,0.16615814388017583,0.16337762619619395,-0.0027805176839818813,21.114404893682906,21.094596517414672,3.7509377344336485,3.6789197724778226,2.0,2.0,72.01800450112529,71.85802603084322
0.007346938775510205,0.32857142857142857,0.1650672592945717,0.16203059323118876,-0.003036666063382931,21.761678501251538,21.73398957285947,3.7509377344335277,3.6722055753809424,2.0,2.0,40.26006501625407,40.0512105234174
0.007346938775510205,0.33571428571428574,0.16378568378436364,0.16072252456954575,-0.0030631592148178954,22.415857653756436,22.3848808035983,3.7509377344335313,3.671274140267635,2.0,2.0,8.752188047011753,8.547753512740005
0.007346938775510205,0.34285714285714286,0.17112256901681208,0.16205871941867817,-0.009063849598133916,23.003679761787623,22.834778929110964,3.875968992247985,3.7664989957498642,1.0,1.0,803.7009252313079,760.5892011972286
0.007346938775510205,0.35000000000000003,0.16987796639516423,0.1645361817064897,-0.005341784688674522,23.32049056271436,23.23447764999179,3.8759689922480987,3.861953782200001,1.0,1.0,780.1950487621906,760.5424322653762
0.007346938775510205,0.35714285714285715,0.1779435391547485,0.16700313161729155,-0.010940407537456953,23.84285666766818,23.63259598370922,4.126031507876949,3.9581991415558173,1.0,1.0,817.7044261065267,760.4945818728501
0.007346938775510205,0.3642857142857143,0.17674682018956875,0.16945963855448565,-0.007287181635083101,24.159031364804537,24.029144884470846,4.126031507876949,4.055242779434778,1.0,1.0,795.1987996999251,760.4456719554113
0.007346938775510205,0.37142857142857144,0.17559368596841915,0.17190579128110325,-0.0036878946873158958,24.479015850681694,24.424138457532933,4.126031507876949,4.153086580501988,1.0,1.0,772.9432358089523,760.3957224385139
0.007346938775510205,0.3785714285714286,0.18323878730018012,0.17434169897909751,-0.008897088321082602,24.983055770203354,24.817594109084276,4.376094023505857,4.251726357828012,1.0,1.0,807.4518629657415,760.3447513279181
0.007346938775510205,0.38571428571428573,0.18212749543023318,0.17676749164521774,-0.005360003785015444,25.301529925421455,25.20953262829495,4.376094023505914,4.351151937231773,1.0,1.0,786.1965491372844,760.2927748007374
0.007346938775510205,0.39285714285714285,0.18105430037672743,0.17918332047614596,-0.0018709799005814653,25.62325180764444,25.5999782477616,4.376094023505914,4.451347140470172,1.0,1.0,765.1912978244561,760.2398072967679
0.007346938775510205,0.4,0.18833504839323764,0.18158935775435173,-0.006745690638885915,26.11099741308606,25.988958631082504,4.62615653913482,4.552289919139004,1.0,1.0,797.1992998249563,760.1858616178821
0.007755102040816327,0.05,0.14912273514667979,0.14912273514667723,-2.55351295663786e-15,14.512157048384605,14.512157230331828,0.0,0.0,0.0,0.0,,
0.007755102040816327,0.05714285714285715,0.13401077129161204,0.1340107712916098,-2.248201624865942e-15,14.415589292696806,14.415589478086364,0.0,0.0,0.0,0.0,,
0.007755102040816327,0.0642857142857143,0.12164219490685328,0.12164219490684959,-3.6914915568786455e-15,14.320592690518113,14.320592879208787,0.0,0.0,0.0,0.0,,
0.007755102040816327,0.07142857142857142,0.11133283851930448,0.11133283851930188,-2.5951463200613034e-15,14.227126254440353,14.22712644629755,0.0,0.0,0.0,0.0,,
0.007755102040816327,0.07857142857142857,0.1026085530848237,0.1026085530848226,-1.096345236817342e-15,14.135150471289617,14.135150666184886,0.0,0.0,0.0,0.0,,
0.007755102040816327,0.08571428571428572,0.09513036576483333,0.09513036576483208,-1.2490009027033011e-15,14.04462723463493,14.044627432445592,0.0,0.0,0.0,0.0,,
0.007755102040816327,0.09285714285714286,0.08864951332643073,0.08864951332642805,-2.67841304690819e-15,13.955519781040866,13.955519981649658,0.0,0.0,0.0,0.0,,
0.007755102040816327,0.1,0.08297930566276075,0.08297930566275975,-9.992007221626409e-16,13.867792629820343,13.867792833115615,0.0,0.0,0.0,0.0,,
0.007755102040816327,0.10714285714285715,0.07797690190173749,0.0779769019017361,-1.3877787807814457e-15,13.781411526062888,13.781411731937723,0.0,0.0,0.0,0.0,,
0.007755102040816327,0.1142857142857143,0.0735311507843675,0.0735311507843662,-1.304512053934559e-15,13.696343386728921,13.696343595080904,0.0,0.0,0.0,0.0,,
0.007755102040816327,0.12142857142857144,0.06955426471946949,0.06955426471946771,-1.7763568394002505e-15,13.612556249617102,13.612556460348529,0.0,0.0,0.0,0.0,,
0.007755102040816327,0.1285714285714286,0.06597598778854362,0.06597598778854182,-1.8041124150158794e-15,13.530019225025033,13.530019438042272,0.0,0.0,0.0,0.0,,
0.007755102040816327,0.13571428571428573,0.06273942759996612,0.06273942759996502,-1.096345236817342e-15,13.448702449937299,13.448702665150636,0.0,0.0,0.0,0.0,,
0.007755102040816327,0.14285714285714285,0.059798022324988855,0.059798022324987266,-1.5890067039947553e-15,13.368577044584127,13.36857726190789,0.0,0.0,0.0,0.0,,
0.007755102040816327,0.15000000000000002,0.05711329788679925,0.057113297886798024,-1.2281842209915794e-15,13.289615071229514,13.289615290581178,0.0,0.0,0.0,0.0,,
0.007755102040816327,0.15714285714285714,0.12827680902469096,0.12350701410202398,-0.004769794922666978,13.425977392309207,13.420096272570584,2.0005001250312944,1.85351562825963,1.0,1.0,957.9894973743436,957.7540873606581
0.007755102040816327,0.1642857142857143,0.12481638211104731,0.11979853556743222,-0.00501784654361509,13.657449064501055,13.639012068660026,2.0005001250312944,1.8436798059032307,1.0,1.0,908.9772443110778,908.8275963925188
0.007755102040816327,0.17142857142857143,0.12161720507356422,0.11638434051218327,-0.0052328645613809455,13.903369790050117,13.870518119517522,2.0005001250312944,1.8347519930975986,1.0,1.0,861.4653663415854,861.3666500265615
0.007755102040816327,0.1785714285714286,0.11865469056724512,0.1132347654310227,-0.005419925136222414,14.161904059652725,14.113668313827821,2.0005001250312375,1.826614401163534,1.0,1.0,815.4538634658666,815.257230179341
0.007755102040816327,0.18571428571428572,0.11590650040139185,0.11032072523611551,-0.0055857751652763354,14.434808592490404,14.367663958512294,2.0005001250312375,1.8191686999867678,1.0,1.0,770.4426106526632,770.3971495959315
0.007755102040816327,0.1928571428571429,0.11334738555167172,0.1076172306690911,-0.005730154882580621,14.717265210556855,14.631825070241083,2.0005001250312944,1.812331936875126,1.0,1.0,726.9317329332333,726.6944476506446
0.007755102040816327,0.2,0.11096277416351884,0.10510269221068148,-0.005860081952837354,15.013303984859167,14.905570834290156,2.0005001250312944,1.806033803586616,1.0,1.0,684.1710427606902,684.066047045236
0.007755102040816327,0.20714285714285718,0.1087327066274566,0.10275836134812874,-0.005974345279327858,15.318212772788646,15.18840386884463,2.0005001250312375,1.8002143554796937,1.0,1.0,642.6606651662917,642.4366221703345
0.007755102040816327,0.2142857142857143,0.10664545403042243,0.10056787872360251,-0.006077575306819918,15.634708634400925,15.479897477932823,2.0005001250312944,1.794822067150381,1.0,1.0,601.9004751187797,601.7376403747663
0.007755102040816327,0.22142857142857142,0.10468641239266552,0.09851690557980063,-0.006169506812864892,15.959988279575223,15.779685223320204,2.0005001250312375,1.7898124993138487,1.0,1.0,562.1405351337835,561.906545398266
0.007755102040816327,0.2285714285714286,0.10284552681076498,0.09659282161045456,-0.006252705200310418,16.295190045899805,16.08745237752069,2.0005001250312944,1.7851470478985,1.0,1.0,523.1307826956739,522.8860583990239
0.007755102040816327,0.2357142857142857,0.10111250036048805,0.09478447515137071,-0.006328025209117336,16.639599288351516,16.402928831648886,2.000500125031266,1.7807921483588878,1.0,1.0,484.87121780445113,484.62357680776427
0.007755102040816327,0.24285714285714288,0.09947964334805812,0.09308197606244062,-0.006397667285617498,16.994678345220738,16.72588324489283,2.000500125031266,1.7767183548363397,1.0,1.0,447.11177794448616,447.07065499968127
0.007755102040816327,0.25,0.09793575856966966,0.09147652237639761,-0.006459236193272044,17.35555547924379,17.056118125148522,2.0005001250312375,1.7728998262144167,1.0,1.0,410.3525881470368,410.1825537405137
0.007755102040816327,0.2571428571428572,0.0964764545114909,0.08996025498185294,-0.006516199529637959,17.725942890676524,17.39346573488247,2.000500125031266,1.7693137256079359,1.0,1.0,374.0935233808452,373.9178477174331
0.007755102040816327,0.2642857142857143,0.09509508515849961,0.08852613478624662,-0.006568950372252996,18.105393209961594,17.737784618328472,2.000500125031266,1.7659398628689822,1.0,1.0,338.3345836459115,338.23808234694263
0.007755102040816327,0.27142857142857146,0.09378419355954436,0.08716783879614498,-0.006616354763399376,18.491168244786426,18.088956701943182,2.000500125031266,1.7627602448861588,1.0,1.0,303.32583145786447,303.10747256464424
0.007755102040816327,0.2785714285714286,0.0925412867655677,0.0858796713338154,-0.00666161543175231,18.887450461459917,18.446884792918155,2.0005001250312375,1.7597588876495143,1.0,1.0,268.5671417854464,268.4926375247492
0.007755102040816327,0.28571428571428575,0.09135853104968292,0.16811214261951868,0.07675361156983576,19.289188336747078,18.825904051280986,2.0005001250312517,3.7343905873072822,1.0,2.0,234.558639659915,234.36236613110492
0.007755102040816327,0.29285714285714287,0.09023436260594879,0.1740657305846953,0.0838313679787465,19.70077040171846,19.380126861864436,2.0005001250312517,3.7251250110333807,1.0,2.0,200.8002000500125,200.68740913411182
0.007755102040816327,0.3,0.17758585275151303,0.1723074526933979,-0.00527840005811514,20.137930739269674,19.95783555835034,4.001000250062546,3.7163609326817117,2.0,2.0,167.54188547136786,167.44029419465573
0.007755102040816327,0.30714285714285716,0.17230676410202522,0.17063423794324423,-0.0016725261587809959,20.555934586189874,20.5516100458164,3.7509377344335917,3.708059313625565,2.0,2.0,134.783695923981,134.59516086657487
0.007755102040816327,0.3142857142857143,0.1710268501911601,0.1690465207729701,-0.0019803294181899855,21.170265832315973,21.161421937092587,3.7509377344335917,3.700184909225211,2.0,2.0,102.27556889222306,102.12761290458286
0.007755102040816327,0.32142857142857145,0.16981262871052835,0.16753854883418282,-0.002274079876345536,21.80457500339337,21.787282722571437,3.7509377344336414,3.6927060611953513,2.0,2.0,70.01750437609402,70.01458565921378
0.007755102040816327,0.32857142857142857,0.16865390931716304,0.16610501043026615,-0.002548898886896883,22.4528532451385,22.429226819589893,3.750937734433645,3.68560477778665,2.0,2.0,38.25956489122281,38.23420685077171
0.007755102040816327,0.33571428571428574,0.1671771877191869,0.16470152022648493,-0.0024756674927019773,23.104858185353347,23.080840510297318,3.7509377344336445,3.686848554940663,2.0,2.0,6.751687921980496,6.750951566032009
0.007755102040816327,0.34285714285714286,0.17467883400341297,0.16624372109720878,-0.00843511290620419,23.677602435535082,23.518078731591043,3.8759689922480987,3.7855883314419794,1.0,1.0,800.700175043761,760.2680598545495
0.007755102040816327,0.35000000000000003,0.1733734299497138,0.1687186536454355,-0.004654776304278296,23.99361197613254,23.917604559418677,3.875968992248042,3.881375173860581,1.0,1.0,777.1942985746438,760.2215190296434
0.007755102040816327,0.35714285714285715,0.18149802861347888,0.17118306030719546,-0.010314968306283423,24.51695885029986,24.315547294111184,4.126031507877006,3.9779572198953272,1.0,1.0,814.7036759189798,760.1738990623528
0.007755102040816327,0.3642857142857143,0.1802429910279269,0.17363701292358166,-0.006605978104345239,24.832332350520534,24.711918277669383,4.126031507877006,4.0753415898158005,1.0,1.0,792.1980495123781,760.1252217629541
0.007755102040816327,0.37142857142857144,0.17903338073496947,0.1760806028881781,-0.0029527778467913768,25.151591377510336,25.106732038771664,4.126031507877006,4.17352953370719,1.0,1.0,769.9424856214054,760.0755069155502
0.007755102040816327,0.3785714285714286,0.18673033323259935,0.1785139422281065,-0.008216391004492868,25.656475698414678,25.50000644191778,4.376094023505914,4.272516148627621,1.0,1.0,804.4511127781946,760.0247723697418
0.007755102040816327,0.38571428571428573,0.18556477536139723,0.1809371639758986,-0.004627611385498637,25.974221501968437,25.891762771631704,4.376094023505857,4.372290494802293,1.0,1.0,783.1957989497375,759.9730341217679
0.007755102040816327,0.39285714285714285,0.1844389388961846,0.18335042242278432,-0.001088516473400275,26.29528077424326,26.282025769495302,4.376094023505857,4.47283561260847,1.0,1.0,762.1905476369093,759.920306429735
0.007755102040816327,0.4,0.2019722542608043,0.18575389309169582,-0.01621836116910849,26.855656902620275,26.6708236299678,4.876219054763704,4.574128599252436,1.0,1.0,794.1985496374094,759.8666019011371
0.00816326530612245,0.05,0.1555167063998872,0.15551670639988513,-2.0816681711721685e-15,15.245522738818673,15.245522917110783,0.0,0.0,0.0,0.0,,
0.00816326530612245,0.05714285714285715,0.13986123585860996,0.13986123585860663,-3.3306690738754696e-15,15.143973909461389,15.143974091364436,0.0,0.0,0.0,0.0,,
0.00816326530612245,0.0642857142857143,0.12702999467110238,0.127029994671101,-1.3877787807814457e-15,15.04407599280322,15.044076178169025,0.0,0.0,0.0,0.0,,
0.00816326530612245,0.07142857142857142,0.11632271740647016,0.11632271740646605,-4.107825191113079e-15,14.945785954274463,14.945786142961547,0.0,0.0,0.0,0.0,,
0.00816326530612245,0.07857142857142857,0.10725295287921276,0.10725295287921073,-2.0261570199409107e-15,14.849062305960178,14.849062497834217,0.0,0.0,0.0,0.0,,
0.00816326530612245,0.08571428571428572,0.09947224659104326,0.09947224659104206,-1.1934897514720433e-15,14.75386503584964,14.753865230781912,0.0,0.0,0.0,0.0,,
0.00816326530612245,0.09285714285714286,0.0927244481738821,0.09272444817388015,-1.9567680809018384e-15,14.660155541005933,14.660155738873534,0.0,0.0,0.0,0.0,,
0.00816326530612245,0.1,0.08681704649070415,0.0868170464907013,-2.858824288409778e-15,14.56789656440359,14.567896765089133,0.0,0.0,0.0,0.0,,
0.00816326530612245,0.10714285714285715,0.08160256225003304,0.08160256225003079,-2.248201624865942e-15,14.47705213519637,14.477052338587852,0.0,0.0,0.0,0.0,,
0.00816326530612245,0.1142857142857143,0.07696610861542423,0.07696610861542319,-1.0408340855860843e-15,14.387587512198142,14.38758771818827,0.0,0.0,0.0,0.0,,
0.00816326530612245,0.12142857142857144,0.0728168593583642,0.07281685935836317,-1.0269562977782698e-15,14.299469130373451,14.299469338859517,0.0,0.0,0.0,0.0,,
0.00816326530612245,0.1285714285714286,0.06908206375862937,0.06908206375862731,-2.0539125955565396e-15,14.212664550149876,14.212664761033658,0.0,0.0,0.0,0.0,,
0.00816326530612245,0.13571428571428573,0.06570276338323211,0.06570276338323072,-1.3877787807814457e-15,14.12714240937858,14.127142622566339,0.0,0.0,0.0,0.0,,
0.00816326530612245,0.14285714285714285,0.0626306717017497,0.062630671701748,-1.6930901125533637e-15,14.042872377779862,14.042872593181158,0.0,0.0,0.0,0.0,,
0.00816326530612245,0.15000000000000002,0.05982586417230145,0.059825864172300625,-8.257283745649602e-16,13.95982511372285,13.959825331251782,0.0,0.0,0.0,0.0,,
0.00816326530612245,0.15714285714285714,0.13263463429817432,0.1280896630290056,-0.004544971269168724,14.112856587940167,14.105791702679284,2.0005001250312944,1.8634053377958488,1.0,1.0,954.4886221555389,954.4324985389773
0.00816326530612245,0.1642857142857143,0.12901910511580142,0.12420029959662436,-0.004818805519177058,14.34021540314341,14.321895442813876,2.0005001250312944,1.8530263601918713,1.0,1.0,905.726431607902,905.6376640412846
0.00816326530612245,0.17142857142857143,0.12567732581011856,0.12062073081554574,-0.0050565949945728245,14.582278898562528,14.550941999754505,2.0005001250311807,1.8436079388833613,1.0,1.0,858.4646161540386,858.2972110997201
0.00816326530612245,0.1785714285714286,0.12258276720415681,0.11731764967269348,-0.005265117531463331,14.838857552268989,14.791952448348693,2.0005001250312944,1.835025226883591,1.0,1.0,812.4531132783196,812.2983864252249
0.00816326530612245,0.18571428571428572,0.11970909863031048,0.11426073613225508,-0.005448362498055401,15.108399009452432,15.044097875952913,2.0005001250312375,1.8271738980489325,1.0,1.0,767.6919229807453,767.5400848579809
0.00816326530612245,0.1928571428571429,0.11703349545544944,0.11142393159879377,-0.005609563856655675,15.389453798347793,15.306672058389525,2.0005001250312944,1.8199661812861456,1.0,1.0,724.1810452613154,723.9312765876879
0.00816326530612245,0.2,0.11453918974624966,0.10878471623084263,-0.0057544735154070326,15.68437342902039,15.579071322539118,2.0005001250312944,1.8133276260690772,1.0,1.0,681.4203550887722,681.3896890474211
0.00816326530612245,0.20714285714285718,0.11220562548703016,0.10632352842716943,-0.00588209705986073,15.988398121392907,15.860778320657195,2.0005001250312944,1.8071946255688096,1.0,1.0,639.9099774943736,639.8406956315024
0.00816326530612245,0.2142857142857143,0.11001905235743897,0.10402329453803232,-0.005995757819406658,16.3022850473513,16.151348824996926,2.0005001250312944,1.8015127724444036,1.0,1.0,599.3998499624906,599.2163735259913
0.00816326530612245,0.22142857142857142,0.10796747966570423,0.10186904628305146,-0.006098433382652771,16.627066633985432,16.450400999136154,2.0005001250312375,1.7962349704990637,1.0,1.0,559.6399099774944,559.4547007033053
0.00816326530612245,0.2285714285714286,0.10603890781735935,0.09984760592332671,-0.006191301894032636,16.96196841856225,16.757606516289897,2.0005001250312944,1.7913204872631474,1.0,1.0,520.6301575393849,520.4988681238497
0.00816326530612245,0.2357142857142857,0.10422267073201243,0.09794732687540454,-0.0062753438566078845,17.30625906238879,17.072683275317374,2.0005001250312375,1.7867337283503737,1.0,1.0,482.3705926481621,482.2966878499112
0.00816326530612245,0.24285714285714288,0.10250925585327109,0.09615787763132437,-0.006351378221946716,17.659247009434207,17.395389292390277,2.0005001250312375,1.7824436227674603,1.0,1.0,444.861215303826,444.8000814327802
0.00816326530612245,0.25,0.10089015248948416,0.0944700616486096,-0.006420090840874554,18.02027731105318,17.725517647117098,2.000500125031266,1.7784228199219803,1.0,1.0,408.1020255063766,407.9646358201261
0.00816326530612245,0.2571428571428572,0.09935920771447193,0.09287566577323605,-0.006483541941235876,18.390975726774005,18.062892209243042,2.000500125031266,1.774647229228868,1.0,1.0,371.84296074018505,371.7492163240284
0.00816326530612245,0.2642857142857143,0.09790804985631849,0.09136733252894991,-0.006540717327368578,18.768593034060345,18.407364072015795,2.000500125031266,1.7710954795533331,1.0,1.0,336.33408352088026,336.1156280253249
0.00816326530612245,0.27142857142857146,0.0965334182549498,0.08993845160118809,-0.006594966653761705,19.157233925482778,18.758808508499484,2.000500125031266,1.7677486095111823,1.0,1.0,301.07526881720435,301.02831846587645
0.00816326530612245,0.2785714285714286,0.09522673641868092,0.08858306757190212,-0.006643668846778791,19.551861522325826,19.117122416959216,2.000500125031266,1.7645896943577106,1.0,1.0,266.56664166041514,266.45411567482597
0.00816326530612245,0.28571428571428575,0.09398437563289379,0.17582316199827241,0.08183878636537863,19.954376921363263,19.506816408822786,2.000500125031266,3.7505927584134064,1.0,2.0,232.55813953488374,232.36199654664944
0.00816326530612245,0.29285714285714287,0.09280314545909536,0.17860056644415423,0.08579742098505887,20.366869346999277,20.065211001844645,2.0005001250312517,3.740802760364024,1.0,2.0,198.79969992498127,198.72288138352042
0.00816326530612245,0.3,0.19471260450131014,0.1767367916755107,-0.017975812825799437,20.82399860790325,20.64448376039226,4.251062765691444,3.731544787262103,2.0,2.0,165.5413853463366,165.50945106688667
0.00816326530612245,0.30714285714285716,0.19644317199892178,0.1749653442533155,-0.021477827745606276,21.4395576463495,21.24008755021891,4.251062765691444,3.7227772197686155,2.0,2.0,132.78319579894975,132.69598386259133
0.00816326530612245,0.3142857142857143,0.18510438896905765,0.173283737221818,-0.011820651747239647,22.057135067330925,21.851987187996855,4.001000250062489,3.7144626048335363,2.0,2.0,100.27506876719181,100.25820930970517
0.00816326530612245,0.32142857142857145,0.17343160573479421,0.1716859337055903,-0.0017456720292039207,22.490714419690985,22.480185928277344,3.7509377344336414,3.7065672250115336,2.0,2.0,68.26706676669168,68.1731769789218
0.00816326530612245,0.32857142857142857,0.17220789026440947,0.17016633917621893,-0.0020415510881905408,23.141655814381345,23.12470698866062,3.7509377344336485,3.699076339410387,2.0,2.0,36.509127281820454,36.41910924156861
0.00816326530612245,0.33571428571428574,0.18072020296710753,0.16866205295888803,-0.012058150008219498,24.022498752734066,23.77609813279579,4.0010002500625514,3.7036831392557383,2.0,2.0,5.001250312578145,4.953807994149973
0.00816326530612245,0.34285714285714286,0.17820268582361803,0.17042529268744738,-0.007777393136170652,24.34949118906986,24.201352919848,3.875968992248042,3.8048233561479745,1.0,1.0,797.949487371843,759.9473269473901
0.00816326530612245,0.35000000000000003,0.1768375618081524,0.17289769416163175,-0.003939867646520656,24.664674310563214,24.600705148397534,3.8759689922480987,3.900944785619506,1.0,1.0,774.4436109027257,759.9010148646973
0.00816326530612245,0.35714285714285715,0.18502163557690596,0.17535955650566798,-0.009662079071237978,25.19076796352511,24.998471609166785,4.126031507876949,3.997865988712877,1.0,1.0,811.702925731433,759.853625961704
0.00816326530612245,0.3642857142857143,0.18370755341886225,0.17781095395322846,-0.005896599465633784,25.50358535838052,25.394664034357838,4.126031507876949,4.095593553545771,1.0,1.0,789.4473618404602,759.8051819189126
0.00816326530612245,0.37142857142857144,0.18244246165877256,0.18025198065163542,-0.002190481007137146,25.822093529574182,25.789297387954228,4.126031507877006,4.194128019377242,1.0,1.0,767.1917979494874,759.755702375687
0.00816326530612245,0.3785714285714286,0.20034250852342747,0.18268275145114987,-0.0176597570722776,26.39645246105744,26.182389997580803,4.626156539134797,4.293463803923807,1.0,1.0,801.7004251062766,759.7052050167252
0.00816326530612245,0.38571428571428573,0.18897123519584366,0.1851034024421611,-0.0038678327536825485,26.644849646524865,26.573963642252767,4.376094023505914,4.393589175018134,1.0,1.0,780.4451112778195,759.6537056637369
0.00816326530612245,0.39285714285714285,0.20668206518633464,0.18751409104580657,-0.019167974140528066,27.201756035765627,26.964043582456135,4.876219054763647,4.494486389859231,1.0,1.0,811.9529882470619,759.6012183828477
0.00816326530612245,0.4,0.20548149096040585,0.18991499608920873,-0.015566494871197128,27.52761101345095,27.352658552965934,4.876219054763647,4.596131661973778,1.0,1.0,791.4478619654915,759.5477555786224
0.008571428571428572,0.05,0.16181355362345606,0.16181355362344962,-6.439293542825908e-15,15.97826228244671,15.978262457107563,0.0,0.0,0.0,0.0,,
0.008571428571428572,0.05714285714285715,0.14563160064395417,0.1456316006439507,-3.469446951953614e-15,15.87174308654517,15.871743264984394,0.0,0.0,0.0,0.0,,
0.008571428571428572,0.0642857142857143,0.13235065927131845,0.13235065927131381,-4.6351811278100286e-15,15.766954275058275,15.766954457120914,0.0,0.0,0.0,0.0,,
0.008571428571428572,0.07142857142857142,0.12125555166863194,0.12125555166862939,-2.55351295663786e-15,15.663850776787397,15.66385096232573,0.0,0.0,0.0,0.0,,
0.008571428571428572,0.07857142857142857,0.11184830971227934,0.11184830971227726,-2.0816681711721685e-15,15.56238913912161,15.56238932799475,0.0,0.0,0.0,0.0,,
0.008571428571428572,0.08571428571428572,0.10377153298409736,0.10377153298409439,-2.9698465908722937e-15,15.462527454053573,15.462527646126796,0.0,0.0,0.0,0.0,,
0.008571428571428572,0.09285714285714286,0.09676205916672416,0.09676205916672274,-1.4155343563970746e-15,15.364225288293017,15.364225483437885,0.0,0.0,0.0,0.0,,
0.008571428571428572,0.1,0.09062182493660938,0.09062182493660735,-2.0261570199409107e-15,15.267443617212608,15.267443815306331,0.0,0.0,0.0,0.0,,
0.008571428571428572,0.10714285714285715,0.08519890917239537,0.08519890917239357,-1.790234627208065e-15,15.172144762377764,15.17214496330298,0.0,0.0,0.0,0.0,,
0.008571428571428572,0.1142857142857143,0.08037483582962412,0.0803748358296221,-2.0261570199409107e-15,15.078292332434941,15.078292536079335,0.0,0.0,0.0,0.0,,
0.008571428571428572,0.12142857142857144,0.07605585079108006,0.07605585079107875,-1.304512053934559e-15,14.985851167144924,14.985851373401523,0.0,0.0,0.0,0.0,,
0.008571428571428572,0.1285714285714286,0.0721667935533015,0.07216679355330029,-1.2073675392798577e-15,14.894787284365623,14.894787493131311,0.0,0.0,0.0,0.0,,
0.008571428571428572,0.13571428571428573,0.06864670576676127,0.06864670576675887,-2.400857290751901e-15,14.805067829802022,14.80506804097848,0.0,0.0,0.0,0.0,,
0.008571428571428572,0.14285714285714285,0.06544562824250956,0.06544562824250802,-1.5404344466674047e-15,14.71666102935443,14.716661242847563,0.0,0.0,0.0,0.0,,
0.008571428571428572,0.15000000000000002,0.06252222737847145,0.06252222737847098,-4.718447854656915e-16,14.629536143906813,14.629536359626186,0.0,0.0,0.0,0.0,,
0.008571428571428572,0.15714285714285714,0.13694592469970418,0.1326450337425258,-0.004300890957178394,14.797818904630525,14.79107488270618,2.0005001250312375,1.8733401003119077,1.0,1.0,951.2378094523632,951.1221340209122
0.008571428571428572,0.1642857142857143,0.1331814469232334,0.12857781494630383,-0.004603631976929562,15.022595342935452,15.004418694088933,2.0005001250311807,1.8624131768418017,1.0,1.0,902.4756189047263,902.4579160945547
0.008571428571428572,0.17142857142857143,0.1296998218733921,0.12483458208525905,-0.004865239788133052,15.26084164292791,15.231052522337084,2.0005001250312944,1.8525000420399016,1.0,1.0,855.4638659664917,855.2370442127758
0.008571428571428572,0.1785714285714286,0.1264757271412497,0.12137952728760155,-0.005096199853648134,15.515509186807687,15.469964527074021,2.0005001250312375,1.8434686632361268,1.0,1.0,809.4523630907728,809.3480103108178
0.008571428571428572,0.18571428571428572,0.12348041393719705,0.11818111936284434,-0.005299294574352714,15.78345804178746,15.720296374904931,2.0005001250312944,1.8352087334671532,1.0,1.0,764.6911727931983,764.6907753004785
0.008571428571428572,0.1928571428571429,0.12069036524894054,0.11521225061985808,-0.005478114629082459,16.063205394058688,15.981316279572232,2.0005001250312375,1.8276273973810029,1.0,1.0,721.1802950737685,721.1752269744168
0.008571428571428572,0.2,0.11808508367507546,0.11244948773942384,-0.005635595935651619,16.353364864063742,16.252398272875958,2.0005001250312944,1.8206459747045307,1.0,1.0,678.9197299324832,678.7198865310012
0.008571428571428572,0.20714285714285718,0.1156497383624943,0.10987246987911464,-0.005777268483379658,16.656479252059025,16.53300548318049,2.0005001250312944,1.8141974136349752,1.0,1.0,637.4093523380845,637.2508172103588
0.008571428571428572,0.2142857142857143,0.11336693844949823,0.10746342148615101,-0.005903516963347219,16.969677009477294,16.822676563848212,2.0005001250312944,1.8082241784490187,1.0,1.0,596.8992248062016,596.7006983437577
0.008571428571428572,0.22142857142857142,0.11122426414501323,0.10520675501244489,-0.0060175091325683355,17.29398347728938,17.12101460652536,2.0005001250311807,1.80267655014759,1.0,1.0,557.1392848212054,557.008035640497
0.008571428571428572,0.2285714285714286,0.10920931955898039,0.10308874434350687,-0.006120575215473517,17.628606529180892,17.427677986125232,2.0005001250312944,1.7975115295499569,1.0,1.0,518.1295323830958,518.116484349442
0.008571428571428572,0.2357142857142857,0.10730956350401322,0.10109725544158518,-0.006212308062428035,17.97067230914707,17.7423728295384,2.000500125031266,1.7926916220283606,1.0,1.0,480.1200300075019,479.97426646171647
0.008571428571428572,0.24285714285714288,0.10551820620725534,0.09922152220795928,-0.00629668399929606,18.323677819988916,18.06484673099092,2.000500125031266,1.7881840329326228,1.0,1.0,442.6106526631658,442.53366667549716
0.008571428571428572,0.25,0.10382491803311289,0.0974519592677635,-0.006372958765349393,18.684876678823326,18.39488351381794,2.0005001250312375,1.7839599276951057,1.0,1.0,405.8514628657165,405.7505946532042
0.008571428571428572,0.2571428571428572,0.10222329049906653,0.09578000458280458,-0.006443285916261948,19.055900430170183,18.732298822928048,2.000500125031266,1.7799938919022686,1.0,1.0,369.5923980995249,369.5842033360687
0.008571428571428572,0.2642857142857143,0.10070470194609146,0.09419798666809583,-0.006506715277995637,19.43396919103999,19.07693642511034,2.0005001250312375,1.776263413071866,1.0,1.0,334.0835208802201,333.9965548707683
0.008571428571428572,0.27142857142857146,0.09926421098736048,0.09269901190523244,-0.006565199082128034,19.820861878519942,19.428665074716108,2.000500125031266,1.7727484856266535,1.0,1.0,299.07476869217305,298.9523271430424
0.008571428571428572,0.2785714285714286,0.097895987233157,0.09127686850537296,-0.006619118727784035,20.216158945258908,19.787375849613287,2.000500125031266,1.769431297871052,1.0,1.0,264.56614153538385,264.4185550802798
0.008571428571428572,0.28571428571428575,0.09659474142079566,0.18231015727398406,0.0857154158531884,20.61946152527252,20.188925752036372,2.000500125031266,3.766898031643361,1.0,2.0,230.55763940985247,230.36440183465012
0.008571428571428572,0.29285714285714287,0.09535712236874273,0.1831187872325433,0.08776166486380056,21.032873325859832,20.750393243471482,2.000500125031266,3.7565771005349258,1.0,2.0,196.79919979995,196.7609557357868
0.008571428571428572,0.3,0.20046280521563684,0.18115110374588764,-0.0193117014697492,21.507373036188238,21.331262100788237,4.251062765691444,3.7468192539934555,2.0,2.0,163.79094773693424,163.58104954084055
0.008571428571428572,0.30714285714285716,0.20043154463933116,0.17928196501384144,-0.021149579625489717,22.126552032120845,21.92872645107586,4.251062765691444,3.7375802987779045,2.0,2.0,131.0327581895474,130.7990990373653
0.008571428571428572,0.3142857142857143,0.19894801049041583,0.17750697805884444,-0.02144103243157139,22.767623279978803,22.54274352887444,4.251062765691437,3.7288204676704506,2.0,2.0,98.52463115778946,98.39095849226156
0.008571428571428572,0.32142857142857145,0.1975315707070123,0.17581982465383614,-0.021711746053176162,23.424664019742846,23.173308506651317,4.251062765691437,3.720503958564952,2.0,2.0,66.51662915728933,66.33379075038589
0.008571428571428572,0.32857142857142857,0.18618760064762796,0.17421461798606355,-0.011972982661564407,24.056869954447563,23.820431697997275,4.00100025006255,3.7126216619974026,2.0,2.0,34.75868967241811,34.60590773431781
0.008571428571428572,0.33571428571428574,0.18402851238789017,0.1726014109669612,-0.011427101420928981,24.707874756996898,24.470190470450472,4.001000250062552,3.7223478882922816,2.0,2.0,3.2508127031757943,3.155328861533782
0.008571428571428572,0.34285714285714286,0.1816980182479445,0.1746034362068851,-0.007094582041059394,25.022844177824265,24.88460134871994,3.8759689922480987,3.824205910906314,1.0,1.0,794.9487371842961,759.6270019257697
0.008571428571428572,0.35000000000000003,0.18027246654650933,0.17707330533978172,-0.003199161206727613,25.335458480229356,25.283779273467477,3.875968992248042,3.920664452397616,1.0,1.0,771.6929232308078,759.5809192282461
0.008571428571428572,0.35714285714285715,0.18851297909949372,0.17953262228393455,-0.00898035681555917,25.862548793021045,25.68136878354382,4.126031507877006,4.017927342545593,1.0,1.0,808.9522380595149,759.5337620367668
0.008571428571428572,0.3642857142857143,0.18714441013825692,0.1819814637870057,-0.005162946351251224,26.176332910066815,26.07738201242164,4.126031507877006,4.116000561110561,1.0,1.0,786.4466116529132,759.4855518982012
0.008571428571428572,0.37142857142857144,0.1858230337362381,0.18441992672160273,-0.001403107014635363,26.49232376668409,26.471834362796905,4.126031507876949,4.214883974092666,1.0,1.0,764.4411102775695,759.4363083016092
0.008571428571428572,0.3785714285714286,0.20388581329017771,0.18684812884462165,-0.01703768444555606,27.0706235418753,26.864744634429016,4.626156539134797,4.314571271519528,1.0,1.0,798.6996749187298,759.3860487614722
0.008571428571428572,0.38571428571428573,0.20258429811607334,0.1892662093095321,-0.013318088806541228,27.396496152993784,27.256135107344697,4.62615653913474,4.415049944884959,1.0,1.0,777.4443610902727,759.3347889221586
0.008571428571428572,0.39285714285714285,0.21021363917451988,0.19167432873969967,-0.01853931043482021,27.87593672474424,27.646031567061033,4.876219054763704,4.516301417633077,1.0,1.0,808.9522380595149,759.2825426505202
0.008571428571428572,0.4,0.20896166589623735,0.1940726691772413,-0.014888996718996045,28.20117670631767,28.03446328522203,4.876219054763704,4.618301088674344,1.0,1.0,788.4471117779445,759.2293221513355
0.008979591836734694,0.05,0.1680154749130079,0.16801547491300411,-3.774758283725532e-15,16.710376742073034,16.710376913126602,0.0,0.0,0.0,0.0,,
0.008979591836734694,0.05714285714285715,0.15132350108217044,0.15132350108216738,-3.0531133177191805e-15,16.59889785709271,16.59889803209105,0.0,0.0,0.0,0.0,,
0.008979591836734694,0.0642857142857143,0.13760543722284993,0.1376054372228457,-4.218847493575595e-15,16.489228541886945,16.489228720668518,0.0,0.0,0.0,0.0,,
0.008979591836734694,0.07142857142857142,0.126132315286222,0.12613231528622057,-1.4432899320127035e-15,16.381321699108224,16.381321881518776,0.0,0.0,0.0,0.0,,
0.008979591836734694,0.07857142857142857,0.11639539753027481,0.11639539753027286,-1.942890293094024e-15,16.275131921443712,16.27513210733582,0.0,0.0,0.0,0.0,,
0.008979591836734694,0.08571428571428572,0.10802884978355326,0.10802884978355085,-2.4147350785597155e-15,16.170615414425573,16.170615603659044,0.0,0.0,0.0,0.0,,
0.008979591836734694,0.09285714285714286,0.10076285778550229,0.10076285778550018,-2.1094237467877974e-15,16.067729923514126,16.067730115954728,0.0,0.0,0.0,0.0,,
0.008979591836734694,0.1,0.09439406479998748,0.0943940647999848,-2.67841304690819e-15,15.9664346651742,15.966434860693797,0.0,0.0,0.0,0.0,,
0.008979591836734694,0.10714285714285715,0.08876629760955417,0.08876629760955271,-1.457167719820518e-15,15.866690261690648,15.866690460166879,0.0,0.0,0.0,0.0,,
0.008979591836734694,0.1142857142857143,0.083757632555413,0.08375763255541127,-1.734723475976807e-15,15.76845867948401,15.768458880799455,0.0,0.0,0.0,0.0,,
0.008979591836734694,0.12142857142857144,0.07927149498505659,0.07927149498505498,-1.609823385706477e-15,15.67170317070604,15.671703374748754,0.0,0.0,0.0,0.0,,
0.008979591836734694,0.1285714285714286,0.07523039717221423,0.07523039717221326,-9.71445146547012e-16,15.57638821791128,15.576388424573988,0.0,0.0,0.0,0.0,,
0.008979591836734694,0.13571428571428573,0.07157144516672984,0.07157144516672738,-2.456368441983159e-15,15.48247948161395,15.482479690793781,0.0,0.0,0.0,0.0,,
0.008979591836734694,0.14285714285714285,0.06824305781327605,0.06824305781327396,-2.095545958979983e-15,15.38994375055479,15.389943962153446,0.0,0.0,0.0,0.0,,
0.008979591836734694,0.15000000000000002,0.12308630275402373,0.12095104308858577,-0.002135259665437955,15.299734005372327,15.299841485738066,2.1255313828456224,1.8960361221979845,1.0,1.0,997.9994998749688,997.9133527979877
0.008979591836734694,0.15714285714285714,0.1412137869563647,0.13717388279525383,-0.004039904161110858,15.482343805378422,15.475950987718894,2.0005001250312375,1.8833202792797246,1.0,1.0,947.9869967491874,947.8229000023144
0.008979591836734694,0.1642857142857143,0.1373023331129341,0.1329312553288174,-0.004371077784116717,15.703037575652305,15.68658673649806,2.0005001250312944,1.8718405605119195,1.0,1.0,899.4748687171793,899.2882711287696
0.008979591836734694,0.17142857142857143,0.13368684551608673,0.1290260507273301,-0.004660794788756639,15.940688544230483,15.91085392747718,2.0005001250312375,1.8614286056894351,1.0,1.0,852.2130532633159,852.1860783096171
0.008979591836734694,0.1785714285714286,0.1303340364075061,0.1254205396899199,-0.004913496717586202,16.19186251518886,16.147708225135244,2.0005001250312944,1.8519449871091644,1.0,1.0,806.4516129032259,806.4060395177642
0.008979591836734694,0.18571428571428572,0.1272176937130041,0.12208200344715651,-0.005135690265847578,16.456501922037862,16.39626266335915,2.0005001250311807,1.843273314327235,1.0,1.0,761.9404851212804,761.8491660135768
0.008979591836734694,0.1928571428571429,0.12431522767551077,0.11898230478652314,-0.005332922888987637,16.73491761459518,16.65576054124271,2.0005001250312944,1.8353156508936088,1.0,1.0,718.4296074018505,718.4262502177722
0.008979591836734694,0.2,0.12160393062758754,0.11609711340203276,-0.00550681722555478,17.023999039962806,16.925554132939887,2.0005001250311807,1.8279890788951896,1.0,1.0,676.1690422605652,676.0565963169392
0.008979591836734694,0.20714285714285718,0.11906689810873669,0.11340528349329448,-0.0056616146154422065,17.324352740154808,17.2050875168367,2.0005001250312944,1.8212228635617074,1.0,1.0,634.9087271817955,634.6669483908423
0.008979591836734694,0.2142857142857143,0.11668940359864126,0.11088834943486403,-0.005801054163777228,17.636885913987797,17.493882607542517,2.0005001250312944,1.8149563767132357,1.0,1.0,594.3985996499125,594.1905803465629
0.008979591836734694,0.22142857142857142,0.11445703291276775,0.10853011458564696,-0.005926918327120792,17.960740018449833,17.79152774849797,2.0005001250312375,1.8091372707160196,1.0,1.0,554.6386596649163,554.5665192341047
0.008979591836734694,0.2285714285714286,0.11235547014448918,0.10631631319056198,-0.006039156953927205,18.293012491419912,18.097668289045266,2.0005001250312944,1.803720285359305,1.0,1.0,515.8789697424356,515.7388791587022
0.008979591836734694,0.2357142857142857,0.11037490360721601,0.10423433144335412,-0.006140572163861893,18.6349318898047,18.411998832714705,2.000500125031266,1.7986659341026103,1.0,1.0,477.8694673668417,477.65628740479815
0.008979591836734694,0.24285714285714288,0.10850670402813657,0.10227297522147917,-0.0062337288066574015,18.987971416519354,18.734256755808016,2.000500125031266,1.7939396894362294,1.0,1.0,440.36009002250563,440.27138784381634
0.008979591836734694,0.25,0.1067402491571517,0.10042227605436412,-0.0063179731027875885,19.349354112388998,19.064216803391872,2.000500125031266,1.789511216484244,1.0,1.0,403.6009002250563,403.5404094319237
0.008979591836734694,0.2571428571428572,0.10506738078345172,0.09867332800584698,-0.006394052777604742,19.718431515922397,19.401686545283727,2.000500125031266,1.7853537809802227,1.0,1.0,367.59189797449363,367.4227897824957
0.008979591836734694,0.2642857142857143,0.1034822462589172,0.09701815002519876,-0.006464096233718436,20.09691936682665,19.746502562085183,2.000500125031266,1.781443688087166,1.0,1.0,332.08302075518884,331.8808455419942
0.008979591836734694,0.27142857142857146,0.10197818941382786,0.09544956899141664,-0.006528620422411216,20.48436609212896,20.098527193858995,2.000500125031266,1.7777599284658214,1.0,1.0,297.0742685671418,296.87948270513635
0.008979591836734694,0.2785714285714286,0.10054918470255317,0.09396112022126138,-0.006588064481291789,20.880342906472187,20.457645808824314,2.000500125031266,1.7742837601806976,1.0,1.0,262.5656414103526,262.3859411440672
0.008979591836734694,0.28571428571428575,0.09918976426376626,0.18804914405835166,0.0888593797945854,21.284442264741962,20.87178895679988,2.0005001250312375,3.7833075333794133,1.0,2.0,228.55713928482123,228.36956855541217
0.008979591836734694,0.29285714285714287,0.09789495485260931,0.18762083858366638,0.08972588373105707,21.69627639460633,21.43567631966096,2.000500125031266,3.7724490800872466,1.0,2.0,195.04876219054765,194.8016197889248
0.008979591836734694,0.3,0.20532880340449905,0.18555043828428866,-0.01977836512021039,22.195444566532576,22.01817346009422,4.2510627656914295,3.762185326748297,2.0,2.0,161.79044761190298,161.65507814695394
0.008979591836734694,0.30714285714285716,0.2043840313927941,0.18358414738309578,-0.020799884009698316,22.817642907012686,22.61752942359399,4.2510627656914295,3.752469438983828,2.0,2.0,129.03225806451613,128.90449576092055
0.008979591836734694,0.3142857142857143,0.20282480744418901,0.1817162886146476,-0.02110851882954143,23.457013271895832,23.233693449252353,4.251062765691437,3.743259331706215,2.0,2.0,96.7741935483871,96.5258505797962
0.008979591836734694,0.32142857142857145,0.2013428265204994,0.1799402651410071,-0.021402561379492285,24.119419188489154,23.866652762256734,4.251062765691437,3.734517097199571,2.0,2.0,64.51612903225806,64.4964177831868
0.008979591836734694,0.32857142857142857,0.19992522411535263,0.17824988365517735,-0.021675340460175274,24.796450739474494,24.516402279692105,4.251062765691437,3.7262425326567628,2.0,2.0,33.00825206301575,32.79459179425341
0.008979591836734694,0.33571428571428574,0.1871744740736609,0.17651550962287169,-0.010658964450789205,25.387121876090347,25.162420203594184,4.001000250062552,3.743698281113759,2.0,2.0,1.5003750937734435,1.354054241560516
0.008979591836734694,0.34285714285714286,0.18516170097785323,0.1787781536586042,-0.006383547319249033,25.694151298283057,25.567823869889022,3.8759689922480987,3.8437378960632507,1.0,1.0,792.1980495123781,759.3070842434616
0.008979591836734694,0.35000000000000003,0.18368027324831776,0.18124548921747918,-0.002434784030838577,26.007783711598655,25.966826786369584,3.8759689922480987,3.9405360942968426,1.0,1.0,768.6921730432608,759.2612315819679
0.008979591836734694,0.35714285714285715,0.20218374871752381,0.18370225973702958,-0.01848148898049423,26.60251538075449,26.364238670834197,4.376094023505889,4.038143207147371,1.0,1.0,805.9514878719681,759.2143067594931
0.008979591836734694,0.3642857142857143,0.2007230961949307,0.18614854455958335,-0.01457455163534735,26.923647650363346,26.760072067105007,4.376094023505889,4.136564559754336,1.0,1.0,783.6959239809953,759.1663311797449
0.008979591836734694,0.37142857142857144,0.18917722446751653,0.18858444327579493,-0.0005927811917215975,27.164123011291135,27.154342821062873,4.126031507877006,4.235799367362053,1.0,1.0,761.4403600900225,759.1173241773467
0.008979591836734694,0.3785714285714286,0.207395635144815,0.19101007664305292,-0.01638555850176207,27.742658167286795,27.547070214208713,4.626156539134797,4.3358405350445555,1.0,1.0,795.9489872468117,759.0673030965169
0.008979591836734694,0.38571428571428573,0.20604159416808143,0.19342558685178585,-0.012616007316295585,28.067883565546925,27.938277030742878,4.626156539134797,4.436674812276033,1.0,1.0,774.6936734183546,759.0162833947768
0.008979591836734694,0.39285714285714285,0.21371365248135238,0.1958311378067961,-0.017882514674556288,28.549844187968606,28.327989589484716,4.876219054763704,4.538282738448471,1.0,1.0,805.9514878719681,758.964278741055
0.008979591836734694,0.4,0.2124092577602647,0.1982269147630391,-0.014182342997225594,28.87258713755906,28.716237703431634,4.876219054763704,4.640638912803842,1.0,1.0,785.6964241060266,758.9113011269328
0.009387755102040816,0.05,0.17412460252789103,0.17412460252788564,-5.384581669432009e-15,17.441867177802713,17.44186734527267,0.0,0.0,0.0,0.0,,
0.009387755102040816,0.05714285714285715,0.15693852838359934,0.15693852838359593,-3.4139358007223564e-15,17.325439251653858,17.32543942323418,0.0,0.0,0.0,0.0,,
0.009387755102040816,0.0642857142857143,0.14279554627062763,0.1427955462706243,-3.3306690738754696e-15,17.21089979539819,17.210899970920266,0.0,0.0,0.0,0.0,,
0.009387755102040816,0.07142857142857142,0.13095396018955593,0.13095396018955302,-2.914335439641036e-15,17.098199695965658,17.09819987526905,0.0,0.0,0.0,0.0,,
0.009387755102040816,0.07857142857142857,0.12089497407747914,0.12089497407747571,-3.427813588530171e-15,16.987291601285985,16.98729178421729,0.0,0.0,0.0,0.0,,
0.009387755102040816,0.08571428571428572,0.11224480966487009,0.11224480966486809,-1.9984014443252818e-15,16.8781298399207,16.87813002633377,0.0,0.0,0.0,0.0,,
0.009387755102040816,0.09285714285714286,0.1047273462056613,0.10472734620565866,-2.6506574712925612e-15,16.77067034513939,16.770670534894254,0.0,0.0,0.0,0.0,,
0.009387755102040816,0.1,0.098134182644504,0.09813418264450176,-2.248201624865942e-15,16.66487058315189,16.66487077611515,0.0,0.0,0.0,0.0,,
0.009387755102040816,0.10714285714285715,0.09230507679328083,0.09230507679327926,-1.5681900222830336e-15,16.56068948523013,16.56068968127411,0.0,0.0,0.0,0.0,,
0.009387755102040816,0.1142857142857143,0.08711479435843408,0.08711479435843206,-2.0261570199409107e-15,16.45808738347273,16.458087582475386,0.0,0.0,0.0,0.0,,
0.009387755102040816,0.12142857142857144,0.08246404421855236,0.08246404421855134,-1.0130785099704553e-15,16.357025949981796,16.35702615182626,0.0,0.0,0.0,0.0,,
0.009387755102040816,0.1285714285714286,0.07827309160094692,0.07827309160094606,-8.604228440844963e-16,16.25746813924154,16.257468343816228,0.0,0.0,0.0,0.0,,
0.009387755102040816,0.13571428571428573,0.0744771695134599,0.07447716951345897,-9.298117831235686e-16,16.159378133498844,16.159378340696566,0.0,0.0,0.0,0.0,,
0.009387755102040816,0.14285714285714285,0.07102312421216814,0.0710231242121663,-1.8318679906315083e-15,16.062721290964852,16.062721500682997,0.0,0.0,0.0,0.0,,
0.009387755102040816,0.15000000000000002,0.1391813954685844,0.13635250833968346,-0.0028288871289009476,15.97734166591126,15.977260685425502,2.0005001250312375,1.9066835784586154,1.0,1.0,994.4986246561641,994.4843802812542
0.009387755102040816,0.15714285714285714,0.14543914595545077,0.14167668003813347,-0.003762465917317298,16.166436685968378,16.16042537964763,2.0005001250312944,1.8933462312561469,1.0,1.0,944.7361840460115,944.5347038501269
0.009387755102040816,0.1642857142857143,0.14138561557893664,0.13726079303718552,-0.004124822541751116,16.384655107802043,16.368404410951875,2.0005001250312944,1.8813088357623209,1.0,1.0,896.2240560140035,896.1286486901618
0.009387755102040816,0.17142857142857143,0.13763564863517838,0.1331952920239756,-0.004440356611202789,16.61857696560551,16.590350398019694,2.0005001250312375,1.8703938641352587,1.0,1.0,849.212303075769,849.1442431427124
0.009387755102040816,0.1785714285714286,0.13415652061845257,0.1294408272976415,-0.004715693320811065,16.86621970785529,16.825187170791494,2.0005001250311807,1.8604544180387175,1.0,1.0,803.7009252313079,803.4724124063279
0.009387755102040816,0.18571428571428572,0.13092293392480336,0.12596351576232276,-0.0049594181624806055,17.129272091143836,17.07199989845961,2.0005001250312944,1.8513678839022767,1.0,1.0,759.1897974493623,759.0152026605116
0.009387755102040816,0.1928571428571429,0.12790842331809527,0.12273421001396125,-0.0051742133041340205,17.404561054324535,17.330007598562624,2.0005001250312944,1.8430312166048688,1.0,1.0,715.9289822455614,715.6842982112993
0.009387755102040816,0.2,0.1250945160074234,0.11972769924694146,-0.005366816760481952,17.694424555837948,17.598541329312496,2.0005001250312944,1.8353570806619253,1.0,1.0,673.4183545886472,673.3997756415805
0.009387755102040816,0.20714285714285718,0.12245899813137114,0.1169220664033987,-0.005536931727972441,17.993966969657667,17.877026559121852,2.0005001250311807,1.8282711006817416,1.0,1.0,632.1580395098775,632.0890510132502
0.009387755102040816,0.2142857142857143,0.11998673471973251,0.11429816757449603,-0.005688567145236481,18.303913135280105,18.164968842050307,2.0005001250312375,1.8217095031461221,1.0,1.0,591.8979744936235,591.6859853600084
0.009387755102040816,0.22142857142857142,0.117666049154864,0.11183920709657945,-0.0058268420582845565,18.627337449135062,18.461942092521063,2.0005001250312375,1.815617284394103,1.0,1.0,552.1380345086272,552.1301207743078
0.009387755102040816,0.2285714285714286,0.11548066658436795,0.1095303882808706,-0.0059502783034973555,18.95935704854208,18.767578911127682,2.0005001250312944,1.8099468685395557,1.0,1.0,513.3783445861466,513.3660248657093
0.009387755102040816,0.2357142857142857,0.11342045222559233,0.10735862505804271,-0.006061827167549619,19.301198580763025,19.081562614476617,2.000500125031266,1.8046567447250716,1.0,1.0,475.36884221055266,475.3427256424696
0.009387755102040816,0.24285714285714288,0.11147495611251464,0.10531230172682902,-0.006162654385685612,19.6521284287874,19.403620555628503,2.000500125031266,1.7997106723429175,1.0,1.0,438.1095273818455,438.0132222302307
0.009387755102040816,0.25,0.109636337275431,0.10338107245172865,-0.006255264823702353,20.01371013253265,19.73351858409557,2.0005001250312375,1.7950767532747711,1.0,1.0,401.35033758439613,401.33405950359537
0.009387755102040816,0.2571428571428572,0.10789465144619241,0.1015556923239163,-0.006338959122276111,20.383121802603096,20.071056341923338,2.0005001250312375,1.7907269413815818,1.0,1.0,365.3413353338335,365.26495682901003
0.009387755102040816,0.2642857142857143,0.10624382760407615,0.09982787503557312,-0.006415952568503025,20.762086811391335,20.416063348155966,2.000500125031266,1.7866363764042041,1.0,1.0,329.83245811452866,329.7684828187375
0.009387755102040816,0.27142857142857146,0.10467700200875017,0.09819017185359598,-0.006486830155154194,21.150143923846585,20.76839565275568,2.0005001250312375,1.7827829939196822,1.0,1.0,294.82370592648164,294.8097693684584
0.009387755102040816,0.2785714285714286,0.10318647258606208,0.0966358685972978,-0.006550603988764281,21.544413577837698,21.127933017813632,2.0005001250312375,1.7791471059725161,1.0,1.0,260.5651412853214,260.3562593645294
0.009387755102040816,0.28571428571428575,0.10176957842984276,0.19332824929324716,0.0915586708634044,21.949319252110357,21.555138930101315,2.000500125031266,3.7998225627758098,1.0,2.0,226.55663915978997,226.3774833543577
0.009387755102040816,0.29285714285714287,0.10041969254308682,0.19210701239063543,0.09168731984754862,22.362067962879376,22.121063070329303,2.0005001250312517,3.7884197942796187,1.0,2.0,193.04826206551638,192.84486121697907
0.009387755102040816,0.3,0.20969309729895066,0.18993484451534845,-0.019758252783602215,22.883918505039336,22.7052206847785,4.251062765691373,3.7776439835899533,2.0,2.0,159.78994748687174,159.73152548377215
0.009387755102040816,0.30714285714285716,0.2082953637563192,0.18787193843715588,-0.02042342531916333,23.507230055136837,23.306499116569732,4.251062765691437,3.767445577128094,2.0,2.0,127.03175793948488,127.01216346446306
0.009387755102040816,0.3142857142857143,0.20666677840563713,0.18591171410706722,-0.02075506429856991,24.149088013626404,23.92483940806672,4.2510627656914295,3.757780074398036,2.0,2.0,94.77369342335585,94.66287575484202
0.009387755102040816,0.32142857142857145,0.20511592541473753,0.18404729891496124,-0.021068626499776283,24.811557948682744,24.56022102690255,4.251062765691433,3.748607359681048,2.0,2.0,62.76569142285572,62.66104893528161
0.009387755102040816,0.32857142857142857,0.20363535805933858,0.18227217047782568,-0.0213631875815129,25.494236967954304,25.21261964734786,4.251062765691435,3.7399412776343546,2.0,2.0,31.007751937984498,30.985150030392276
0.009387755102040816,0.33571428571428574,0.20034304309007506,0.1804740064004938,-0.01986903668958126,26.122606679271506,25.850589741379817,4.126031507876926,3.7670833284006244,1.0,1.0,812.9532383095775,759.0321020367926
0.009387755102040816,0.34285714285714286,0.1885976451794696,0.1829494471173421,-0.005648198062127491,26.36694662186328,26.25102033629275,3.875968992248042,3.863421204334011,1.0,1.0,789.1972993248313,758.9875733578948
0.009387755102040816,0.35000000000000003,0.18705782386190026,0.18541424787410488,-0.0016435759877953815,26.678029063384237,26.64984753857858,3.8759689922480987,3.960561649248123,1.0,1.0,765.9414853713429,758.9419513966909
0.009387755102040816,0.35714285714285715,0.20572777591961602,0.1878684709872485,-0.017859304932367537,27.2767653090808,27.04708112372098,4.376094023505889,4.058515537346833,1.0,1.0,802.9507376844211,758.8952596049544
0.009387755102040816,0.3642857142857143,0.20421172523035747,0.19031219842065614,-0.01389952680970133,27.597240755410127,27.442734052157714,4.376094023505889,4.157287537030063,1.0,1.0,780.6951737934484,758.8475192473641
0.009387755102040816,0.37142857142857144,0.21233132528278834,0.1927455325161699,-0.019585792766618426,28.095661329151326,27.836822619581074,4.626156539134797,4.256876203106368,1.0,1.0,814.4536134033509,758.7987494958877
0.009387755102040816,0.3785714285714286,0.21087631593587278,0.1951685970984843,-0.015707718837388474,28.41629231325522,28.229366597465265,4.62615653913474,4.357273619048649,1.0,1.0,792.9482370592649,758.7489675211974
0.009387755102040816,0.38571428571428573,0.20946874257907547,0.19758153738548934,-0.011887205193586131,28.73900643508627,28.62038927824612,4.626156539134797,4.4584658133302595,1.0,1.0,771.9429857464366,758.69818858735
0.009387755102040816,0.39285714285714285,0.21718053960111228,0.19998452063036454,-0.01719601897074774,29.221618868792035,29.00991752161465,4.876219054763704,4.560432400825085,1.0,1.0,803.20080020005,758.6464261605075
0.009387755102040816,0.4,0.215826628502903,0.20237773530010966,-0.013448893202793327,29.543724884733628,29.39798168550998,4.876219054763704,4.663147191031022,1.0,1.0,782.9457364341085,758.5936920192928
0.009795918367346938,0.05,0.18014300533772767,0.18014300533772232,-5.35682609381638e-15,18.172734647050685,18.17273481096055,0.0,0.0,0.0,0.0,,
0.009795918367346938,0.05714285714285715,0.16247823101921532,0.16247823101921058,-4.746203430272544e-15,18.051368298192852,18.05136846637756,0.0,0.0,0.0,0.0,,
0.009795918367346938,0.0642857142857143,0.1479221743313167,0.14792217433131405,-2.6645352591003757e-15,17.931969035213893,17.931969207498295,0.0,0.0,0.0,0.0,,
0.009795918367346938,0.07142857142857142,0.13572141687932052,0.1357214168793191,-1.4155343563970746e-15,17.814485739695648,17.81448591591285,0.0,0.0,0.0,0.0,,
0.009795918367346938,0.07857142857142857,0.1253477813179678,0.12534778131796323,-4.579669976578771e-15,17.69886912470586,17.698869304696217,0.0,0.0,0.0,0.0,,
0.009795918367346938,0.08571428571428572,0.11642001343397748,0.1164200134339755,-1.9845236565174673e-15,17.5850716512774,17.58507183488894,0.0,0.0,0.0,0.0,,
0.009795918367346938,0.09285714285714286,0.10865601750819799,0.108656017508194,-3.9968028886505635e-15,17.473047449504136,17.473047636591556,0.0,0.0,0.0,0.0,,
0.009795918367346938,0.1,0.10184258795175599,0.10184258795175295,-3.039235529911366e-15,17.36275224395186,17.3627524343763,0.0,0.0,0.0,0.0,,
0.009795918367346938,0.10714285714285715,0.09581559036071248,0.09581559036070966,-2.8171909249863347e-15,17.25414328310826,17.254143476736818,0.0,0.0,0.0,0.0,,
0.009795918367346938,0.1142857142857143,0.09044661232790777,0.09044661232790618,-1.582067810090848e-15,17.1471792726164,17.147179469322513,0.0,0.0,0.0,0.0,,
0.009795918367346938,0.12142857142857144,0.08563374714687376,0.08563374714687157,-2.192690473634684e-15,17.041820312053293,17.04182051171512,0.0,0.0,0.0,0.0,,
0.009795918367346938,0.1285714285714286,0.08129509086244945,0.08129509086244742,-2.0261570199409107e-15,16.938027835031914,16.93802803753339,0.0,0.0,0.0,0.0,,
0.009795918367346938,0.13571428571428573,0.077364064291851,0.0773640642918495,-1.4988010832439613e-15,16.835764552423914,16.835764757653642,0.0,0.0,0.0,0.0,,
0.009795918367346938,0.14285714285714285,0.07378598920154822,0.07378598920154528,-2.942091015256665e-15,16.73499439851061,16.73499460636199,0.0,0.0,0.0,0.0,,
0.009795918367346938,0.15000000000000002,0.1488215538125293,0.14621247175438842,-0.002609082058140866,16.65894101793747,16.65941036587676,2.0005001250312944,1.9173830204177655,1.0,1.0,991.2478119529883,991.0675017581754
0.009795918367346938,0.15714285714285714,0.14962276824380044,0.14615375332600516,-0.0034690149177952767,16.85010300274835,16.844503469160127,2.0005001250312375,1.903418345231331,1.0,1.0,941.4853713428358,941.257454082623
0.009795918367346938,0.1642857142857143,0.14542853616187795,0.14156659899799734,-0.0038619371638806133,17.064334785755022,17.04987648731677,2.0005001250312375,1.8908183137304155,1.0,1.0,893.2233058264567,892.9789692789933
0.009795918367346938,0.17142857142857143,0.141548351595505,0.1373424599774729,-0.004205891618032087,17.29613101887839,17.26954605583773,2.0005001250312375,1.879396101774183,1.0,1.0,846.2115528882222,846.1114692607066
0.009795918367346938,0.1785714285714286,0.13794688214324474,0.13344052945203644,-0.004506352691208304,17.541978703143744,17.502404942971303,2.0005001250312944,1.8689971799612983,1.0,1.0,800.700175043761,800.54706800548
0.009795918367346938,0.18571428571428572,0.13459817222536444,0.1298257827750215,-0.004772389450342945,17.803547274943316,17.7475111980856,2.0005001250312375,1.859492659376702,1.0,1.0,756.1890472618155,756.1888314694821
0.009795918367346938,0.1928571428571429,0.13147352048843622,0.12646808160794787,-0.00500543888048835,18.07578522855156,18.00406018637439,2.0005001250311807,1.8507741994282705,1.0,1.0,713.1782945736435,712.9493233285586
0.009795918367346938,0.2,0.1285555742342487,0.12334135059550326,-0.005214223638745449,18.362742417469416,18.271362262967646,2.0005001250312944,1.842750088393223,1.0,1.0,670.9177294323581,670.7493821512554
0.009795918367346938,0.20714285714285718,0.12582319804504316,0.12042291510622846,-0.005400282938814699,18.66144303995948,18.548824726229537,2.0005001250312375,1.8353422219748616,1.0,1.0,629.6574143535885,629.5170872697508
0.009795918367346938,0.2142857142857143,0.12325921443237083,0.11769296450894969,-0.0055662499234211404,18.97076002911173,18.83593713438994,2.0005001250312375,1.828483678458725,1.0,1.0,589.3973493373344,589.1868795131202
0.009795918367346938,0.22142857142857142,0.1208500049388425,0.11513411412971018,-0.005715890809132318,19.291705036584165,19.13225929208431,2.0005001250312375,1.822116715722951,1.0,1.0,549.8874718679671,549.6988098139769
0.009795918367346938,0.2285714285714286,0.11858206351172526,0.11273104495540448,-0.005851018556320781,19.62343910559692,19.437411325586435,2.0005001250312944,1.8161913778109018,1.0,1.0,511.1277819454864,510.9978940129262
0.009795918367346938,0.2357142857142857,0.11644336469212395,0.11047020600786524,-0.0059731586842587114,19.965170147747116,19.751065490865518,2.000500125031266,1.8106641366204719,1.0,1.0,473.1182795698925,473.0335563373997
0.009795918367346938,0.24285714285714288,0.11442316648276105,0.1083395664288642,-0.00608360005389684,20.316149476770264,20.072939316159683,2.0005001250312375,1.8054970187717123,1.0,1.0,435.85896474118533,435.75914730201333
0.009795918367346938,0.25,0.11251184382562568,0.10632840853035425,-0.006183435295271433,20.675668484092434,20.402789914512084,2.000500125031266,1.8006566051743,1.0,1.0,399.3498374593649,399.1315243691283
0.009795918367346938,0.2571428571428572,0.11070226592884323,0.1044271534004459,-0.006275112528397339,21.045380363370906,20.740409157885104,2.000500125031266,1.7961134725774182,1.0,1.0,363.3408352088022,363.1106857767731
0.009795918367346938,0.2642857142857143,0.1089866131420265,0.10262721384874493,-0.006359399293281567,21.42478858355986,21.085619645781442,2.0005001250312375,1.7918415322608787,1.0,1.0,327.8319579894974,327.659449600478
0.009795918367346938,0.27142857142857146,0.10735782011904449,0.10092086923633971,-0.006436950882704781,21.813422224975973,21.438271238775624,2.000500125031266,1.7878177118196625,1.0,1.0,292.8232058014504,292.7431714555433
0.009795918367346938,0.2785714285714286,0.1058079929342746,0.09930115919029767,-0.006506833743976939,22.208371126927766,21.798238183451296,2.000500125031266,1.7840213972667707,1.0,1.0,258.5646411602901,258.32949533458344
0.009795918367346938,0.28571428571428575,0.10433431662768837,0.1983219871177143,0.09398767049002592,22.61409259582574,22.238815025591848,2.000500125031266,3.816444256680554,1.0,2.0,224.5561390347587,224.3881329611645
0.009795918367346938,0.29285714285714287,0.10293000128738687,0.1965775068550974,0.09364750556771052,23.027764750440912,22.806556398855694,2.0005001250312517,3.8044903619971615,1.0,2.0,191.04776194048515,190.89066776934413
0.009795918367346938,0.3,0.21379748252955805,0.19430437157366867,-0.019493110955889376,23.568510146887647,23.392406607189947,4.251062765691387,3.793196249182804,2.0,2.0,158.03950987746938,157.810380217373
0.009795918367346938,0.30714285714285716,0.21216609379918352,0.19214538524440414,-0.020020708554779387,24.194196870779574,23.995638158112655,4.2510627656914295,3.7825096543354473,2.0,2.0,125.28132033008254,125.12209163982779
0.009795918367346938,0.3142857142857143,0.21046977493925842,0.19009329995858892,-0.020376474980669496,24.838534788329085,24.61618387478564,4.251062765691437,3.772383485233879,2.0,2.0,93.0232558139535,92.8020242545249
0.009795918367346938,0.32142857142857145,0.20885171932917512,0.18814096956128337,-0.02071074976789175,25.50207392610125,25.25401559236174,4.251062765691437,3.762775500299178,2.0,2.0,61.01525381345337,60.827675112037696
0.009795918367346938,0.32857142857142857,0.20730678228145621,0.1862815091392319,-0.021025273142224327,26.187605244675712,25.909084108340025,4.251062765691437,3.753720986255214,2.0,2.0,29.257314328582147,29.177569784058285
0.009795918367346938,0.33571428571428574,0.20391969942382687,0.18464439918096986,-0.019275300242857007,26.797203791472114,26.533933490161747,4.1260315078769825,3.786580115571271,1.0,1.0,809.9524881220306,758.7127685058824
0.009795918367346938,0.34285714285714286,0.20222069018313182,0.18711731866259027,-0.015103371520541559,27.113074236854075,26.934190598608073,4.1260315078769825,3.883257774668166,1.0,1.0,786.4466116529132,758.6684687352237
0.009795918367346938,0.35000000000000003,0.20058526577938818,0.18957958340928496,-0.011005682370103215,27.43414464202301,27.332841380205625,4.126031507876926,3.9807430894026794,1.0,1.0,763.1907976994249,758.623078144664
0.009795918367346938,0.35714285714285715,0.20923823165734992,0.19203125819312084,-0.017206973464229086,27.948883496488932,27.729895994372622,4.376094023505889,4.079046312105495,1.0,1.0,800.2000500125032,758.5766200577162
0.009795918367346938,0.3642857142857143,0.20766781748755436,0.1944724275520313,-0.01319538993552305,28.268671365799936,28.125367820668345,4.376094023505889,4.178171508814559,1.0,1.0,777.9444861215304,758.5291155923877
0.009795918367346938,0.37142857142857144,0.21583341867099493,0.196903196721142,-0.018930221949852916,28.76966889533707,28.51927361690893,4.626156539134797,4.278116479262828,1.0,1.0,811.452863215804,758.4805837559243
0.009795918367346938,0.3785714285714286,0.2143243278358051,0.19932369249620704,-0.015000635339598056,29.08777622965659,28.911633644372802,4.626156539134797,4.378872576556751,1.0,1.0,790.1975493873468,758.4310415377221
0.009795918367346938,0.38571428571428573,0.21286810476250606,0.2017340632954071,-0.011134041467098954,29.411807635285662,29.30247171713994,4.626156539134797,4.480424986974687,1.0,1.0,768.9422355588898,758.3805040077559
0.009795918367346938,0.39285714285714285,0.22061867534993124,0.20413447962344755,-0.016484195726483686,29.894979726576462,29.691815234943725,4.876219054763704,4.582752487764811,1.0,1.0,800.2000500125032,758.3289844243342
0.009795918367346938,0.4,0.21921615516280515,0.20652513329599878,-0.012691021866806373,30.21651335565918,30.079695111298925,4.876219054763704,4.6858279999898516,1.0,1.0,779.9449862465617,758.2764943471664
0.010204081632653062,0.05,0.18607269116068095,0.18607269116067854,-2.4147350785597155e-15,18.902980204550552,18.90298036492391,0.0,0.0,0.0,0.0,,
0.010204081632653062,0.05714285714285715,0.16794411614602037,0.1679441161460177,-2.6645352591003757e-15,18.776686022096285,18.776686186908048,0.0,0.0,0.0,0.0,,
0.010204081632653062,0.0642857142857143,0.15298648040104806,0.15298648040104568,-2.3869795029440866e-15,18.652437258477445,18.65243742754583,0.0,0.0,0.0,0.0,,
0.010204081632653062,0.07142857142857142,0.1404355950262383,0.14043559502623806,-2.498001805406602e-16,18.53018080025018,18.53018097340184,0.0,0.0,0.0,0.0,,
0.010204081632653062,0.07857142857142857,0.12975454584427806,0.12975454584427581,-2.248201624865942e-15,18.40986543546545,18.409865612534805,0.0,0.0,0.0,0.0,,
0.010204081632653062,0.08571428571428572,0.12055505031333968,0.12055505031333767,-2.0122792321330962e-15,18.29144176702403,18.291441947853293,0.0,0.0,0.0,0.0,,
0.010204081632653062,0.09285714285714286,0.11254935588460993,0.11254935588460645,-3.4833247397614286e-15,18.174862130815193,18.174862315253463,0.0,0.0,0.0,0.0,,
0.010204081632653062,0.1,0.10551968327114411,0.10551968327114107,-3.039235529911366e-15,18.060080518329684,18.06008070623288,0.0,0.0,0.0,0.0,,
0.010204081632653062,0.10714285714285715,0.09929817646594362,0.09929817646594118,-2.4424906541753444e-15,17.947052503460448,17.947052694690672,0.0,0.0,0.0,0.0,,
0.010204081632653062,0.1142857142857143,0.09375337316106859,0.09375337316106759,-9.992007221626409e-16,17.83573517322474,17.835735367650376,0.0,0.0,0.0,0.0,,
0.010204081632653062,0.12142857142857144,0.0887808488671777,0.08878084886717524,-2.456368441983159e-15,17.726087062163177,17.726087259657813,0.0,0.0,0.0,0.0,,
0.010204081632653062,0.1285714285714286,0.08429660606743428,0.08429660606743221,-2.067790383364354e-15,17.618068090184025,17.618068290627296,0.0,0.0,0.0,0.0,,
0.010204081632653062,0.13571428571428573,0.08023231258103204,0.08023231258103161,-4.3021142204224816e-16,17.511639503643966,17.51163970692035,0.0,0.0,0.0,0.0,,
0.010204081632653062,0.14285714285714285,0.07653181253954715,0.07653181253954564,-1.5126788710517758e-15,17.406763819465016,17.40676402546347,0.0,0.0,0.0,0.0,,
0.010204081632653062,0.15000000000000002,0.15591308869222104,0.15337432925180422,-0.0025387594404168157,17.34377061607408,17.343625246087676,2.0005001250312944,1.9281349168333697,1.0,1.0,987.7469367341836,987.6626127364423
0.010204081632653062,0.15714285714285714,0.1537653350771985,0.150605359653844,-0.0031599754233544997,17.533348205925343,17.528190648826293,2.0005001250311807,1.913537023414393,1.0,1.0,938.23455863966,937.991060350104
0.010204081632653062,0.1642857142857143,0.14943497821117596,0.1458488427594508,-0.0035861354517251753,17.745209022969167,17.7310076652811,2.0005001250312944,1.900369315658464,1.0,1.0,889.9724931232809,889.8391543343749
0.010204081632653062,0.17142857142857143,0.14542544441923233,0.14146770740968517,-0.003957737009547158,17.97335453670793,17.948444965472937,2.0005001250312375,1.8884355884976693,1.0,1.0,843.2108027006752,843.0876879962374
0.010204081632653062,0.1785714285714286,0.14170394304526568,0.13741978440676667,-0.004284158638499014,18.21744960400523,18.17936507131881,2.0005001250311807,1.8775735164410443,1.0,1.0,797.6994248562141,797.6299460030153
0.010204081632653062,0.18571428571428572,0.13824056187047068,0.1336689300797621,-0.004571631790708575,18.475787589197466,18.422799643309098,2.0005001250312375,1.8676478068518925,1.0,1.0,753.4383595898976,753.3699992256364
0.010204081632653062,0.1928571428571429,0.13500929047206534,0.1301840339247587,-0.0048252565473066444,18.74677416492608,18.677920998904238,2.0005001250312944,1.8585447838879197,1.0,1.0,710.4276069017254,710.2212784166126
0.010204081632653062,0.2,0.13199063196863964,0.12693817189208997,-0.005052460076549664,19.032744632913534,18.944019297058304,2.0005001250312375,1.850168301258237,1.0,1.0,668.1670417604402,668.1053738969018
0.010204081632653062,0.20714285714285718,0.12916137082919682,0.12390792528061106,-0.005253445548585756,19.328716207506986,19.220484097939778,2.0005001250312375,1.842436429468217,1.0,1.0,627.1567891972994,626.9510197000183
0.010204081632653062,0.2142857142857143,0.12650712114096022,0.12107282823920396,-0.00543429290175626,19.637427932771132,19.50678933102679,2.0005001250311807,1.835279022803298,1.0,1.0,586.8967241810453,586.6932292346647
0.010204081632653062,0.22142857142857142,0.1240122809603387,0.11841491683350377,-0.005597364126834925,19.957972450327304,19.802480994536914,2.0005001250312375,1.8286356127588086,1.0,1.0,547.386846711678,547.2725561656995
0.010204081632653062,0.2285714285714286,0.12166143437605074,0.11591835817402746,-0.005743076202023287,20.28735244038603,20.107167003494897,2.0005001250312375,1.8224538336682605,1.0,1.0,508.87721930482627,508.63445936876
0.010204081632653062,0.2357142857142857,0.11944538664326744,0.1135691435672985,-0.005876243075968943,20.628990296394374,20.420508764940788,2.000500125031266,1.8166881929559173,1.0,1.0,470.86771692923236,470.7287548495289
0.010204081632653062,0.24285714285714288,0.11735153643338521,0.1113548334909141,-0.005996702942471108,20.980035170748526,20.742214193606888,2.000500125031266,1.8112988598586532,1.0,1.0,433.60840210052515,433.50914069920935
0.010204081632653062,0.25,0.11537000192085926,0.10926434398780477,-0.006105657933054495,21.339764480927105,21.07203184345378,2.000500125031266,1.8062508400587838,1.0,1.0,397.0992748187047,396.9327836813768
0.010204081632653062,0.2571428571428572,0.11349342647443965,0.10728776689883579,-0.0062056595756038585,21.70983782505152,21.409745952086112,2.000500125031266,1.801513377454831,1.0,1.0,361.09027256814204,360.9599580610103
0.010204081632653062,0.2642857142857143,0.11171377623808411,0.10541621830212608,-0.006297557935958029,22.089748562520978,21.75517231004245,2.000500125031266,1.7970592108729768,1.0,1.0,325.58139534883725,325.55372890532277
0.010204081632653062,0.27142857142857146,0.11002228063313832,0.10364170952916694,-0.006380571103971375,22.476577479469317,22.10815472044043,2.000500125031266,1.792864159325837,1.0,1.0,290.8227056764191,290.67967339424115
0.010204081632653062,0.2785714285714286,0.10841538744630706,0.10195703732063591,-0.006458350125671156,22.874700378300755,22.46856201220144,2.000500125031266,1.7889066790463408,1.0,1.0,256.3140785196299,256.3056347407677
0.010204081632653062,0.28571428571428575,0.1068841100291582,0.20313614456416051,0.09625203453500232,23.278762400482716,22.92272102367061,2.0005001250312517,3.833173956954854,1.0,2.0,222.55563890972743,222.40150418910818
0.010204081632653062,0.29285714285714287,0.10542600385036788,0.20103246304707387,0.09560645919670599,23.693366807540738,23.49215924435803,2.000500125031266,3.8206619143893503,1.0,2.0,189.04726181545388,188.93902727017058
0.010204081632653062,0.3,0.21778502741064837,0.19865906844421075,-0.019125958966437623,24.257217477646893,24.079734024870273,4.251062765691444,3.8088431968004466,2.0,2.0,156.03900975243812,155.8916310808314
0.010204081632653062,0.30714285714285716,0.21600157053917177,0.19640453495523538,-0.019597035583936384,24.88381885476339,24.684949163607367,4.251062765691444,3.7976625634124526,2.0,2.0,123.28082020505127,123.23426983899571
0.010204081632653062,0.3142857142857143,0.21423899039766583,0.19426109142226547,-0.019977898975400366,25.530726616118223,25.30772928395456,4.251062765691437,3.787070428690643,2.0,2.0,91.02275568892223,90.94328637011552
0.010204081632653062,0.32142857142857145,0.21255699240328607,0.19222132048120455,-0.020335671922081522,26.197095058269454,25.948038726815692,4.251062765691437,3.7770223956438738,2.0,2.0,59.01475368842211,58.996287265027625
0.010204081632653062,0.32857142857142857,0.21094396099068863,0.1902779251697414,-0.020666035820947226,26.881013320684787,26.60579510345376,4.25106276569138,3.7675858253904178,2.0,2.0,27.506876719179797,27.37183653032128
0.010204081632653062,0.33571428571428574,0.2074642491863093,0.18881137355607508,-0.01865287563023421,27.471525623544814,27.217251623983937,4.126031507876926,3.8062294728326402,1.0,1.0,806.9517379344837,758.393840026811
0.010204081632653062,0.34285714285714286,0.20570773188149832,0.19128177038098,-0.014425961500518336,27.786701753895,27.61733450607265,4.126031507876926,3.9032495936233342,1.0,1.0,783.4458614653664,758.3497698442565
0.010204081632653062,0.35000000000000003,0.204016580356231,0.19374149794199422,-0.010275082414236775,28.10716233296038,28.015808159856626,4.1260315078769825,4.0010824241064284,1.0,1.0,760.190047511878,758.3046113042006
0.010204081632653062,0.35714285714285715,0.21271946825163163,0.1961906234972087,-0.016528844754422928,28.62258951513065,28.41268313171825,4.376094023505889,4.099737575239853,1.0,1.0,797.1992998249563,758.2583876026872
0.010204081632653062,0.3642857142857143,0.21109569132088393,0.19862923415643385,-0.012466457164450079,28.941758906489902,28.80797322448362,4.376094023505889,4.199218528214262,1.0,1.0,774.9437359339836,758.2111197085023
0.010204081632653062,0.37142857142857144,0.21930425071053541,0.20105743812086097,-0.01824681258967445,29.44340194263002,29.201695666877924,4.62615653913474,4.299522286400317,1.0,1.0,808.4521130282571,758.1628264573422
0.010204081632653062,0.3785714285714286,0.21774402160483458,0.20347536514678238,-0.014268656458052198,29.76088561463292,29.593871214204974,4.626156539134797,4.4006394979747725,1.0,1.0,787.1967991998,758.1135246540672
0.010204081632653062,0.38571428571428573,0.21623612826061062,0.2058831669330798,-0.01035296132753083,30.082419949133612,29.984524210945583,4.626156539134797,4.5025544556236134,1.0,1.0,766.1915478869718,758.0632291705192
0.010204081632653062,0.39285714285714285,0.22402648496632285,0.20828101722590556,-0.015745467740417296,30.568076958135492,30.37368260039095,4.876219054763704,4.605245119755273,1.0,1.0,797.1992998249563,758.0119530509187
0.010204081632653062,0.4,0.22257426264759428,0.21066911124781068,-0.011905151399783598,30.887124186610144,30.761377858253365,4.876219054763647,4.708683484062203,1.0,1.0,777.1942985746438,757.9597076311203
0.010612244897959184,0.05,0.19191560899898485,0.19191560899898208,-2.7755575615628914e-15,19.63260490236411,19.632605059224375,0.0,0.0,0.0,0.0,,
0.010612244897959184,0.05714285714285715,0.17333765097576576,0.17333765097576248,-3.2751579226442118e-15,19.50139344618212,19.50139360764352,0.0,0.0,0.0,0.0,,
0.010612244897959184,0.0642857142857143,0.15798959543022278,0.1579895954302199,-2.886579864025407e-15,19.372305459862133,19.37230562573586,0.0,0.0,0.0,0.0,,
0.010612244897959184,0.07142857142857142,0.14509738405069403,0.14509738405069056,-3.469446951953614e-15,19.2452858452041,19.245286015310665,0.0,0.0,0.0,0.0,,
0.010612244897959184,0.07857142857142857,0.13411597927343888,0.13411597927343447,-4.413136522884997e-15,19.12028147503943,19.120281649207428,0.0,0.0,0.0,0.0,,
0.010612244897959184,0.08571428571428572,0.1246504982197838,0.12465049821978089,-2.914335439641036e-15,18.99724110348663,18.997241281552533,0.0,0.0,0.0,0.0,,
0.010612244897959184,0.09285714285714286,0.11640783683633765,0.11640783683633438,-3.2751579226442118e-15,18.876115281157773,18.876115462965064,0.0,0.0,0.0,0.0,,
0.010612244897959184,0.1,0.10916586436595485,0.10916586436595319,-1.6653345369377348e-15,18.756856274996608,18.75685646039617,0.0,0.0,0.0,0.0,,
0.010612244897959184,0.10714285714285715,0.10275316788894907,0.10275316788894744,-1.6375789613221059e-15,18.639417992451527,18.639418181300208,0.0,0.0,0.0,0.0,,
0.010612244897959184,0.1142857142857143,0.09703535924568298,0.0970353592456806,-2.373101715136272e-15,18.523755909707063,18.52375610186825,0.0,0.0,0.0,0.0,,
0.010612244897959184,0.12142857142857144,0.09190559098189593,0.09190559098189363,-2.3037127760972e-15,18.409827003721198,18.409827199064242,0.0,0.0,0.0,0.0,,
0.010612244897959184,0.1285714285714286,0.08727784546374728,0.0872778454637452,-2.0816681711721685e-15,18.297589687831064,18.29758988623092,0.0,0.0,0.0,0.0,,
0.010612244897959184,0.13571428571428573,0.08308209509324521,0.0830820950932441,-1.1102230246251565e-15,18.187003750707234,18.18700395204408,0.0,0.0,0.0,0.0,,
0.010612244897959184,0.14285714285714285,0.07926075201101941,0.07926075201101732,-2.095545958979983e-15,18.078030298452806,18.078030502611938,0.0,0.0,0.0,0.0,,
0.010612244897959184,0.15000000000000002,0.1614257037173322,0.15921321684316223,-0.002212486874169972,18.02813610528781,18.028619700827118,2.0005001250312375,1.9389397117018243,1.0,1.0,984.4961240310079,984.2696100747804
0.010612244897959184,0.15714285714285714,0.15786747920761404,0.1550317203361922,-0.002835758871421845,18.2161777063407,18.21149226258714,2.0005001250312944,1.9237025557202294,1.0,1.0,934.9837459364842,934.7354334159419
0.010612244897959184,0.1642857142857143,0.15340381210238246,0.15010769248145747,-0.003296119620924992,18.425721412219097,18.411802575180854,2.0005001250312375,1.9099621841101915,1.0,1.0,886.7216804201051,886.709126219336
0.010612244897959184,0.17142857142857143,0.14926740831105345,0.14557118595086024,-0.0036962223601932076,18.650251301633595,18.627051134616686,2.0005001250312944,1.897512592776912,1.0,1.0,840.2100525131283,840.0728314539507
0.010612244897959184,0.1785714285714286,0.1454264709859352,0.1413787293755568,-0.004047741610378408,18.890909492017137,18.856071038629327,2.0005001250312944,1.8861836607975428,1.0,1.0,794.9487371842961,794.7209867359475
0.010612244897959184,0.18571428571428572,0.14185211531769934,0.13749308226011853,-0.004359033057580813,19.147762167019927,19.0978682716554,2.0005001250312944,1.8758335475635257,1.0,1.0,750.6876719179795,750.5586532634103
0.010612244897959184,0.1928571428571429,0.13851609162821482,0.13388218043619862,-0.004633911192016199,19.41753014790156,19.35159269366348,2.0005001250312944,1.8663431939785375,1.0,1.0,707.6769192298075,707.5001167896633
0.010612244897959184,0.2,0.13539680058715492,0.1305182669167096,-0.004878533670445329,19.700618772621386,19.61651477223924,2.0005001250312375,1.8576118629251148,1.0,1.0,665.6664166041511,665.4677093288902
0.010612244897959184,0.20714285714285718,0.1324754261080255,0.12737719207319156,-0.005098234034833948,19.99777457055528,19.892006741274056,2.0005001250312944,1.849553828156787,1.0,1.0,624.4061015253814,624.3908111867909
0.010612244897959184,0.2142857142857143,0.12973072911299097,0.12443784617506694,-0.005292882937924029,20.30391816524712,20.17752725897387,2.0005001250312375,1.8420956496149308,1.0,1.0,584.3960990247563,584.2050012495167
0.010612244897959184,0.22142857142857142,0.1271515716314515,0.12168169571429799,-0.005469875917153505,20.6240841677399,20.472608819382444,2.0005001250312375,1.835174093622482,1.0,1.0,544.8862215553889,544.851329898712
0.010612244897959184,0.2285714285714286,0.12472058670481012,0.1190924021413168,-0.005628184563493316,20.95325567854268,20.776847370433813,2.000500125031266,1.8287344419979499,1.0,1.0,506.37659414853715,506.2756939249259
0.010612244897959184,0.2357142857142857,0.1224267328592206,0.11665550656505548,-0.005771226294165113,21.29265974232595,21.089893726854935,2.0005001250312375,1.8227289977599872,1.0,1.0,468.6171542885722,468.4282967338748
0.010612244897959184,0.24285714285714288,0.12026026457646018,0.11435816683209399,-0.005902097744366189,21.643786111392522,21.411446355147618,2.000500125031266,1.8171162154816562,1.0,1.0,431.357839459865,431.26318023295363
0.010612244897959184,0.25,0.11820947664117809,0.11218893815121087,-0.006020538489967225,22.003740553447805,21.741245409992437,2.0005001250312375,1.8118595272069802,1.0,1.0,394.84871217804454,394.73781724367376
0.010612244897959184,0.2571428571428572,0.1162667935445021,0.1101375879674144,-0.00612920557708771,22.374189185672762,22.079067646860327,2.000500125031266,1.8069267819402748,1.0,1.0,358.8397099274819,358.81275524966037
0.010612244897959184,0.2642857142857143,0.11442244826542423,0.10819493992367438,-0.006227508341749857,22.752203127879717,22.42472218884525,2.000500125031266,1.8022894679568715,1.0,1.0,323.58089522380595,323.4513038689234
0.010612244897959184,0.27142857142857146,0.11267053218079376,0.10635274089637871,-0.00631779128441505,23.13960990896419,22.778046870710128,2.0005001250312375,1.7979223753674893,1.0,1.0,288.82220555138787,288.6192597166577
0.010612244897959184,0.2785714285714286,0.11100579917017805,0.1046035480840624,-0.006402251086115654,23.538453644104887,23.13890521219003,2.0005001250312517,1.7938029729411944,1.0,1.0,254.31357839459866,254.28466336247368
0.010612244897959184,0.28571428571428575,0.10941908829147658,0.2078349088834416,0.09841582059196503,23.9433287668596,23.606799738790645,2.0005001250312517,3.8500128436251564,1.0,2.0,220.5551387846962,220.4175839342764
0.010612244897959184,0.29285714285714287,0.1723748729479724,0.20547198706208014,0.033097114114107734,24.35931881997363,24.177874546399988,3.6259064766191216,3.836935611546507,2.0,2.0,187.0467616904226,186.98992761764916
0.010612244897959184,0.3,0.22168578273995382,0.20299898429444546,-0.018686798445508357,24.944489890893607,24.767205729250524,4.2510627656914295,3.824585777282484,2.0,2.0,154.03850962740685,153.97526687359633
0.010612244897959184,0.30714285714285716,0.21979771107839993,0.20064943464149534,-0.019148276436904588,25.570782244741814,25.37443472671606,4.251062765691437,3.812905253056672,2.0,2.0,121.53038259564892,121.34868767364561
0.010612244897959184,0.3142857142857143,0.2179702552616839,0.19841513370180508,-0.01955512155987882,26.22025052052439,25.999478052097505,4.2510627656914295,3.8018417982908455,2.0,2.0,89.27231807951989,89.08665244656362
0.010612244897959184,0.32142857142857145,0.21622557429212666,0.19628839535599038,-0.01993717893613628,26.88943697911403,26.642292706092622,4.251062765691437,3.791348721896068,2.0,2.0,57.26431607901976,57.166876390451755
0.010612244897959184,0.32857142857142857,0.21454905522440032,0.19426143649666835,-0.020287618727731965,27.576213037762827,27.302750803541397,4.25106276569138,3.7815416037163256,2.0,2.0,25.756439109777446,25.567933007798366
0.010612244897959184,0.33571428571428574,0.21097514658714744,0.19297493159552806,-0.018000214991619384,28.14372021946019,27.90054398698976,4.1260315078769825,3.8260333888960325,1.0,1.0,804.2010502625657,758.0753160682293
0.010612244897959184,0.34285714285714286,0.20916220491103893,0.19544280442940531,-0.013719400481633615,28.45816940582145,28.300451913253163,4.1260315078769825,3.9233986607083375,1.0,1.0,780.6951737934484,758.0314761524864
0.010612244897959184,0.35000000000000003,0.21790762380640946,0.19789999366066605,-0.020007630145743416,28.982267344034323,28.698747728798097,4.376094023505832,4.021581667204739,1.0,1.0,816.7041760440111,757.986550359197
0.010612244897959184,0.35714285714285715,0.21616795188405435,0.20034656908723467,-0.01582138279681969,29.29415028923769,29.095442384535595,4.376094023505889,4.1205913899728355,1.0,1.0,794.4486121530383,757.9405617350557
0.010612244897959184,0.3642857142857143,0.214491806346473,0.20278262047372078,-0.011709185872752215,29.612668743399283,29.490550114971633,4.376094023505889,4.22043067472696,1.0,1.0,772.1930482620655,757.8935310963851
0.010612244897959184,0.37142857142857144,0.2227422420307995,0.20520825899076783,-0.017533983040031675,30.11500246423697,29.88408862332488,4.626156539134797,4.3210957369447005,1.0,1.0,805.7014253563391,757.8454771091831
0.010612244897959184,0.3785714285714286,0.22113183323478505,0.2076236173931889,-0.013508215841596144,30.431830274128973,30.27607916570697,4.626156539134797,4.42257650588581,1.0,1.0,784.4461115278821,757.7964163869289
0.010612244897959184,0.38571428571428573,0.21957515572740488,0.2100288507091233,-0.009546305018281576,30.75277556373567,30.666546624107163,4.626156539134797,4.524856354217628,1.0,1.0,763.4408602150538,757.7463635964104
0.010612244897959184,0.39285714285714285,0.22740236707938408,0.21242413591533915,-0.014978231164044925,31.23902071888847,31.055519488811246,4.876219054763704,4.627912447517156,1.0,1.0,794.4486121530383,757.6953315638897
0.010612244897959184,0.4,0.22590530192727695,0.21480967170195867,-0.011095630225318287,31.559412437919327,31.443029804442272,4.876219054763704,4.731715810342576,1.0,1.0,774.1935483870968,757.6433313994221
0.011020408163265306,0.05,0.19767365117693922,0.19767365117693694,-2.275957200481571e-15,20.361609789890075,20.361609943260557,0.0,0.0,0.0,0.0,,
0.011020408163265306,0.05714285714285715,0.17866026408963126,0.17866026408962565,-5.6066262743570405e-15,20.22549159070833,20.22549174884125,0.0,0.0,0.0,0.0,,
0.011020408163265306,0.0642857142857143,0.16293262316673168,0.16293262316673068,-9.992007221626409e-16,20.091574631578325,20.09157479427896,0.0,0.0,0.0,0.0,,
0.011020408163265306,0.07142857142857142,0.14970765368311237,0.1497076536831086,-3.774758283725532e-15,19.95980183976319,19.959802006845322,0.0,0.0,0.0,0.0,,
0.011020408163265306,0.07857142857142857,0.13843277863080844,0.13843277863080491,-3.524958103184872e-15,19.830118182622424,19.830118353908937,0.0,0.0,0.0,0.0,,
0.011020408163265306,0.08571428571428572,0.12870692403436193,0.1287069240343594,-2.525757381022231e-15,19.702470574795758,19.702470750117143,0.0,0.0,0.0,0.0,,
0.011020408163265306,0.09285714285714286,0.12023192736885016,0.12023192736884802,-2.1371793224034263e-15,19.576807790502187,19.576807969696514,0.0,0.0,0.0,0.0,,
0.011020408163265306,0.1,0.1127815203557651,0.11278152035576232,-2.7755575615628914e-15,19.453080380625977,19.453080563538894,0.0,0.0,0.0,0.0,,
0.011020408163265306,0.10714285714285715,0.10618089214193406,0.10618089214193277,-1.2906342661267445e-15,19.331240594282203,19.33124078076579,0.0,0.0,0.0,0.0,,
0.011020408163265306,0.1142857142857143,0.10029284874072808,0.10029284874072607,-2.0122792321330962e-15,19.2112423045785,19.2112424944913,0.0,0.0,0.0,0.0,,
0.011020408163265306,0.12142857142857144,0.09500821166080567,0.0950082116608034,-2.275957200481571e-15,19.09304093831011,19.093041131516756,0.0,0.0,0.0,0.0,,
0.011020408163265306,0.1285714285714286,0.09023901448473792,0.09023901448473756,-3.608224830031759e-16,18.976593409342975,18.976593605714275,0.0,0.0,0.0,0.0,,
0.011020408163265306,0.13571428571428573,0.08591359021196833,0.08591359021196605,-2.275957200481571e-15,18.86185805545984,18.86185825487146,0.0,0.0,0.0,0.0,,
0.011020408163265306,0.14285714285714285,0.08197296345791125,0.08197296345790915,-2.095545958979983e-15,18.74879457845554,18.748794780788867,0.0,0.0,0.0,0.0,,
0.011020408163265306,0.15000000000000002,0.16629814958637698,0.16439508450102752,-0.001903065085349459,18.71400133841785,18.71377359047091,2.0005001250312375,1.9497978382511074,1.0,1.0,980.9952488122032,980.8883919593881
0.011020408163265306,0.15714285714285714,0.16192980347542835,0.15943303789211244,-0.0024967655833159075,18.898596859114715,18.89441358639296,2.0005001250312944,1.9339154347719167,1.0,1.0,931.7329332333084,931.4904851381615
0.011020408163265306,0.1642857142857143,0.157333850913916,0.15434331503490334,-0.002990535879012657,19.10429371283171,19.092265781135414,2.0005001250312375,1.919597217364936,1.0,1.0,883.7209302325582,883.5888082059871
0.011020408163265306,0.17142857142857143,0.15307471585560956,0.14965304602269033,-0.003421669832919222,19.326825046585878,19.30536851429446,2.0005001250312375,1.9066274007025648,1.0,1.0,837.2093023255815,837.0668324987312
0.011020408163265306,0.1785714285714286,0.14911821538885262,0.1453175005270463,-0.0038007148618063036,19.565805603053036,19.53252628113996,2.0005001250312375,1.894827845849796,1.0,1.0,791.9479869967493,791.8201311810271
0.011020408163265306,0.18571428571428572,0.14543322042724668,0.14129836299554127,-0.004134857431705413,19.819473554676275,19.772720082783845,2.0005001250312375,1.884050086227945,1.0,1.0,747.9369842460616,747.7547414585944
0.011020408163265306,0.1928571428571429,0.1419942765096249,0.1375626339171371,-0.0044316425924877945,20.08805543156858,20.02507790344065,2.0005001250312375,1.8741695586126306,1.0,1.0,704.9262315578895,704.7857922227602
0.011020408163265306,0.2,0.13877763831756829,0.13408173870009138,-0.004695899617476906,20.37020533692505,20.28885100065407,2.0005001250312375,1.8650809234415655,1.0,1.0,662.9157289322332,662.8363472917794
0.011020408163265306,0.20714285714285718,0.13576244764169423,0.1308308099453262,-0.004931637696368035,20.66465985909929,20.563394697898843,2.0005001250312944,1.8566945401893469,1.0,1.0,621.9054763690923,621.8364249516803
0.011020408163265306,0.2142857142857143,0.1329303085555933,0.1277881051154591,-0.005142203440134191,20.970232027396193,20.8481527237751,2.0005001250312375,1.8489336830738474,1.0,1.0,581.8954738684672,581.7221625751667
0.011020408163265306,0.22142857142857142,0.1302665302836916,0.12493453071510868,-0.005331999568582907,21.287923330955607,21.142644366262214,2.0005001250312375,1.8417322953115223,1.0,1.0,542.6356589147288,542.4351013359201
0.011020408163265306,0.2285714285714286,0.1277566091144153,0.1222532508849249,-0.005503358229490399,21.61685040539563,21.44645387327215,2.000500125031266,1.835033191228286,1.0,1.0,504.12603150787703,503.9215708940023
0.011020408163265306,0.2357142857142857,0.12538761519025923,0.11972936338560779,-0.005658251804651446,21.956179190776144,21.759221653812855,2.000500125031266,1.8287866371043497,1.0,1.0,466.366591647912,466.13215773844826
0.011020408163265306,0.24285714285714288,0.12314954688615345,0.11734962983675794,-0.005799917049395517,22.307402889848902,22.08063693886232,2.000500125031266,1.8229491978592711,1.0,1.0,429.10727681920486,429.0212438835675
0.011020408163265306,0.25,0.12103044963222194,0.11510224997878628,-0.005928199653435662,22.667597187772508,22.410431643464754,2.000500125031266,1.8174827377719347,1.0,1.0,392.59814953738436,392.54660500825304
0.011020408163265306,0.2571428571428572,0.11902099385992453,0.11297667158329225,-0.006044322276632277,23.03605154795705,22.748375182674796,2.000500125031266,1.8123536988801794,1.0,1.0,356.8392098024506,356.66905904214747
0.011020408163265306,0.2642857142857143,0.11711429687802749,0.11096342993417399,-0.0061508669438535,23.41452441803247,23.094270123,2.0005001250312375,1.8075323598808615,1.0,1.0,321.5803950987747,321.3521577432477
0.011020408163265306,0.27142857142857146,0.11530424533669609,0.10905401121951389,-0.006250234117182202,23.805000222566033,23.44794845629719,2.000500125031266,1.8029923983325722,1.0,1.0,286.5716429107277,286.56191505822306
0.011020408163265306,0.2785714285714286,0.11358085932518727,0.1072407362511904,-0.006340123073996867,24.202094257579507,23.809268473518763,2.0005001250312517,1.7987103448773274,1.0,1.0,252.3130782695674,252.2665670710137
0.011020408163265306,0.28571428571428575,0.11193937957903052,0.21245726807648718,0.10051788849745666,24.60779179195507,24.291017640027444,2.000500125031266,3.8669622437097155,1.0,2.0,218.55463865966493,218.43635917481794
0.011020408163265306,0.29285714285714287,0.2160184699776677,0.20989616373762743,-0.0061223062400402595,25.033144342653756,24.863705251947724,4.2510627656914295,3.8533125973655866,2.0,2.0,185.04626156539135,185.04335678343446
0.011020408163265306,0.3,0.22552794197122605,0.20732416798421555,-0.018203773987010508,25.62911006322555,25.454824475081338,4.251062765691373,3.8404251432337357,2.0,2.0,152.2880720180045,152.0612764609847
0.011020408163265306,0.30714285714285716,0.22356176698840782,0.2048801312926605,-0.018681635695747323,26.262021332447578,26.06409741411688,4.251062765691437,3.8282387112733,2.0,2.0,119.52988247061766,119.46533481458358
0.011020408163265306,0.3142857142857143,0.22166874412127408,0.2025554719950471,-0.019113272126226988,26.912579416385192,26.691432581112355,4.251062765691437,3.8166984884999717,2.0,2.0,87.27181795448863,87.23211288209646
0.011020408163265306,0.32142857142857145,0.2198582724187535,0.20034223744939259,-0.019516034969360913,27.580144849757367,27.336779760328113,4.251062765691437,3.8057554086146435,2.0,2.0,55.51387846961741,55.339433526949655
0.011020408163265306,0.32857142857142857,0.21811813496449972,0.19823205004648356,-0.01988608491801616,28.269656976341906,27.99994753159113,4.251062765691437,3.795596478384689,2.0,2.0,24.006001500375096,23.765837953463844
0.011020408163265306,0.33571428571428574,0.21445675371872744,0.19713507539433758,-0.017321678324389855,28.817491591795935,28.583810425755885,4.126031507876926,3.845993899405587,1.0,1.0,801.2003000750188,757.7571961015307
0.011020408163265306,0.34285714285714286,0.21258843504875868,0.19960042291395047,-0.012988012134808213,29.131287036252438,28.983542661474438,4.1260315078769825,3.9437070388783493,1.0,1.0,777.6944236059015,757.7135871488329
0.011020408163265306,0.35000000000000003,0.22137866930899702,0.20205507276784962,-0.019323596541147403,29.654267606250006,29.381659938634517,4.376094023505889,4.042242882619032,1.0,1.0,813.953488372093,757.6688947934443
0.011020408163265306,0.35714285714285715,0.21958804323305547,0.20449909720106016,-0.015088946031995315,29.967324684363597,29.778173605070712,4.376094023505832,4.141609847176007,1.0,1.0,791.4478619654915,757.623141947862
0.011020408163265306,0.3642857142857143,0.21785851071769166,0.2069325887824801,-0.010925921935211552,30.283316954363197,30.173098343096406,4.376094023505889,4.241810053234805,1.0,1.0,769.4423605901476,757.5763492631861
0.011020408163265306,0.37142857142857144,0.2261517823867337,0.20935566163967656,-0.016796120747057136,30.788186291063127,30.56645233949227,4.626156539134797,4.34283897392161,1.0,1.0,802.7006751687923,757.5285352242896
0.011020408163265306,0.3785714285714286,0.22449212044201353,0.21176845163165703,-0.012723668810356498,31.104426747720176,30.95825735820747,4.626156539134797,4.444685737785767,1.0,1.0,781.4453613403351,757.4797162531719
0.011020408163265306,0.38571428571428573,0.22288555809531066,0.2141711170493732,-0.008714441045937465,31.422876983940757,31.34853881972916,4.626156539134797,4.5473328652704375,1.0,1.0,760.6901725431359,757.4299068081152
0.011020408163265306,0.39285714285714285,0.2307507047581762,0.21656383821842576,-0.014186866539750431,31.911589723207783,31.73732577159573,4.876219054763647,4.650756643016939,1.0,1.0,791.4478619654915,757.3791194928828
0.011020408163265306,0.4,0.22920566599770734,0.21894681723454792,-0.010258848763159412,32.229507246399784,32.12465082753185,4.876219054763647,4.754927184354165,1.0,1.0,771.4428607151789,757.3273651851475
0.011428571428571429,0.05,0.20334865538632974,0.20334865538632532,-4.413136522884997e-15,21.089995913873164,21.089996063777047,0.0,0.0,0.0,0.0,,
0.011428571428571429,0.05714285714285715,0.18391334670129855,0.18391334670129833,-2.220446049250313e-16,20.948981473381018,20.948981628208003,0.0,0.0,0.0,0.0,,
0.011428571428571429,0.0642857142857143,0.16781664096895318,0.16781664096895058,-2.609024107869118e-15,20.810245763383147,20.810245922931852,0.0,0.0,0.0,0.0,,
0.011428571428571429,0.07142857142857142,0.15426725450584694,0.1542672545058444,-2.55351295663786e-15,20.67372974677209,20.673729910850348,0.0,0.0,0.0,0.0,,
0.011428571428571429,0.07857142857142857,0.14270562672218043,0.14270562672217646,-3.969047313034935e-15,20.53937649513574,20.539376663560173,0.0,0.0,0.0,0.0,,
0.011428571428571429,0.08571428571428572,0.13272488386453565,0.13272488386453155,-4.107825191113079e-15,20.407131092892964,20.40713126548863,0.0,0.0,0.0,0.0,,
0.011428571428571429,0.09285714285714286,0.1240220861805631,0.12402208618056013,-2.9698465908722937e-15,20.276940546710634,20.276940723310332,0.0,0.0,0.0,0.0,,
0.011428571428571429,0.1,0.11636703385527077,0.116367033855267,-3.760880495917718e-15,20.148753699859462,20.148753880303147,0.0,0.0,0.0,0.0,,
0.011428571428571429,0.10714285714285715,0.1095816715731524,0.10958167157315074,-1.6653345369377348e-15,20.022521151194358,20.02252133532948,0.0,0.0,0.0,0.0,,
0.011428571428571429,0.1142857142857143,0.10352611565525675,0.10352611565525385,-2.9004576518332215e-15,19.898195178465844,19.898195366146282,0.0,0.0,0.0,0.0,,
0.011428571428571429,0.12142857142857144,0.09808894570177656,0.09808894570177354,-3.0253577421035516e-15,19.775729665690736,19.77572985677642,0.0,0.0,0.0,0.0,,
0.011428571428571429,0.1285714285714286,0.09318031579664551,0.09318031579664365,-1.8596235662471372e-15,19.65508003433203,19.655080228689332,0.0,0.0,0.0,0.0,,
0.011428571428571429,0.13571428571428573,0.08872697402931531,0.08872697402931351,-1.8041124150158794e-15,19.53620317805083,19.536203375551587,0.0,0.0,0.0,0.0,,
0.011428571428571429,0.14285714285714285,0.08466860080908134,0.08466860080907972,-1.6237011735142914e-15,19.419057400816012,19.419057601337254,0.0,0.0,0.0,0.0,,
0.011428571428571429,0.15000000000000002,0.17076029568626858,0.16924311125515962,-0.0015171844311089588,19.398334493897835,19.398788579411004,2.0005001250312375,1.9607097533007627,1.0,1.0,977.7444361090273,977.5188578808384
0.011428571428571429,0.15714285714285714,0.16595289026994567,0.16380950510995007,-0.0021433851599955978,19.580610955790668,19.5769598268005,2.0005001250312375,1.944175962836017,1.0,1.0,928.4821205301326,928.2561284512105
0.011428571428571429,0.1642857142857143,0.16122729798417773,0.15855587592840753,-0.0026714220557702006,19.78250185351146,19.772401780581326,2.0005001250312944,1.9292747325496755,1.0,1.0,880.7201800450113,880.4781244612539
0.011428571428571429,0.17142857142857143,0.15684783120966084,0.15371343687977101,-0.0031343943298898225,20.00307945539081,19.983401000855352,2.0005001250312944,1.9157802922185518,1.0,1.0,834.2085521380345,834.0696247442236
0.011428571428571429,0.1785714285714286,0.15277794006338327,0.14923623298314515,-0.0035417070802381267,20.24042343306995,20.208734188962133,2.0005001250312944,1.9035063098592226,1.0,1.0,788.9472368092023,788.9273209455105
0.011428571428571429,0.18571428571428572,0.1489842585901753,0.14508489504028851,-0.003899363549886792,20.490924265688673,20.44735803779875,2.0005001250312375,1.8922976294357805,1.0,1.0,745.1862965741436,744.9582122210519
0.011428571428571429,0.1928571428571429,0.14544419197965913,0.14122550622480395,-0.004218685754855178,20.75835223994664,20.69837922256148,2.0005001250312375,1.882024077646202,1.0,1.0,702.1755438859716,702.0782589456134
0.011428571428571429,0.2,0.1421302058092078,0.1376286895361368,-0.0045015162730709934,21.03764291964878,20.961030266884332,2.0005001250312375,1.8725756350497256,1.0,1.0,660.4151037759441,660.2112470192632
0.011428571428571429,0.20714285714285718,0.13902432617527108,0.1342688726331602,-0.004755453542110877,21.33134679712166,21.23464998046937,2.0005001250312944,1.8638587354158525,1.0,1.0,619.4048512128032,619.2878245509631
0.011428571428571429,0.2142857142857143,0.13610612569038602,0.13112369122196865,-0.004982434468417368,21.636370802109838,21.518667506733006,2.0005001250312944,1.8557932807365438,1.0,1.0,579.394848712178,579.2446805180944
0.011428571428571429,0.22142857142857142,0.13336058292810407,0.12817350129432376,-0.005187081633780316,21.953711543589897,21.81258922307181,2.0005001250312375,1.8483103200676858,1.0,1.0,540.1350337584397,540.0238410509995
0.011428571428571429,0.2285714285714286,0.130772885532204,0.12540097766243374,-0.005371907869770265,22.282469413964506,22.115987910862604,2.000500125031266,1.8413502727285966,1.0,1.0,501.6254063515879,501.5720637069452
0.011428571428571429,0.2357142857142857,0.1283298230978711,0.12279078196958307,-0.005539041128288041,22.621795115700838,22.428493809981365,2.0005001250312375,1.8348612002853777,1.0,1.0,463.86596649162294,463.8403138021406
0.011428571428571429,0.24285714285714288,0.1260195767423671,0.12032928551902956,-0.005690291223337543,22.97088608782626,22.749787076010392,2.000500125031266,1.8287978991866118,1.0,1.0,426.8567141785447,426.78330979885885
0.011428571428571429,0.25,0.12383154091438474,0.1180043380601278,-0.005827202854256933,23.32898305003656,23.079591563264962,2.000500125031266,1.8231205462885562,1.0,1.0,390.5976494123531,390.3591270747069
0.011428571428571429,0.2571428571428572,0.12175927056870295,0.11580507229269042,-0.005954198276012526,23.700172375895487,23.417669476290783,2.000500125031266,1.8177942093636381,1.0,1.0,354.58864716179045,354.5288512680073
0.011428571428571429,0.2642857142857143,0.1197910174827298,0.1137217392478537,-0.006069278234876102,24.079165344385284,23.76381694615282,2.000500125031266,1.8127879440959085,1.0,1.0,319.32983245811454,319.25627389554984
0.011428571428571429,0.27142857142857146,0.1179205245761987,0.11174556802588108,-0.00617495655031762,24.467808503608335,24.117860224327455,2.000500125031266,1.8080743183323655,1.0,1.0,284.57114278569645,284.507624156714
0.011428571428571429,0.2785714285714286,0.11614070337923516,0.10986864635860208,-0.006272057020633076,24.8656223690744,24.47965248564481,2.0005001250312517,1.8036288447270643,1.0,1.0,250.31257814453616,250.25133182891759
0.011428571428571429,0.28571428571428575,0.11444511058478479,0.217026933320276,0.10258182273549121,25.272151569024416,24.9753555461182,2.000500125031266,3.8840234495233767,1.0,2.0,216.55413853463367,216.45781697026177
0.011428571428571429,0.29285714285714287,0.22624064000833918,0.21430506466676863,-0.011935575341570553,25.71126787295368,25.54965427425645,4.251062765691415,3.8697940980317096,2.0,2.0,183.29582395598902,183.099302811964
0.011428571428571429,0.3,0.2293288105528649,0.21163466855486093,-0.017694141998003954,26.31788409904019,26.142593002532337,4.2510627656914295,3.8563623038935497,2.0,2.0,150.28757189297326,150.14964877360484
0.011428571428571429,0.30714285714285716,0.22728555822660815,0.20909667190907633,-0.01818888631753182,26.949009116348563,26.75393977608722,4.251062765691444,3.8436639190185837,2.0,2.0,117.77944486121531,117.58420099131814
0.011428571428571429,0.3142857142857143,0.22532825487741462,0.20668215154216954,-0.01864610333524508,27.60055910277604,27.383595257439858,4.25106276569138,3.831641338136981,2.0,2.0,85.52138034508627,85.37965812777054
0.011428571428571429,0.32142857142857145,0.2234595444557458,0.20438289019190806,-0.019076654263837756,28.272624458173915,28.031502115344363,4.25106276569138,3.8202432383492146,2.0,2.0,53.763440860215056,53.51394975268389
0.011428571428571429,0.32857142857142857,0.22165630955081644,0.20218975674498313,-0.019466552805833315,28.967682097926495,28.69737891533677,4.251062765691435,3.809762033662994,2.0,2.0,22.005501375343837,21.965524263665472
0.011428571428571429,0.33571428571428574,0.2179055311274155,0.20129180708827402,-0.016613724039141492,29.489122478358258,29.267050786411474,4.1260315078769825,3.866113061134822,1.0,1.0,798.4496124031008,757.4394796032767
0.011428571428571429,0.34285714285714286,0.21598287652220882,0.20375462800110583,-0.012228248521102991,29.80222975286984,29.66660659633667,4.1260315078769825,3.9641768112283926,1.0,1.0,774.9437359339836,757.3961023145664
0.011428571428571429,0.35000000000000003,0.2248207362372457,0.20620673743155243,-0.018613998805693255,30.32782257148972,30.064544630455813,4.376094023505889,4.063068194859082,1.0,1.0,810.9527381845462,757.3516441066535
0.011428571428571429,0.35714285714285715,0.22297617263059352,0.2086482100798812,-0.014327962550712309,30.63833960402952,30.460876640936863,4.376094023505889,4.162795083914536,1.0,1.0,788.6971742935734,757.3061277434655
0.011428571428571429,0.3642857142857143,0.22119618290250345,0.21107914140215608,-0.010117041500347368,30.953706095270775,30.855617765643164,4.376094023505832,4.263358818143026,1.0,1.0,766.6916729182296,757.2595737125043
0.011428571428571429,0.37142857142857144,0.22953128288001898,0.21349964842590208,-0.0160316344541169,31.461105182464117,31.24878667165167,4.626156539134797,4.364754170950621,1.0,1.0,799.6999249812453,757.2120003163541
0.011428571428571429,0.3785714285714286,0.22782128615155434,0.21590987024393513,-0.01191141590761921,31.77484329934774,31.640405648518666,4.62615653913474,4.4669694067648384,1.0,1.0,778.6946736684172,757.163423778229
0.011428571428571429,0.38571428571428573,0.22616968956988934,0.21830996840908226,-0.007859721160807076,32.0947108833888,32.03050066020613,4.626156539134797,4.569986209928175,1.0,1.0,757.6894223555889,757.1138583358686
0.011428571428571429,0.39285714285714285,0.23406788082808797,0.22070012665014174,-0.013367754177946223,32.58199059923357,32.41910131738045,4.876219054763704,4.673779950806056,1.0,1.0,788.6971742935734,757.0633163706184
0.011428571428571429,0.4,0.23247771017561383,0.22308055045752567,-0.00939715971808816,32.89934260288504,32.806240805044716,4.876219054763704,4.778319846381783,1.0,1.0,768.6921730432608,757.0118085242767
0.01183673469387755,0.05,0.20894240664390007,0.20894240664389588,-4.191091917959966e-15,21.817764318412724,21.817764464872905,0.0,0.0,0.0,0.0,,
0.01183673469387755,0.05714285714285715,0.18909825387081955,0.18909825387081633,-3.219646771412954e-15,21.671864109363366,21.67186426090644,0.0,0.0,0.0,0.0,,
0.01183673469387755,0.0642857142857143,0.17264270058975842,0.17264270058975492,-3.497202527569243e-15,21.52831984258695,21.528319999005024,0.0,0.0,0.0,0.0,,
0.01183673469387755,0.07142857142857142,0.15877701847725204,0.1587770184772497,-2.3314683517128287e-15,21.387070526721793,21.387070687816397,0.0,0.0,0.0,0.0,,
0.01183673469387755,0.07857142857142857,0.1469351924945546,0.14693519249455114,-3.469446951953614e-15,21.248057347235285,21.24805751281728,0.0,0.0,0.0,0.0,,
0.01183673469387755,0.08571428571428572,0.13670492329890027,0.1367049232988979,-2.3592239273284576e-15,21.1112235675384,21.11122373742716,0.0,0.0,0.0,0.0,,
0.01183673469387755,0.09285714285714286,0.1277787638467262,0.1277787638467235,-2.7200464103316335e-15,20.976514435543496,20.97651460956648,0.0,0.0,0.0,0.0,,
0.01183673469387755,0.1,0.11992278110965841,0.1199227811096573,-1.1102230246251565e-15,20.843877095313598,20.84387727330564,0.0,0.0,0.0,0.0,,
0.01183673469387755,0.10714285714285715,0.1129558234682929,0.11295582346829047,-2.42861286636753e-15,20.713260503477954,20.71326068528134,0.0,0.0,0.0,0.0,,
0.01183673469387755,0.1142857142857143,0.10673542992550447,0.10673542992550156,-2.914335439641036e-15,20.58461535011304,20.58461553557693,0.0,0.0,0.0,0.0,,
0.01183673469387755,0.12142857142857144,0.10114802459023961,0.10114802459023813,-1.4849232954361469e-15,20.457893983808027,20.457894172788293,0.0,0.0,0.0,0.0,,
0.01183673469387755,0.1285714285714286,0.09610194934504053,0.09610194934503892,-1.609823385706477e-15,20.333050340657557,20.333050533015577,0.0,0.0,0.0,0.0,,
0.01183673469387755,0.13571428571428573,0.09152242038271056,0.09152242038270839,-2.1788126858268697e-15,20.210039876937664,20.210040072541357,0.0,0.0,0.0,0.0,,
0.01183673469387755,0.14285714285714285,0.08734781610956757,0.0873478161095648,-2.7755575615628914e-15,20.088819505243386,20.088819703965854,0.0,0.0,0.0,0.0,,
0.01183673469387755,0.15000000000000002,0.17503958200753594,0.17391453440082383,-0.0011250476067121151,20.083763872125353,20.08352231774095,2.0005001250312375,1.9716759502363865,1.0,1.0,974.2435608902226,974.1609086115599
0.01183673469387755,0.15714285714285714,0.16993730640495652,0.16816130892673997,-0.001775997478216551,20.26222522075724,20.259136114386212,2.0005001250312375,1.9544845393858856,1.0,1.0,925.2313078269568,925.0322773482351
0.01183673469387755,0.1642857142857143,0.16508639100044187,0.16274553931259128,-0.002340851687850587,20.461944836268444,20.45221500528166,2.0005001250311807,1.9389950696378955,1.0,1.0,877.4693673418356,877.3770000327262
0.01183673469387755,0.17142857142857143,0.1605872102891125,0.15775250660500534,-0.002834703684107154,20.679018163269998,20.661152436534767,2.0005001250312375,1.924971550464398,1.0,1.0,831.2078019504877,831.0811425415402
0.01183673469387755,0.1785714285714286,0.15640435993828378,0.15313506082503872,-0.0032692991132450555,20.913013604913377,20.88469810673847,2.0005001250312944,1.9122192983864814,1.0,1.0,786.1965491372844,786.0424982579799
0.01183673469387755,0.18571428571428572,0.15250728625609206,0.14885280022930433,-0.0036544860267877233,21.16394251220581,21.121785059732577,2.0005001250312944,1.9005763880210007,1.0,1.0,742.1855463865967,742.1690144871345
0.01183673469387755,0.1928571428571429,0.1488661793266108,0.14487090842768427,-0.0039952708989265395,21.428422767273073,21.371499215164988,2.0005001250312944,1.8899069319537383,1.0,1.0,699.4248562140535,699.3774716365386
0.01183673469387755,0.2,0.14545809048988287,0.14115922095572625,-0.0042988695341566185,21.706821280093067,21.633054825913742,2.0005001250312944,1.8800961770059084,1.0,1.0,657.664416104026,657.59236812923
0.01183673469387755,0.20714285714285718,0.14226134762528456,0.13769147329601825,-0.00456987432926631,21.997836836088304,21.905774585350798,2.0005001250312375,1.8710465296637273,1.0,1.0,616.9042260565142,616.7449738713727
0.01183673469387755,0.2142857142857143,0.13925844282668695,0.13444469018910493,-0.004813752637582019,22.302335754479035,22.189073381384016,2.0005001250312944,1.862674511945807,1.0,1.0,576.894223555889,576.7725226704337
0.01183673469387755,0.22142857142857142,0.1364323847534785,0.13139868637699473,-0.005033698376483764,22.619347331003755,22.482444960826896,2.0005001250312944,1.85490827166359,1.0,1.0,537.6344086021505,537.6175198654512
0.01183673469387755,0.2285714285714286,0.1337664636325453,0.12853565550621698,-0.005230808126328312,22.945748968164022,22.785450897823807,2.000500125031266,1.8476856966444766,1.0,1.0,499.3748437109278,499.2271460106086
0.01183673469387755,0.2357142857142857,0.13125040962852083,0.125839829814448,-0.005410579814072836,23.285033898352395,23.097711446233895,2.000500125031266,1.8409527823794638,1.0,1.0,461.61540385096276,461.55274105269785
0.01183673469387755,0.24285714285714288,0.12887054497352152,0.12329719661382053,-0.005573348359700983,23.634236277680333,23.41889790375818,2.0005001250312375,1.8346623300167273,1.0,1.0,424.6061515378845,424.5493562923355
0.01183673469387755,0.25,0.12661603867044283,0.12089526062194449,-0.00572077804849834,23.992583436547534,23.748726179482116,2.0005001250312375,1.8287730281765116,1.0,1.0,388.34708677169294,388.175363688537
0.01183673469387755,0.2571428571428572,0.12447869725803921,0.1186228442895931,-0.00585585296844611,24.3617659142938,24.086951432944844,2.0005001250312375,1.8232484091655359,1.0,1.0,352.5881470367592,352.39211388564144
0.01183673469387755,0.2642857142857143,0.12244969112369997,0.11646991847338163,-0.005979772650318335,24.741241132281097,24.433363484659022,2.000500125031266,1.818056280049496,1.0,1.0,317.3293323330833,317.1636358071882
0.01183673469387755,0.27142857142857146,0.12052102990451234,0.11442745871307541,-0.006093571191436928,25.13049459360375,24.78778294327111,2.0005001250312375,1.8131681242259226,1.0,1.0,282.5706426606652,282.4563718513106
0.01183673469387755,0.2785714285714286,0.11868546521368901,0.11248732269529998,-0.00619814251838903,25.52903812484094,25.15005793446687,2.000500125031266,1.8085585173335865,1.0,1.0,248.3120780195049,248.23894368896035
0.01183673469387755,0.28571428571428575,0.11693640655133225,0.22155834614210945,0.1046219395907772,25.93640818761655,25.65980299058043,2.0005001250312375,3.9011978092428783,1.0,2.0,214.55363840960243,214.48194446079518
0.01183673469387755,0.29285714285714287,0.23280730388722223,0.21869875376465833,-0.014108550122563901,26.393854317536576,26.235724550848143,4.251062765691444,3.8863812298863216,2.0,2.0,181.29532383095776,181.15775381985858
0.01183673469387755,0.3,0.23308619242130543,0.21593053491268024,-0.01715565750862519,27.00518647259374,26.83051402802573,4.251062765691444,3.872398372308819,2.0,2.0,148.287071767942,148.24037280679792
0.01183673469387755,0.30714285714285716,0.23097628928945335,0.2132991034627223,-0.017677185826731057,27.63877104487827,27.443964343066924,4.2510627656914295,3.859181868430462,2.0,2.0,115.77894473618406,115.70527599155382
0.01183673469387755,0.3142857142857143,0.22895562904339414,0.2107952174621722,-0.018160411581221947,28.290215087727283,28.07596844544879,4.251062765691373,3.8466712636407485,2.0,2.0,83.77094273568393,83.52927868706418
0.01183673469387755,0.32142857142857145,0.2270301823988165,0.20841039693620278,-0.018619785462613725,28.96805696262923,28.726461978759335,4.25106276569138,3.834813023405152,2.0,2.0,51.7629407351838,51.69041618116654
0.01183673469387755,0.32857142857142857,0.22515609978948237,0.20613452421474934,-0.019021575574733024,29.661008192922512,29.395034647544353,4.251062765691435,3.824054867174712,2.0,2.0,20.255063765941486,20.166956321420745
0.01183673469387755,0.33571428571428574,0.22132584874317066,0.2054451288340102,-0.015880719909160457,30.162355783343898,29.95026491353053,4.1260315078769825,3.886392969367446,1.0,1.0,795.448862215554,757.1221660547849
0.01183673469387755,0.34285714285714286,0.21934788156048465,0.2079054219088456,-0.011442459651639064,30.472908818238228,30.349643563554082,4.1260315078769825,3.984810075958378,1.0,1.0,772.1930482620655,757.079021143752
0.01183673469387755,0.35000000000000003,0.22823224657335037,0.21035498986517553,-0.017877256708174832,31.00110502307494,30.74740164830327,4.376094023505889,4.0840597610484135,1.0,1.0,807.9519879969993,757.0347977987973
0.01183673469387755,0.35714285714285715,0.22633670717353643,0.2127939099925143,-0.013542797181022137,31.310994335432635,31.143551336437167,4.376094023505889,4.184149263575093,1.0,1.0,785.6964241060266,756.9895186335855
0.01183673469387755,0.3642857142857143,0.22450718327244715,0.21522228061239104,-0.009284902660056105,31.625805723999417,31.538108225458156,4.376094023505889,4.2850791777571455,1.0,1.0,763.6909227306827,756.9432039651222
0.01183673469387755,0.37142857142857144,0.23287912979209854,0.2176402217355305,-0.015238908056568051,32.13187082323452,31.931091474210422,4.626156539134797,4.386843537425739,1.0,1.0,796.9492373093274,756.8958719095407
0.01183673469387755,0.3785714285714286,0.23112169309018682,0.22004787570166937,-0.011073817388517454,32.44499456552067,32.32252390055089,4.62615653913474,4.489429733945872,1.0,1.0,775.9439859964992,756.8475384832667
0.01183673469387755,0.38571428571428573,0.23904397256870674,0.22244540732277657,-0.016598565245930175,32.93911597913832,32.712432014735825,4.876219054763704,4.592818627736415,1.0,1.0,806.201550387597,756.7982177092827
0.01183673469387755,0.39285714285714285,0.23735627146463656,0.22483300380470708,-0.012523267659929477,33.25211898941493,33.100846000154434,4.876219054763704,4.696984629667714,1.0,1.0,785.9464866216555,756.7479217340604
0.01183673469387755,0.4,0.23572179556841383,0.22721087403054177,-0.008510921537872057,33.56892100103099,33.48779961736408,4.876219054763704,4.801896073538228,1.0,1.0,765.9414853713429,756.6966609577606
0.012244897959183675,0.05,0.21445663916526658,0.2144566391652625,-4.08006961549745e-15,22.544916044972265,22.544916188011932,0.0,0.0,0.0,0.0,,
0.012244897959183675,0.05714285714285715,0.19421630567143755,0.19421630567143428,-3.2751579226442118e-15,22.394140511283798,22.394140659564897,0.0,0.0,0.0,0.0,,
0.012244897959183675,0.0642857142857143,0.17741182893271906,0.17741182893271637,-2.6922908347160046e-15,22.245797854062317,22.245798007370798,0.0,0.0,0.0,0.0,,
0.012244897959183675,0.07142857142857142,0.16323775943864646,0.16323775943864685,3.885780586188048e-16,22.099825137757062,22.09982529588864,0.0,0.0,0.0,0.0,,
0.012244897959183675,0.07857142857142857,0.1511221313859815,0.15112213138597716,-4.3298697960381105e-15,21.956161671319006,21.95616183407793,0.0,0.0,0.0,0.0,,
0.012244897959183675,0.08571428571428572,0.14064757765473643,0.1406475776547331,-3.3306690738754696e-15,21.814748906317806,21.814749073518154,0.0,0.0,0.0,0.0,,
0.012244897959183675,0.09285714285714286,0.13150240299845817,0.13150240299845595,-2.220446049250313e-15,21.67553034066668,21.675530512130738,0.0,0.0,0.0,0.0,,
0.012244897959183675,0.1,0.12344913212660166,0.12344913212659912,-2.5396351688300456e-15,21.538451427586196,21.538451603143404,0.0,0.0,0.0,0.0,,
0.012244897959183675,0.10714285714285715,0.11630366014947872,0.11630366014947702,-1.7069679003611782e-15,21.403459489476663,21.40345966896454,0.0,0.0,0.0,0.0,,
0.012244897959183675,0.1142857142857143,0.10992105749028512,0.10992105749028289,-2.2343238370581275e-15,21.270503636387055,21.270503819650354,0.0,0.0,0.0,0.0,,
0.012244897959183675,0.12142857142857144,0.10418567655739652,0.10418567655739554,-9.853229343548264e-16,21.139534688795788,21.139534875685335,0.0,0.0,0.0,0.0,,
0.012244897959183675,0.1285714285714286,0.09900411240032492,0.09900411240032259,-2.3314683517128287e-15,21.010505104431704,21.010505294804975,0.0,0.0,0.0,0.0,,
0.012244897959183675,0.13571428571428573,0.09430010089086423,0.09430010089086241,-1.817990202823694e-15,20.883368908890873,20.883369102611734,0.0,0.0,0.0,0.0,,
0.012244897959183675,0.14285714285714285,0.09001075954932024,0.09001075954931896,-1.27675647831893e-15,20.758081629817863,20.758081826755333,0.0,0.0,0.0,0.0,,
0.012244897959183675,0.15000000000000002,0.17918868039535266,0.17848608788048995,-0.0007025925148627099,20.767408616723447,20.76790823339019,2.0005001250312944,1.9826968669309288,1.0,1.0,970.9927481870468,970.8144461837635
0.012244897959183675,0.15714285714285714,0.1738836056904243,0.17248863264994804,-0.001394973040476255,20.943444809826072,20.940947504171213,2.0005001250312944,1.9648415833129556,1.0,1.0,921.980495123781,921.8188468637162
0.012244897959183675,0.1642857142857143,0.1689081730946152,0.16691246803484752,-0.0019957050597676773,21.139443058918598,21.131709823474992,2.0005001250312944,1.9487585580965978,1.0,1.0,874.4686171542886,874.2853608348806
0.012244897959183675,0.17142857142857143,0.16429330095109967,0.16177040216388747,-0.0025228987872122077,21.35464475733543,21.338626611978743,2.0005001250312944,1.934201426117216,1.0,1.0,828.2070517629408,828.101320968138
0.012244897959183675,0.1785714285714286,0.16000126540346463,0.1570141170968627,-0.0029871483066019333,21.587075425513046,21.56042133418675,2.0005001250312375,1.9209670677490074,1.0,1.0,783.1957989497375,783.1656059593679
0.012244897959183675,0.18571428571428572,0.15599931876075612,0.15260219947284612,-0.0033971192879100054,21.834889573217914,21.79600403353469,2.0005001250312375,1.9088865851517776,1.0,1.0,739.4348587146787,739.3870977124584
0.012244897959183675,0.1928571428571429,0.1522588991590371,0.14849895078032915,-0.003759948378707939,22.09636202025134,22.044440413712415,2.0005001250312944,1.897818306396949,1.0,1.0,696.9242310577645,696.683385416539
0.012244897959183675,0.2,0.14875830538260415,0.1446734338252118,-0.004084871557392344,22.37382928333294,22.304926910658065,2.0005001250312944,1.887642684811727,1.0,1.0,655.163790947737,654.9796706186858
0.012244897959183675,0.20714285714285718,0.14547379359556312,0.14109870439681027,-0.004375089198752846,22.664131408284206,22.576770482209106,2.0005001250312375,1.8782580722123392,1.0,1.0,614.4036009002251,614.2078371260765
0.012244897959183675,0.2142857142857143,0.142387518433102,0.13775118702487177,-0.004636331408230221,22.968128131958085,22.859372092082918,2.0005001250312944,1.8695775219239301,1.0,1.0,574.3935983995999,574.3056569065209
0.012244897959183675,0.22142857142857142,0.1394805534659686,0.13461016435812523,-0.004870389107843376,23.282667226775228,23.152213133746194,2.0005001250312375,1.8615262565843302,1.0,1.0,535.3838459614905,535.216108845795
0.012244897959183675,0.2285714285714286,0.13673914685886504,0.13165735673621987,-0.0050817901226451745,23.608863967799458,23.454844206774453,2.000500125031266,1.854039640794509,1.0,1.0,497.1242810702676,496.88679166542215
0.012244897959183675,0.2357142857142857,0.13415115049872373,0.12887657402176542,-0.005274576476958309,23.948124768663288,23.76687580611663,2.000500125031266,1.8470614523335833,1.0,1.0,459.3648412103026,459.26941580462545
0.012244897959183675,0.24285714285714288,0.1317026398984871,0.12625342528023942,-0.005449214618247683,24.297454022498034,24.087970523300505,2.000500125031266,1.8405426281911794,1.0,1.0,422.3555888972243,422.3193618414588
0.012244897959183675,0.25,0.1293825659439795,0.12377507558859957,-0.0056074903553799404,24.656065774687182,24.417836501876206,2.000500125031266,1.8344402188609827,1.0,1.0,386.09652413103277,385.99529523969863
0.012244897959183675,0.2571428571428572,0.12718254237278012,0.12143004159896921,-0.005752500773810912,25.025657659613806,24.75622197612243,2.000500125031266,1.8287162843917038,1.0,1.0,350.33758439609903,350.2588289810194
0.012244897959183675,0.2642857142857143,0.1250935557157489,0.119208017912917,-0.005885537802831894,25.40567748046344,25.10291055713147,2.0005001250312375,1.8233374313451358,1.0,1.0,315.0787696924231,315.0742270726247
0.012244897959183675,0.27142857142857146,0.12310590294455362,0.11709973020915632,-0.006006172735397303,25.793058695555,25.457717340087157,2.000500125031266,1.8182739370269707,1.0,1.0,280.5701425356339,280.4081430816597
0.012244897959183675,0.2785714285714286,0.12121527714653228,0.11509680929466366,-0.00611846785186862,26.192341667068256,25.820485500558057,2.000500125031266,1.8134994086285594,1.0,1.0,246.31157789447363,246.2293887934463
0.012244897959183675,0.28571428571428575,0.11941339129159066,0.2260603185455644,0.10664692725397375,26.600561733609297,26.34435480474651,2.000500125031266,3.91848664886202,1.0,2.0,212.55313828457116,212.50872886649543
0.012244897959183675,0.29285714285714287,0.23795985184501817,0.22307728962589196,-0.014882562219126205,27.07910039025782,26.921918947003366,4.251062765691444,3.903075270331467,2.0,2.0,179.2948237059265,179.21869799531697
0.012244897959183675,0.3,0.23680316059978485,0.2202118159863063,-0.016591344613478554,27.68976668788417,27.518590247315483,4.251062765691387,3.8885344390117123,2.0,2.0,146.53663415853964,146.3334376201139
0.012244897959183675,0.30714285714285716,0.23462978324400302,0.21748747301785262,-0.017142310226150398,28.32579760906842,28.13417364337005,4.251062765691437,3.874793518689696,2.0,2.0,114.0285071267817,113.82854966073135
0.012244897959183675,0.3142857142857143,0.2325516650780507,0.2148947148200396,-0.01765695025801109,28.982765088608804,28.76855449411905,4.251062765691437,3.861789213382874,2.0,2.0,81.77044261065267,81.68096511542353
0.012244897959183675,0.32142857142857145,0.23056394610071332,0.21242480081046233,-0.018139145290250985,29.658993805613072,29.421661526690762,4.251062765691433,3.8494656945636985,2.0,2.0,50.01250312578145,49.86882395539767
0.012244897959183675,0.32857142857142857,0.22862221729377347,0.21006628615602785,-0.018555931137745618,30.355958606082904,30.09289867349833,4.251062765691437,3.838498897268439,2.0,2.0,18.504626156539135,18.370086111631817
0.012244897959183675,0.33571428571428574,0.2247141315757224,0.20959504280820757,-0.015119088767514832,30.8334346203751,30.6334526500893,4.126031507876926,3.906835758921809,1.0,1.0,792.698174543636,756.805254942582
0.012244897959183675,0.34285714285714286,0.22268581617665636,0.212052806829711,-0.01063300934694536,31.145277835828132,31.032653404864465,4.1260315078769825,4.005609008969625,1.0,1.0,769.1922980745187,756.7623431312461
0.012244897959183675,0.35000000000000003,0.23161159648907317,0.21449983231769498,-0.01711176417137819,31.672248776732022,31.430230835478273,4.376094023505889,4.1052197688230105,1.0,1.0,805.2013003250813,756.7183553748373
0.012244897959183675,0.35714285714285715,0.229666044453991,0.21693619923629054,-0.012729845217700458,31.981474654439022,31.8261975367815,4.376094023505889,4.205674594049926,1.0,1.0,782.9457364341085,756.6733141306629
0.012244897959183675,0.3642857142857143,0.22778790500618695,0.21936200875463877,-0.008425896251548187,32.29569529627434,32.22056957011285,4.376094023505889,4.306973367810134,1.0,1.0,760.9402350587648,756.6272395423513
0.012244897959183675,0.37142857142857144,0.23619971882052693,0.22177738397193417,-0.01442233484859276,32.8042588434125,32.61336659676732,4.626156539134797,4.409109315628304,1.0,1.0,793.9484871217805,756.5801495331938
0.012244897959183675,0.3785714285714286,0.23439571434089407,0.2241824704341268,-0.010213243906767255,33.11683768905611,33.00461196554218,4.626156539134797,4.51206900580146,1.0,1.0,772.9432358089523,756.5320599103653
0.012244897959183675,0.38571428571428573,0.24235060247591805,0.22657743633330593,-0.01577316614261212,33.61144953917313,33.39433274475439,4.876219054763704,4.615832391459844,1.0,1.0,803.20080020005,756.4829844704088
0.012244897959183675,0.39285714285714285,0.24061826157234814,0.22896247228731448,-0.011655789285033663,33.92391217908003,33.782559690186844,4.876219054763704,4.720372985562427,1.0,1.0,782.9457364341085,756.4329351250215
0.012244897959183675,0.4,0.23894028461629657,0.23133779067249102,-0.0076024939438055494,34.24023093937849,34.16932714607535,4.876219054763647,4.82565816193528,1.0,1.0,762.940735183796,756.3819220286694
0.012653061224489797,0.05,0.21989303815938258,0.21989303815937794,-4.6351811278100286e-15,23.27145213238768,23.271452272029588,0.0,0.0,0.0,0.0,,
0.012653061224489797,0.05714285714285715,0.19926878831153635,0.1992687883115329,-3.4416913763379853e-15,23.11581168924443,23.1158118342857,0.0,0.0,0.0,0.0,,
0.012653061224489797,0.0642857142857143,0.18212502878170295,0.18212502878169945,-3.497202527569243e-15,22.962680780251908,22.962680930471894,0.0,0.0,0.0,0.0,,
0.012653061224489797,0.07142857142857142,0.1676502736048069,0.1676502736048021,-4.773959005888173e-15,22.811994535685145,22.811994690873238,0.0,0.0,0.0,0.0,,
0.012653061224489797,0.07857142857142857,0.15526708566485642,0.1552670856648536,-2.831068712794149e-15,22.663690397533294,22.663690557488557,0.0,0.0,0.0,0.0,,
0.012653061224489797,0.08571428571428572,0.14455337221858994,0.14455337221858738,-2.55351295663786e-15,22.517708014648512,22.517708179179337,0.0,0.0,0.0,0.0,,
0.012653061224489797,0.09285714285714286,0.13519343849706164,0.1351934384970592,-2.4424906541753444e-15,22.373989143657198,22.373989312579827,0.0,0.0,0.0,0.0,,
0.012653061224489797,0.1,0.12694645080498637,0.12694645080498437,-1.9984014443252818e-15,22.232477555262413,22.232477728402053,0.0,0.0,0.0,0.0,,
0.012653061224489797,0.10714285714285715,0.1196254890719546,0.11962548907195349,-1.1102230246251565e-15,22.093118945593453,22.093119122782593,0.0,0.0,0.0,0.0,,
0.012653061224489797,0.1142857142857143,0.11308326036472081,0.1130832603647183,-2.5118795932144167e-15,21.955860852283976,21.955861033362083,0.0,0.0,0.0,0.0,,
0.012653061224489797,0.12142857142857144,0.1072021266372102,0.10720212663720903,-1.1657341758564144e-15,21.820652574982955,21.82065275979714,0.0,0.0,0.0,0.0,,
0.012653061224489797,0.1285714285714286,0.10188699960233005,0.10188699960232729,-2.761679773755077e-15,21.687445100024256,21.687445288427465,0.0,0.0,0.0,0.0,,
0.012653061224489797,0.13571428571428573,0.0970601849890556,0.09706018498905372,-1.8735013540549517e-15,21.5561910289991,21.55619122085094,0.0,0.0,0.0,0.0,,
0.012653061224489797,0.14285714285714285,0.0926575794914124,0.09265757949140953,-2.8727020762175925e-15,21.42684451099567,21.426844706161162,0.0,0.0,0.0,0.0,,
0.012653061224489797,0.15000000000000002,0.18326506871203757,0.1829953607955555,-0.0002697079164820648,21.452066392782633,21.451916636238565,2.0005001250312944,1.9937729570956444,1.0,1.0,967.4918729682421,967.4793738678419
0.012653061224489797,0.15714285714285714,0.17779233034473627,0.1767916570897725,-0.001000673254963752,21.62427480988793,21.62239897702638,2.0005001250312944,1.9752474741078923,1.0,1.0,918.7296824206052,918.6157530564326
0.012653061224489797,0.1642857142857143,0.17269660424604918,0.17105682363440095,-0.0016397806116482394,21.818197106757097,21.810890540749938,2.0005001250312375,1.9585655269562274,1.0,1.0,871.2178044511129,871.2031336354311
0.012653061224489797,0.17142857142857143,0.16796654317125204,0.16576726932667404,-0.0021992738445779925,22.02996277707984,22.01582726423373,2.0005001250312375,1.9434702056343673,1.0,1.0,825.2063015753939,825.1300958170087
0.012653061224489797,0.1785714285714286,0.16356565139871598,0.1608735338579734,-0.0026921175407425835,22.259097538477416,22.235907128892002,2.0005001250312944,1.9297498497646313,1.0,1.0,780.4451112778195,780.2965874942904
0.012653061224489797,0.18571428571428572,0.15946239065290413,0.15633321286173407,-0.003129177791170057,22.5055834250017,22.47001781218768,2.0005001250312375,1.9172283815103592,1.0,1.0,736.6841710427608,736.6124118647392
0.012653061224489797,0.1928571428571429,0.15562602369436518,0.15210974272496045,-0.0035162809694047337,22.76597483989593,22.71720531918047,2.0005001250312375,1.9057583930494737,1.0,1.0,694.1735433858465,693.9959558433377
0.012653061224489797,0.2,0.15203446485082725,0.14817142824320942,-0.0038630366076178313,23.042606688956248,22.976648724112486,2.0005001250311807,1.8952153306046975,1.0,1.0,652.413103275819,652.3731148591219
0.012653061224489797,0.20714285714285718,0.14866194145823178,0.14449065777763812,-0.004171283680593663,23.33023192698864,23.247639620541534,2.0005001250311807,1.885493496886921,1.0,1.0,611.902975743936,611.6763788506308
0.012653061224489797,0.2142857142857143,0.1454936072075624,0.14104326618315594,-0.004450341024406473,23.63374916452759,23.529565366722554,2.0005001250312944,1.8765024369989995,1.0,1.0,571.8929732433108,571.844051379571
0.012653061224489797,0.22142857142857142,0.14250855586062422,0.13780801310271512,-0.004700542757909099,23.947985749503268,23.821895279119254,2.0005001250312944,1.8681643862277275,1.0,1.0,532.8832208052013,532.8195793007008
0.012653061224489797,0.2285714285714286,0.1396927676681215,0.13476615339433426,-0.004926614273787239,24.274055022908524,24.12416921972311,2.000500125031266,1.8604121442884214,1.0,1.0,494.62365591397855,494.55097474294047
0.012653061224489797,0.2357142857142857,0.13703224633152722,0.13190108124114763,-0.005131165090379586,24.611068390424602,24.435988118451533,2.000500125031266,1.8531872944557115,1.0,1.0,457.11427856964247,456.9903145572204
0.012653061224489797,0.24285714285714288,0.13451604736769515,0.1291980333669114,-0.005318014000783744,24.96053987618101,24.75700603680528,2.000500125031266,1.8464388753694956,1.0,1.0,420.10502625656414,420.0933050859611
0.012653061224489797,0.25,0.1321312952276706,0.12664384047802663,-0.005487454749643961,25.31943051713248,25.086923523804288,2.000500125031266,1.8401221894775524,1.0,1.0,383.84596149037264,383.81890226105884
0.012653061224489797,0.2571428571428572,0.12986784678350996,0.12422671773230567,-0.0056411290512042855,25.686983761498695,25.425481991131267,2.0005001250312375,1.8341979501070462,1.0,1.0,348.3370842710678,348.1289787664796
0.012653061224489797,0.2642857142857143,0.1277196609320644,0.12193608761476551,-0.005783573317298896,26.067508848043545,25.77245898345629,2.000500125031266,1.828631430165843,1.0,1.0,313.0782695673919,312.9880313982544
0.012653061224489797,0.27142857142857146,0.12567528363160646,0.11976242934997965,-0.005912854281626814,26.455501008023944,26.12766416984486,2.000500125031266,1.8233917527191814,1.0,1.0,278.5696424106027,278.36292288690225
0.012653061224489797,0.2785714285714286,0.12373026995511532,0.1895896908107933,0.06585942085567797,26.855533133924233,26.491429354713,2.0005001250312375,3.390619409079661,1.0,2.0,244.3110777694424,244.22265337337072
0.012653061224489797,0.28571428571428575,0.12187618720912843,0.23053824047458468,0.10866205326545625,27.26461228924547,27.029009026989044,2.000500125031266,3.935891284776156,1.0,2.0,210.5526381595399,210.53815748671292
0.012653061224489797,0.29285714285714287,0.24229496977592874,0.22744072808112842,-0.014854241694800319,27.763616823952216,27.608240344288202,4.2510627656914295,3.919877437053949,2.0,2.0,177.29432358089522,177.28212359745817
0.012653061224489797,0.3,0.2404879828899435,0.2244785606308205,-0.016009422259122996,28.378600529235428,28.206824334055465,4.251062765691373,3.904771648667522,2.0,2.0,144.53613403350838,144.4288323367936
0.012653061224489797,0.30714285714285716,0.23825120554939477,0.22166182739396034,-0.01658937815543443,29.01565715655817,28.82457015476324,4.25106276569138,3.8904999145772328,2.0,2.0,112.02800700175044,111.95401190154453
0.012653061224489797,0.3142857142857143,0.23611215184746326,0.2189806887373775,-0.01713146311008576,29.672546124163247,29.46135573935602,4.251062765691373,3.876996072311888,2.0,2.0,80.02000500125033,79.83470801985506
0.012653061224489797,0.32142857142857145,0.23406561293018105,0.21642614494098358,-0.017639467989197466,30.350000226872307,30.117102909671125,4.251062765691437,3.8642021013889485,2.0,2.0,48.262065516379096,48.049164239500946
0.012653061224489797,0.32857142857142857,0.23204913758808263,0.21398492688529497,-0.01806421070278766,31.048807021460117,30.790946539198483,4.25106276569138,3.853128716163339,2.0,2.0,16.754188547136785,16.574847573900442
0.012653061224489797,0.33571428571428574,0.22807475546904366,0.21374155123760832,-0.014333204231435331,31.50614192200592,31.316613838935176,4.1260315078769825,3.927443582474373,1.0,1.0,789.6974243560891,756.4887457593069
0.012653061224489797,0.34285714285714286,0.22599308424074077,0.21619678500135828,-0.009796299239382494,31.815448130241798,31.715635961691977,4.126031507876926,4.026575808858618,1.0,1.0,766.4416104026008,756.4460677801414
0.012653061224489797,0.35000000000000003,0.23496319093116025,0.21864126706114637,-0.016321923870013882,32.344985710675914,32.11303203391046,4.376094023505832,4.126550446587501,1.0,1.0,802.2005501375345,756.4023163457533
0.012653061224489797,0.35714285714285715,0.23296855614742792,0.2210750801217407,-0.011893476025687216,32.653621361992585,32.508815085311525,4.376094023505889,4.2273733343201485,1.0,1.0,779.9449862465617,756.3575137549852
0.012653061224489797,0.3642857142857143,0.23104069147937598,0.22349832820184565,-0.007542363277530328,32.965333386024774,32.90300164641961,4.376094023505832,4.3290436612704095,1.0,1.0,758.1895473868468,756.3116799719123
0.012653061224489797,0.37142857142857144,0.23948941282001676,0.2259111375461755,-0.013578275273841256,33.4744789396297,33.295611889136346,4.626156539134797,4.431553815302324,1.0,1.0,791.1977994498625,756.2648327209595
0.012653061224489797,0.3785714285714286,0.2376397085273021,0.2283136569306464,-0.009326051596655699,33.786476891739945,33.6866696992652,4.626156539134797,4.534889538612334,1.0,1.0,770.1925481370344,756.2169875961453
0.012653061224489797,0.38571428571428573,0.24562835972468408,0.23070605797545773,-0.014922301749226347,34.283520390068475,34.076202710149126,4.876219054763704,4.639029851372471,1.0,1.0,800.2000500125032,756.1681581638128
0.012653061224489797,0.39285714285714285,0.24385019182219222,0.23308853471816238,-0.010761657104029848,34.59351403918313,34.46424225428518,4.876219054763704,4.743947372233378,1.0,1.0,780.1950487621906,756.1183560942955
0.012653061224489797,0.4,0.24212951460018398,0.23546130306318078,-0.006668211537003199,34.90931399423628,34.85082326467432,4.876219054763704,4.849608492621337,1.0,1.0,760.190047511878,756.067591292465
0.013061224489795919,0.05,0.22525324154749407,0.22525324154749077,-3.3029134982598407e-15,23.997373616876413,23.99737375314348,0.0,0.0,0.0,0.0,,
0.013061224489795919,0.05714285714285715,0.20425695521367637,0.20425695521367349,-2.886579864025407e-15,23.836878650829757,23.836878792652886,0.0,0.0,0.0,0.0,,
0.013061224489795919,0.0642857142857143,0.186783279504881,0.18678327950487691,-4.08006961549745e-15,23.678969601176334,23.67896974832866,0.0,0.0,0.0,0.0,,
0.013061224489795919,0.07142857142857142,0.17201534003859922,0.17201534003859448,-4.746203430272544e-15,23.52357967398142,23.523579826246245,0.0,0.0,0.0,0.0,,
0.013061224489795919,0.07857142857142857,0.15937068475904645,0.15937068475904317,-3.2751579226442118e-15,23.370644453781345,23.370644610952162,0.0,0.0,0.0,0.0,,
0.013061224489795919,0.08571428571428572,0.1484228224801282,0.14842282248012428,-3.913536161803677e-15,23.22010179578774,23.22010195766701,0.0,0.0,0.0,0.0,,
0.013061224489795919,0.09285714285714286,0.13885229760376927,0.13885229760376658,-2.6922908347160046e-15,23.07189172401041,23.071891890409738,0.0,0.0,0.0,0.0,,
0.013061224489795919,0.1,0.13041509506047552,0.13041509506047264,-2.886579864025407e-15,22.925956334920674,22.925956505659443,0.0,0.0,0.0,0.0,,
0.013061224489795919,0.10714285714285715,0.12292161291852262,0.12292161291852156,-1.0547118733938987e-15,22.782239706297215,22.78223988120378,0.0,0.0,0.0,0.0,,
0.013061224489795919,0.1142857142857143,0.11622229671233925,0.1162222967123374,-1.8457457784393227e-15,22.640687810933713,22.64068798984271,0.0,0.0,0.0,0.0,,
0.013061224489795919,0.12142857142857144,0.11019759672219398,0.11019759672219155,-2.42861286636753e-15,22.501248434898294,22.501248617651992,0.0,0.0,0.0,0.0,,
0.013061224489795919,0.1285714285714286,0.10475080300401943,0.1047508030040176,-1.8318679906315083e-15,22.363871100068085,22.363871286515636,0.0,0.0,0.0,0.0,,
0.013061224489795919,0.13571428571428573,0.0998028399637545,0.09980283996375204,-2.456368441983159e-15,22.228506990674173,22.228507180670864,0.0,0.0,0.0,0.0,,
0.013061224489795919,0.14285714285714285,0.0952884224997325,0.09528842249973188,-6.245004513516506e-16,22.095108883613236,22.095109077020503,0.0,0.0,0.0,0.0,,
0.013061224489795919,0.15000000000000002,0.19725984106097796,0.18746086213292704,-0.009798978928050928,22.143457410113918,22.13553580893465,2.250562640660121,2.0049047032254754,1.0,1.0,964.2410602650664,964.1555961513158
0.013061224489795919,0.15714285714285714,0.18166401182186775,0.18107056103636127,-0.0005934507855064886,22.304720239111912,22.30349543987195,2.0005001250312375,1.9857025985664232,1.0,1.0,915.4788697174295,915.4229129927901
0.013061224489795919,0.1642857142857143,0.17644867042727125,0.17517876633525473,-0.0012699040920165217,22.495002037663834,22.48976140072218,2.0005001250312375,1.9684163194790025,1.0,1.0,868.217054263566,868.1302460421845
0.013061224489795919,0.17142857142857143,0.17160736921631203,0.16974325265097237,-0.001864116565339663,22.704975714862112,22.692758076580464,2.0005001250312944,1.9527782295306688,1.0,1.0,822.205551387847,822.167403585946
0.013061224489795919,0.1785714285714286,0.16710133252663167,0.16471344219967277,-0.002387890326958908,22.932615361853546,22.91115870757267,2.0005001250311807,1.9385678450635178,1.0,1.0,777.4443610902727,777.4353869022458
0.013061224489795919,0.18571428571428572,0.16289685876550564,0.1600459594827999,-0.0028508992827057378,23.176026451317707,23.143829206638042,2.0005001250312944,1.9256020202301452,1.0,1.0,733.9334833708427,733.8449074167664
0.013061224489795919,0.1928571428571429,0.1589662119489569,0.1557033929902513,-0.0032628189587056156,23.435367680925765,23.389796407864413,2.0005001250312375,1.913727320334875,1.0,1.0,691.4228557139286,691.3151389056743
0.013061224489795919,0.2,0.15528353725555555,0.1516533036111099,-0.0036302336444456462,23.709191906282012,23.64822244473685,2.0005001250312375,1.9028142751252752,1.0,1.0,649.91247811953,649.7726615916071
0.013061224489795919,0.20714285714285718,0.15182772715299578,0.1478674246249477,-0.003960302528048076,23.998208027508227,23.918383926591435,2.0005001250312944,1.8927529483742556,1.0,1.0,609.152288072018,609.1505638990582
0.013061224489795919,0.2142857142857143,0.14857696014582414,0.14432101154638996,-0.004255948599434178,24.299200064854755,24.19965491489648,2.0005001250312944,1.8834493797679905,1.0,1.0,569.3923480870218,569.387674518267
0.013061224489795919,0.22142857142857142,0.1455133754928076,0.14099230995170872,-0.004521065541098879,24.610959148322184,24.491492917749383,2.0005001250312375,1.8748227753792897,1.0,1.0,530.6326581645412,530.4279027783338
0.013061224489795919,0.2285714285714286,0.1426243165770284,0.13786211695273945,-0.004762199624288949,24.936859777822033,24.793427293109144,2.000500125031266,1.8668033161433422,1.0,1.0,492.3730932733184,492.2196695235672
0.013061224489795919,0.2357142857142857,0.13989389505900054,0.13491341769777726,-0.0049804773612232844,25.273865417501614,25.105049600583524,2.000500125031266,1.8593303920235493,1.0,1.0,454.8637159289823,454.7154139925987
0.013061224489795919,0.24285714285714288,0.13730935195284233,0.13213108239855303,-0.005178269554289294,25.621122535798126,25.426005545592695,2.0005001250312375,1.8523511075356518,1.0,1.0,418.1045261315329,417.8711648262051
0.013061224489795919,0.25,0.1348608092531753,0.1295016123822733,-0.005359196870902,25.980250989881746,25.7559882189086,2.000500125031266,1.8458190600504174,1.0,1.0,381.84546136534135,381.6461654270047
0.013061224489795919,0.2571428571428572,0.13253790270842725,0.12701292592197463,-0.005524976786452612,26.35064781987187,26.094732362873213,2.000500125031266,1.8396934910619172,1.0,1.0,346.0865216304076,346.0025455794719
0.013061224489795919,0.2642857142857143,0.13032970161027504,0.12465417729096336,-0.0056755243193116894,26.72920828668811,26.442009570166253,2.000500125031266,1.8339383360173096,1.0,1.0,311.0777694423606,310.9050326014105
0.013061224489795919,0.27142857142857146,0.12822931023840015,0.12241560258413961,-0.005813707654260536,27.11782172517316,26.797624160541833,2.000500125031266,1.8285216464195406,1.0,1.0,276.5691422855714,276.3206964048297
0.013061224489795919,0.2785714285714286,0.1262305728985035,0.2240062453806426,0.09777567248213909,27.518612659591472,27.166130203664643,2.000500125031266,3.971070338337452,1.0,2.0,242.31057764441113,242.2187237476166
0.013061224489795919,0.28571428571428575,0.1243233780857501,0.23499541956126066,0.11067204147551056,27.925876050369972,27.71376561964753,2.000500125031266,3.953413160151106,1.0,2.0,208.80220055013754,208.57021769930842
0.013061224489795919,0.29285714285714287,0.24629691254154093,0.23178912308440397,-0.01450778945713696,28.447097035679345,28.294691601051266,4.251062765691415,3.936788971495118,2.0,2.0,175.5438859714929,175.34801895575671
0.013061224489795919,0.3,0.24413511382667405,0.22873081778277168,-0.015404296043902366,29.065957137912463,28.895218942945355,4.2510627656914295,3.9211110688047506,2.0,2.0,142.53563390847714,142.52654614319238
0.013061224489795919,0.30714285714285716,0.2418363616635389,0.22582221345212375,-0.01601414821141514,29.702742536536647,29.515156349620167,4.2510627656914295,3.9063020999892637,2.0,2.0,110.2775693923481,110.08165267347452
0.013061224489795919,0.3142857142857143,0.23964018209400656,0.22305318414488484,-0.016586997949121718,30.363606061675778,30.15437448497479,4.251062765691444,3.8922928209009138,2.0,2.0,78.01950487621906,77.99049805849485
0.013061224489795919,0.32142857142857145,0.23753996039785297,0.2204144722431026,-0.017125488154750373,31.045779174788823,30.812788248054485,4.251062765691437,3.8790231920778777,2.0,2.0,46.26156539134784,46.23142820662217
0.013061224489795919,0.32857142857142857,0.2354384810670577,0.217890258663031,-0.017548222404026703,31.742994346536943,31.489141500401647,4.251062765691379,3.8679945784329925,2.0,2.0,15.003750937734434,14.781148389630799
0.013061224489795919,0.33571428571428574,0.2314041130020038,0.21788465635170637,-0.01351945665029744,32.176680062343664,31.999748320305102,4.126031507876926,3.9482186487264723,1.0,1.0,786.9467366841711,756.1726380023538
0.013061224489795919,0.34285714285714286,0.22927203425462878,0.22033735868492732,-0.008934675569701456,32.48536250608176,32.398591073990545,4.1260315078769825,4.047712714798402,1.0,1.0,763.6909227306827,756.1301945968953
0.013061224489795919,0.35000000000000003,0.2382834021253607,0.2227792964266724,-0.015504105698688292,33.01556996126581,32.795805085950605,4.376094023505889,4.148054036722171,1.0,1.0,799.4498624656164,756.0866802286663
0.013061224489795919,0.35714285714285715,0.2362406100567647,0.2252105549971311,-0.011030055059633587,33.323578035093625,33.19140382475777,4.376094023505832,4.24924777557899,1.0,1.0,777.1942985746438,756.0421170313799
0.013061224489795919,0.3642857142857143,0.24471158925279776,0.22763124135504476,-0.017080347897753007,33.83942687737004,33.58540430017796,4.626156539134797,4.351292372026366,1.0,1.0,809.4523630907728,755.9965247840344
0.013061224489795919,0.37142857142857144,0.24275260938785478,0.23004148491811574,-0.012711124469739044,34.14634782091167,33.977827201265974,4.62615653913474,4.454179372379441,1.0,1.0,788.1970492623157,755.9499210130555
0.013061224489795919,0.3785714285714286,0.24085603248560528,0.23244143771266873,-0.008414594772936546,34.45585848592293,34.368696956805344,4.626156539134797,4.557893690626953,1.0,1.0,767.4418604651163,755.9023210864354
0.013061224489795919,0.38571428571428573,0.2488755928509251,0.23483127484462923,-0.014044318006295853,34.95342813071792,34.758041772625894,4.876219054763647,4.662413380036015,1.0,1.0,797.4493623405853,755.8537383399511
0.013061224489795919,0.39285714285714285,0.24705443112512662,0.2372111937656058,-0.009843237359520834,35.26285124063216,35.145893561468085,4.876219054763647,4.767710180170252,1.0,1.0,777.4443610902727,755.8041841953367
0.013061224489795919,0.4,0.2452918327478637,0.2395814139542402,-0.005710418793623495,35.5781474909889,35.532287850766004,4.876219054763704,4.873749466813751,1.0,1.0,757.43935983996,755.7536683029393
0.013469387755102041,0.05,0.23053884161022978,0.23053884161022634,-3.4416913763379853e-15,24.72268153204599,24.72268166496085,0.0,0.0,0.0,0.0,,
0.013469387755102041,0.05714285714285715,0.20918202805264072,0.20918202805263747,-3.247402347028583e-15,24.557342401114305,24.557342539741168,0.0,0.0,0.0,0.0,,
0.013469387755102041,0.0642857142857143,0.1913875377342403,0.19138753773423536,-4.9404924595819466e-15,24.394665294442138,24.394665438547406,0.0,0.0,0.0,0.0,,
0.013469387755102041,0.07142857142857142,0.1763337211103753,0.17633372111037054,-4.746203430272544e-15,24.234581503798886,24.234581653160483,0.0,0.0,0.0,0.0,,
0.013469387755102041,0.07857142857142857,0.16343354557519155,0.16343354557518733,-4.218847493575595e-15,24.07702476572945,24.077024920134733,0.0,0.0,0.0,0.0,,
0.013469387755102041,0.08571428571428572,0.15225643435947717,0.1522564343594741,-3.0531133177191805e-15,23.92193115083806,23.92193131008443,0.0,0.0,0.0,0.0,,
0.013469387755102041,0.09285714285714286,0.14247940014505694,0.14247940014505459,-2.3592239273284576e-15,23.769238959146772,23.769239123040347,0.0,0.0,0.0,0.0,,
0.013469387755102041,0.1,0.13385541694797495,0.13385541694797218,-2.7755575615628914e-15,23.61888862113977,23.618888789495124,0.0,0.0,0.0,0.0,,
0.013469387755102041,0.10714285714285715,0.1261923296917928,0.12619232969178967,-3.1363800445660672e-15,23.470822604128912,23.470822776768784,0.0,0.0,0.0,0.0,,
0.013469387755102041,0.1142857142857143,0.11933842091559155,0.11933842091558963,-1.915134717478395e-15,23.324985323606946,23.3249855003624,0.0,0.0,0.0,0.0,,
0.013469387755102041,0.12142857142857144,0.1131723056180502,0.11317230561804813,-2.067790383364354e-15,23.18132305927656,23.181323239985076,0.0,0.0,0.0,0.0,,
0.013469387755102041,0.1285714285714286,0.10759571211432592,0.10759571211432227,-3.649858193455202e-15,23.039783875464515,23.039784059970685,0.0,0.0,0.0,0.0,,
0.013469387755102041,0.13571428571428573,0.10252823098657805,0.10252823098657685,-1.2073675392798577e-15,22.90031754565563,22.90031773381111,0.0,0.0,0.0,0.0,,
0.013469387755102041,0.14285714285714285,0.09790343336618057,0.09790343336617943,-1.1379786002407855e-15,22.762875480892824,22.76287567255497,0.0,0.0,0.0,0.0,,
0.013469387755102041,0.15000000000000002,0.20135623225740318,0.19189177785762893,-0.009464454399774253,22.826828557330288,22.818762791881486,2.2505626406601777,2.0160925820935525,1.0,1.0,960.9902475618906,960.8430187180769
0.013469387755102041,0.15714285714285714,0.1854973838831194,0.1853255215439645,-0.00017186233915489346,22.983256070313594,22.98424172696515,2.0005001250312944,1.996207341738046,1.0,1.0,912.4781195298825,912.2402447304535
0.013469387755102041,0.1642857142857143,0.18016658324901916,0.17927845509967177,-0.0008881281493473836,23.171463028401224,23.16832658725058,2.0005001250312944,1.9783112564939083,1.0,1.0,865.216304076019,865.0666264898872
0.013469387755102041,0.17142857142857143,0.17521445341583072,0.17369849572025703,-0.0015159576955736942,23.377979435999695,23.369422687657174,2.0005001250312944,1.962125715042931,1.0,1.0,819.454863715929,819.2131814671374
0.013469387755102041,0.1785714285714286,0.17060525397261356,0.16853397204452622,-0.0020712819280873374,23.604080708305585,23.586179237016935,2.0005001250312944,1.947421383333859,1.0,1.0,774.6936734183546,774.5819488093139
0.013469387755102041,0.18571428571428572,0.16630307410135672,0.1637405575299353,-0.002562516571421425,23.84622100474978,23.81744099202053,2.0005001250312375,1.9340077489905534,1.0,1.0,731.1827956989248,731.0845353394589
0.013469387755102041,0.1928571428571429,0.16227978399260387,0.15928000937307002,-0.0029997746195338515,24.104542623058748,24.06221611668942,2.0005001250312944,1.921725323051215,1.0,1.0,688.6721680420105,688.640891017623
0.013469387755102041,0.2,0.1585074766345958,0.15511915861689599,-0.003388318017699815,24.375561808925365,24.319650225178478,2.0005001250312375,1.9104396837239628,1.0,1.0,647.4118529632409,647.1782719221198
0.013469387755102041,0.20714285714285718,0.15496810211529155,0.15122909548783758,-0.003739006627453967,24.663938461397944,24.58900530472501,2.0005001250312944,1.9000365739106209,1.0,1.0,606.6516629157289,606.6303574399407
0.013469387755102041,0.2142857142857143,0.1516361682355518,0.14758450643664855,-0.004051661798903233,24.962334015600977,24.86964242893773,2.0005001250312944,1.8904184665589137,1.0,1.0,567.1417854463616,566.9364950236915
0.013469387755102041,0.22142857142857142,0.148498504012678,0.14416313176544596,-0.004335372247232044,25.275964385822626,25.16100755864159,2.0005001250312944,1.8815015126310761,1.0,1.0,528.132033008252,528.0410510634849
0.013469387755102041,0.2285714285714286,0.1455356124650297,0.14094531839652064,-0.004590294068509054,25.599502331167432,25.462619767401222,2.0005001250312375,1.8732132806151647,1.0,1.0,490.1225306326582,489.8928504942501
0.013469387755102041,0.2357142857142857,0.1427362919671977,0.1379136491324445,-0.004822642834753199,25.93651649392287,25.774061450229674,2.0005001250312375,1.8654908707307194,1.0,1.0,452.6131532883221,452.44469097373894
0.013469387755102041,0.24285714285714288,0.14008592564415476,0.13505263342282758,-0.005033292221327174,26.283928094755247,26.09497012793551,2.000500125031266,1.858279424777721,1.0,1.0,415.85396349087273,415.6529200214192
0.013469387755102041,0.25,0.13757444474896624,0.13234844815440977,-0.00522599659455647,26.643363009144313,26.425031569420163,2.000500125031266,1.8515308721398478,1.0,1.0,379.5948987246812,379.4770655520933
0.013469387755102041,0.2571428571428572,0.13518972005027344,0.1297887191758955,-0.005401000874377948,27.011707823371523,26.763973984951086,2.000500125031266,1.8452029241714636,1.0,1.0,344.0860215053764,343.87951188129466
0.013469387755102041,0.2642857142857143,0.13292539656318098,0.12736233635597616,-0.005563060207204817,27.393329672383395,27.111563116790204,2.000500125031266,1.8392582105821937,1.0,1.0,308.82720680170047,308.8252146093105
0.013469387755102041,0.27142857142857146,0.1307696816240346,0.12505929608361932,-0.00571038554041528,27.782626539723047,27.467598033479057,2.000500125031266,1.8336636969586841,1.0,1.0,274.31857964491127,274.28144887091736
0.013469387755102041,0.2785714285714286,0.1287163137394535,0.23417038730999692,0.10545407357054343,28.181580374306733,27.844276649739307,2.000500125031266,3.989372060477037,1.0,2.0,240.31007751937986,240.21758632218052
0.013469387755102041,0.28571428571428575,0.12675815245248245,0.23943389571876325,0.1126757432662808,28.589698891866515,28.398625751118086,2.0005001250312375,3.9710536427912326,1.0,2.0,206.8017004251063,206.6048969600246
0.013469387755102041,0.29285714285714287,0.2500958845015347,0.23612252730122776,-0.01397335720030693,29.13200173988816,28.98127552686861,4.251062765691444,3.9538111442350807,2.0,2.0,173.54338584646163,173.41637246944327
0.013469387755102041,0.3,0.24774504785291956,0.23296863621644798,-0.014776411636471587,29.75053473203083,29.583776705268928,4.251062765691387,3.9375538965337933,2.0,2.0,140.78519629907478,140.62656828830288
0.013469387755102041,0.30714285714285716,0.24539039449335268,0.22996867812573316,-0.01542171636761952,30.392719386503156,30.20593469635483,4.251062765691437,3.9222010864585197,2.0,2.0,108.27706926731683,108.2114619923242
0.013469387755102041,0.3142857142857143,0.24313559312961208,0.2271122462026763,-0.016023346926935772,31.053521677787785,30.847613054604608,4.251062765691437,3.9076803326606777,2.0,2.0,76.2690672668167,76.14832594020695
0.013469387755102041,0.32142857142857145,0.24097870609389846,0.22438982545285763,-0.016588880641040832,31.736969669660684,31.50871962294909,4.251062765691433,3.8939299429650442,2.0,2.0,44.51112778194549,44.415607021571844
0.013469387755102041,0.32857142857142857,0.23877966900544648,0.2217819886554365,-0.01699768035000998,32.438996170912226,32.18742881535064,4.251062765691436,3.8831696095177928,2.0,2.0,13.003250812703177,12.988858028568181
0.013469387755102041,0.33571428571428574,0.23470658410787454,0.222024360395147,-0.012682223712727536,32.84887310272404,32.68285593240586,4.1260315078769825,3.969163214476432,1.0,1.0,783.9459864966242,755.8569311772836
0.013469387755102041,0.34285714285714286,0.23252302651462542,0.22447453016628272,-0.008048496348342704,33.15502343284268,33.08151858023,4.1260315078769825,4.069022007650348,1.0,1.0,760.9402350587648,755.8147230953051
0.013469387755102041,0.35000000000000003,0.24157663718089892,0.22691392273179906,-0.014662714449099862,33.68777341336237,33.478549830555735,4.376094023505832,4.169732854529868,1.0,1.0,796.4491122780696,755.771446544562
0.013469387755102041,0.35714285714285715,0.23948457027876763,0.2293426262371215,-0.010141944041646117,33.993271508590226,33.87396359663249,4.376094023505889,4.271300251016512,1.0,1.0,774.4436109027257,755.7271234891333
0.013469387755102041,0.3642857142857143,0.24798981812640783,0.23176075066397414,-0.01622906746243369,34.50972440037674,34.26777737719767,4.626156539134797,4.373721839973588,1.0,1.0,806.7016754188547,755.6817735197386
0.013469387755102041,0.37142857142857144,0.24598564444071294,0.23416842857648362,-0.011817215864229319,34.81603341880555,34.66001238221169,4.626156539134797,4.476988365090802,1.0,1.0,785.4463615903976,755.635413952179
0.013469387755102041,0.3785714285714286,0.24404705051909809,0.23656581536058963,-0.007481235158508459,35.12697278500992,35.050693594038535,4.626156539134797,4.581083839133499,1.0,1.0,764.4411102775695,755.5880599313604
0.013469387755102041,0.38571428571428573,0.2520967187258914,0.23895308956914388,-0.013143629156747522,35.62497210198111,35.43984979336041,4.876219054763704,4.685985392643488,1.0,1.0,794.4486121530383,755.5397245522952
0.013469387755102041,0.39285714285714285,0.25023335431339694,0.24133045215323654,-0.008902902160160403,35.93389361439185,35.82751348153406,4.876219054763704,4.791663824827992,1.0,1.0,774.4436109027257,755.4904189860113
0.013469387755102041,0.4,0.2578825816423042,0.2436981261351207,-0.014184455507183502,36.41944812204857,36.21372078179883,5.126281570392554,4.898083528751157,1.0,1.0,802.2005501375345,755.4401526236745
0.013877551020408163,0.05,0.23575138656633765,0.2357513865663316,-6.050715484207103e-15,25.44737690890329,25.447377038488575,0.0,0.0,0.0,0.0,,
0.013877551020408163,0.05714285714285715,0.2140451977542831,0.21404519775428,-3.1086244689504383e-15,25.27720394267222,25.27720407812439,0.0,0.0,0.0,0.0,,
0.013877551020408163,0.0642857142857143,0.195938738021564,0.19593873802155742,-6.5780714209040525e-15,25.10976883524947,25.109768976328976,0.0,0.0,0.0,0.0,,
0.013877551020408163,0.07142857142857142,0.18060616294266918,0.18060616294266355,-5.6343818499726694e-15,24.945000973974434,24.945001120452854,0.0,0.0,0.0,0.0,,
0.013877551020408163,0.07857142857142857,0.1674562728085277,0.16745627280852313,-4.579669976578771e-15,24.782832256814377,24.782832408473556,0.0,0.0,0.0,0.0,,
0.013877551020408163,0.08571428571428572,0.15605470442826827,0.15605470442826544,-2.831068712794149e-15,24.623196978755175,24.623197135387013,0.0,0.0,0.0,0.0,,
0.013877551020408163,0.09285714285714286,0.14607515867366702,0.14607515867366333,-3.6914915568786455e-15,24.46603172441741,24.466031885822638,0.0,0.0,0.0,0.0,,
0.013877551020408163,0.1,0.1372677627811072,0.13726776278110311,-4.08006961549745e-15,24.311275266504293,24.311275432492742,0.0,0.0,0.0,0.0,,
0.013877551020408163,0.10714285714285715,0.12943793280428662,0.12943793280428426,-2.3592239273284576e-15,24.158868469706135,24.158868640096067,0.0,0.0,0.0,0.0,,
0.013877551020408163,0.1142857142857143,0.12243188364482606,0.12243188364482405,-2.0122792321330962e-15,24.00875419971987,24.008754374337098,0.0,0.0,0.0,0.0,,
0.013877551020408163,0.12142857142857144,0.11612646909715593,0.11612646909715313,-2.8033131371785203e-15,23.860877237063367,23.86087741574126,0.0,0.0,0.0,0.0,,
0.013877551020408163,0.1285714285714286,0.11042191394014113,0.11042191394014039,-7.355227538141662e-16,23.71518419538795,23.71518437796742,0.0,0.0,0.0,0.0,,
0.013877551020408163,0.13571428571428573,0.10523652114760722,0.10523652114760669,-5.273559366969494e-16,23.571623444016378,23.57162363034453,0.0,0.0,0.0,0.0,,
0.013877551020408163,0.14285714285714285,0.10050275513736724,0.10050275513736504,-2.2065682614424986e-15,23.430145034446117,23.430145224376417,0.0,0.0,0.0,0.0,,
0.013877551020408163,0.15000000000000002,0.20540618799134516,0.19629272697559028,-0.009113461015754887,23.509780366952388,23.501598881680263,2.2505626406601777,2.0273370664392143,1.0,1.0,957.7394348587147,957.5415484282428
0.013877551020408163,0.15714285714285714,0.19936936643490327,0.18955671402537735,-0.009812652409525918,23.689473345689834,23.664642600332098,2.2505626406601777,2.006762127164985,1.0,1.0,909.2273068267067,909.067667302415
0.013877551020408163,0.1642857142857143,0.18385080438544368,0.18335604755910934,-0.0004947568263343471,23.847583892633715,23.846590223494267,2.0005001250312375,1.9882507019210616,1.0,1.0,862.2155538884722,862.0122042275523
0.013877551020408163,0.17142857142857143,0.17879170579576675,0.17763314084118134,-0.0011585649545854115,24.05238413745846,24.045824681177336,2.0005001250312375,1.9715129984833775,1.0,1.0,816.4541135283822,816.2673673368619
0.013877551020408163,0.1785714285714286,0.17407951113492837,0.172335252524198,-0.0017442586107303537,24.2752670489624,24.260971852128797,2.0005001250312944,1.9563106377259836,1.0,1.0,771.9429857464366,771.7362184197052
0.013877551020408163,0.18571428571428572,0.169681381951658,0.16741712446642043,-0.002264257485237564,24.516169407006455,24.49085591744677,2.0005001250312375,1.9424456990440384,1.0,1.0,728.4321080270068,728.3312470951186
0.013877551020408163,0.1928571428571429,0.1655653467087709,0.16283969891447747,-0.0027256477942934343,24.7715475983829,24.73446685506455,2.0005001250312944,1.929752613842721,1.0,1.0,686.1715428857215,685.9731690130285
0.013877551020408163,0.2,0.16170826480647116,0.1585690912533291,-0.003139173553142055,25.043744456082877,24.99093419367738,2.0005001250312944,1.9180917165242144,1.0,1.0,644.6611652913228,644.5899073169677
0.013877551020408163,0.20714285714285718,0.1580849862038671,0.15457576029247574,-0.003509225911391356,25.329479038289538,25.259505638790614,2.0005001250312944,1.9073445147776518,1.0,1.0,604.1510377594399,604.1157249525266
0.013877551020408163,0.2142857142857143,0.15467478075698926,0.1508338335615281,-0.0038409471954611585,25.627433338449585,25.53952957831609,2.0005001250312944,1.8974098460283138,1.0,1.0,564.6411602900725,564.4904818659984
0.013877551020408163,0.22142857142857142,0.1514608880944846,0.14732055483659184,-0.004140333257892759,25.93859501896492,25.830440689103913,2.0005001250312375,1.888200727594086,1.0,1.0,525.881470367592,525.6589961749459
0.013877551020408163,0.2285714285714286,0.1484285004235911,0.14401582832703638,-0.004412672096554715,26.264272961241097,26.131747979471644,2.000500125031266,1.879642104730011,1.0,1.0,487.62190547636914,487.57049234612947
0.013877551020408163,0.2357142857142857,0.1455596297402198,0.14090184097250008,-0.004657788767719717,26.599022253967824,26.443024867892895,2.000500125031266,1.871668779174798,1.0,1.0,450.36259064766193,450.17812254254426
0.013877551020408163,0.24285714285714288,0.14284435523117253,0.1379627471336955,-0.004881608097477036,26.946603349325965,26.763900856440884,2.0005001250312375,1.8642239065142356,1.0,1.0,413.6034008502126,413.43854978815
0.013877551020408163,0.25,0.14027078689435232,0.13518440428646158,-0.005086382607890738,27.30635872677916,27.094054547510098,2.000500125031266,1.8572576748381842,1.0,1.0,377.34433608402105,377.3115835894916
0.013877551020408163,0.2571428571428572,0.13782661333140625,0.13255415009411373,-0.005272463237292524,27.67514553705563,27.43320772907672,2.0005001250312375,1.850726327043959,1.0,1.0,341.8354588647162,341.7598602559771
0.013877551020408163,0.2642857142857143,0.13550375145353918,0.1300606138846117,-0.005443137568927475,28.054786229479813,27.781120408208075,2.000500125031266,1.8445911474584142,1.0,1.0,306.8267066766692,306.7485614579736
0.013877551020408163,0.27142857142857146,0.1332934141632881,0.12769355588973305,-0.005599858273555053,28.444725460421413,28.137586530530967,2.000500125031266,1.8388178878580226,1.0,1.0,272.31807951988,272.24516561744014
0.013877551020408163,0.2785714285714286,0.13118761876597726,0.2421155875099523,0.11092796874397504,28.844436404397054,28.52455063551865,2.0005001250312517,4.007802806742259,1.0,2.0,238.3095773943486,238.21922758938112
0.013877551020408163,0.28571428571428575,0.1291790971060743,0.2438549359327604,0.11467583882668608,29.253418982795022,29.08359129244846,2.000500125031266,3.988814135751457,1.0,2.0,204.80120030007504,204.64218280175257
0.013877551020408163,0.29285714285714287,0.25379778415111254,0.24044099279166997,-0.013356791359442566,29.818415599152527,29.667994931862655,4.251062765691387,3.970945236686387,2.0,2.0,171.54288572143037,171.4871726068759
0.013877551020408163,0.3,0.2513230467161032,0.23719206472583454,-0.014130981990268687,30.437940082845778,30.2725002324863,4.251062765691387,3.9541013022535503,2.0,2.0,138.78469617404352,138.72888808319627
0.013877551020408163,0.30714285714285716,0.24890704751334222,0.23410126822837118,-0.014805779284971038,31.07827020789798,30.896907633545137,4.2510627656914295,3.938197931868492,2.0,2.0,106.52663165791449,106.34342992979914
0.013877551020408163,0.3142857142857143,0.2465970897692785,0.23115791960228613,-0.015439170166992366,31.74181134493676,31.54107369834724,4.2510627656914295,3.9231596800207647,2.0,2.0,74.51862965741437,74.30818242407118
0.013877551020408163,0.32142857142857145,0.24438863800904925,0.22835224706372198,-0.016036390945327272,32.430009563796574,32.20489906622048,4.25106276569138,3.9089233685634124,2.0,2.0,42.760690172543136,42.60169181558628
0.013877551020408163,0.32857142857142857,0.24207367921229292,0.22565967036333032,-0.016414008848962602,33.13113569840018,32.88572733726037,4.251062765691436,3.898760477168255,2.0,2.0,11.252813203300827,11.197790328707173
0.013877551020408163,0.33571428571428574,0.23797853188102125,0.22616066564605336,-0.011817866234967889,33.51888159831325,33.36593651232645,4.1260315078769825,3.990279570742862,1.0,1.0,781.1952988247062,755.5416247901113
0.013877551020408163,0.34285714285714286,0.23574641523831877,0.22860830175762656,-0.00713811348069221,33.82443334762059,33.764418317417864,4.126031507876926,4.090506010028187,1.0,1.0,758.1895473868468,755.4996527924973
0.013877551020408163,0.35000000000000003,0.24483924029987578,0.23104514832960613,-0.01379409197026965,34.357809492972194,34.16126610574952,4.376094023505889,4.1915892514254685,1.0,1.0,793.6984246061515,755.4566148205499
0.013877551020408163,0.35714285714285715,0.24270079526428295,0.2334712962446728,-0.009229499019610149,34.66270429098452,34.5564942412227,4.376094023505889,4.293533136896442,1.0,1.0,771.6929232308078,755.4125326647204
0.013877551020408163,0.3642857142857143,0.25124144165538204,0.23588685857131406,-0.01535458308406798,35.181624743640086,34.95012072030594,4.62615653913474,4.396334477447091,1.0,1.0,803.7009252313079,755.3674257197023
0.013877551020408163,0.37142857142857144,0.24919089293539834,0.23829197104179328,-0.010898921893605057,35.48545048443599,35.342167280138895,4.626156539134797,4.49998321508465,1.0,1.0,782.6956739184797,755.3213110885422
0.013877551020408163,0.3785714285714286,0.24720908308277686,0.24068679245344646,-0.006522290629330407,35.795857723754835,35.73265946433096,4.62615653913474,4.604462432648871,1.0,1.0,761.6904226056515,755.2742036854919
0.013877551020408163,0.38571428571428573,0.2552880452151007,0.24307150481042172,-0.012216540404678955,36.294337721452166,36.12162663297834,4.876219054763647,4.7097483480843945,1.0,1.0,791.6979244811204,755.2261163612783
0.013877551020408163,0.39285714285714285,0.25338326594075217,0.24544631262145103,-0.007936953319301138,36.602719995770116,36.50910188289254,4.876219054763704,4.815810781533946,1.0,1.0,771.6929232308078,755.1770600309376
0.013877551020408163,0.4,0.26105980207087986,0.2478114424297222,-0.01324835964115767,37.09062594563036,36.89512193498429,5.126281570392611,4.922613166677183,1.0,1.0,799.1997999499876,755.1270438195976
0.014285714285714287,0.05,0.24089238208632283,0.24089238208632055,-2.275957200481571e-15,26.171460775862634,26.171460902140936,0.0,0.0,0.0,0.0,,
0.014285714285714287,0.05714285714285715,0.21884762545690814,0.21884762545690192,-6.217248937900877e-15,25.996464275584035,25.99646440788301,0.0,0.0,0.0,0.0,,
0.014285714285714287,0.0642857142857143,0.20043779347182808,0.20043779347182417,-3.913536161803677e-15,25.824281196400683,25.824281334475117,0.0,0.0,0.0,0.0,,
0.014285714285714287,0.07142857142857142,0.18483339584075265,0.1848333958407488,-3.858025010572419e-15,25.654839031036882,25.654839174652007,0.0,0.0,0.0,0.0,,
0.014285714285714287,0.07857142857142857,0.171439459243549,0.17143945924354556,-3.4416913763379853e-15,25.48806784825104,25.48806799718321,0.0,0.0,0.0,0.0,,
0.014285714285714287,0.08571428571428572,0.1598181201245733,0.1598181201245708,-2.4980018054066022e-15,25.323900176354474,25.32390033039017,0.0,0.0,0.0,0.0,,
0.014285714285714287,0.09285714285714286,0.1496399786254556,0.14963997862545272,-2.886579864025407e-15,25.162270893111796,25.16227105204617,0.0,0.0,0.0,0.0,,
0.014285714285714287,0.1,0.14065247324877606,0.14065247324877309,-2.9698465908722937e-15,25.003117121611226,25.0031172852498,0.0,0.0,0.0,0.0,,
0.014285714285714287,0.10714285714285715,0.13265871116648706,0.13265871116648315,-3.913536161803677e-15,24.846378131730773,24.846378299886425,0.0,0.0,0.0,0.0,,
0.014285714285714287,0.1142857142857143,0.12550293192575804,0.12550293192575585,-2.192690473634684e-15,24.691995246840225,24.691995419334898,0.0,0.0,0.0,0.0,,
0.014285714285714287,0.12142857142857144,0.11906029995095438,0.11906029995095269,-1.6930901125533637e-15,24.539911755420523,24.53991193208304,0.0,0.0,0.0,0.0,,
0.014285714285714287,0.1285714285714286,0.11322959302747615,0.11322959302747557,-5.828670879282072e-16,24.390072827291363,24.39007300795831,0.0,0.0,0.0,0.0,,
0.014285714285714287,0.13571428571428573,0.10792787148808279,0.10792787148808158,-1.2073675392798577e-15,24.24242543416742,24.242425618681885,0.0,0.0,0.0,0.0,,
0.014285714285714287,0.14285714285714285,0.10308652914083563,0.10308652914083305,-2.581268532253489e-15,24.09691827428045,24.096918462491796,0.0,0.0,0.0,0.0,,
0.014285714285714287,0.15000000000000002,0.2094127441514517,0.20066608546840997,-0.008746658683041725,24.192316304402073,24.184047426986993,2.2505626406601777,2.0386386427504486,1.0,1.0,954.4886221555389,954.2510932983015
0.014285714285714287,0.15714285714285714,0.20325519965571714,0.1937643124014578,-0.00949088725425934,24.36988559528679,24.344702752135483,2.2505626406601777,2.0173673584882645,1.0,1.0,905.976494123531,905.9051007012087
0.014285714285714287,0.1642857142857143,0.18750178723751337,0.1874117001632751,-9.008707423827089e-05,24.523368394150264,24.52455637667306,2.0005001250312944,1.998234948387836,1.0,1.0,859.2148037009252,858.966909305881
0.014285714285714287,0.17142857142857143,0.18233779456648486,0.18154732929248493,-0.0007904652739999241,24.726493801255014,24.721967595471774,2.0005001250312375,1.9809403469262188,1.0,1.0,813.4533633408353,813.329899745385
0.014285714285714287,0.1785714285714286,0.17752622598161366,0.17611741162430983,-0.0014088143573038336,24.947985806947262,24.935539639514285,2.0005001250312375,1.9652359045343482,1.0,1.0,768.9422355588898,768.8981415076225
0.014285714285714287,0.18571428571428572,0.17303212201171841,0.17107577665554755,-0.001956345356170869,25.18587394921973,25.164076684649828,2.0005001250312944,1.950916174141458,1.0,1.0,725.6814203550888,725.5849946307313
0.014285714285714287,0.1928571428571429,0.16882661903653443,0.16638256801343398,-0.002444051023100441,25.440280855471176,25.406551013006563,2.0005001250312375,1.9378092999511871,1.0,1.0,683.4208552138035,683.3119301399647
0.014285714285714287,0.2,0.16488280830831953,0.1620031988518756,-0.0028796094564439156,25.70970134463826,25.66207645688165,2.0005001250312944,1.9257705055642882,1.0,1.0,642.1605401350338,642.007529598322
0.014285714285714287,0.20714285714285718,0.16117864064428464,0.15790750834273515,-0.0032711323015494898,25.994831095903663,25.92988679198662,2.0005001250312944,1.914676910190611,1.0,1.0,601.6504126031508,601.606632223063
0.014285714285714287,0.2142857142857143,0.15769138913637,0.15406907516040144,-0.003622313975968572,26.292366006971545,26.209318024241323,2.0005001250312375,1.9044235988403677,1.0,1.0,562.1405351337835,562.0496042812573
0.014285714285714287,0.22142857142857142,0.15440404243525016,0.15046465496596806,-0.003939387469282102,26.603290837982605,26.49979378295699,2.0005001250312944,1.8949205377197367,1.0,1.0,523.3808452113028,523.2817103628952
0.014285714285714287,0.2285714285714286,0.15129991871061188,0.14707371681606493,-0.004226201894546949,26.92660998521496,26.80081324464666,2.0005001250312375,1.8860899042687387,1.0,1.0,485.37134283570896,485.252569972425
0.014285714285714287,0.2357142857142857,0.14836409850339832,0.1438780581478445,-0.004486040355553833,27.261383322255476,27.111941032244026,2.000500125031266,1.8778642240213237,1.0,1.0,448.11202800700175,447.9156859179739
0.014285714285714287,0.24285714285714288,0.1455848170818526,0.14086148384880431,-0.004723333233048299,27.60914881822747,27.432798794616335,2.000500125031266,1.8701846289040993,1.0,1.0,411.35283820955243,411.2280333986028
0.014285714285714287,0.25,0.14294839296606904,0.13800953683127762,-0.0049388561347914195,27.96675481260318,27.763058102504957,2.000500125031266,1.8629995827504908,1.0,1.0,375.34383595898976,375.1497006297425
0.014285714285714287,0.2571428571428572,0.14044556317289647,0.13530927097271095,-0.005136292200185522,28.33594073194871,28.102434461878218,2.000500125031266,1.8562637682305656,1.0,1.0,339.83495873968496,339.6435734090104
0.014285714285714287,0.2642857142857143,0.13806647540837635,0.13274905875882356,-0.005317416649552792,28.716111603100448,28.450682240461834,2.000500125031266,1.849937171768398,1.0,1.0,304.82620655163794,304.67505729126066
0.014285714285714287,0.27142857142857146,0.13580219754089135,0.13031842758336556,-0.00548376995752578,29.106703336186026,28.807590351759718,2.0005001250312375,1.843984335265123,1.0,1.0,270.31757939484874,270.2118320725991
0.014285714285714287,0.2785714285714286,0.13364461281257012,0.24870587230966928,0.11506125949709917,29.507180872317893,29.206149081716795,2.0005001250312517,4.0263641746249075,1.0,2.0,236.30907726931736,236.22363412712545
0.014285714285714287,0.28571428571428575,0.24225412307237995,0.24825933541752315,0.006005212345143202,29.91955815209127,29.7686645093574,4.251062765691444,4.006696149526399,2.0,2.0,202.80070017504377,202.68206283390904
0.014285714285714287,0.29285714285714287,0.2574244045494236,0.24474457121624282,-0.01267983333318079,30.50061513298897,30.35485261336633,4.251062765691444,3.988192539691229,2.0,2.0,169.792448112028,169.56040790499293
0.014285714285714287,0.3,0.25486496683315335,0.24140115209949145,-0.0134638147336619,31.12252896983178,30.961392116090465,4.251062765691444,3.9707544473698384,2.0,2.0,137.03425856464116,136.83349490051566
0.014285714285714287,0.30714285714285716,0.25239553481410554,0.23822003037958148,-0.014175504434524061,31.7683751600107,31.588077560352236,4.251062765691444,3.9542937712918524,2.0,2.0,104.52613153288323,104.4775466129953
0.014285714285714287,0.3142857142857143,0.2500315080584751,0.235190249458486,-0.014841258599989138,32.434824235751066,32.23475871009725,4.251062765691444,3.93873172773747,2.0,2.0,72.5181295323831,72.47005831905133
0.014285714285714287,0.32142857142857145,0.24776609361306587,0.23230177926430778,-0.015464314348758085,33.12137168720427,32.90132855299914,4.251062765691433,3.9240045437763933,2.0,2.0,41.01025256314079,40.789673649843046
0.014285714285714287,0.32857142857142857,0.24531123368630303,0.22952263204221754,-0.015788601644085493,33.82334889385597,33.583917081873246,4.251062765691379,3.914923136669679,2.0,2.0,9.502375593898476,9.407678057925642
0.014285714285714287,0.33571428571428574,0.24122433861332906,0.2302935744421072,-0.010930764171221852,34.190571804034946,34.04898990132645,4.1260315078769825,4.011570038521316,1.0,1.0,778.1945486371593,755.2267183516711
0.014285714285714287,0.34285714285714286,0.2503373043655239,0.23273867583822963,-0.017598628527294297,34.73054971123628,34.44729012357327,4.376094023505832,4.112167053992746,1.0,1.0,812.9532383095775,755.1849832139806
0.014285714285714287,0.35000000000000003,0.2480756190881571,0.2351729756043906,-0.01290264348376649,35.029491178062706,34.84395374840346,4.376094023505889,4.2136256187019185,1.0,1.0,790.6976744186047,755.14218459073
0.014285714285714287,0.35714285714285715,0.24589165393105217,0.2375965674542616,-0.008295086476790559,35.33385732502547,35.23899559772688,4.376094023505889,4.315948850862334,1.0,1.0,768.6921730432608,755.0983440993308
0.014285714285714287,0.3642857142857143,0.25446277481436325,0.24000956756833303,-0.01445320724603022,35.8513649368352,35.6324341722159,4.62615653913474,4.4191327260545235,1.0,1.0,800.95023755939,755.0534809341434
0.014285714285714287,0.37142857142857144,0.25237073524267944,0.24241211486503045,-0.009958620377648997,36.156556429754595,36.02429174228329,4.626156539134797,4.523166388404207,1.0,1.0,779.6949237309328,755.0076119781543
0.014285714285714287,0.3785714285714286,0.2503444797893213,0.24480437160983126,-0.005540108179490022,36.46449242660237,36.41459442066172,4.626156539134797,4.628031958747306,1.0,1.0,758.9397349337335,754.9607519114752
0.014285714285714287,0.38571428571428573,0.25845195420217565,0.24718652326447302,-0.01126543093770263,36.96343104098215,36.80337215153445,4.876219054763704,4.733704750004108,1.0,1.0,788.9472368092023,754.9129133329507
0.014285714285714287,0.39285714285714285,0.25650652639493216,0.2495587779401985,-0.006947748454733643,37.27128923733199,37.190658633290774,4.876219054763704,4.84015357424796,1.0,1.0,768.9422355588898,754.8641068966198
0.014285714285714287,0.4,0.2642076327871044,0.2519213656992497,-0.012286267087854685,37.759628793096944,37.57649118729649,5.126281570392554,4.947340913952211,1.0,1.0,796.4491122780696,754.8143414618925
0.01469387755102041,0.05,0.24596329274413262,0.24596329274412732,-5.3013149425851225e-15,26.894934158755103,26.89493428174838,0.0,0.0,0.0,0.0,,
0.01469387755102041,0.05714285714285715,0.2235904434368023,0.22359044343680023,-2.0539125955565396e-15,26.715124397445855,26.715124526613224,0.0,0.0,0.0,0.0,,
0.01469387755102041,0.0642857142857143,0.20488559635492246,0.2048855963549187,-3.747002708109903e-15,26.538203348307523,26.53820348339709,0.0,0.0,0.0,0.0,,
0.01469387755102041,0.07142857142857142,0.1890161347095839,0.18901613470958048,-3.4139358007223564e-15,26.364096619215175,26.364096759986605,0.0,0.0,0.0,0.0,,
0.01469387755102041,0.07857142857142857,0.17538368604584081,0.17538368604583549,-5.329070518200751e-15,26.19273245903891,26.1927326052629,0.0,0.0,0.0,0.0,,
0.01469387755102041,0.08571428571428572,0.16354715996195007,0.16354715996194719,-2.886579864025407e-15,26.024041638317833,26.024041789775158,0.0,0.0,0.0,0.0,,
0.01469387755102041,0.09285714285714286,0.1531742584722114,0.1531742584722087,-2.6922908347160046e-15,25.857957336463055,25.857957492944504,0.0,0.0,0.0,0.0,,
0.01469387755102041,0.1,0.14400988352891197,0.144009883528909,-2.9698465908722937e-15,25.694415035076368,25.694415196381946,0.0,0.0,0.0,0.0,,
0.01469387755102041,0.10714285714285715,0.13585494927285666,0.13585494927285163,-5.023759186428833e-15,25.533352416993512,25.533352582931375,0.0,0.0,0.0,0.0,,
0.01469387755102041,0.1142857142857143,0.12855180920546896,0.1285518092054676,-1.3600232051658168e-15,25.374709270692538,25.374709441079982,0.0,0.0,0.0,0.0,,
0.01469387755102041,0.12142857142857144,0.12197400804125726,0.12197400804125531,-1.942890293094024e-15,25.21842739973203,25.218427574393914,0.0,0.0,0.0,0.0,,
0.01469387755102041,0.1285714285714286,0.1160189315018054,0.11601893150180202,-3.372302437298913e-15,25.06445053691168,25.064450715679747,0.0,0.0,0.0,0.0,,
0.01469387755102041,0.13571428571428573,0.11060244103246773,0.11060244103246597,-1.762479051592436e-15,24.912724262862067,24.912724445576224,0.0,0.0,0.0,0.0,,
0.01469387755102041,0.14285714285714285,0.10565489501080866,0.10565489501080572,-2.942091015256665e-15,24.763195928801593,24.763196115307384,0.0,0.0,0.0,0.0,,
0.01469387755102041,0.15000000000000002,0.2133797893500135,0.20501312463975255,-0.008366664710260957,24.875963393603744,24.866112747386584,2.2505626406601777,2.0499977840750954,1.0,1.0,950.9877469367342,950.971562481764
0.01469387755102041,0.15714285714285714,0.20710131037239082,0.1979484891707425,-0.009152821201648315,25.048309708102455,25.02442680650654,2.2505626406601777,2.02802339726477,1.0,1.0,902.975743935984,902.7524658636655
0.01469387755102041,0.1642857142857143,0.20127828520823562,0.19144556798922097,-0.009832717219014658,25.246601524993583,25.202229053652783,2.2505626406601777,2.008264381525806,1.0,1.0,855.9639909977495,855.9306725649813
0.01469387755102041,0.17142857142857143,0.18585312278797242,0.18544120119649193,-0.00041192159148048524,25.40031173845173,25.397854919292048,2.0005001250312944,1.990408065007069,1.0,1.0,810.4526131532883,810.4007179071043
0.01469387755102041,0.1785714285714286,0.180942275330764,0.17988057645277086,-0.0010616988779931502,25.618631638474692,25.60988565060978,2.0005001250312944,1.9741974027827391,1.0,1.0,766.1915478869718,766.0676644092522
0.01469387755102041,0.18571428571428572,0.17635562849384695,0.1747166297870134,-0.0016389987068335388,25.855336892240842,25.83710597310417,2.0005001250312375,1.9594193283177455,1.0,1.0,722.9307326831708,722.8457303713772
0.01469387755102041,0.1928571428571429,0.17206220579469292,0.16990872209571403,-0.0021534836989788864,26.108802186011264,26.078470938159423,2.0005001250312375,1.9458956413553103,1.0,1.0,680.6701675418856,680.6571320553794
0.01469387755102041,0.2,0.16803307257656666,0.16542157798030788,-0.0026114945962587843,26.375447586420627,26.33307909146628,2.0005001250312944,1.9334762374986902,1.0,1.0,639.6599149787447,639.4311009395268
0.01469387755102041,0.20714285714285718,0.1642493228089271,0.1612244283219135,-0.0030248944870135963,26.659995953825288,26.60015060701229,2.0005001250312944,1.9220338983403062,1.0,1.0,599.1497874468618,599.1030453410415
0.01469387755102041,0.2142857142857143,0.16068623021121967,0.15729031277248304,-0.0033959174387366287,26.957133167341215,26.8790093959701,2.0005001250312375,1.9114599084015944,1.0,1.0,559.6399099774944,559.6138317684153
0.01469387755102041,0.22142857142857142,0.15732487904868103,0.15359550746268116,-0.003729371585999869,27.265582333110583,27.16906830046565,2.0005001250312375,1.901661050523399,1.0,1.0,521.1302825706427,520.9091661061863
0.01469387755102041,0.2285714285714286,0.15415169985238325,0.15011905350233615,-0.004032646350047103,27.588787059783886,27.469816868272794,2.000500125031266,1.8925567776430405,1.0,1.0,483.1207801950488,482.93905846611943
0.01469387755102041,0.2357142857142857,0.15114988586562267,0.14684236521114108,-0.004307520654481589,27.92360031382927,27.78081111593345,2.000500125031266,1.8840772827155894,1.0,1.0,445.86146536634163,445.6573584940816
0.01469387755102041,0.24285714285714288,0.14830748528962379,0.14374890349825178,-0.004558581791372002,28.271565011394678,28.10166499496567,2.0005001250312375,1.8761616749747196,1.0,1.0,409.10227556889225,409.02135027900636
0.01469387755102041,0.25,0.14561063213446304,0.14082390160123712,-0.004786730533225925,28.629500285211186,28.432043191846738,2.0005001250312375,1.86875663472456,1.0,1.0,373.09327331832964,372.9913978993037
0.01469387755102041,0.2571428571428572,0.14304990498440637,0.13805413381113846,-0.00499577117326791,28.999153390754326,28.771655046050203,2.000500125031266,1.8618153024348438,1.0,1.0,337.5843960990248,337.5306341662183
0.01469387755102041,0.2642857142857143,0.14061370955473537,0.1354277195382598,-0.005185990016475572,29.377306032315182,29.120249397553884,2.0005001250312375,1.8552963319525595,1.0,1.0,302.8257064266067,302.6046863597792
0.01469387755102041,0.27142857142857146,0.13829616362400765,0.13293395659103638,-0.005362207032971272,29.768560343562974,29.477610212706335,2.000500125031266,1.8491630796343095,1.0,1.0,268.3170792698175,268.1814337596251
0.01469387755102041,0.2785714285714286,0.13608741928105322,0.25446596885625505,0.11837854957520183,30.16981389669006,29.88858555760299,2.000500125031266,4.045057761092906,1.0,2.0,234.3085771442861,234.23079259805934
0.01469387755102041,0.28571428571428575,0.2552546256845313,0.25264760185396734,-0.002607023830563937,30.593702950233197,30.453847968737655,4.2510627656914295,4.02470105357352,2.0,2.0,200.8002000500125,200.72452474173787
0.01469387755102041,0.29285714285714287,0.2610046359781014,0.24903331380585766,-0.011971322172243754,31.18561848914281,31.04185131840801,4.251062765691415,4.005554373149064,2.0,2.0,167.79194798699677,167.63606696871923
0.01469387755102041,0.3,0.25837596825489795,0.2455959470818455,-0.012780021173052436,31.81000310824143,31.65045492702704,4.251062765691415,3.9875145173806255,2.0,2.0,135.03375843960993,134.94037817399902
0.01469387755102041,0.30714285714285716,0.2558495921121839,0.24232501152401859,-0.013524580588165303,32.45562752848219,32.279446907081976,4.251062765691437,3.9704896002949703,2.0,2.0,102.77569392348087,102.61380222400902
0.01469387755102041,0.3142857142857143,0.2534325723516153,0.23920928050033366,-0.014223291851281655,33.12496573120881,32.92867032809331,4.251062765691437,3.9543975276697916,2.0,2.0,70.76769192298075,70.63394448338975
0.01469387755102041,0.32142857142857145,0.2511157792651755,0.2362384636274564,-0.014877315637719074,33.81586755118745,33.59800995617355,4.251062765691437,3.9391747115063502,2.0,2.0,39.00975243810953,38.97954346242796
0.01469387755102041,0.32857142857142857,0.24847756001258625,0.23336987012662597,-0.015107689885960285,34.51292817910795,34.28182066029494,4.25106276569138,3.931886318116451,2.0,2.0,7.7519379844961245,7.618135651343607
0.01469387755102041,0.33571428571428574,0.2444403407100358,0.2344230891113062,-0.010017251598729626,34.860061411906834,34.7320159331623,4.1260315078769825,4.033036995821751,1.0,1.0,775.4438609652414,754.9122113825474
0.01469387755102041,0.34285714285714286,0.25358963984405053,0.23686565480027386,-0.016723985043776673,35.40068803404468,35.130133839834336,4.376094023505889,4.134007549667151,1.0,1.0,810.2025506376594,754.8707138816548
0.01469387755102041,0.35000000000000003,0.25128209248120414,0.23929740699517194,-0.01198468548603221,35.69899011870892,35.52661259845742,4.376094023505832,4.235844382291546,1.0,1.0,787.9469867466868,754.8281553905003
0.01469387755102041,0.35714285714285715,0.24905346235083897,0.24171844236077208,-0.007335019990066888,36.00278725976677,35.921467506505685,4.376094023505889,4.338549831093407,1.0,1.0,765.9414853713429,754.7845573389915
0.01469387755102041,0.3642857142857143,0.2576582441815137,0.24412888017626488,-0.01352936400524879,36.52273423566692,36.31471757452255,4.626156539134797,4.44211907235731,1.0,1.0,797.949487371843,754.7399387155904
0.01469387755102041,0.37142857142857144,0.2555214716550887,0.24652886264097543,-0.008992609014113279,36.82545489500238,36.70638561555721,4.626156539134797,4.546540386640118,1.0,1.0,776.9442360590148,754.6943161813962
0.01469387755102041,0.3785714285714286,0.2534535740517951,0.24891855548592665,-0.004535018565868437,37.13287924809715,37.096498315466604,4.626156539134797,4.651794946819427,1.0,1.0,756.1890472618155,754.6477041736431
0.01469387755102041,0.38571428571428573,0.26159083062176475,0.2512981476623889,-0.010292682959375854,37.63420054408906,37.48508620848158,4.876219054763704,4.757857147822506,1.0,1.0,785.9464866216555,754.6001150374079
0.01469387755102041,0.39285714285714285,0.25960549939203104,0.25366785092466154,-0.005937648467369494,37.94160479445174,37.87218360046349,4.876219054763704,4.864694766679895,1.0,1.0,765.9414853713429,754.5515591587824
0.01469387755102041,0.4,0.26733050019610943,0.2560278988421823,-0.011302601353927133,38.43028599530073,38.25782841543207,5.126281570392611,4.972269350089482,1.0,1.0,793.4483620905227,754.5020451254339
0.015102040816326531,0.05,0.2509655434097983,0.25096554340979627,-2.0539125955565396e-15,27.617798080836156,27.617798200567115,0.0,0.0,0.0,0.0,,
0.015102040816326531,0.05714285714285715,0.22827475599946703,0.22827475599946348,-3.552713678800501e-15,27.433185303377538,27.433185429434527,0.0,0.0,0.0,0.0,,
0.015102040816326531,0.0642857142857143,0.20928301869655236,0.2092830186965455,-6.855627177060342e-15,27.251536258999096,27.251536391124183,0.0,0.0,0.0,0.0,,
0.015102040816326531,0.07142857142857142,0.19315507945761717,0.19315507945761579,-1.3877787807814457e-15,27.07277468044376,27.07277481839122,0.0,0.0,0.0,0.0,,
0.015102040816326531,0.07857142857142857,0.17928952304536344,0.1792895230453605,-2.942091015256665e-15,26.896827005969648,26.89682714950435,0.0,0.0,0.0,0.0,,
0.015102040816326531,0.08571428571428572,0.1672422937327558,0.16724229373275157,-4.218847493575595e-15,26.723622257200002,26.723622406097167,0.0,0.0,0.0,0.0,,
0.015102040816326531,0.09285714285714286,0.156678389870534,0.1566783898705316,-2.4147350785597155e-15,26.553091923655273,26.553092077700843,0.0,0.0,0.0,0.0,,
0.015102040816326531,0.1,0.14734032339944259,0.14734032339943906,-3.524958103184872e-15,26.38516985353946,26.385170012528153,0.0,0.0,0.0,0.0,,
0.015102040816326531,0.10714285714285715,0.13902692728589103,0.1390269272858879,-3.1363800445660672e-15,26.219792150380847,26.21979231411671,0.0,0.0,0.0,0.0,,
0.015102040816326531,0.1142857142857143,0.13157875541698535,0.13157875541698225,-3.1086244689504383e-15,26.056897075164386,26.05689724346004,0.0,0.0,0.0,0.0,,
0.015102040816326531,0.12142857142857144,0.1248678003504907,0.12486780035048946,-1.2490009027033011e-15,25.896424953608857,25.89642512628461,0.0,0.0,0.0,0.0,,
0.015102040816326531,0.1285714285714286,0.11879010910762763,0.11879010910762672,-9.159339953157541e-16,25.738318088273786,25.738318265157893,0.0,0.0,0.0,0.0,,
0.015102040816326531,0.13571428571428573,0.11326038681994113,0.11326038681993933,-1.8041124150158794e-15,25.5825206752018,25.58252085612941,0.0,0.0,0.0,0.0,,
0.015102040816326531,0.14285714285714285,0.20340862701830714,0.1986274627952321,-0.004781164223075035,25.430637120312788,25.430974464726592,2.250562640660121,2.0867910033732193,1.0,1.0,997.499374843711,997.2992674916673
0.015102040816326531,0.15000000000000002,0.2173043783013576,0.2093345700135551,-0.007969808287802499,25.557686565978052,25.54779960193625,2.250562640660121,2.061414962034906,1.0,1.0,947.7369342335585,947.7028662501993
0.015102040816326531,0.15714285714285714,0.21091220035599248,0.20210941526846954,-0.00880278508752294,25.728004615830404,25.703819317782706,2.2505626406601777,2.0387307028519,1.0,1.0,899.7249312328082,899.6096846557797
0.015102040816326531,0.1642857142857143,0.20497990695984314,0.19545780490703274,-0.0095221020528104,25.922883864261596,25.879612206183154,2.2505626406601777,2.0183393513201744,1.0,1.0,852.9632408102026,852.9034256223649
0.015102040816326531,0.17142857142857143,0.19945827696481058,0.18931489563157794,-0.010143381333232643,26.138085423884576,26.073490096595766,2.2505626406601777,1.9999164149863653,1.0,1.0,807.7019254813704,807.4797616908575
0.015102040816326531,0.1785714285714286,0.18432976108669055,0.18362487308027267,-0.0007048880064178809,26.289006241560898,26.284012894262045,2.0005001250312375,1.9831954012857758,1.0,1.0,763.4408602150538,763.2447340148474
0.015102040816326531,0.18571428571428572,0.17965223023752924,0.1783397985898087,-0.0013124316477205467,26.524560466933412,26.509946423289662,2.0005001250312375,1.9679553904046778,1.0,1.0,720.1800450112529,720.1134072138395
0.015102040816326531,0.1928571428571429,0.17527067778793937,0.17341826598108248,-0.0018524118068568851,26.775123224607714,26.75022896150738,2.0005001250312944,1.9540117720433055,1.0,1.0,678.1695423855964,678.0087328197855
0.015102040816326531,0.2,0.1711610476229538,0.16882432449387863,-0.00233672312907518,27.0430504583612,27.00394414809317,2.0005001250311807,1.9412091182428421,1.0,1.0,636.9092273068268,636.8605838609777
0.015102040816326531,0.20714285714285718,0.16729728628778612,0.164526608292694,-0.002770677995092119,27.324974913671046,27.27029890586724,2.0005001250312375,1.9294156206422493,1.0,1.0,596.6491622905727,596.6049306954666
0.015102040816326531,0.2142857142857143,0.1636578534574922,0.16049762749005062,-0.003160225967441588,27.61952812232406,27.548605316438657,2.0005001250312375,1.9185188782867053,1.0,1.0,557.3893473368342,557.1831340861477
0.015102040816326531,0.22142857142857142,0.16022693394264523,0.1567131871714668,-0.0035137467711784387,27.929972489706156,27.83826569128642,2.0005001250312944,1.9084223452256999,1.0,1.0,518.6296574143536,518.5413361099198
0.015102040816326531,0.2285714285714286,0.15698404366801175,0.1531519075700407,-0.003832136097971034,28.250804902917142,28.138760142802422,2.0005001250312375,1.8990428240271293,1.0,1.0,480.87021755438866,480.62993311784527
0.015102040816326531,0.2357142857142857,0.153917176960827,0.1497948262482332,-0.004122350712593786,28.585673834244798,28.449636273171937,2.0005001250312375,1.8903080732387032,1.0,1.0,443.61090272568146,443.4031178382985
0.015102040816326531,0.24285714285714288,0.1510125317099323,0.14662506563856198,-0.004387466071370333,28.93385243006144,28.770500500797848,2.000500125031266,1.8821551261353313,1.0,1.0,406.8517129282321,406.81848000819224
0.015102040816326531,0.25,0.14825606371995087,0.14362755400964378,-0.004628509710307094,29.29213068118518,29.101010755912025,2.000500125031266,1.8745289118785884,1.0,1.0,370.84271067766946,370.8366567592557
0.015102040816326531,0.2571428571428572,0.14563659173120402,0.14078879025909752,-0.0048478014721065055,29.65968501935063,29.440870331009993,2.0005001250312375,1.8673810106643947,1.0,1.0,335.58389597399355,335.42102547256997
0.015102040816326531,0.2642857142857143,0.14314718867213883,0.13809664444764702,-0.005050544224491804,30.041004202926487,29.789822648804893,2.000500125031266,1.8606687100371353,1.0,1.0,300.5751437859465,300.5374330199642
0.015102040816326531,0.27142857142857146,0.14077544273597808,0.13554018809057417,-0.0052352546454039195,30.430296654902286,30.147646826712453,2.000500125031266,1.8543541497550913,1.0,1.0,266.3165791447862,266.15395629591734
0.015102040816326531,0.2785714285714286,0.13851616016105742,0.25971464894629964,0.12119848878524223,30.832335592336023,30.571565624116722,2.000500125031266,4.0638852626434545,1.0,2.0,232.30807701925482,232.2406897489387
0.015102040816326531,0.28571428571428575,0.2635217495162994,0.2570200664322512,-0.006501683084048193,31.273541030681425,31.139144321361446,4.2510627656914295,4.0428304262808545,2.0,2.0,198.79969992498127,198.76955628566967
0.015102040816326531,0.29285714285714287,0.26454648390874863,0.25330727160435784,-0.011239212304390789,31.872114095278057,31.72899378046951,4.251062765691387,4.023032109288035,2.0,2.0,165.7914478619655,165.71413847036672
0.015102040816326531,0.3,0.26185185866250243,0.24977649834868387,-0.012075360313818562,32.49462320805941,32.33969121518338,4.2510627656914295,4.004382740490839,2.0,2.0,133.28332083020757,133.0495273979668
0.015102040816326531,0.30714285714285716,0.2592743174627649,0.2464162582445163,-0.012858059218248619,33.145887031690066,32.971018041614705,4.251062765691437,3.9867865533451576,2.0,2.0,100.77519379844962,100.75218699945982
0.015102040816326531,0.3142857142857143,0.2568009804202073,0.24321505742835295,-0.013585922991854377,33.81346608362679,33.622810770665104,4.251062765691373,3.970158108469334,2.0,2.0,69.0172543135784,68.79983182424658
0.015102040816326531,0.32142857142857145,0.2544334576600352,0.24016234099886685,-0.01427111666116837,34.50742547125781,34.294945018936765,4.251062765691376,3.9544352656754223,2.0,2.0,37.25931482870718,37.17129199136715
0.015102040816326531,0.32857142857142857,0.2515580644866204,0.23719988969647227,-0.014358174790148115,35.20238278084985,34.97917543792653,4.251062765691436,3.9499867543170715,2.0,2.0,6.001500375093774,5.828604374759011
0.015102040816326531,0.33571428571428574,0.2476289020949928,0.23854921200442414,-0.009079690090568665,35.529290051807834,35.415014439155456,4.126031507876926,4.054682864641657,1.0,1.0,772.6931732933234,754.5981034091045
0.015102040816326531,0.34285714285714286,0.25681561311839474,0.24098924101235394,-0.015826372106040792,36.072421488646654,35.812949294253215,4.376094023505832,4.156029957768626,1.0,1.0,807.2018004501126,754.5568443332985
0.015102040816326531,0.35000000000000003,0.2544630670029703,0.24341844495627527,-0.011044622046695013,36.37016143706465,36.209242492250155,4.376094023505889,4.258248018394808,1.0,1.0,784.9462365591398,754.514526760719
0.015102040816326531,0.35714285714285715,0.25218857476527634,0.24583692348649075,-0.006351651278785592,36.67146394755134,36.60390981093716,4.376094023505832,4.361338582794998,1.0,1.0,763.1907976994249,754.471171928955
0.015102040816326531,0.3642857142857143,0.2608241421899805,0.2482447989915925,-0.012579343198388021,37.19192819076476,36.99697077502751,4.626156539134797,4.465296033056804,1.0,1.0,795.1987996999251,754.4267986189643
0.015102040816326531,0.37142857142857144,0.2586454680937292,0.2506422170292344,-0.008003251064494787,37.494092437537,37.38844875117116,4.626156539134797,4.570107744380949,1.0,1.0,774.1935483870968,754.381423258701
0.015102040816326531,0.3785714285714286,0.2667918656738388,0.2530293467951648,-0.013762518878673968,38.00206530980902,37.77837100423828,4.876219054763704,4.675753964451724,1.0,1.0,803.20080020005,754.3350600401649
0.015102040816326531,0.38571428571428573,0.26470095064804194,0.2554063808170335,-0.009294569831008459,38.30276769032602,38.16676866740128,4.876219054763647,4.782208106675535,1.0,1.0,783.1957989497375,754.287721046626
0.015102040816326531,0.39285714285714285,0.2626764589484041,0.2577735344447491,-0.004902924503654982,38.60967830031249,38.55367665487194,4.876219054763647,4.8894369626039405,1.0,1.0,763.1907976994249,754.2394163935223
0.015102040816326531,0.4,0.270424668477524,0.2601310448378428,-0.010293623639681226,39.098752332045315,38.939133500553844,5.126281570392611,4.997401075865491,1.0,1.0,790.6976744186047,754.1901543888623
0.015510204081632653,0.05,0.2559005205858269,0.25590052058582274,-4.163336342344337e-15,28.340053562795422,28.34005367928614,0.0,0.0,0.0,0.0,,
0.015510204081632653,0.05714285714285715,0.23290164033804045,0.23290164033803842,-2.0261570199409107e-15,28.1506479860306,28.15064810899892,0.0,0.0,0.0,0.0,,
0.015510204081632653,0.0642857142857143,0.213630912849137,0.21363091284913294,-4.052314039881821e-15,27.964280894129576,27.96428102331114,0.0,0.0,0.0,0.0,,
0.015510204081632653,0.07142857142857142,0.19725091538798914,0.19725091538798525,-3.885780586188048e-15,27.780874154372235,27.780874289515257,0.0,0.0,0.0,0.0,,
0.015510204081632653,0.07857142857142857,0.18315752901149865,0.1831575290114961,-2.55351295663786e-15,27.60035240363345,27.600352544497326,0.0,0.0,0.0,0.0,,
0.015510204081632653,0.08571428571428572,0.17090398270594603,0.17090398270594248,-3.552713678800501e-15,27.422642923435752,27.422643069791032,0.0,0.0,0.0,0.0,,
0.015510204081632653,0.09285714285714286,0.16015275780693589,0.16015275780693147,-4.413136522884997e-15,27.247675521830097,27.24767567345676,0.0,0.0,0.0,0.0,,
0.015510204081632653,0.1,0.1506441173466237,0.1506441173466208,-2.886579864025407e-15,27.07538242167153,27.075382578360134,0.0,0.0,0.0,0.0,,
0.015510204081632653,0.10714285714285715,0.1421749211182709,0.14217492111826785,-3.0531133177191805e-15,26.90569815487964,26.905698316429543,0.0,0.0,0.0,0.0,,
0.015510204081632653,0.1142857142857143,0.1345840070424535,0.13458400704245058,-2.914335439641036e-15,26.738559462311457,26.7385596285305,0.0,0.0,0.0,0.0,,
0.015510204081632653,0.12142857142857144,0.12774188103091758,0.12774188103091505,-2.525757381022231e-15,26.57390519889436,26.573905369598794,0.0,0.0,0.0,0.0,,
0.015510204081632653,0.1285714285714286,0.12154330324725708,0.12154330324725426,-2.8171909249863347e-15,26.411676243697535,26.411676418711345,0.0,0.0,0.0,0.0,,
0.015510204081632653,0.13571428571428573,0.11590186393526501,0.11590186393526385,-1.1657341758564144e-15,26.25181541464009,26.251815593794788,0.0,0.0,0.0,0.0,,
0.015510204081632653,0.14285714285714285,0.21830702950764666,0.2125770920804947,-0.005729937427151971,26.10581750785575,26.105961743956875,2.250562640660121,2.099077109462815,1.0,1.0,993.9984996249063,993.9047987235509
0.015510204081632653,0.15000000000000002,0.22118951168159137,0.21363087637861772,-0.007558635302973654,26.239008658230155,26.22911292740862,2.2505626406601777,2.072890682751314,1.0,1.0,944.4861215303827,944.4449159746501
0.015510204081632653,0.15714285714285714,0.2146844321427423,0.20624726028837273,-0.008437171854369568,26.405707643079662,26.382884775294666,2.2505626406601777,2.0494896671327303,1.0,1.0,896.7241810452614,896.4766798579875
0.015510204081632653,0.1642857142857143,0.20864712674205493,0.19944856359760668,-0.009198563144448252,26.598850435070815,26.556709732276598,2.2505626406601777,2.0284601678198677,1.0,1.0,849.9624906226558,849.8851008610853
0.015510204081632653,0.17142857142857143,0.20302570644264956,0.19316855050603216,-0.009857155936617401,26.812623222818527,26.748876522072262,2.2505626406601777,2.009465721482412,1.0,1.0,804.7011752938236,804.5669716102952
0.015510204081632653,0.1785714285714286,0.18769080811059288,0.1873504266358362,-0.0003403814747566791,26.960950817827765,26.957924341658195,2.0005001250312944,1.9922301520360644,1.0,1.0,760.4401100275069,760.4292977609988
0.015510204081632653,0.18571428571428572,0.18292225081695318,0.18194539692077052,-0.0009768538961826556,27.193546874463635,27.182600642009852,2.0005001250312944,1.9765246029244745,1.0,1.0,717.4293573393348,717.3879785201963
0.015510204081632653,0.1928571428571429,0.17845578360893605,0.17691130360043508,-0.0015444800085009647,27.443214286926523,27.42182737739328,2.0005001250312944,1.9621579250495425,1.0,1.0,675.4188547136785,675.36669089204
0.015510204081632653,0.2,0.17426358410303514,0.1722115337001879,-0.0020520504028472275,27.708393071680085,27.674673665009237,2.0005001250312375,1.9489692503935665,1.0,1.0,634.4086021505377,634.2959412256168
0.015510204081632653,0.20714285714285718,0.1703227809576743,0.1678141356963946,-0.002508645261279696,27.98976925925473,27.94033348975812,2.0005001250312375,1.9368222244724174,1.0,1.0,594.1485371342836,594.1122549713643
0.015510204081632653,0.2142857142857143,0.16660985070783596,0.16369109987635116,-0.0029187508314847954,28.283952535552974,28.218107393934424,2.0005001250312375,1.9256005945790102,1.0,1.0,554.8887221805452,554.7574812499422
0.015510204081632653,0.22142857142857142,0.1631070866015592,0.15981776830430247,-0.0032893182972567325,28.591928372743666,28.507387374915467,2.0005001250312375,1.9152046016009998,1.0,1.0,516.3790947736935,516.1781933027022
0.015510204081632653,0.2285714285714286,0.1597988096107464,0.1561723477513281,-0.003626461859418312,28.915020511694472,28.8076443480688,2.000500125031266,1.9055481423391036,1.0,1.0,478.36959239809954,478.3251694137022
0.015510204081632653,0.2357142857142857,0.15666615448866583,0.15273550505156613,-0.003930649437099698,29.247604479654573,29.11841766322574,2.000500125031266,1.8965566286060502,1.0,1.0,441.3603400850213,441.1529416895062
0.015510204081632653,0.24285714285714288,0.1536984896923546,0.1494900294693287,-0.0042084602230259005,29.593530595416414,29.43930634837615,2.000500125031266,1.888165052369005,1.0,1.0,404.85121280320084,404.61940231576176
0.015510204081632653,0.25,0.1508832215767948,0.14642054913778876,-0.004462672439006027,29.95210591129399,29.76996172827819,2.000500125031266,1.8803164868731992,1.0,1.0,368.84221055263816,368.68545870392194
0.015510204081632653,0.2571428571428572,0.1482089783438615,0.1435132916825303,-0.0046956866613312165,30.322673861591664,30.110081163881258,2.000500125031266,1.8729609538218943,1.0,1.0,333.33333333333337,333.31473039105043
0.015510204081632653,0.2642857142857143,0.14566386515295965,0.14075588147748633,-0.004907983675473321,30.701957655716253,30.45940276669915,2.000500125031266,1.866054350469495,1.0,1.0,298.5746436609152,298.4732817330013
0.015510204081632653,0.27142857142857146,0.14324016367884385,0.13813716695723313,-0.005102996721610714,31.09191243839739,30.817700894206123,2.000500125031266,1.85955760186771,1.0,1.0,264.31607901975497,264.12938539221096
0.015510204081632653,0.2785714285714286,0.1409309560501656,0.2646456811534965,0.12371472510333092,31.494746070316985,31.25491136183,2.0005001250312517,4.082848347269467,1.0,2.0,230.30757689422356,230.25331240976223
0.015510204081632653,0.28571428571428575,0.2690926463413164,0.2613769531163121,-0.007715693225004316,31.951621321629855,31.824556352849097,4.251062765691444,4.061085690651091,2.0,2.0,197.04926231557891,196.81714530067003
0.015510204081632653,0.29285714285714287,0.2680467897384677,0.2575664955915762,-0.0104802941468915,32.55429273900205,32.41628271850022,4.251062765691444,4.040627110470089,2.0,2.0,164.04101025256315,163.79461114911035
0.015510204081632653,0.3,0.26529775653134996,0.2539428545448756,-0.011354901986474375,33.18218575849418,33.029103509969026,4.251062765691444,4.021360352070771,2.0,2.0,131.2828207051763,131.16093212676327
0.015510204081632653,0.30714285714285716,0.26266342303134405,0.25049381712827284,-0.012169605903071201,33.83160765251425,33.66279332281759,4.251062765691444,4.003185770096027,2.0,2.0,99.02475618904727,98.89269123005954
0.015510204081632653,0.3142857142857143,0.2601415073676131,0.24720762520607284,-0.012933882161540261,34.50507482726103,34.31718228600151,4.251062765691444,3.986014383542354,2.0,2.0,67.01675418854714,66.96771129706515
0.015510204081632653,0.32142857142857145,0.2577238256205276,0.24407345123638635,-0.01365037438414124,35.200881353491425,34.99213531448117,4.25106276569138,3.969787812721918,2.0,2.0,35.50887721930483,35.364909662810035
0.015510204081632653,0.32857142857142857,0.2545215335555909,0.24101046145820568,-0.013511072097385196,35.88615382064421,35.67559103553938,4.251062765691436,3.969722819887104,2.0,2.0,4.251062765691423,4.038271072178033
0.015510204081632653,0.33571428571428574,0.25079037071459037,0.24267194553837784,-0.00811842517621253,36.19826018741093,36.09798525261868,4.1260315078769825,4.076510086681813,1.0,1.0,769.9424856214054,754.2843939627182
0.015510204081632653,0.34285714285714286,0.2600115235656754,0.24510943690707554,-0.014902086658599878,36.7419983329521,36.49573631926066,4.376094023505889,4.178236771872618,1.0,1.0,804.4511127781946,754.243374110934
0.015510204081632653,0.35000000000000003,0.25761483893671944,0.24753609194588053,-0.01007874699083891,37.039133976674684,36.8918432605657,4.376094023505832,4.280839058800486,1.0,1.0,782.1955488872219,754.2012982532858
0.015510204081632653,0.35714285714285715,0.2552973261260983,0.24995201333323516,-0.005345312792863127,37.33988976600491,37.28632234246952,4.376094023505889,4.384317667843426,1.0,1.0,760.4401100275069,754.1581874314938
0.015510204081632653,0.3642857142857143,0.2639648919594794,0.2523573265882851,-0.01160756537119434,37.86277790341386,37.67919361128975,4.626156539134797,4.488666191665107,1.0,1.0,792.1980495123781,754.1140602099895
0.015510204081632653,0.37142857142857144,0.2617450933206486,0.25475218068145644,-0.0069929126391921614,38.16445973389198,38.07048099467761,4.62615653913474,4.59387106965587,1.0,1.0,771.19279819955,754.0689327821262
0.015510204081632653,0.3785714285714286,0.26991495261874265,0.257136748284191,-0.01277820433455168,38.67091171501437,38.46021234138806,4.876219054763704,4.699911627321853,1.0,1.0,800.4501125281321,754.0228190860547
0.015510204081632653,0.38571428571428573,0.2677846855222428,0.2595112255429005,-0.008273459979342312,38.97107017175558,38.848419390150326,4.876219054763704,4.8067602729279315,1.0,1.0,780.4451112778195,753.9757309375225
0.015510204081632653,0.39285714285714285,0.2657217557686752,0.26187583141563203,-0.003845924353043151,39.27750188594788,39.2351376677647,4.876219054763704,4.914382811062387,1.0,1.0,760.4401100275069,753.9276781792064
0.015510204081632653,0.4,0.2734945584082908,0.26423080667788584,-0.009263751730404945,39.76890003846503,39.62040632219477,5.126281570392611,5.022738763273809,1.0,1.0,787.6969242310578,753.8786688338101
0.015918367346938776,0.05,0.2607695736899842,0.26076957368998116,-3.0531133177191805e-15,29.061701622764794,29.061701736037037,0.0,0.0,0.0,0.0,,
0.015918367346938776,0.05714285714285715,0.2374721473602791,0.23747214736027292,-6.189493362285248e-15,28.8675134355965,28.86751355549663,0.0,0.0,0.0,0.0,,
0.015918367346938776,0.0642857142857143,0.217930112043509,0.21793011204350288,-6.13398221105399e-15,28.67643821698631,28.67643834324417,0.0,0.0,0.0,0.0,,
0.015918367346938776,0.07142857142857142,0.20130431357751544,0.20130431357751202,-3.4139358007223564e-15,28.488395978371337,28.488396110729493,0.0,0.0,0.0,0.0,,
0.015918367346938776,0.07857142857142857,0.18698825192011864,0.18698825192011367,-4.9682480351975755e-15,28.303309564427487,28.30330970263979,0.0,0.0,0.0,0.0,,
0.015918367346938776,0.08571428571428572,0.17453267981950255,0.17453267981949758,-4.9682480351975755e-15,28.121104525346656,28.12110466917759,0.0,0.0,0.0,0.0,,
0.015918367346938776,0.09285714285714286,0.16359774073921973,0.16359774073921668,-3.0531133177191805e-15,27.941708996091442,27.941709145316928,0.0,0.0,0.0,0.0,,
0.015918367346938776,0.1,0.15392158467074693,0.15392158467074454,-2.3869795029440866e-15,27.76505358217967,27.765053736585102,0.0,0.0,0.0,0.0,,
0.015918367346938776,0.10714285714285715,0.1452992025131329,0.14529920251313191,-9.992007221626409e-16,27.59107125158409,27.591071410963984,0.0,0.0,0.0,0.0,,
0.015918367346938776,0.1142857142857143,0.1375677971749665,0.13756779717496365,-2.858824288409778e-15,27.41969723236316,27.419697396521,0.0,0.0,0.0,0.0,,
0.015918367346938776,0.12142857142857144,0.13059645145283733,0.13059645145283283,-4.496403249731884e-15,27.250868915669475,27.250869084417257,0.0,0.0,0.0,0.0,,
0.015918367346938776,0.1285714285714286,0.12427868901884298,0.12427868901883989,-3.094746681142624e-15,27.08452576380059,27.084525936958222,0.0,0.0,0.0,0.0,,
0.015918367346938776,0.13571428571428573,0.11852702553911548,0.11852702553911262,-2.858824288409778e-15,26.920609222988475,26.920609400383682,0.0,0.0,0.0,0.0,,
0.015918367346938776,0.14285714285714285,0.2272023501372339,0.22165175063821688,-0.0055505994990170116,26.78453528853649,26.7850622600596,2.2505626406601777,2.111430579482113,1.0,1.0,990.7476869217305,990.5220807260334
0.015918367346938776,0.15000000000000002,0.2250359142522343,0.2179023635587376,-0.007133550693496693,26.919934889351133,26.91005771014168,2.2505626406601777,2.084425442322391,1.0,1.0,941.2353088272068,941.1976241074415
0.015918367346938776,0.15714285714285714,0.21842251468050647,0.2103621924066022,-0.008060322273904269,27.084703809725095,27.0616276030428,2.2505626406601777,2.060300687747077,1.0,1.0,893.4733683420856,893.3533751507093
0.015918367346938776,0.1642857142857143,0.2122804193077738,0.20341799544957742,-0.008862423858196383,27.274504979695507,27.233525473883656,2.2505626406601777,2.038627191085835,1.0,1.0,846.9617404351088,846.8756314182002
0.015918367346938776,0.17142857142857143,0.20656123679397737,0.19700230268261099,-0.00955893411136638,27.486890464172017,27.424017546493882,2.2505626406601777,2.019056279421785,1.0,1.0,801.7004251062766,801.6622888146261
0.015918367346938776,0.1785714285714286,0.20122274548511063,0.1910573612913546,-0.010165384193756039,27.71956293722622,27.63162292589368,2.2505626406601777,2.0013019068865114,1.0,1.0,757.6894223555889,757.6213036229561
0.015918367346938776,0.18571428571428572,0.18616600864596597,0.1855335378512051,-0.0006324707947608643,27.862298286588235,27.855071207799167,2.0005001250312944,1.9851271587307575,1.0,1.0,714.6786696674169,714.6693981116442
0.015918367346938776,0.1928571428571429,0.18161434902424584,0.18038793821070623,-0.001226410813539608,28.109084260401698,28.09326845890631,2.0005001250312375,1.970334267732688,1.0,1.0,672.9182295573894,672.7309651241463
0.015918367346938776,0.2,0.17734265696446752,0.17558330012462556,-0.0017593568398419634,28.373529522030232,28.345269648729168,2.0005001250312375,1.9567568179918462,1.0,1.0,631.9079769942487,631.7371362347004
0.015918367346938776,0.20714285714285718,0.17332605304994103,0.17108709735904717,-0.002238955690893857,28.65438025675242,28.610256139373412,2.0005001250311807,1.944253863545601,1.0,1.0,591.6479119779946,591.6249851461315
0.015918367346938776,0.2142857142857143,0.16954077135490797,0.16687080982187988,-0.0026699615330280924,28.948214727298662,28.887517206712978,2.0005001250311807,1.932705237972551,1.0,1.0,552.3880970242561,552.3368435290135
0.015918367346938776,0.22142857142857142,0.16596889267746012,0.1629093247618409,-0.0030595679156192324,29.256016514291414,29.176434777479948,2.0005001250312944,1.922007863159525,1.0,1.0,513.8784696174043,513.8197108343406
0.015918367346938776,0.2285714285714286,0.16259287332672007,0.159180442330424,-0.0034124309962960675,29.576738770030353,29.47647075136416,2.0005001250312375,1.9120728322246585,1.0,1.0,476.1190297574394,476.02474303313835
0.015918367346938776,0.2357142857142857,0.15939699875438762,0.15566446482747495,-0.003732533926912668,29.90939283689338,29.78715641001144,2.000500125031266,1.9028231124975725,1.0,1.0,439.1097774443611,438.9068079562618
0.015918367346938776,0.24285714285714288,0.15636879379455715,0.15234385379846085,-0.004024939996096294,30.255543685478678,30.10808356164504,2.0005001250312375,1.894191538612359,1.0,1.0,402.60065016254066,402.4240970808515
0.015918367346938776,0.25,0.15349550410462454,0.14920294173478918,-0.0042925623698353566,30.614488409891937,30.438897035511342,2.000500125031266,1.8861194304248792,1.0,1.0,366.59164791197804,366.5377853595655
0.015918367346938776,0.2571428571428572,0.15076399169966323,0.14622768913525502,-0.004536302564408207,30.982943119600623,30.779288384416912,2.000500125031266,1.878555194713409,1.0,1.0,331.3328332083021,331.21173210153745
0.015918367346938776,0.2642857142857143,0.14816546499609087,0.14340547831504236,-0.004759986681048517,31.362780850581377,31.128990514215886,2.0005001250312375,1.87145331320935,1.0,1.0,296.574143535884,296.41221706395334
0.015918367346938776,0.27142857142857146,0.1456904537554646,0.14072493777481004,-0.004965515980654561,31.75340785812309,31.487773104407527,2.000500125031266,1.8647735145757913,1.0,1.0,262.31557889472367,262.10770685169246
0.015918367346938776,0.2785714285714286,0.1433319261737039,0.2693769404946718,0.1260450143209679,32.157045437968804,31.93851563191789,2.0005001250312517,4.101948658161566,1.0,2.0,228.30707676919232,228.26864749311358
0.015918367346938776,0.28571428571428575,0.28502706676741113,0.265718419513441,-0.019308647253970135,32.637346418820776,32.510086837326995,4.501125281320327,4.079468456876932,2.0,2.0,195.04876219054765,194.86727969558174
0.015918367346938776,0.29285714285714287,0.27151496992781854,0.26181103676862266,-0.009703933159195877,33.239348473692495,33.10372083680079,4.251062765691444,4.058340676827359,2.0,2.0,162.0405101275319,161.87747381040626
0.015918367346938776,0.3,0.2687117770349969,0.25809506435769336,-0.01061671267730352,33.86981152502472,33.7186943326052,4.251062765691444,4.038448571728079,2.0,2.0,129.28232058014504,129.27458197435467
0.015918367346938776,0.30714285714285716,0.2660237765753266,0.254557734946581,-0.011466041628745594,34.51901818144983,34.35477512670674,4.251062765691437,4.01968831989798,2.0,2.0,97.27431857964491,97.03530526016424
0.015918367346938776,0.3142857142857143,0.26345195634822,0.25118702839566326,-0.012264927952556737,35.19546941217388,35.011787063489784,4.251062765691437,4.001967454142871,2.0,2.0,65.26631657914479,65.13757390498998
0.015918367346938776,0.32142857142857145,0.2609831245076824,0.24797183272190657,-0.013011291785775841,35.89262385345747,35.689582163853004,4.251062765691433,3.9852342885220446,2.0,2.0,33.75843960990248,33.560386428548576
0.015918367346938776,0.32857142857142857,0.2572694624135268,0.24479824466369918,-0.012471217749827596,36.56955797490229,36.3704833073549,4.251062765691436,3.991837596835105,2.0,2.0,2.2505626406601653,2.2459465664782337
0.015918367346938776,0.33571428571428574,0.2539271126961867,0.246791292117042,-0.007135820579144664,36.86896631821049,36.78092820313396,4.1260315078769825,4.098521184510903,1.0,1.0,766.9417354338585,753.9710825787577
0.015918367346938776,0.34285714285714286,0.26318180628054283,0.24922624494706389,-0.013955561333478944,37.41319655828754,37.17849474591497,4.376094023505889,4.200630532161451,1.0,1.0,801.4503625906477,753.9303027605066
0.015918367346938776,0.35000000000000003,0.26073977967857404,0.25165035049873175,-0.00908942917984229,37.70784180123556,37.57441473745248,4.376094023505889,4.30362005318457,1.0,1.0,779.4448612153038,753.8884694236224
0.015918367346938776,0.35714285714285715,0.25838004581212093,0.2540637144667614,-0.004316331345359525,38.00806706130985,37.96870493675813,4.376094023505889,4.407489683691529,1.0,1.0,757.6894223555889,753.8456034096026
0.015918367346938776,0.3642857142857143,0.26707676588414764,0.2564664655858801,-0.010610300298267539,38.531436417208795,38.36138592179452,4.626156539134797,4.512232175361715,1.0,1.0,789.4473618404602,753.8017230614913
0.015918367346938776,0.37142857142857144,0.264816617575982,0.2588587562783001,-0.005957861297681943,38.83259394313606,38.752482188611594,4.626156539134797,4.6178330142895,1.0,1.0,768.4421105276319,753.7568443282576
0.015918367346938776,0.3785714285714286,0.2730132939471043,0.26124076270292934,-0.011772531244174933,39.34140270430929,39.142022175159255,4.876219054763647,4.7242706111603185,1.0,1.0,797.4493623405853,753.7109808933291
0.015918367346938776,0.38571428571428573,0.270844407109007,0.2636126846711325,-0.007231722437874455,39.64108956380108,39.53003823243046,4.876219054763647,4.831516340802772,1.0,1.0,777.4443610902727,753.6641443006064
0.015918367346938776,0.39285714285714285,0.26874170854204693,0.2659747447534509,-0.002766963788596033,39.94507785732507,39.91656650355489,4.876219054763704,4.939535023699864,1.0,1.0,757.6894223555889,753.6163441072518
0.015918367346938776,0.4,0.2765364174559833,0.26832718736878974,-0.008209230087193542,40.436840351523884,40.3016467545942,5.126281570392611,5.048285140228107,1.0,1.0,784.9462365591398,753.5675880538134
0.0163265306122449,0.05,0.2655740162869384,0.2655740162869342,-4.163336342344337e-15,29.782743276326443,29.782743386402405,0.0,0.0,0.0,0.0,,
0.0163265306122449,0.05714285714285715,0.24198730248547393,0.2419873024854702,-3.7192471324942744e-15,29.58378263981476,29.58378275666803,0.0,0.0,0.0,0.0,,
0.0163265306122449,0.0642857142857143,0.22218143092214068,0.2221814309221362,-4.468647674116255e-15,29.38800918849715,29.388009311851587,0.0,0.0,0.0,0.0,,
0.0163265306122449,0.07142857142857142,0.20531593124395,0.2053159312439467,-3.3029134982598407e-15,29.19534108754103,29.19534121713361,0.0,0.0,0.0,0.0,,
0.0163265306122449,0.07857142857142857,0.19078222921295063,0.19078222921294558,-5.051514762044462e-15,29.005699398561198,29.005699534139602,0.0,0.0,0.0,0.0,,
0.0163265306122449,0.08571428571428572,0.1781288298676736,0.1781288298676713,-2.275957200481571e-15,28.81900794914735,28.819008090471964,0.0,0.0,0.0,0.0,,
0.0163265306122449,0.09285714285714286,0.1670137107343111,0.16701371073430826,-2.831068712794149e-15,28.635193209514124,28.635193356355373,0.0,0.0,0.0,0.0,,
0.0163265306122449,0.1,0.15717303958934595,0.15717303958934203,-3.913536161803677e-15,28.45418417581527,28.454184327953506,0.0,0.0,0.0,0.0,,
0.0163265306122449,0.10714285714285715,0.1484000391225483,0.14840003912254696,-1.3322676295501878e-15,28.275912259700704,28.275912416926353,0.0,0.0,0.0,0.0,,
0.0163265306122449,0.1142857142857143,0.1405303555790596,0.14053035557905674,-2.858824288409778e-15,28.100311183728316,28.100311345840073,0.0,0.0,0.0,0.0,,
0.0163265306122449,0.12142857142857144,0.13343171025182754,0.13343171025182382,-3.7192471324942744e-15,27.92731688225868,27.92731704906416,0.0,0.0,0.0,0.0,,
0.0163265306122449,0.1285714285714286,0.12699643925366572,0.12699643925366288,-2.831068712794149e-15,27.756867407505435,27.756867578820938,0.0,0.0,0.0,0.0,,
0.0163265306122449,0.13571428571428573,0.1211360228978155,0.12113602289781324,-2.2620794126737565e-15,27.588902840420054,27.58890301606925,0.0,0.0,0.0,0.0,,
0.0163265306122449,0.14285714285714285,0.2337286855107496,0.22833484280063546,-0.005393842710114144,27.46634314235852,27.465961824566747,2.2505626406601777,2.1238520495709974,1.0,1.0,987.2468117029258,987.1510138203697
0.0163265306122449,0.15000000000000002,0.22884422732810009,0.222149283558062,-0.006694943770038098,27.600470471849007,27.590638923391637,2.250562640660121,2.0960197096690543,1.0,1.0,937.9844961240311,937.9609041643932
0.0163265306122449,0.15714285714285714,0.2221229642510937,0.21445437836705095,-0.007668585884042761,27.76170329993227,27.740052160258664,2.2505626406601777,2.071164192626021,1.0,1.0,890.4726181545387,890.2396951001923
0.0163265306122449,0.1642857142857143,0.21588025072505695,0.2073662506364611,-0.008514000088595847,27.949851190543672,27.910063219768848,2.2505626406601777,2.0488407771976207,1.0,1.0,843.960990247562,843.8749511733574
0.0163265306122449,0.17142857142857143,0.2100633203487301,0.2008162879410407,-0.009247032407689398,28.15902365390502,28.098916475631974,2.2505626406601777,2.02868839185685,1.0,1.0,798.9497374343587,798.7656550793613
0.0163265306122449,0.1785714285714286,0.2046336196707013,0.1947458002688817,-0.009887819401819598,28.390530281407578,28.30511154255545,2.2505626406601777,2.010410918254639,1.0,1.0,754.938734683671,754.8207001072949
0.0163265306122449,0.18571428571428572,0.18938205171675357,0.18910433355597758,-0.000277718160775986,28.52887160259677,28.52736066430181,2.0005001250312375,1.9937632914516152,1.0,1.0,712.1780445111278,711.9576202623402
0.0163265306122449,0.1928571428571429,0.18475014006278187,0.18384827228248843,-0.0009018677802934416,28.77675235241826,28.764554449794968,2.0005001250312375,1.978540994436481,1.0,1.0,670.1675418854715,670.1015147563122
0.0163265306122449,0.2,0.18039853004814174,0.1789397176142415,-0.0014588124339002528,29.03846124015046,29.01573408237044,2.0005001250312944,1.9645720079250175,1.0,1.0,629.4073518379595,629.184132423661
0.0163265306122449,0.20714285714285718,0.17630734521669483,0.17434557949048576,-0.0019617657262090693,29.318809154865324,29.28006861475597,2.0005001250312375,1.951710700895638,1.0,1.0,589.1472868217055,589.1430884861139
0.0163265306122449,0.2142857142857143,0.1724491368838122,0.170036836749511,-0.0024123001343011874,29.61006255245144,29.55683632432531,2.0005001250312375,1.9398329315532472,1.0,1.0,550.137534383596,549.9211914434575
0.0163265306122449,0.22142857142857142,0.16880920117111478,0.16598792977998256,-0.002821271391132224,29.917640211267006,29.845409290688604,2.0005001250312375,1.928832302696538,1.0,1.0,511.6279069767442,511.4658620732179
0.0163265306122449,0.2285714285714286,0.16536808296112668,0.1621762591431564,-0.003191823817970285,30.23829991970794,30.145240607332717,2.000500125031266,1.9186169952154166,1.0,1.0,473.86846711677924,473.7286298469072
0.0163265306122449,0.2357142857142857,0.16210988770791449,0.15858176858216427,-0.003528119125750212,30.57103948356213,30.45585365504588,2.000500125031266,1.9091075388831096,1.0,1.0,436.859214803701,436.6646947150281
0.0163265306122449,0.24285714285714288,0.1590219787915636,0.15518659706913862,-0.0038353817224249798,30.91742943688283,30.776833155895996,2.000500125031266,1.900234667304904,1.0,1.0,400.3500875218805,400.2325443304049
0.0163265306122449,0.25,0.15608981219048398,0.15197478618736548,-0.004115026003118499,31.274178626427926,31.10781759203502,2.000500125031266,1.8919378298334786,1.0,1.0,364.59114778694675,364.3936184831078
0.0163265306122449,0.2571428571428572,0.1533033824597427,0.14893203336033117,-0.004371349099411531,31.643071828437737,31.448492824912975,2.0005001250312375,1.8841637988225564,1.0,1.0,329.33233308327084,329.1120138996373
0.0163265306122449,0.2642857142857143,0.1506521227163379,0.14604548235210735,-0.0046066403642305576,32.023474007903346,31.798586645902503,2.000500125031266,1.8768656669941273,1.0,1.0,294.57364341085275,294.35422368071875
0.0163265306122449,0.27142857142857146,0.1481264387912779,0.14330354492232916,-0.004822893868948741,32.41478307407591,32.15786415180102,2.0005001250312375,1.8700019289506606,1.0,1.0,260.31507876969243,260.08890656917293
0.0163265306122449,0.2785714285714286,0.1457191884042039,0.27398019860288814,0.12826101019868424,32.81923379893763,32.62231431340918,2.000500125031266,4.121187957510122,1.0,2.0,226.30657664416105,226.2866819934106
0.0163265306122449,0.28571428571428575,0.2890658416350851,0.27004458317589647,-0.019021258459188617,33.32049620681896,33.195738607595096,4.501125281320313,4.097980202746115,2.0,2.0,193.04826206551638,192.91994745253675
0.0163265306122449,0.29285714285714287,0.28646300096214405,0.26604094583238974,-0.020422055129754313,33.93571024535636,33.79131080128317,4.501125281320299,4.076174278178954,2.0,2.0,160.04001000250065,159.96271532542116
0.0163265306122449,0.3,0.2720920341905874,0.2622331763391635,-0.00985885785142393,34.55452654425628,34.40846617207181,4.2510627656914295,4.0556486724410235,2.0,2.0,127.5318829707427,127.39046661376483
0.0163265306122449,0.30714285714285716,0.26935605667590656,0.25860805801551223,-0.010747998660394331,35.20952171306647,35.04696574988998,4.25106276569138,4.036295431293549,2.0,2.0,95.27381845461366,95.18001948738416
0.0163265306122449,0.3142857142857143,0.2667309435259727,0.2551533115618564,-0.01157763196411632,35.884205558266906,35.70662727415764,4.251062765691433,4.01801836579689,2.0,2.0,63.51587896974244,63.3094106981799
0.0163265306122449,0.32142857142857145,0.26421585443173484,0.2518575217110752,-0.012358332720659615,36.587593909676706,36.387286526014854,4.251062765691437,4.000777105329328,2.0,2.0,31.75793948487122,31.757711530054983
0.0163265306122449,0.32857142857142857,0.2598432752521266,0.24855818531648355,-0.011285089935643033,37.24231003506245,37.06296901863665,4.251062765691436,4.017451367515608,2.0,2.0,0.5001250312578145,0.44988104004587515
0.0163265306122449,0.33571428571428574,0.25703541846459155,0.2509072541911027,-0.006128164273488834,37.5374379871445,37.46384311974058,4.1260315078769825,4.120718712746751,1.0,1.0,764.1910477619406,753.6581687982552
0.0163265306122449,0.34285714285714286,0.266322739678272,0.2533396676253342,-0.012983072052937805,38.08222302759915,37.8612244038838,4.376094023505889,4.223213826489521,1.0,1.0,798.6996749187298,753.6176298330838
0.0163265306122449,0.35000000000000003,0.26384026299015617,0.2557612231459126,-0.008079039844243574,38.378262608539714,38.25695675380142,4.376094023505889,4.3265936292504215,1.0,1.0,776.444111027757,753.5760398324413
0.0163265306122449,0.35714285714285715,0.2614390851439972,0.2581720294866825,-0.0032670556573147214,38.678033727180576,38.65105742839138,4.376094023505889,4.430857276005555,1.0,1.0,754.6886721680421,753.5334194319215
0.0163265306122449,0.3642857142857143,0.2701641822274317,0.2605722186666619,-0.0095919635607698,39.20177769281569,39.043547546508215,4.626156539134797,4.5359966381365675,1.0,1.0,786.4466116529132,753.4897867463421
0.0163265306122449,0.37142857142857144,0.2678623966106668,0.2629619465535755,-0.004900450057091277,39.500474537466644,39.43445217738687,4.626156539134797,4.641996273290716,1.0,1.0,765.691422855714,753.4451574804386
0.0163265306122449,0.3785714285714286,0.27608314186891725,0.2653413928609769,-0.010741749007940338,40.009707714301584,39.82380035665246,4.876219054763704,4.748833632914466,1.0,1.0,794.6986746686672,753.3995450499069
0.0163265306122449,0.38571428571428573,0.2738763652202687,0.267710761092952,-0.006165604127316704,40.30888118827534,40.21162505320718,4.876219054763704,4.8564790457923666,1.0,1.0,774.6936734183546,753.3529607225742
0.0163265306122449,0.39285714285714285,0.27173663070964316,0.27007027743695244,-0.0016663532726907127,40.61240848970254,40.59796303004032,4.876219054763704,4.9648963541345426,1.0,1.0,754.938734683671,753.3054137713517
0.0163265306122449,0.4,0.2912347981077192,0.2724201899812625,-0.01881460812645669,41.171872627838646,40.982854675356734,5.376344086021494,5.07404297463072,1.0,1.0,782.1955488872219,753.2569116432985
0.01673469387755102,0.05,0.27031512727116674,0.2703151272711585,-8.271161533457416e-15,30.503179536522403,30.50317964342387,0.0,0.0,0.0,0.0,,
0.01673469387755102,0.05714285714285715,0.24644810641253506,0.246448106412532,-3.0531133177191805e-15,30.299456583980497,30.2994566978082,0.0,0.0,0.0,0.0,,
0.01673469387755102,0.0642857142857143,0.22638566605463176,0.22638566605462793,-3.83026943495679e-15,30.098994767238317,30.098994887710052,0.0,0.0,0.0,0.0,,
0.01673469387755102,0.07142857142857142,0.20928641210192359,0.2092864121019213,-2.275957200481571e-15,29.90171041471723,29.90171054156358,0.0,0.0,0.0,0.0,,
0.01673469387755102,0.07857142857142857,0.19453998804950506,0.19453998804950098,-4.08006961549745e-15,29.707522814063964,29.707522947027986,0.0,0.0,0.0,0.0,,
0.01673469387755102,0.08571428571428572,0.18169286968319287,0.18169286968319104,-1.8318679906315083e-15,29.51635407895251,29.516354217788706,0.0,0.0,0.0,0.0,,
0.01673469387755102,0.09285714285714286,0.1704010336025868,0.17040103360258294,-3.858025010572419e-15,29.328129023148588,29.32812916762281,0.0,0.0,0.0,0.0,,
0.01673469387755102,0.1,0.1603987913379227,0.1603987913379197,-2.9976021664879227e-15,29.142775041377046,29.142775191264786,0.0,0.0,0.0,0.0,,
0.01673469387755102,0.10714285714285715,0.15147769458422167,0.15147769458421778,-3.885780586188048e-15,28.960221996555287,28.960222151641958,0.0,0.0,0.0,0.0,,
0.01673469387755102,0.1142857142857143,0.14347190874991403,0.14347190874991173,-2.3037127760972e-15,28.78040211300052,28.780402273081197,0.0,0.0,0.0,0.0,,
0.01673469387755102,0.12142857142857144,0.1362478533750079,0.13624785337500467,-3.219646771412954e-15,28.603249875234123,28.603250040112403,0.0,0.0,0.0,0.0,,
0.01673469387755102,0.1285714285714286,0.12969672455270448,0.12969672455270215,-2.3314683517128287e-15,28.428701932043126,28.428702101530632,0.0,0.0,0.0,0.0,,
0.01673469387755102,0.13571428571428573,0.12372900541254772,0.12372900541254507,-2.6506574712925612e-15,28.256697005475754,28.256697179392194,0.0,0.0,0.0,0.0,,
0.01673469387755102,0.14285714285714285,0.23878708776494553,0.23383594437944136,-0.004951143385504175,28.14759203436566,28.147535994685974,2.2505626406601777,2.1363421298912733,1.0,1.0,983.99599899975,983.7914995914275
0.01673469387755102,0.15000000000000002,0.23261301106524207,0.22637185372878385,-0.00624115733645822,28.279070447011314,28.27086149568863,2.2505626406601777,2.1076740143471406,1.0,1.0,934.9837459364842,934.7346707073577
0.01673469387755102,0.15714285714285714,0.22579029479744103,0.21852398354532387,-0.007266311252117158,28.440018827287606,28.418162743569372,2.2505626406601777,2.0820805978553847,1.0,1.0,887.2218054513629,887.1355651445359
0.01673469387755102,0.1642857142857143,0.21944707857480109,0.2112934781245087,-0.008153600450292398,28.624892710668497,28.586326706413857,2.2505626406601777,2.0591012795921424,1.0,1.0,840.960240060015,840.8829947376656
0.01673469387755102,0.17142857142857143,0.21353630974512117,0.20461064101522297,-0.008925668729898195,28.832749598436166,28.773576572251354,2.2505626406601777,2.038362345524366,1.0,1.0,795.9489872468117,795.8770127973158
0.01673469387755102,0.1785714285714286,0.208015202384128,0.19841586584148094,-0.009599336542647052,29.061248679421205,28.97839305001428,2.250562640660121,2.019557443819941,1.0,1.0,752.188047011753,752.027436244401
0.01673469387755102,0.18571428571428572,0.2028482646005179,0.19265789539040157,-0.010190369210116346,29.310261854851454,29.199471525039623,2.2505626406601777,2.002433222095716,1.0,1.0,709.4273568392099,709.2525996933599
0.01673469387755102,0.1928571428571429,0.1878599481677753,0.18729240755142226,-0.0005675406163530294,29.44217811119066,29.43568756825925,2.0005001250312375,1.9867782919725876,1.0,1.0,667.6669167291824,667.4782994118507
0.01673469387755102,0.2,0.1834332017346152,0.18228087939873225,-0.0011523223358829437,29.70530883067856,29.686068930803273,2.0005001250312944,1.9724149707006298,1.0,1.0,626.6566641660415,626.6368936579104
0.01673469387755102,0.20714285714285718,0.1792651737284123,0.17758966775782628,-0.001675505970586022,29.980861849748674,29.949772662128318,2.0005001250311807,1.959192856325536,1.0,1.0,586.8967241810453,586.6665325431248
0.01673469387755102,0.2142857142857143,0.17533856659485608,0.17318925954030623,-0.002149307054549854,30.273988274982752,30.226066299697955,2.0005001250311807,1.9469838000484752,1.0,1.0,547.6369092273069,547.510495761282
0.01673469387755102,0.22142857142857142,0.17163158577862428,0.16905365625222238,-0.002577929526401901,30.581429878419964,30.51431230915418,2.0005001250312375,1.9356779839145029,1.0,1.0,509.12728182045515,509.1166206039524
0.01673469387755102,0.2285714285714286,0.16812462781419704,0.16515986558045964,-0.0029647622337374002,30.899704637448732,30.81395515804211,2.0005001250312375,1.9251807355438368,1.0,1.0,471.61790447611907,471.43680591490204
0.01673469387755102,0.2357142857142857,0.164804996982182,0.16148747874378955,-0.003317518238392464,31.232544988111112,31.12451050487116,2.000500125031266,1.9154100522515372,1.0,1.0,434.6086521630408,434.42658020842765
0.01673469387755102,0.24285714285714288,0.16165820793491728,0.15801831735829638,-0.0036398905766208967,31.579188317537646,31.445556137192153,2.0005001250312375,1.9062945220153786,1.0,1.0,398.09952488122036,398.04472423774587
0.01673469387755102,0.25,0.15866956207400143,0.15473613662462415,-0.003933425449377276,31.936314715934017,31.776724316758703,2.000500125031266,1.8977717193833095,1.0,1.0,362.34058514628657,362.252939960808
0.01673469387755102,0.2571428571428572,0.15582892034302948,0.15162637480302013,-0.004202545540009345,32.305717370418854,32.11769531231578,2.000500125031266,1.8897868255386137,1.0,1.0,327.08177044261066,327.0155591956369
0.01673469387755102,0.2642857142857143,0.153125586774053,0.1486759407110947,-0.004449646062958307,32.68675259296165,32.46819191243323,2.000500125031266,1.8822914724994924,1.0,1.0,292.3230807701926,292.29928635303014
0.01673469387755102,0.27142857142857146,0.150548243155649,0.14587303251744638,-0.004675210638202615,33.076038242210615,32.827974725191744,2.000500125031266,1.8752428878797225,1.0,1.0,258.3145786446612,258.07297053026156
0.01673469387755102,0.2785714285714286,0.14809126638750195,0.2784992010203006,0.13040793463279868,33.478484094808124,33.30626947096939,2.000500125031266,4.140568013919985,1.0,2.0,224.5561390347587,224.3074029861661
0.01673469387755102,0.28571428571428575,0.2928194569934425,0.2743555365446554,-0.018463920448787086,34.003872004069805,33.88151445750162,4.501125281320313,4.116622542747066,2.0,2.0,191.04776194048515,190.97513662625204
0.01673469387755102,0.29285714285714287,0.28993548724423746,0.2702562735404105,-0.01967921370382697,34.61880746263428,34.47905526373549,4.501125281320313,4.09412932051346,2.0,2.0,158.2895723930983,158.0503246305027
0.01673469387755102,0.3,0.28698187432663863,0.26635723904621994,-0.02062463528041869,35.26318141223574,35.09842150501071,4.50112528132032,4.072961925901475,2.0,2.0,125.53138284571143,125.50857577665597
0.01673469387755102,0.30714285714285716,0.27265395986724894,0.26264483305705516,-0.01000912681019378,35.89539916010872,35.73936754120633,4.25106276569138,4.053008184977809,2.0,2.0,93.5233808452113,93.32682436211805
0.01673469387755102,0.3142857142857143,0.26998527986288545,0.2591065193268544,-0.01087876053603104,36.577894096670036,36.4017050990273,4.251062765691437,4.03416816807585,2.0,2.0,61.51537884471118,61.483212772900025
0.01673469387755102,0.32142857142857145,0.26741785366097875,0.25573055140710754,-0.011687302253871212,37.27952288889645,37.085248838155586,4.251062765691435,4.016419349238279,2.0,2.0,30.00750187546887,29.956873155621153
0.01673469387755102,0.32857142857142857,0.2627597138762764,0.2525790036130745,-0.010180710263201886,37.912155841703054,37.74786925509227,4.1260315078769825,4.041104770658424,1.0,1.0,784.4461115278821,753.3848778243186
0.01673469387755102,0.33571428571428574,0.26011764046324704,0.25501983424266955,-0.005097806220577483,38.205658461166635,38.14672982996983,4.1260315078769825,4.143105274179836,1.0,1.0,761.4403600900225,753.3456521701426
0.01673469387755102,0.34285714285714286,0.2694387540703703,0.25744970746557794,-0.011989046604792386,38.752897491817535,38.54392512142523,4.376094023505889,4.245989291436856,1.0,1.0,795.6989247311828,753.3053548848848
0.01673469387755102,0.35000000000000003,0.2669125555642769,0.2598687124621219,-0.007043843102155001,39.046459484076664,38.93946913983326,4.376094023505889,4.349762454550366,1.0,1.0,773.6934233558391,753.2640090438022
0.01673469387755102,0.35714285714285715,0.27564140256874897,0.26227696102696374,-0.013364441541785232,39.5767937716731,39.333379650865446,4.626156539134797,4.454423139782739,1.0,1.0,804.7011752938236,753.2216350702694
0.01673469387755102,0.3642857142857143,0.2732233957165341,0.2646745885210125,-0.00854880719552159,39.86991127308227,39.72567832290961,4.626156539134797,4.559962308916148,1.0,1.0,783.6959239809953,753.1782508470417
0.01673469387755102,0.37142857142857144,0.2708827511159056,0.26706175427743895,-0.0038209968384666504,40.168103851306405,40.11639080467299,4.62615653913474,4.666363591517438,1.0,1.0,762.940735183796,753.1338718233056
0.01673469387755102,0.3785714285714286,0.29079585786661566,0.26943864162771053,-0.02135721623890513,40.741091175808904,40.505546737606565,5.126281570392587,4.773603440556326,1.0,1.0,791.9479869967493,753.0885111464778
0.01673469387755102,0.38571428571428573,0.27688291941902005,0.27180545774191306,-0.005077461677106987,40.97641548097248,40.893179711113234,4.876219054763704,4.881651173825958,1.0,1.0,771.9429857464366,753.0421798016476
0.01673469387755102,0.39285714285714285,0.296477912752222,0.2741624324962628,-0.022315480255959197,41.53582561891183,41.279327115356665,5.376344086021551,4.990469598126946,1.0,1.0,798.4496124031008,752.994886769553
0.01673469387755102,0.4,0.29428996720042694,0.27650981762933075,-0.017780149571096193,41.84252044514089,41.66402996205197,5.376344086021494,5.100015085356425,1.0,1.0,779.194798699675,752.9466392003997
0.017142857142857144,0.05,0.2749941520032936,0.2749941520032883,-5.2735593669694936e-15,31.223011413861677,31.223011517610775,0.0,0.0,0.0,0.0,,
0.017142857142857144,0.05714285714285715,0.25085553586047643,0.25085553586046994,-6.494804694057166e-15,31.01453625095416,31.01453636177677,0.0,0.0,0.0,0.0,,
0.017142857142857144,0.0642857142857143,0.23054359643613462,0.23054359643613137,-3.247402347028583e-15,30.809395909442287,30.80939602705038,0.0,0.0,0.0,0.0,,
0.017142857142857144,0.07142857142857142,0.2132163867079676,0.21321638670796433,-3.2751579226442118e-15,30.607504890479362,30.60750501459853,0.0,0.0,0.0,0.0,,
0.017142857142857144,0.07857142857142857,0.1982620455518199,0.19826204555181592,-3.969047313034935e-15,30.408780716793032,30.40878084716041,0.0,0.0,0.0,0.0,,
0.017142857142857144,0.08571428571428572,0.1852252283146155,0.18522522831461238,-3.1086244689504383e-15,30.213143796783317,30.213143933148885,0.0,0.0,0.0,0.0,,
0.017142857142857144,0.09285714285714286,0.17376006902883745,0.17376006902883398,-3.469446951953614e-15,30.02051729602818,30.020517438152144,0.0,0.0,0.0,0.0,,
0.017142857142857144,0.1,0.16359914426831332,0.16359914426831007,-3.247402347028583e-15,29.830827015719652,29.830827163373037,0.0,0.0,0.0,0.0,,
0.017142857142857144,0.10714285714285715,0.15453242859647082,0.15453242859646815,-2.6645352591003757e-15,29.64400127759656,29.64400143056041,0.0,0.0,0.0,0.0,,
0.017142857142857144,0.1142857142857143,0.1463926799713121,0.1463926799713095,-2.609024107869118e-15,29.459970814963658,29.45997097302843,0.0,0.0,0.0,0.0,,
0.017142857142857144,0.12142857142857144,0.13904507412637265,0.13904507412636818,-4.468647674116255e-15,29.278668669422178,29.27866883238706,0.0,0.0,0.0,0.0,,
0.017142857142857144,0.1285714285714286,0.13237971332250295,0.13237971332250026,-2.6922908347160046e-15,29.100030092958548,29.100030260631677,0.0,0.0,0.0,0.0,,
0.017142857142857144,0.13571428571428573,0.12630612064801303,0.1263061206480098,-3.219646771412954e-15,28.92399245506764,28.92399262726489,0.0,0.0,0.0,0.0,,
0.017142857142857144,0.14285714285714285,0.24325119962753441,0.23874504661081358,-0.004506153016720832,28.830347385226826,28.829238487452855,2.2505626406601777,2.148901370563545,1.0,1.0,980.4951237809453,980.4434408660804
0.017142857142857144,0.15000000000000002,0.23634689450688554,0.2305702734239985,-0.00577662108288704,28.95883402570688,28.950730297432063,2.2505626406601777,2.119388852396515,1.0,1.0,931.7329332333084,931.5188393271593
0.017142857142857144,0.15714285714285714,0.22942098035660213,0.2225711719402791,-0.006849808416323044,29.116331860163683,29.095963587771614,2.2505626406601777,2.093050322931959,1.0,1.0,884.221055263816,884.0409115802686
0.017142857142857144,0.1642857142857143,0.2229813521430528,0.21519982567201507,-0.007781526471037747,29.29963313427039,29.262319618614086,2.250562640660121,2.069409057323356,1.0,1.0,837.9594898724682,837.899697442757
0.017142857142857144,0.17142857142857143,0.21697666639286983,0.2083854955657906,-0.00859117082707922,29.504327855327727,29.44800105538075,2.2505626406601777,2.048078439669917,1.0,1.0,793.1982995748938,792.9963049697731
0.017142857142857144,0.1785714285714286,0.21136786737104207,0.20206767933730457,-0.0093001880337375,29.731720596711227,29.65147026981935,2.2505626406601777,2.0287417493993427,1.0,1.0,749.437359339835,749.2414615813526
0.017142857142857144,0.18571428571428572,0.20611722616750497,0.1961943338754965,-0.009922892292008462,29.97988539597854,29.87140627265695,2.2505626406601777,2.011137174395845,1.0,1.0,706.6766691672918,706.5542915667834
0.017142857142857144,0.1928571428571429,0.19094755498131194,0.19072044499022098,-0.00022710999109096242,30.10943033665993,30.106670004748278,2.0005001250312944,1.9950463642366238,1.0,1.0,664.9162290572643,664.8612790923955
0.017142857142857144,0.2,0.1864434566670699,0.1856068780097807,-0.0008365786572891998,30.369848804617924,30.356276133757373,2.0005001250312944,1.9802858819428375,1.0,1.0,624.1560390097525,624.0953841288871
0.017142857142857144,0.20714285714285718,0.18220321455144195,0.18081944719019144,-0.0013837673612505097,30.64491579280307,30.619370004747026,2.0005001250312375,1.9667004826245837,1.0,1.0,584.3960990247563,584.1952851510696
0.017142857142857144,0.2142857142857143,0.17820758152643632,0.17632815653897607,-0.0018794249874602431,30.937754924634696,30.89520866952243,2.0005001250311807,1.9541579686396298,1.0,1.0,545.1362840710178,545.1047274956538
0.017142857142857144,0.22142857142857142,0.17443286698071717,0.17210657644820113,-0.00232629053251604,31.24272471728505,31.183145197100117,2.000500125031266,1.942545076232637,1.0,1.0,506.876719179795,506.7719602249535
0.017142857142857144,0.2285714285714286,0.17086269466430304,0.1681313285890523,-0.002731366075250735,31.56095359009474,31.482615632879106,2.000500125031266,1.9317641615343755,1.0,1.0,469.3673418354589,469.14924748424704
0.017142857142857144,0.2357142857142857,0.16748249993071523,0.16438165740025493,-0.003100842530460307,31.8939099099238,31.793128063761667,2.0005001250312375,1.9217307534185246,1.0,1.0,432.3580895223806,432.19244284349617
0.017142857142857144,0.24285714285714288,0.16427598498891768,0.1608390723752562,-0.003436912613661497,32.23826673158693,32.114253502137394,2.000500125031266,1.9123711886990358,1.0,1.0,396.09902475618907,395.86061712112974
0.017142857142857144,0.25,0.16123162986591186,0.15748704671850441,-0.003744583147407443,32.59572134754016,32.44561810050563,2.0005001250312375,1.9036212232895202,1.0,1.0,360.34008502125533,360.11573180705193
0.017142857142857144,0.2571428571428572,0.15833749583337992,0.1543107636008392,-0.004026732232540714,32.965585415354475,32.78689666611351,2.000500125031266,1.8954243376501845,1.0,1.0,325.0812703175794,324.92235151334563
0.017142857142857144,0.2642857142857143,0.15558276211425112,0.15129690028166126,-0.00428586183258986,33.34720651835165,33.1378070670328,2.0005001250312375,1.8877307596441832,1.0,1.0,290.32258064516134,290.2473899516805
0.017142857142857144,0.27142857142857146,0.15295759834192615,0.14843344439320572,-0.0045241539487204385,33.73996617717206,33.498105502670235,2.0005001250312517,1.8804964548617142,1.0,1.0,256.064016004001,256.05988481055675
0.017142857142857144,0.2785714285714286,0.1504514567362235,0.28296064272005883,0.13250918598383532,34.14042942927542,33.99035910219311,2.0005001250312517,4.160090588044843,1.0,2.0,222.55563890972743,222.33079762731833
0.017142857142857144,0.28571428571428575,0.29642671702231216,0.2786513570365264,-0.017775359985785777,34.68883866559333,34.567417202162424,4.501125281320327,4.1353970426251205,2.0,2.0,189.04726181545388,189.03283534347656
0.017142857142857144,0.29285714285714287,0.2933766734409813,0.27445707062338726,-0.018919602817594028,35.30487239131883,35.166956855404344,4.501125281320327,4.112207204446897,2.0,2.0,156.28907226806703,156.14029072662066
0.017142857142857144,0.3,0.2903687303219406,0.27046730092690785,-0.019901429395032755,35.947314469004326,35.78856278047568,4.501125281320377,4.0903896469099,2.0,2.0,123.78094523630908,123.62889925278739
0.017142857142857144,0.30714285714285716,0.2874898102168762,0.2666681063446232,-0.020821703872253017,36.617437074152555,36.43198276783411,4.50112528132032,4.069827801012437,2.0,2.0,91.52288072018005,91.47571038714577
0.017142857142857144,0.3142857142857143,0.2732065972978426,0.2630466962417562,-0.010159901056086384,37.26681706747035,37.0970226971926,4.251062765691433,4.050417910126273,2.0,2.0,59.76494123530883,59.6589712704916
0.017142857142857144,0.32142857142857145,0.2705915165804631,0.2595909505543573,-0.011000566026105774,37.97152242423904,37.783468779552194,4.251062765691437,4.032165122113658,2.0,2.0,28.257064266066518,28.15785794253765
0.017142857142857144,0.32857142857142857,0.265859090242908,0.2566907321870183,-0.00916835805588967,38.58067305889555,38.43091154070879,4.1260315078769825,4.063296140162859,1.0,1.0,781.695423855964,753.0725180518181
0.017142857142857144,0.33571428571428574,0.26317410396496993,0.25912903478321525,-0.004045069181754679,38.87363007487955,38.82958815977962,4.1260315078769825,4.165683520873429,1.0,1.0,758.6896724181046,753.0335322453241
0.017142857142857144,0.34285714285714286,0.2725261093458299,0.26155636703785645,-0.010969742307973429,39.421384394655426,39.22659672610117,4.376094023505832,4.268959602099496,1.0,1.0,792.9482370592649,752.9934774790665
0.017142857142857144,0.35000000000000003,0.26995901814649514,0.2639728210582353,-0.00598619708825987,39.714399041622414,39.62195172463854,4.376094023505889,4.373129244704615,1.0,1.0,770.942735683921,752.952376630094
0.017142857142857144,0.35714285714285715,0.2903697336976962,0.26637851175715116,-0.023991221940545038,40.304548358172,40.01567143658663,4.876219054763681,4.478190020486364,1.0,1.0,801.9504876219055,752.910249906133
0.017142857142857144,0.3642857142857143,0.27625677559284306,0.2687735778826524,-0.007483197710190681,40.53778071456232,40.40777808792902,4.626156539134797,4.584131961208187,1.0,1.0,780.9452363090774,752.8671149486335
0.017142857142857144,0.37142857142857144,0.2738779964856828,0.27115818225969135,-0.002719814225991435,40.83548418810957,40.79829791340991,4.626156539134797,4.690937764904811,1.0,1.0,760.190047511878,752.822986949655
0.017142857142857144,0.3785714285714286,0.29387880073550415,0.273532511878291,-0.02034628885721318,41.41202452244162,41.18726116725247,5.126281570392644,4.798582864625496,1.0,1.0,788.9472368092023,752.7778787795811
0.017142857142857144,0.38571428571428573,0.29155893666531396,0.2758967775919165,-0.015662159073397464,41.71655183564183,41.57470206437758,5.126281570392587,4.907035562422243,1.0,1.0,769.1922980745187,752.7318011360658
0.017142857142857144,0.39285714285714285,0.29953936969068884,0.2782512130000281,-0.021288156690660753,42.20457434752204,41.960658627226316,5.376344086021494,5.016257606234284,1.0,1.0,795.6989247311828,752.6847627027083
0.017142857142857144,0.4,0.2973164735566628,0.28059607347128107,-0.016720400085381726,42.51085445218198,42.34517249218782,5.376344086021494,5.126204343527205,1.0,1.0,776.444111027757,752.6367703288277
0.017551020408163268,0.05,0.2796123034020867,0.2796123034020807,-5.995204332975845e-15,31.942239916330156,31.942240016948514,0.0,0.0,0.0,0.0,,
0.017551020408163268,0.05714285714285715,0.2552105442824246,0.2552105442824185,-6.106226635438361e-15,31.72902262116707,31.72902272900561,0.0,0.0,0.0,0.0,,
0.017551020408163268,0.0642857142857143,0.23465598396937876,0.23465598396937348,-5.2735593669694936e-15,31.519213569005014,31.519213683770243,0.0,0.0,0.0,0.0,,
0.017551020408163268,0.07142857142857142,0.21710647279502027,0.21710647279501724,-3.0253577421035516e-15,31.312725443158158,31.31272556456952,0.0,0.0,0.0,0.0,,
0.017551020408163268,0.07857142857142857,0.20194890904221277,0.2019489090422099,-2.858824288409778e-15,31.109474010438507,31.109474138228283,0.0,0.0,0.0,0.0,,
0.017551020408163268,0.08571428571428572,0.18872632719894664,0.18872632719894325,-3.3861802251067274e-15,30.909377982574384,30.909378116486764,0.0,0.0,0.0,0.0,,
0.017551020408163268,0.09285714285714286,0.1770911706999569,0.17709117069995356,-3.3306690738754696e-15,30.712358885174528,30.712359024965075,0.0,0.0,0.0,0.0,,
0.017551020408163268,0.1,0.16677439794471352,0.16677439794471094,-2.581268532253489e-15,30.51834093375858,30.518341079193934,0.0,0.0,0.0,0.0,,
0.017551020408163268,0.10714285714285715,0.15756449699154365,0.1575644969915421,-1.5543122344752192e-15,30.327250916403937,30.32725106726056,0.0,0.0,0.0,0.0,,
0.017551020408163268,0.1142857142857143,0.14929288937234536,0.14929288937234322,-2.1371793224034263e-15,30.13901808259757,30.13901823866122,0.0,0.0,0.0,0.0,,
0.017551020408163268,0.12142857142857144,0.14182356321121142,0.14182356321120773,-3.6914915568786455e-15,29.95357403790722,29.953574198973413,0.0,0.0,0.0,0.0,,
0.017551020408163268,0.1285714285714286,0.13504557181033652,0.13504557181033444,-2.0816681711721685e-15,29.77085264411611,29.770852809988604,0.0,0.0,0.0,0.0,,
0.017551020408163268,0.13571428571428573,0.12886751436055408,0.12886751436055244,-1.6375789613221059e-15,29.590789924484753,29.590790094976008,0.0,0.0,0.0,0.0,,
0.017551020408163268,0.14285714285714285,0.24733388568031858,0.2433505324971656,-0.003983353183152988,29.511558434034598,29.510804659726897,2.250562640660121,2.161530424532249,1.0,1.0,977.2443110777696,977.1067416920786
0.017551020408163268,0.15000000000000002,0.24004439286350554,0.23474473219558029,-0.0052996606679252545,29.638222092247474,29.630250133945864,2.250562640660121,2.131164721935057,1.0,1.0,928.4821205301326,928.313326626853
0.017551020408163268,0.15714285714285714,0.23301953779412088,0.22659610618226195,-0.006423431611858932,29.793984361438678,29.773458866838723,2.2505626406601777,2.10407379489625,1.0,1.0,880.9702425606403,880.9556615487447
0.017551020408163268,0.1642857142857143,0.2264835126081169,0.21908543985576964,-0.007398072752347246,29.974076007198104,29.938045590920268,2.2505626406601777,2.079764461837477,1.0,1.0,834.9587396849213,834.924995330013
0.017551020408163268,0.17142857142857143,0.22038875106003897,0.21214098420659014,-0.008247766853448829,30.177524728559057,30.12219310176177,2.2505626406601777,2.0578369725553793,1.0,1.0,790.1975493873468,790.1234751977236
0.017551020408163268,0.1785714285714286,0.2146919820535922,0.2057013611382269,-0.008990620915365288,30.401948466257846,30.324345986783904,2.2505626406601777,2.0379641161707704,1.0,1.0,746.686671667917,746.4627261747831
0.017551020408163268,0.18571428571428572,0.20935920738215905,0.19971375870174918,-0.009645448680409868,30.649296421321,30.54316735918436,2.2505626406601777,2.0198753774748193,1.0,1.0,703.9259814953739,703.8626514799207
0.017551020408163268,0.1928571428571429,0.2043531156814836,0.19413248484937592,-0.010220630832107669,30.913650814398196,30.77750392507051,2.2505626406601777,2.003345405071742,1.0,1.0,662.4156039009753,662.2504141730175
0.017551020408163268,0.2,0.1894312797861199,0.18891780534975736,-0.0005134744363625432,31.034188293936904,31.02635761161691,2.0005001250312375,1.9881848973978786,1.0,1.0,621.6554138534634,621.5595683498832
0.017551020408163268,0.20714285714285718,0.1851199827975643,0.184035002228359,-0.0010849805692053072,31.308791221407837,31.28886234741359,2.0005001250312375,1.9742337317904466,1.0,1.0,581.8954738684672,581.7293144225634
0.017551020408163268,0.2142857142857143,0.18105467770259417,0.17945360555483436,-0.0016010721477598133,31.59906446954359,31.564264954217183,2.0005001250312375,1.9613555646676113,1.0,1.0,542.8857214303576,542.703857902018
0.017551020408163268,0.22142857142857142,0.17721493134206748,0.175146762312962,-0.0020681690291054766,31.903848292859657,31.85190932358506,2.000500125031266,1.9494336305244369,1.0,1.0,504.6261565391348,504.43185494606985
0.017551020408163268,0.2285714285714286,0.1735841572211095,0.17109071467692863,-0.0024934425441808794,32.22448788340076,32.151223249055015,2.0005001250312375,1.9383673834905502,1.0,1.0,466.8667166791698,466.8659309872133
0.017551020408163268,0.2357142857142857,0.17014256766448033,0.16726436634401542,-0.0028782013204649015,32.55513479939833,32.46170744004441,2.000500125031266,1.9280696691886994,1.0,1.0,430.10752688172045,429.9622611899542
0.017551020408163268,0.24285714285714288,0.16687877914604735,0.1636489194572712,-0.003229859688776149,32.899754932727454,32.78292623664728,2.000500125031266,1.9184647627291278,1.0,1.0,393.8484621155289,393.68020344221213
0.017551020408163268,0.25,0.16377944835214628,0.1602275699236296,-0.003551878428516675,33.25761246242531,33.114499844711766,2.000500125031266,1.9094863843754872,1.0,1.0,358.08952238059516,357.98197616299564
0.017551020408163268,0.2571428571428572,0.1608308702709257,0.1569852495745496,-0.0038456206963761175,33.6253137383319,33.45609769650018,2.0005001250312375,1.9010764092905454,1.0,1.0,323.0807701925482,322.8323744891115
0.017551020408163268,0.2642857142857143,0.1580253892596127,0.1539084075587668,-0.004116981700845901,34.0075310358613,33.80743283545445,2.000500125031266,1.89318364042556,1.0,1.0,288.32208052013004,288.1985194474167
0.017551020408163268,0.27142857142857146,0.15535141313863055,0.1509848241428678,-0.004366588995762755,34.401002461921266,34.168257160157495,2.000500125031266,1.8857626834767878,1.0,1.0,254.06351587896975,254.04963557483137
0.017551020408163268,0.2785714285714286,0.18166096875266652,0.2873808367412974,0.10571986798863087,34.80228578929926,34.67457092579489,2.62565641410346,4.179757469723702,2.0,2.0,220.5551387846962,220.3568531524686
0.017551020408163268,0.28571428571428575,0.2999309237048091,0.28293211256707856,-0.016998811137730552,35.36947114656334,35.253449628540544,4.501125281320327,4.154305343056333,2.0,2.0,187.29682420605153,187.0930318023393
0.017551020408163268,0.29285714285714287,0.2967847546493417,0.27864338768937275,-0.01814136695996893,35.99098908368108,35.855018186225784,4.501125281320327,4.130409424047687,2.0,2.0,154.28857214303576,154.23260267884314
0.017551020408163268,0.3,0.29372822710657936,0.27456341039257526,-0.019164816714004107,36.63619929451766,36.47889243064443,4.50112528132032,4.10793316580821,2.0,2.0,121.78044511127783,121.75142688957303
0.017551020408163268,0.30714285714285716,0.2907974528423564,0.2706779243943078,-0.020119528448048596,37.30447211307464,37.12481373718981,4.50112528132032,4.086755461886062,2.0,2.0,89.7724431107777,89.62666811721492
0.017551020408163268,0.3142857142857143,0.2879874359440843,0.26697388678031647,-0.021013549163767853,37.99841375341047,37.79258220811772,4.50112528132032,4.066768652881731,2.0,2.0,58.01450362590648,57.83667737593988
0.017551020408163268,0.32142857142857145,0.2737369296533893,0.2634387414857344,-0.010298188167654931,38.663578492257294,38.48194493377746,4.251062765691437,4.048019969894088,2.0,2.0,26.506626656664167,26.360650254201133
0.017551020408163268,0.32857142857142857,0.26893426095945155,0.26079908479307384,-0.008135176166377711,39.25090040192996,39.11392603983764,4.126031507876926,4.085678659137923,1.0,1.0,778.6946736684172,752.760553696339
0.017551020408163268,0.33571428571428574,0.2662051288636995,0.26323485835753574,-0.0029702705061637746,39.54135513187903,39.512417933587145,4.126031507876926,4.188456155380119,1.0,1.0,755.9389847461866,752.7218085863867
0.017551020408163268,0.34285714285714286,0.2755892296910345,0.2656596489373856,-0.009929580753648914,40.09154625676055,39.90923904364663,4.376094023505889,4.292127490436544,1.0,1.0,789.947486871718,752.6819971846772
0.017551020408163268,0.35000000000000003,0.2729799734715371,0.2680735515799741,-0.004906421891562984,40.382083644389205,40.304404336024014,4.376094023505889,4.396696766561947,1.0,1.0,768.192048012003,752.6411421689561
0.017551020408163268,0.35714285714285715,0.2934815854899825,0.2704766843836767,-0.023004901106305764,40.97579326668991,40.697932616902214,4.876219054763681,4.502160714039929,1.0,1.0,798.9497374343587,752.5992635243579
0.017551020408163268,0.3642857142857143,0.2909449504660651,0.2728691895265513,-0.018075760939513796,41.276497576599304,41.08984667772392,4.876219054763681,4.608508417892153,1.0,1.0,777.9444861215304,752.5563786440769
0.017551020408163268,0.37142857142857144,0.2768484429256803,0.27525123334873064,-0.001597209576949643,41.50261782066653,41.48017334576572,4.626156539134797,4.71572164161189,1.0,1.0,757.43935983996,752.5125024570625
0.017551020408163268,0.3785714285714286,0.29693261656727593,0.27762300654234523,-0.0193096100249307,42.080667858582984,41.868943495069374,5.126281570392587,4.823774774748016,1.0,1.0,786.1965491372844,752.4676475517284
0.017551020408163268,0.38571428571428573,0.2945791546722181,0.2799847236596881,-0.014594431012530051,42.38690044083913,42.25619197083044,5.126281570392587,4.932635101969936,1.0,1.0,766.1915478869718,752.4218243320421
0.017551020408163268,0.39285714285714285,0.3025762119440268,0.2823366220492779,-0.02023958989474889,42.87510068295034,42.641957432441856,5.376344086021494,5.04226329353114,1.0,1.0,792.698174543636,752.3750411789114
0.017551020408163268,0.4,0.3003168514547861,0.2846789607106579,-0.01563789074412819,43.178941483120894,43.02628214317601,5.376344086021551,5.152613673816084,1.0,1.0,773.6934233558391,752.327304636711
0.017959183673469388,0.05,0.2841707629939979,0.2841707629939925,-5.384581669432009e-15,32.660866049397754,32.66086614690719,0.0,0.0,0.0,0.0,,
0.017959183673469388,0.05714285714285715,0.25951406255430143,0.25951406255429676,-4.6629367034256575e-15,32.44291667263171,32.442916777506774,0.0,0.0,0.0,0.0,,
0.017959183673469388,0.0642857142857143,0.2387235739309044,0.2387235739308996,-4.801714581503802e-15,32.228448697493675,32.22844880943552,0.0,0.0,0.0,0.0,,
0.017959183673469388,0.07142857142857142,0.2209572755967647,0.22095727559675898,-5.717648576819556e-15,32.01737299884196,32.01737311756412,0.0,0.0,0.0,0.0,,
0.017959183673469388,0.07857142857142857,0.20560107627434315,0.2056010762743393,-3.858025010572419e-15,31.80960359653219,31.80960372176218,0.0,0.0,0.0,0.0,,
0.017959183673469388,0.08571428571428572,0.19219658032969134,0.19219658032968698,-4.3576253716537394e-15,31.605057514179535,31.605057645656128,0.0,0.0,0.0,0.0,,
0.017959183673469388,0.09285714285714286,0.1803946864294562,0.18039468642945214,-4.052314039881821e-15,31.403654645604647,31.403654783078792,0.0,0.0,0.0,0.0,,
0.017959183673469388,0.1,0.16992484723745999,0.16992484723745876,-1.2212453270876722e-15,31.2053176284762,31.205317771709783,0.0,0.0,0.0,0.0,,
0.017959183673469388,0.10714285714285715,0.16057415180729426,0.16057415180729198,-2.275957200481571e-15,31.009971724692317,31.00997187345704,0.0,0.0,0.0,0.0,,
0.017959183673469388,0.1142857142857143,0.15217275398294497,0.1521727539829429,-2.0816681711721685e-15,30.81754470708281,30.817544861160588,0.0,0.0,0.0,0.0,,
0.017959183673469388,0.12142857142857144,0.14458350877963894,0.14458350877963536,-3.58046925441613e-15,30.62796675203839,30.627966911220003,0.0,0.0,0.0,0.0,,
0.017959183673469388,0.1285714285714286,0.13769446413871614,0.13769446413871372,-2.4147350785597155e-15,30.4411703377035,30.441170501789433,0.0,0.0,0.0,0.0,,
0.017959183673469388,0.13571428571428573,0.13141333052579143,0.13141333052578985,-1.582067810090848e-15,30.25709014739736,30.257090316196003,0.0,0.0,0.0,0.0,,
0.017959183673469388,0.14285714285714285,0.2512380467616676,0.24779372088217963,-0.0034443258794879805,30.19247481719063,30.192107383200113,2.250562640660121,2.174229895544705,1.0,1.0,973.9934983745937,973.7813073173152
0.017959183673469388,0.15000000000000002,0.24370603689103362,0.23889541390975644,-0.004810622981277185,30.3172396412845,30.309425742789006,2.2505626406601777,2.1430021283624234,1.0,1.0,925.2313078269568,925.1180502053633
0.017959183673469388,0.15714285714285714,0.23658240268861844,0.2305989475310454,-0.005983455157573037,30.469627557693315,30.45065269470011,2.2505626406601777,2.115151458705078,1.0,1.0,877.9694923730933,877.8797430232867
0.017959183673469388,0.1642857142857143,0.2299519837601125,0.222950466066129,-0.0070015176939834944,30.646424282736653,30.613508208072513,2.250562640660121,2.0901678462163558,1.0,1.0,832.2080520130033,831.9588251401159
0.017959183673469388,0.17142857142857143,0.2237689897311858,0.21587723845313067,-0.007891751278055137,30.848559554390572,30.796155843867915,2.2505626406601777,2.067638289090247,1.0,1.0,787.4468617154289,787.2584676733559
0.017959183673469388,0.1785714285714286,0.21798790766357745,0.2093170307879137,-0.008670876875663758,31.071934688889943,30.997022955167136,2.2505626406601777,2.0472247572790376,1.0,1.0,743.9359839959991,743.6911805839206
0.017959183673469388,0.18571428571428572,0.21257258154813233,0.2032162787397627,-0.009356302808369632,31.31639201677988,31.214757206752566,2.2505626406601777,2.0286480628477883,1.0,1.0,701.4253563390848,701.1776354594745
0.017959183673469388,0.1928571428571429,0.20749135987978137,0.19752862664972098,-0.009962733230060389,31.582282698276945,31.44819146976095,2.2505626406601777,2.0116756090021237,1.0,1.0,659.6649162290573,659.6456653975212
0.017959183673469388,0.2,0.19239691962833425,0.19221375261815637,-0.0001831670101778704,31.69832865384223,31.69631525889402,2.0005001250312375,1.9961122103966782,1.0,1.0,619.1547886971744,619.0294111522782
0.017959183673469388,0.20714285714285718,0.1880157074311837,0.18723641673668803,-0.0007792906944956712,31.972489317141097,31.958251377543377,2.0005001250312944,1.9817927459778737,1.0,1.0,579.394848712178,579.2685887457067
0.017959183673469388,0.2142857142857143,0.18388349830341216,0.18256568386264066,-0.0013178144407715031,32.262500665228636,32.233236657711394,2.0005001250311807,1.968576720851707,1.0,1.0,540.3850962740686,540.3078584753782
0.017959183673469388,0.22142857142857142,0.1799796836261328,0.17817428513593286,-0.0018053984901999498,32.56718855832538,32.520606022829305,2.000500125031266,1.9563438329845675,1.0,1.0,502.12553138284574,502.09627898626695
0.017959183673469388,0.2285714285714286,0.1762858233694619,0.1740380899756336,-0.002247733393828305,32.88544417693837,32.81977921945835,2.000500125031266,1.9449904693465223,1.0,1.0,464.61615403850965,464.58683303922226
0.017959183673469388,0.2357142857142857,0.17278536908802664,0.1701356668304187,-0.0026497022576079388,33.21622019802962,33.130249711689466,2.000500125031266,1.9344269326480579,1.0,1.0,427.85696424106027,427.73601397857675
0.017959183673469388,0.24285714285714288,0.16946509511626748,0.16644791566379516,-0.0030171794524723183,33.56111760350232,33.451575330300265,2.000500125031266,1.9245752793503934,1.0,1.0,391.59789947486877,391.5034638046463
0.017959183673469388,0.25,0.16630987036914419,0.16295775935030066,-0.003352111018843529,33.91673688896941,33.78337044058046,2.0005001250312375,1.9153672582993757,1.0,1.0,356.0890222555639,355.8516552954541
0.017959183673469388,0.2571428571428572,0.16331082215164672,0.1596498822523224,-0.0036609398993243114,34.28761847995321,34.12529920843799,2.000500125031266,1.9067431090341422,1.0,1.0,320.830207551888,320.7456118706105
0.017959183673469388,0.2642857142857143,0.1604535964953076,0.15651050893670568,-0.0039430875586019265,34.66772634787118,34.47706997002287,2.000500125031266,1.8986501043895267,1.0,1.0,286.3215803950988,286.1526599100669
0.017959183673469388,0.27142857142857146,0.15773141169997434,0.15352721510661926,-0.004204196593355081,35.06191913304936,34.83843036858388,2.0005001250312375,1.891041627654341,1.0,1.0,252.06301575393852,252.04220907621655
0.017959183673469388,0.2785714285714286,0.2923480237841652,0.291769768978641,-0.0005782548055242032,35.46948435975324,35.35889856409444,4.501125281320327,4.199570515158123,2.0,2.0,218.55463865966493,218.38555687622926
0.017959183673469388,0.28571428571428575,0.3033782776017842,0.28719786531310104,-0.016180412288683166,36.05305106806805,35.93961450792243,4.501125281320327,4.1733490775164706,2.0,2.0,185.29632408102026,185.15571427174396
0.017959183673469388,0.29285714285714287,0.30015788310025243,0.28281527534100753,-0.0173426077592449,36.67414921453788,36.54324184456159,4.501125281320327,4.1487374479940655,2.0,2.0,152.5381345336334,152.32724961577188
0.017959183673469388,0.3,0.2970538577643003,0.2786456159114777,-0.018408241852822638,37.322105198545444,37.16941288490911,4.50112528132032,4.12559379374143,2.0,2.0,120.03000750187547,119.87614859164498
0.017959183673469388,0.30714285714285716,0.2940745921887757,0.2746743334671112,-0.01940025872166451,37.991570130367236,37.817862691873074,4.50112528132032,4.103792358876674,2.0,2.0,88.02200550137535,87.77968815861024
0.017959183673469388,0.3142857142857143,0.2912194533170518,0.27088813519721683,-0.020331318119834962,38.68863254399379,38.4883857384014,4.50112528132032,4.083221563568807,2.0,2.0,56.26406601650413,56.01632231601159
0.017959183673469388,0.32142857142857145,0.27685405187695844,0.2672739371863805,-0.009580114690577957,39.35566923724566,39.18067428238477,4.251062765691437,4.063991558307318,2.0,2.0,24.756189047261817,24.565231130694233
0.017959183673469388,0.32857142857142857,0.27198148093969476,0.2649040639772807,-0.00707741696241404,39.91890433236715,39.79691257709999,4.126031507876926,4.108255040869701,1.0,1.0,775.9439859964992,752.4489843101072
0.017959183673469388,0.33571428571428574,0.2692110297852098,0.26733730754176027,-0.0018737222434495049,40.20883590505479,40.19521897418655,4.1260315078769825,4.211425931836131,1.0,1.0,753.1882970742686,752.4104807552364
0.017959183673469388,0.34285714285714286,0.29028516946476896,0.26975955578129107,-0.020525613683477884,40.82478994152179,40.5918518976817,4.626156539134772,4.315495750706761,1.0,1.0,787.1967991998,752.3709135746765
0.017959183673469388,0.35000000000000003,0.27597573892677774,0.27217090670784655,-0.0038048322189311867,41.049515624359856,40.9868268004802,4.376094023505889,4.420467839392951,1.0,1.0,765.4413603400851,752.3303052429582
0.017959183673469388,0.35714285714285715,0.29656382193804603,0.27457148166870365,-0.02199234026934238,41.64477233511167,41.38016302305941,4.876219054763681,4.526338052281062,1.0,1.0,796.1990497624407,752.2886755131075
0.017959183673469388,0.3642857142857143,0.2939896772939295,0.2769614262654788,-0.01702825102845068,41.94502972135111,41.77188392747205,4.876219054763681,4.633094554996934,1.0,1.0,775.1937984496125,752.2460415305867
0.017959183673469388,0.37142857142857144,0.29149421461914876,0.27934091043349313,-0.012153304185655633,42.248701747472545,42.162016943121756,4.876219054763737,4.740718123255647,1.0,1.0,754.6886721680421,752.2024179480452
0.017959183673469388,0.3785714285714286,0.29996204566808893,0.2817101285929631,-0.0182519170751258,42.75112492167465,42.55059356993774,5.126281570392587,4.84918209433963,1.0,1.0,783.1957989497375,752.1578170699306
0.017959183673469388,0.38571428571428573,0.2975712989512708,0.2840692990042369,-0.013501999947033938,43.05490298734099,42.937649287853,5.126281570392587,4.958452736967592,1.0,1.0,763.4408602150538,752.1122489992943
0.017959183673469388,0.39285714285714285,0.3055843930339529,0.2864186627971885,-0.019165730236764433,43.543340366781536,43.32322339796989,5.376344086021494,5.068489622211199,1.0,1.0,789.947486871718,752.0657218117157
0.017959183673469388,0.4,0.30329143612049664,0.2887584825968522,-0.01453295352364442,43.846783935526354,43.70735879230399,5.376344086021494,5.179246055698602,1.0,1.0,770.942735683921,752.0182417401701
0.018367346938775512,0.05,0.28867068192225454,0.2886706819222499,-4.6074255521944e-15,33.37889081602774,33.37889091044917,0.0,0.0,0.0,0.0,,
0.018367346938775512,0.05714285714285715,0.2637669996391427,0.2637669996391365,-6.161737786669619e-15,33.15621938094806,33.15621948288047,0.0,0.0,0.0,0.0,,
0.018367346938775512,0.0642857142857143,0.24274709542213846,0.24274709542213563,-2.831068712794149e-15,32.937102244154296,32.93710235329262,0.0,0.0,0.0,0.0,,
0.018367346938775512,0.07142857142857142,0.2247693881621907,0.22476938816218664,-4.052314039881821e-15,32.721448481384265,32.721448597436876,0.0,0.0,0.0,0.0,,
0.018367346938775512,0.07857142857142857,0.20921903565774705,0.20921903565774452,-2.525757381022231e-15,32.50917037445272,32.5091704971416,0.0,0.0,0.0,0.0,,
0.018367346938775512,0.08571428571428572,0.19563639442046848,0.1956363944204668,-1.6930901125533637e-15,32.30018326737894,32.3001833964379,0.0,0.0,0.0,0.0,,
0.018367346938775512,0.09285714285714286,0.18367095827886595,0.18367095827886315,-2.8033131371785203e-15,32.09440543033656,32.09440556551122,0.0,0.0,0.0,0.0,,
0.018367346938775512,0.1,0.17305078241460167,0.17305078241459948,-2.192690473634684e-15,31.89175793092739,31.891758071975172,0.0,0.0,0.0,0.0,,
0.018367346938775512,0.10714285714285715,0.16356164135727036,0.1635616413572673,-3.0531133177191805e-15,31.69216451231799,31.69216465900614,0.0,0.0,0.0,0.0,,
0.018367346938775512,0.1142857142857143,0.1550324877882324,0.15503248778822865,-3.747002708109903e-15,31.49555147780774,31.49555162991416,0.0,0.0,0.0,0.0,,
0.018367346938775512,0.12142857142857144,0.1473250964692435,0.1473250964692399,-3.58046925441613e-15,31.301847581433254,31.30184773874482,0.0,0.0,0.0,0.0,,
0.018367346938775512,0.1285714285714286,0.14032655233923047,0.14032655233922922,-1.2490009027033011e-15,31.11098392423813,31.110984086551202,0.0,0.0,0.0,0.0,,
0.018367346938775512,0.13571428571428573,0.13394371136572408,0.13394371136572103,-3.0531133177191805e-15,30.922893855862117,30.922894022980977,0.0,0.0,0.0,0.0,,
0.018367346938775512,0.14285714285714285,0.2550398882146952,0.2521440737224638,-0.002895814492231419,30.874482456318646,30.87308681731383,2.2505626406601777,2.187000392598567,1.0,1.0,970.492623155789,970.4670441696574
0.018367346938775512,0.15000000000000002,0.24733234485528205,0.24302249879911528,-0.004309846056166772,30.995891600548717,30.98826179286116,2.2505626406601777,2.154901598062134,1.0,1.0,921.980495123781,921.9329286413717
0.018367346938775512,0.15714285714285714,0.2401120614931409,0.2345798559847542,-0.005532205508386706,31.14493796297172,31.12754912865611,2.2505626406601777,2.1262836936162794,1.0,1.0,874.9687421855465,874.8130847961869
0.018367346938775512,0.1642857142857143,0.23339120579259445,0.22679504846317944,-0.006596157329415014,31.320273206541597,31.288711003923797,2.2505626406601777,2.100619615125471,1.0,1.0,829.2073018254564,829.0011243025895
0.018367346938775512,0.17142857142857143,0.22712174937703336,0.21959438887183588,-0.007527360505197478,31.52123925649069,31.469892376906056,2.2505626406601777,2.0774826655280787,1.0,1.0,784.4461115278821,784.4012271717387
0.018367346938775512,0.1785714285714286,0.22125797836210012,0.2129148068419069,-0.008343171520193232,31.743701660293503,31.669503890608375,2.2505626406601777,2.056523947964889,1.0,1.0,740.9352338084522,740.926775863724
0.018367346938775512,0.18571428571428572,0.21576158450150656,0.20670200209098047,-0.009059582410526096,31.985371666652597,31.88617821116465,2.2505626406601777,2.037455426267116,1.0,1.0,698.6746686671669,698.4991999559861
0.018367346938775512,0.1928571428571429,0.21060272656961102,0.20090896918503653,-0.00969375738457448,32.24852384652727,32.11873475427486,2.250562640660121,2.020037172996673,1.0,1.0,657.1642910727683,657.0469938737596
0.018367346938775512,0.2,0.2057495615352724,0.1954948103911423,-0.010254751144130103,32.529378648931846,32.36615095098497,2.250562640660121,2.0040679960453427,1.0,1.0,616.6541635408853,616.5048776815751
0.018367346938775512,0.20714285714285718,0.1908906141478545,0.19042377395635438,-0.00046684019150011746,32.6360112448923,32.62753876034445,2.0005001250312944,1.9893777018645786,1.0,1.0,576.894223555889,576.8130767807845
0.018367346938775512,0.2142857142857143,0.18669081044523828,0.18566446820132546,-0.00102634224391282,32.92345097159819,32.90212526720569,2.0005001250312375,1.9758215781475892,1.0,1.0,538.1345336334084,537.9167009475218
0.018367346938775512,0.22142857142857142,0.18272390492682597,0.18118921589468184,-0.0015346890321441264,33.22798805278519,33.189236635235716,2.000500125031266,1.963275746803266,1.0,1.0,499.87496874218556,499.76520677126393
0.018367346938775512,0.2285714285714286,0.17896955694659805,0.17697352012896375,-0.0019960368176343,33.546246673525786,33.48828473795403,2.000500125031266,1.9516335311811426,1.0,1.0,462.36559139784947,462.3119304369657
0.018367346938775512,0.2357142857142857,0.17541107093492536,0.1729956197572015,-0.0024154511777238485,33.8771666384905,33.79875595130783,2.000500125031266,1.9408026529359639,1.0,1.0,425.60640160040015,425.51368009948845
0.018367346938775512,0.24285714285714288,0.17203508807896883,0.16923611762005109,-0.002798970458917749,34.22235517968202,34.12020175223298,2.000500125031266,1.9307028318522506,1.0,1.0,389.3473368342086,389.33037895270354
0.018367346938775512,0.25,0.1688263440023561,0.16567766770093445,-0.0031486763014216546,34.57838441086237,34.452230758156446,2.000500125031266,1.9212639614532245,1.0,1.0,353.83845961490374,353.724751595603
0.018367346938775512,0.2571428571428572,0.1657742087718231,0.16230471086269285,-0.003469497909130259,34.94708774860183,34.79450199994736,2.000500125031266,1.9124245077779058,1.0,1.0,318.8297074268567,318.662047515927
0.018367346938775512,0.2642857142857143,0.1628675106051116,0.15910325032882397,-0.003764260276287623,35.32779265247318,35.14671917878977,2.000500125031266,1.9041302889760128,1.0,1.0,284.3210802700675,284.10979650770213
0.018367346938775512,0.27142857142857146,0.1600977127799103,0.21950134291081383,0.05940363013090352,35.722716330336425,35.50880867966681,2.000500125031266,3.002640099196107,1.0,2.0,250.06251562890725,250.03759165542314
0.018367346938775512,0.2785714285714286,0.3037048581400281,0.29613356611579417,-0.007571292024233955,36.14496747149788,36.0433392525231,4.501125281320327,4.219531577877936,2.0,2.0,216.55413853463367,216.41689619151364
0.018367346938775512,0.28571428571428575,0.3067802941138901,0.29144867382910983,-0.015331620284780245,36.73666421515871,36.62591458734676,4.501125281320299,4.1925299275608285,2.0,2.0,183.29582395598902,183.22087109076935
0.018367346938775512,0.29285714285714287,0.3035012626016886,0.28697278413301225,-0.016528478468676333,37.36036119552863,37.23163039892227,4.501125281320299,4.167192768730458,2.0,2.0,150.53763440860217,150.42422072905913
0.018367346938775512,0.3,0.3003507816476937,0.28271396581795627,-0.017636815829737418,38.01116107368911,37.86012653803341,4.501125281320377,4.143372871371686,2.0,2.0,118.02950737684422,118.00305432032376
0.018367346938775512,0.30714285714285716,0.29732621601683934,0.27865737987990546,-0.018668836136933875,38.68368305216725,38.51113189445423,4.501125281320377,4.120939748018284,2.0,2.0,86.0215053763441,85.93476116875185
0.018367346938775512,0.3142857142857143,0.29442466410263773,0.2747894857829323,-0.01963517831970546,39.38216934378577,39.184435390361145,4.501125281320373,4.099777764728062,2.0,2.0,54.26356589147287,54.19789735673453
0.018367346938775512,0.32142857142857145,0.2916199446116419,0.2710965370817612,-0.020523407529880744,40.103761520576086,39.87965147682421,4.501125281320377,4.080090639338598,2.0,2.0,23.005751437859466,22.771576765636617
0.018367346938775512,0.32857142857142857,0.2750031117886009,0.26900567234321765,-0.005997439445383224,40.5866497701661,40.47987097967476,4.1260315078769825,4.131028041066022,1.0,1.0,773.1932983245812,752.1378094461927
0.018367346938775512,0.33571428571428574,0.2961832776691788,0.27143638498803524,-0.02474689268114355,41.201301212255125,40.877991109919854,4.626156539134772,4.234595640315094,1.0,1.0,806.4516129032259,752.0995483157988
0.018367346938775512,0.34285714285714286,0.29335746687350855,0.273856090255105,-0.019501376618403565,41.49362276563338,41.27443511491683,4.626156539134829,4.339067213851378,1.0,1.0,784.4461115278821,752.0602262260863
0.018367346938775512,0.35000000000000003,0.29062753213442094,0.27626488917196035,-0.014362642962460592,41.79449138829143,41.66921894537101,4.626156539134772,4.44444533121714,1.0,1.0,762.4406101525382,752.0198654381796
0.018367346938775512,0.35714285714285715,0.2996211976538252,0.278662906387368,-0.020958291266457207,42.31552426952907,42.06236248451627,4.876219054763681,4.550724947432173,1.0,1.0,793.1982995748938,751.9784854717325
0.018367346938775512,0.3642857142857143,0.29700808825479125,0.28105029095674566,-0.015957797298045584,42.61331549332968,42.45388967214808,4.876219054763681,4.6578933012700885,1.0,1.0,772.4431107776945,751.9361032098071
0.018367346938775512,0.37142857142857144,0.3054632148632184,0.28342721646318364,-0.022035998400034784,43.12084893005558,42.84382854779858,5.126281570392587,4.765930151546491,1.0,1.0,800.4501125281321,751.892733031279
0.018367346938775512,0.3785714285714286,0.3029630417154825,0.28579388105405135,-0.01716916066143115,43.41927358056845,43.2322112417586,5.126281570392587,4.874807798230904,1.0,1.0,780.4451112778195,751.8483869460766
0.018367346938775512,0.38571428571428573,0.3005378894041071,0.28815050674758985,-0.012387382656517232,43.722668379097954,43.61907387521875,5.126281570392644,4.984491461262222,1.0,1.0,760.6901725431359,751.803074753448
0.018367346938775512,0.39285714285714285,0.30856645382781667,0.2904973384701036,-0.01806911535771305,44.211323598729344,44.00445639497949,5.376344086021494,5.094939600580254,1.0,1.0,787.1967991998,751.756804215472
0.018367346938775512,0.4,0.30624055707633296,0.2928346424735837,-0.013405914602749258,44.51438417493026,44.3884023238379,5.376344086021494,5.2061045029462525,1.0,1.0,768.192048012003,751.7095812503777
0.018775510204081632,0.05,0.2931131819172748,0.2931131819172667,-8.104628079763643e-15,34.096315216683806,34.09631530803874,0.0,0.0,0.0,0.0,,
0.018775510204081632,0.05714285714285715,0.2679702432281366,0.26797024322813057,-6.050715484207103e-15,33.86893171931241,33.86893181832279,0.0,0.0,0.0,0.0,,
0.018775510204081632,0.0642857142857143,0.24672726180585364,0.2467272618058504,-3.247402347028583e-15,33.64517515591931,33.645175262273895,0.0,0.0,0.0,0.0,,
0.018775510204081632,0.07142857142857142,0.22854339166069085,0.22854339166068904,-1.8041124150158794e-15,33.424952812411476,33.424952925813265,0.0,0.0,0.0,0.0,,
0.018775510204081632,0.07857142857142857,0.21280326647608777,0.21280326647608472,-3.0531133177191805e-15,33.2081752414341,33.20817536159955,0.0,0.0,0.0,0.0,,
0.018775510204081632,0.08571428571428572,0.19904616906434625,0.1990461690643406,-5.6343818499726694e-15,32.99475611588657,32.99475624254425,0.0,0.0,0.0,0.0,,
0.018775510204081632,0.09285714285714286,0.186920322676173,0.1869203226761695,-3.497202527569243e-15,32.78461209039627,32.784612223288065,0.0,0.0,0.0,0.0,,
0.018775510204081632,0.1,0.17615248923135318,0.17615248923134938,-3.802513859341161e-15,32.57766267024685,32.57766280912475,0.0,0.0,0.0,0.0,,
0.018775510204081632,0.10714285714285715,0.16652721029925988,0.16652721029925616,-3.7192471324942744e-15,32.373830087284226,32.37383023191141,0.0,0.0,0.0,0.0,,
0.018775510204081632,0.1142857142857143,0.15787230178172515,0.15787230178172193,-3.219646771412954e-15,32.17303918237144,32.17303933252153,0.0,0.0,0.0,0.0,,
0.018775510204081632,0.12142857142857144,0.15004850944689482,0.15004850944689208,-2.7478019859472624e-15,31.975217293984382,31.975217449440073,0.0,0.0,0.0,0.0,,
0.018775510204081632,0.1285714285714286,0.14294199638573174,0.14294199638572994,-1.8041124150158794e-15,31.780294152570725,31.780294313124312,0.0,0.0,0.0,0.0,,
0.018775510204081632,0.13571428571428573,0.13645879737535238,0.1364587973753497,-2.6922908347160046e-15,31.58820178032594,31.588201945778103,0.0,0.0,0.0,0.0,,
0.018775510204081632,0.14285714285714285,0.258761760415278,0.25643586364872556,-0.0023258967665524266,31.55467210650218,31.553716105834305,2.2505626406601777,2.199842545797584,1.0,1.0,967.2418104526132,967.1638598370046
0.018775510204081632,0.15000000000000002,0.250921771139163,0.24712616454340372,-0.0037956065957592544,31.672600076507884,31.66676288522213,2.250562640660121,2.166863643692342,1.0,1.0,918.9797449362342,918.7578814776475
0.018775510204081632,0.15714285714285714,0.24360897383831362,0.23853899010321783,-0.00506998373509579,31.819919391538857,31.804152165904487,2.2505626406601777,2.1374709750758494,1.0,1.0,871.9679919979995,871.755616466205
0.018775510204081632,0.1642857142857143,0.23679959171141637,0.23061933019333386,-0.006180261518082514,31.993834778213564,31.963657469644428,2.250562640660121,2.1111200447252494,1.0,1.0,826.2065516379096,826.0518309257749
0.018775510204081632,0.17142857142857143,0.23044342364454484,0.22329256497509212,-0.007150858669452725,32.1917418489244,32.143405754485286,2.2505626406601777,2.087370403803653,1.0,1.0,781.695423855964,781.5516990424381
0.018775510204081632,0.1785714285714286,0.22449858965827932,0.21649480691435644,-0.008003782743922883,32.41322332053411,32.34179147266897,2.250562640660121,2.065861991565908,1.0,1.0,738.1845461365342,738.1694635581548
0.018775510204081632,0.18571428571428572,0.21892458370621004,0.2101710360127231,-0.008753547693486935,32.65414498188216,32.55743273684754,2.2505626406601777,2.0462976964132404,1.0,1.0,695.9239809952488,695.8273018382833
0.018775510204081632,0.1928571428571429,0.2136894466366435,0.20427361052475537,-0.00941583611188812,32.91455957635159,32.78913586911707,2.2505626406601777,2.0284302989544822,1.0,1.0,654.6636659164792,654.4543610690644
0.018775510204081632,0.2,0.20876507586828338,0.1987610686434688,-0.010004007224814593,33.195014526285625,33.03586654621178,2.2505626406601777,2.012052396230866,1.0,1.0,614.1535383845962,613.9859333935526
0.018775510204081632,0.20714285714285718,0.1937449254324018,0.193597156642278,-0.0001477687901237923,33.29935815301735,33.296726152284506,2.0005001250312944,1.9969887028913953,1.0,1.0,574.3935983995999,574.3627474570773
0.018775510204081632,0.2142857142857143,0.1894802714247094,0.1887500348100044,-0.0007302366147050043,33.58656055122083,33.57093225683616,2.0005001250311807,1.9830902616144166,1.0,1.0,535.6339084771193,535.5303572843936
0.018775510204081632,0.22142857142857142,0.18544948979172593,0.18419162499499378,-0.00125786479673215,33.888618568949084,33.85780247576408,2.000500125031266,1.9702295118302582,1.0,1.0,497.62440610152544,497.4386129313449
0.018775510204081632,0.2285714285714286,0.18163553505738006,0.17989707031385577,-0.0017384647435242928,34.206896000598576,34.1567409816414,2.000500125031266,1.9582967114401988,1.0,1.0,460.11502875718935,460.041200156415
0.018775510204081632,0.2357142857142857,0.17801983780253403,0.17584428567122087,-0.002175552131313152,34.53797464471152,34.46722722695407,2.0005001250312375,1.9471969117294075,1.0,1.0,423.35583895973997,423.29523860050404
0.018775510204081632,0.24285714285714288,0.1745872355692532,0.17201358153404048,-0.00257365403521273,34.880840734587046,34.78880645307622,2.000500125031266,1.9368475610041067,1.0,1.0,387.3468367091773,387.1609297697657
0.018775510204081632,0.25,0.1713257002614215,0.1683873474117181,-0.002938352849703396,35.23722796432426,35.121081669500555,2.000500125031266,1.927176568220603,1.0,1.0,351.8379594898725,351.6012475777561
0.018775510204081632,0.2571428571428572,0.16822280087917751,0.1649497843255822,-0.003273016553595326,35.60641807680415,35.46370686042875,2.0005001250312375,1.9181206857203512,1.0,1.0,316.8292073018255,316.581665392465
0.018775510204081632,0.2642857142857143,0.16526889419389057,0.16168667757518715,-0.003582216618703421,35.99054630870513,35.816381201228445,2.000500125031266,1.9096241898718298,1.0,1.0,282.0705176294074,282.0699145056118
0.018775510204081632,0.27142857142857146,0.16245043377770832,0.2893909512777523,0.12694051750004395,36.38339418971333,36.18225158953661,2.000500125031266,4.269329018780264,1.0,2.0,248.06201550387598,248.03576973996135
0.018775510204081632,0.2785714285714286,0.31052783388969474,0.30047599872676467,-0.010051835162930067,36.82311612216889,36.727892425799816,4.501125281320299,4.239642525254751,2.0,2.0,214.55363840960243,214.4508585688783
0.018775510204081632,0.28571428571428575,0.3101463078601575,0.29568459456123175,-0.01446171329892576,37.421823316358775,37.312352606355994,4.501125281320327,4.211849549098408,2.0,2.0,181.29532383095776,181.28849066809326
0.018775510204081632,0.29285714285714287,0.30681299082834806,0.2911159645744305,-0.015697026253917556,38.04663963470571,37.92018640010915,4.501125281320327,4.185776909044946,2.0,2.0,148.5371342835709,148.5235052728431
0.018775510204081632,0.3,0.30361248980958744,0.2867685083926963,-0.01684398141689114,38.6954937022791,38.5510357715174,4.50112528132032,4.161271782807309,2.0,2.0,116.27906976744187,116.1321340932051
0.018775510204081632,0.30714285714285716,0.30054358673374826,0.28262710987239664,-0.017916476861351616,39.37095280641677,39.20462357262772,4.50112528132032,4.1381988347100584,2.0,2.0,84.27106776694174,84.09187785579948
0.018775510204081632,0.3142857142857143,0.2976009541274816,0.27867798282534856,-0.01892297130213305,40.07450777499084,39.880733260920216,4.50112528132032,4.1164383674797165,2.0,2.0,52.51312828207052,52.38139379977704
0.018775510204081632,0.32142857142857145,0.29474398720761374,0.27490652095068996,-0.019837466256923786,40.80027278011587,40.57886777722935,4.501125281320318,4.09633243266144,2.0,2.0,21.005251312828207,20.97965629564426
0.018775510204081632,0.32857142857142857,0.2779994728636388,0.2731039124702746,-0.004895560393364196,41.254139074480925,41.162801063215625,4.1260315078769825,4.1540004913084,1.0,1.0,770.4426106526632,751.8270286775024
0.018775510204081632,0.33571428571428574,0.2992696483850167,0.27553209335018225,-0.023737555034834434,41.87236924515349,41.56073415968517,4.626156539134772,4.257968127229835,1.0,1.0,803.450862715679,751.7890108472731
0.018775510204081632,0.34285714285714286,0.2964051937939592,0.2779492550723867,-0.018455938721572474,42.16427294494396,41.95698851943822,4.626156539134772,4.362844767721255,1.0,1.0,781.4453613403351,751.7499347220762
0.018775510204081632,0.35000000000000003,0.2936352689250767,0.28035550176164853,-0.013279767163428158,42.46266321872108,42.35158060043572,4.626156539134772,4.46863215659687,1.0,1.0,759.6899224806202,751.7098223447921
0.018775510204081632,0.35714285714285715,0.3026496703979337,0.2827509614044451,-0.019898708993488612,42.98399270944427,42.74453083665359,4.876219054763737,4.575324340278167,1.0,1.0,790.4476119029758,751.6686929914814
0.018775510204081632,0.3642857142857143,0.3000005213610023,0.2851357865402725,-0.014864734820729808,43.28135729460354,43.13586375297088,4.876219054763681,4.682907625168446,1.0,1.0,769.6924231057765,751.6265632827188
0.018775510204081632,0.37142857142857144,0.30847273392446667,0.28751015445175004,-0.020962579472716625,43.789169642823396,43.52560800709237,5.126281570392587,4.791360724993865,1.0,1.0,797.6994248562141,751.5834473134198
0.018775510204081632,0.3785714285714286,0.30593813787004165,0.2898742670249944,-0.016063870845047235,44.08717276330014,43.913796364867295,5.126281570392587,4.900654906601994,1.0,1.0,777.6944236059015,751.5393567931959
0.018775510204081632,0.38571428571428573,0.30347925033880524,0.29222835007748293,-0.011250900261322305,44.39019891949689,44.3004655949615,5.126281570392587,5.01075431125646,1.0,1.0,757.9394848712178,751.494301210286
0.018775510204081632,0.39285714285714285,0.31152492588327135,0.2945726523276279,-0.016952273555643438,44.8811276241625,44.685656292399905,5.376344086021551,5.121616298044681,1.0,1.0,784.1960490122531,751.4482880085944
0.018775510204081632,0.4,0.309166727922671,0.29690744367514943,-0.012259284247521596,45.18388165608685,45.06941261380571,5.376344086021551,5.233192115181008,1.0,1.0,765.1912978244561,751.401322790841
0.019183673469387756,0.05,0.29749935623010665,0.2974993562301004,-6.2727600891321345e-15,34.81314024933973,34.81314033765002,0.0,0.0,0.0,0.0,,
0.019183673469387756,0.05714285714285715,0.27212466035926974,0.2721246603592647,-5.051514762044462e-15,34.58105465852495,34.5810547546336,0.0,0.0,0.0,0.0,,
0.019183673469387756,0.0642857142857143,0.25066477112855434,0.25066477112854946,-4.884981308350689e-15,34.352668377415114,34.35266848100509,0.0,0.0,0.0,0.0,,
0.019183673469387756,0.07142857142857142,0.23227985567804343,0.2322798556780384,-5.023759186428833e-15,34.127886911329504,34.12788702209891,0.0,0.0,0.0,0.0,,
0.019183673469387756,0.07857142857142857,0.21635423909931348,0.21635423909930865,-4.829470157119431e-15,33.9066190925712,33.90661921023095,0.0,0.0,0.0,0.0,,
0.019183673469387756,0.08571428571428572,0.20242629688896874,0.20242629688896693,-1.8041124150158794e-15,33.68877693135389,33.68877705562856,0.0,0.0,0.0,0.0,,
0.019183673469387756,0.09285714285714286,0.19014311053131266,0.19014311053131036,-2.3037127760972e-15,33.47427547482305,33.474275605448554,0.0,0.0,0.0,0.0,,
0.019183673469387756,0.1,0.17923024901745488,0.17923024901745083,-4.052314039881821e-15,33.263032673652866,33.263032810376885,0.0,0.0,0.0,0.0,,
0.019183673469387756,0.10714285714285715,0.1694710997023122,0.16947109970231108,-1.1102230246251565e-15,33.05496925574631,33.05496939832835,0.0,0.0,0.0,0.0,,
0.019183673469387756,0.1142857142857143,0.1606924040174456,0.1606924040174435,-2.1094237467877974e-15,32.85000860659141,32.85000875479975,0.0,0.0,0.0,0.0,,
0.019183673469387756,0.12142857142857144,0.15275392844971306,0.15275392844971078,-2.275957200481571e-15,32.64807665586309,32.648076809477125,0.0,0.0,0.0,0.0,,
0.019183673469387756,0.1285714285714286,0.14554095422690788,0.14554095422690558,-2.3037127760972e-15,32.44910176989063,32.44910192869858,0.0,0.0,0.0,0.0,,
0.019183673469387756,0.13571428571428573,0.13895872734882322,0.13895872734882078,-2.4424906541753444e-15,32.253014649631915,32.25301481343082,0.0,0.0,0.0,0.0,,
0.019183673469387756,0.14285714285714285,0.26243026354212395,0.2606860900210153,-0.0017441735211086717,32.23446968283663,32.23398458028525,2.2505626406601777,2.2127569870033774,1.0,1.0,963.9909977494374,963.8716630479809
0.019183673469387756,0.15000000000000002,0.2544789153324938,0.25120658679056207,-0.0032723285419317127,32.35052816744489,32.34493355377204,2.2505626406601777,2.178888773673681,1.0,1.0,915.7289322330583,915.5928292056225
0.019183673469387756,0.15714285714285714,0.24707562961738463,0.2424765072012826,-0.004599122416102025,32.49628818555715,32.48046574898006,2.2505626406601777,2.1487137168005583,1.0,1.0,868.7171792948237,868.7072684262394
0.019183673469387756,0.1642857142857143,0.24017755202826585,0.23442345303521803,-0.005754098993047824,32.66711235761487,32.63835104158848,2.2505626406601777,2.1216695940878716,1.0,1.0,823.2058014503626,823.1108837867498
0.019183673469387756,0.17142857142857143,0.23373637968844246,0.22697189520208935,-0.006764484486353112,32.86197713960804,32.816698987895535,2.2505626406601777,2.09730185220833,1.0,1.0,778.9447361840461,778.7098292015501
0.019183673469387756,0.1785714285714286,0.22771205944765963,0.22005714780961044,-0.007654911638049183,33.0825104573507,33.01388835256252,2.2505626406601777,2.0752391185669703,1.0,1.0,735.4338584646162,735.4191956935709
0.019183673469387756,0.18571428571428572,0.22206189413397914,0.21362348689155292,-0.008438407242426227,33.32271399988917,33.22852311492514,2.2505626406601777,2.055175159568899,1.0,1.0,693.1732933233309,693.1618983879964
0.019183673469387756,0.1928571428571429,0.2167537644671524,0.2076226480216044,-0.009131116445547982,33.58262985509122,33.459396880355165,2.2505626406601777,2.0368551921390474,1.0,1.0,651.9129782445611,651.8677288057119
0.019183673469387756,0.2,0.21175747380243687,0.20201261666622009,-0.009744857136216784,33.86047058551225,33.7054638783204,2.250562640660121,2.020065588329454,1.0,1.0,611.6529132283072,611.4725440506044
0.019183673469387756,0.20714285714285718,0.20704812799108024,0.1967566468512863,-0.010291481139793945,34.156969454086266,33.96581517975358,2.2505626406601777,2.0046259515569553,1.0,1.0,572.1430357589397,571.9175699697637
0.019183673469387756,0.2142857142857143,0.19224862349536595,0.19182245940570952,-0.0004261640896564278,34.24715522900716,34.23965908512863,2.0005001250312375,1.9903828999551487,1.0,1.0,533.3833458364592,533.1487996833605
0.019183673469387756,0.22142857142857142,0.18815834872359102,0.18718158241022748,-0.0009767663133635474,34.55151671011743,34.526304850693805,2.000500125031266,1.977205240842887,1.0,1.0,495.1237809452363,495.1164722990598
0.019183673469387756,0.2285714285714286,0.18428393248587022,0.18280880538649386,-0.001475127099376361,34.8673927761546,34.825149130075694,2.000500125031266,1.9649800738377972,1.0,1.0,457.8644661165292,457.77461935095846
0.019183673469387756,0.2357142857142857,0.1806118321860964,0.1786817247511767,-0.0019301074349196978,35.19864473196205,35.13566459959431,2.000500125031266,1.9536097775737298,1.0,1.0,421.1052763190798,421.0806686855572
0.019183673469387756,0.24285714285714288,0.1771250362041497,0.17478036342068276,-0.00234467278346695,35.54181103908612,35.45739039950068,2.000500125031266,1.9430094903102153,1.0,1.0,385.0962740685172,384.99509727698035
0.019183673469387756,0.25,0.17381140132974157,0.171086850653435,-0.0027245506763065586,35.898633222967476,35.789924048603496,2.0005001250312375,1.9331051132408912,1.0,1.0,349.5873968492123,349.48112587820145
0.019183673469387756,0.2571428571428572,0.17065838457572477,0.16758515135553925,-0.0030732332201855173,36.26838436296621,36.13291458866396,2.000500125031266,1.9238316581759145,1.0,1.0,314.5786446611653,314.5044495758834
0.019183673469387756,0.2642857142857143,0.16765460043760155,0.1642608361138468,-0.0033937643237547666,36.65037534798029,36.486056746532455,2.000500125031266,1.9151318987540444,1.0,1.0,280.0700175043761,280.0329992655296
0.019183673469387756,0.27142857142857146,0.16478969075722397,0.30009178315280793,0.13530209239558397,37.043952843296736,36.85941789731799,2.0005001250312517,4.29045796763967,1.0,2.0,246.06151537884472,246.03672984334892
0.019183673469387756,0.2785714285714286,0.3155273185757872,0.30479939748612644,-0.010727921089660752,37.50288490810936,37.412558832460874,4.501125281320327,4.259905300405809,2.0,2.0,212.55313828457116,212.48743155579527
0.019183673469387756,0.28571428571428575,0.3134723770019778,0.29990568245439314,-0.013566694547584635,38.10249274208406,37.99893127327449,4.501125281320327,4.231309696257815,2.0,2.0,179.5448862215554,179.3585614813462
0.019183673469387756,0.29285714285714287,0.31009116711110074,0.2952448671148015,-0.014846299996299217,38.729906871271304,38.60891237630389,4.501125281320327,4.2044914136989995,2.0,2.0,146.78669667416855,146.6250925632706
0.019183673469387756,0.3,0.3068485577407009,0.29080929188465005,-0.016039265856050866,39.38472841196451,39.24214295180744,4.501125281320313,4.17929192031734,2.0,2.0,114.27856964241062,114.26337798368256
0.019183673469387756,0.30714285714285716,0.30373624354549444,0.28658356961794784,-0.017152673927546602,40.06331483197196,39.898339944095575,4.501125281320313,4.155570880300368,2.0,2.0,82.27056764191049,82.25102897821013
0.019183673469387756,0.3142857142857143,0.30074664463941364,0.28255367039025503,-0.01819297424915861,40.76506902332771,40.577281405539,4.501125281320316,4.133204544452021,2.0,2.0,50.76269067266817,50.566802977494525
0.019183673469387756,0.32142857142857145,0.2978350600620452,0.2787038399994931,-0.01913122006255208,41.49344685312846,41.278309495636485,4.501125281320318,4.1127386831503845,2.0,2.0,19.254813703425857,19.189428592417972
0.019183673469387756,0.32857142857142857,0.29268870859777346,0.2771987869990213,-0.015489921598752177,41.99488241992102,41.84570264653887,4.376094023505866,4.177175266473207,1.0,1.0,767.6919229807453,751.5166415719902
0.019183673469387756,0.33571428571428574,0.30232662447224273,0.27962443529474085,-0.022702189177501886,42.54117895372463,42.24344794068858,4.626156539134772,4.281546319750489,1.0,1.0,800.700175043761,751.4788679314199
0.019183673469387756,0.34285714285714286,0.29942430821968136,0.28203905295447057,-0.017385255265210786,42.83261304240774,42.63951192884882,4.626156539134772,4.386831367111883,1.0,1.0,778.6946736684172,751.4400386567639
0.019183673469387756,0.35000000000000003,0.2966173315275957,0.2844427472508302,-0.012174584276765488,43.13060033889642,43.03391158496608,4.626156539134772,4.493031306486229,1.0,1.0,756.9392348087023,751.4001755655398
0.019183673469387756,0.35714285714285715,0.3056517847946518,0.2868356495581602,-0.018816135236491616,43.65220395662924,43.42666790243871,4.876219054763681,4.600139253030648,1.0,1.0,787.6969242310578,751.3592976865945
0.019183673469387756,0.3642857142857143,0.30296730886784595,0.28921791592882135,-0.013749392939024607,43.94915749514111,43.81780599831384,4.876219054763681,4.708140577338053,1.0,1.0,766.9417354338585,751.3174213688476
0.019183673469387756,0.37142857142857144,0.3114581997958071,0.2915897273901074,-0.019868472405699666,44.45926739706033,44.207355156177826,5.126281570392587,4.817012923394214,1.0,1.0,794.6986746686672,751.2745604169152
0.019183673469387756,0.3785714285714286,0.30888766632825987,0.29395128958975836,-0.014936376738501511,44.75482487334247,44.59534878319887,5.126281570392644,4.926726518370559,1.0,1.0,774.9437359339836,751.2307262358084
0.019183673469387756,0.38571428571428573,0.30639570060568483,0.2963028321756208,-0.010092868430064017,45.05749688076687,44.981824300903604,5.126281570392587,5.037244406933313,1.0,1.0,755.1887971992999,751.1859279968314
0.019183673469387756,0.39285714285714285,0.31445575031493067,0.2986446076585145,-0.015811142656416144,45.54861725992392,45.36682295540159,5.376344086021494,5.148522849971776,1.0,1.0,781.4453613403351,751.1401728235421
0.019183673469387756,0.4,0.31206588661804624,0.3009768896104726,-0.011088997007573653,45.851016875312055,45.75038954034904,5.376344086021494,5.260512031536198,1.0,1.0,762.4406101525382,751.0934659904221
0.019591836734693877,0.05,0.3018302705305657,0.30183027053056066,-5.051514762044462e-15,35.52936690948735,35.52936699477362,0.0,0.0,0.0,0.0,,
0.019591836734693877,0.05714285714285715,0.2762310980145093,0.2762310980145049,-4.385380947269368e-15,35.2925891669976,35.292589260225036,0.0,0.0,0.0,0.0,,
0.019591836734693877,0.0642857142857143,0.2545603065293642,0.2545603065293616,-2.55351295663786e-15,35.05958285096893,35.059582951814626,0.0,0.0,0.0,0.0,,
0.019591836734693877,0.07142857142857142,0.2359793385035762,0.23597933850357308,-3.1086244689504383e-15,34.83025169533032,34.8302518034865,0.0,0.0,0.0,0.0,,
0.019591836734693877,0.07857142857142857,0.21987241518991527,0.21987241518991205,-3.219646771412954e-15,34.604502820826625,34.60450293599934,0.0,0.0,0.0,0.0,,
0.019591836734693877,0.08571428571428572,0.2057771637077024,0.20577716370769883,-3.58046925441613e-15,34.38224658337971,34.382246705288054,0.0,0.0,0.0,0.0,,
0.019591836734693877,0.09285714285714286,0.19333964734884632,0.19333964734884238,-3.941291737419306e-15,34.163396430676016,34.16339655905155,0.0,0.0,0.0,0.0,,
0.019591836734693877,0.1,0.18228433876251943,0.18228433876251676,-2.6645352591003757e-15,33.947868766455045,33.94786890104126,0.0,0.0,0.0,0.0,,
0.019591836734693877,0.10714285714285715,0.17239354711232185,0.17239354711231883,-3.0253577421035516e-15,33.735582822018834,33.73558296257016,0.0,0.0,0.0,0.0,,
0.019591836734693877,0.1142857142857143,0.16349299966093978,0.16349299966093567,-4.107825191113079e-15,33.526460534507834,33.52646068078904,0.0,0.0,0.0,0.0,,
0.019591836734693877,0.12142857142857144,0.1554415318252284,0.1554415318252245,-3.913536161803677e-15,33.32042643152626,33.32042658331234,0.0,0.0,0.0,0.0,,
0.019591836734693877,0.1285714285714286,0.1481235818182317,0.1481235818182307,-9.992007221626409e-16,33.11740752173181,33.117407678807545,0.0,0.0,0.0,0.0,,
0.019591836734693877,0.13571428571428573,0.1414436384050778,0.14144363840507523,-2.55351295663786e-15,32.91733319102298,32.917333353181434,0.0,0.0,0.0,0.0,,
0.019591836734693877,0.14285714285714285,0.26605430827354365,0.26490325288731154,-0.0011510553862321138,32.9138726499014,32.913889515928474,2.2505626406601777,2.225744346337161,1.0,1.0,960.7401850462617,960.5903636529066
0.019591836734693877,0.15000000000000002,0.25800221531421574,0.25526393941300884,-0.002738275901206899,33.0281048515401,33.02277826599804,2.2505626406601777,2.190977508330253,1.0,1.0,912.4781195298825,912.4376932502338
0.019591836734693877,0.15714285714285714,0.2505083976020245,0.24639256324711045,-0.0041158343549140275,33.170631339341796,33.156493763990696,2.2505626406601777,2.160012369009201,1.0,1.0,865.7164291072769,865.6679718511268
0.019591836734693877,0.1642857142857143,0.2435254900102697,0.23820755777588604,-0.005317932234383677,33.34010925865592,33.31279511520293,2.2505626406601777,2.1322685924591505,1.0,1.0,820.2050512628158,820.1782223216651
0.019591836734693877,0.17142857142857143,0.23700299431826763,0.23063250708257443,-0.006370487235693195,33.5338972197579,33.489775054122696,2.250562640660121,2.1072772763553087,1.0,1.0,775.9439859964992,775.8755641236379
0.019591836734693877,0.1785714285714286,0.2308987254735342,0.22360194538427466,-0.007296780089259547,33.75156534418819,33.68579714542703,2.2505626406601777,2.084655604389264,1.0,1.0,732.6831707926982,732.6759247721484
0.019591836734693877,0.18571428571428572,0.22517185144393834,0.2170594604595925,-0.008112390984345824,33.98892457387876,33.89945165810607,2.2505626406601777,2.064087989128894,1.0,1.0,690.6726681670418,690.5029472942214
0.019591836734693877,0.1928571428571429,0.21979206162232306,0.21095617836526664,-0.00883588325705642,34.24827318458319,34.12951983387772,2.2505626406601777,2.045312021469,1.0,1.0,649.4123530882721,649.2870592565397
0.019591836734693877,0.2,0.2147270187840127,0.20524954309834806,-0.00947747568566465,34.52574815933388,34.3749447590537,2.2505626406601777,2.0281077650317463,1.0,1.0,609.152288072018,608.9646757179261
0.019591836734693877,0.20714285714285718,0.20995168729186264,0.19990232616586576,-0.010049361125996886,34.82207943469522,34.63480746135201,2.2505626406601777,2.012289574369789,1.0,1.0,569.6424106026507,569.4775137767659
0.019591836734693877,0.2142857142857143,0.1949995366418562,0.1948818171675506,-0.00011771947430561092,34.909941921664625,34.908307192920134,2.0005001250311807,1.9976996415294717,1.0,1.0,530.8827206801701,530.7720005707376
0.019591836734693877,0.22142857142857142,0.1908472274030852,0.19015915763171568,-0.0006880697713695372,35.2118277166333,35.19474505121934,2.000500125031266,1.984203061176232,1.0,1.0,492.8732183045762,492.79875990706483
0.019591836734693877,0.2285714285714286,0.18691492173320384,0.18570878971197663,-0.001206132021227213,35.52773760883997,35.49351034248722,2.0005001250312375,1.9716837364656392,1.0,1.0,455.613903475869,455.5121653494747
0.019591836734693877,0.2357142857142857,0.18318551688346787,0.1815079967378935,-0.0016775201455743738,35.856581568755175,35.804069112578624,2.000500125031266,1.9600413607142408,1.0,1.0,419.10477619404855,418.8699497130821
0.019591836734693877,0.24285714285714288,0.1796469680195046,0.17753651886820498,-0.002110449151299626,36.2026574973306,36.12595453804404,2.000500125031266,1.949188701371896,1.0,1.0,382.845711427857,382.8328626319922
0.019591836734693877,0.25,0.17628025778516287,0.17377622919692493,-0.00250402858823795,36.55719718831131,36.458758748805735,2.000500125031266,1.9390496902691676,1.0,1.0,347.5868967241811,347.3643692540604
0.019591836734693877,0.2571428571428572,0.17307778700678406,0.1702108602783369,-0.0028669267284471556,36.927457151956915,36.8021259600542,2.000500125031266,1.9295575120602741,1.0,1.0,312.57814453613406,312.43038424914084
0.019591836734693877,0.2642857142857143,0.17002638497581987,0.16682577111692423,-0.00320061385889564,37.310075941748,37.15574651866891,2.0005001250312375,1.9206535057630398,1.0,1.0,278.06951737934486,277.99903624466145
0.019591836734693877,0.27142857142857146,0.16711559846581425,0.30833049716508193,0.14121489869926768,37.70439241942688,37.53893795931611,2.0005001250312517,4.311753527226394,1.0,2.0,244.06101525381348,244.0404585643663
0.019591836734693877,0.2785714285714286,0.3196798995578116,0.30910521270721,-0.010574686850601644,38.18482718369972,38.097340057316664,4.501125281320327,4.280321800458479,2.0,2.0,210.5526381595399,210.52660277603533
0.019591836734693877,0.28571428571428575,0.3167677834535933,0.30411199163877806,-0.012655791814815243,38.78619823269096,38.68565327338765,4.501125281320327,4.250912080676064,2.0,2.0,177.54438609652414,177.43107207659344
0.019591836734693877,0.29285714285714287,0.31333870026811056,0.2993595421583023,-0.013979158109808265,39.414680373795036,39.2978108363931,4.501125281320384,4.223337846284268,2.0,2.0,144.7861965491373,144.72897197793253
0.019591836734693877,0.3,0.3100502541321054,0.2948363644452282,-0.015213889686877202,40.06918112599848,39.933450418166636,4.50112528132032,4.197434698481813,2.0,2.0,112.52813203300826,112.39677612050517
0.019591836734693877,0.30714285714285716,0.3068954508440449,0.2905268052055672,-0.01636864563847773,40.750771445954804,40.59228320624578,4.50112528132032,4.173057167400841,2.0,2.0,80.52013003250813,80.41220534435386
0.019591836734693877,0.3142857142857143,0.3038666556519567,0.2864165924549805,-0.017450063196976173,41.45903185862192,41.27408186259323,4.50112528132032,4.150077491113918,2.0,2.0,48.76219054763691,48.754116245764145
0.019591836734693877,0.32142857142857145,0.3008951830273275,0.2824884038565968,-0.01840677917073069,42.18839756989261,41.977955722353784,4.501125281320318,4.12934069077601,2.0,2.0,17.504376094023506,17.400837606823167
0.019591836734693877,0.32857142857142857,0.2956984488728874,0.281290298607768,-0.01440815026511938,42.6652001158551,42.528575546910375,4.376094023505866,4.200555296897075,1.0,1.0,764.6911727931983,751.2066477070508
0.019591836734693877,0.33571428571428574,0.30535676253489014,0.28371341354710805,-0.021643348987782085,43.209723423024826,42.92613227079938,4.626156539134772,4.305333185204655,1.0,1.0,797.949487371843,751.1691191562513
0.019591836734693877,0.34285714285714286,0.3024173449692759,0.28612548668659876,-0.016291858282677152,43.500704638728074,43.32200516310425,4.626156539134772,4.411030010165997,1.0,1.0,775.9439859964992,751.1305376263397
0.019591836734693877,0.35000000000000003,0.299574045606913,0.28852662849755967,-0.011047417109353308,43.79830504122778,43.71621172263114,4.626156539134772,4.5176458025613115,1.0,1.0,754.1885471367842,751.090924706421
0.019591836734693877,0.35714285714285715,0.3086300767830689,0.29091697375974873,-0.017713103023320187,44.322231151423395,44.10877350900906,4.876219054763681,4.6251727538503475,1.0,1.0,784.696174043511,751.0502991691002
0.019591836734693877,0.3642857142857143,0.3059109670413685,0.29329668211516324,-0.012614284926205255,44.618856411948634,44.499716241356296,4.876219054763737,4.733595249682549,1.0,1.0,763.9409852463116,751.0086770863858
0.019591836734693877,0.37142857142857144,0.3144155570219647,0.29566593834903887,-0.01874961867292585,45.12707803240355,44.88906983496882,5.126281570392587,4.842889870089129,1.0,1.0,791.9479869967493,750.9660719663781
0.019591836734693877,0.3785714285714286,0.31181414470921726,0.29802495190943684,-0.013789192799780414,45.42434894844978,45.276868344924445,5.126281570392587,4.953025780941243,1.0,1.0,771.9429857464366,750.9224949039464
0.019591836734693877,0.38571428571428573,0.30928755371161254,0.3003739562927591,-0.008913597418853447,45.72456450428453,45.66314985029201,5.126281570392587,5.0639649218966944,1.0,1.0,752.4381095273819,750.8779547460497
0.019591836734693877,0.39285714285714285,0.31736144834206337,0.3027132078164994,-0.01464824052556396,46.21585784100711,46.04795625177823,5.376344086021494,5.175662445116903,1.0,1.0,778.6946736684172,750.8324582878911
0.019591836734693877,0.4,0.3149405369744412,0.30504298373058836,-0.00989755324385283,46.5179168917938,46.43133298199268,5.376344086021494,5.288067464283084,1.0,1.0,759.6899224806202,750.7860104799797
0.02,0.05,0.30610696377157975,0.30610696377157587,-3.885780586188048e-15,36.24499619014353,36.244996272427656,0.0,0.0,0.0,0.0,,
0.02,0.05714285714285715,0.28029038369639153,0.28029038369638654,-4.9960036108132044e-15,36.00353621076207,36.003536301128065,0.0,0.0,0.0,0.0,,
0.02,0.0642857142857143,0.25841453663586866,0.2584145366358637,-4.9404924595819466e-15,35.76591951661765,35.76591961473824,0.0,0.0,0.0,0.0,,
0.02,0.07142857142857142,0.23964238740885688,0.23964238740885185,-5.023759186428833e-15,35.53204807940052,35.53204818496198,0.0,0.0,0.0,0.0,,
0.02,0.07857142857142857,0.22335824790351297,0.22335824790350856,-4.413136522884997e-15,35.30182731703849,35.301827429741586,0.0,0.0,0.0,0.0,,
0.02,0.08571428571428572,0.20909914866681442,0.20909914866681004,-4.385380947269368e-15,35.075165939514285,35.075166059074,0.0,0.0,0.0,0.0,,
0.02,0.09285714285714286,0.1965102533378928,0.19651025333788824,-4.551914400963142e-15,34.85197580304052,34.851975929182956,0.0,0.0,0.0,0.0,,
0.02,0.1,0.18531503119940948,0.18531503119940615,-3.3306690738754696e-15,34.632171772059294,34.63217190452355,0.0,0.0,0.0,0.0,,
0.02,0.10714285714285715,0.17529478661613918,0.17529478661613684,-2.3314683517128287e-15,34.415671588579464,34.41567172711573,0.0,0.0,0.0,0.0,,
0.02,0.1142857142857143,0.16627429103921562,0.16627429103921462,-9.992007221626409e-16,34.20239574838857,34.202395892757515,0.0,0.0,0.0,0.0,,
0.02,0.12142857142857144,0.15811149557074575,0.15811149557074283,-2.914335439641036e-15,33.992267383719664,33.99226753369213,0.0,0.0,0.0,0.0,,
0.02,0.1285714285714286,0.1506900331532998,0.15069003315329654,-3.247402347028583e-15,33.785212151975934,33.78521230733264,0.0,0.0,0.0,0.0,,
0.02,0.13571428571428573,0.14391366601306513,0.14391366601306319,-1.942890293094024e-15,33.581158130147024,33.581158290677884,0.0,0.0,0.0,0.0,,
0.02,0.14285714285714285,0.2696386225414698,0.2690916599322764,-0.0005469626091934021,33.59288227455744,33.59343207635205,2.2505626406601777,2.238805215747562,1.0,1.0,957.4893723430858,957.3198726051901
0.02,0.15000000000000002,0.26149008766536375,0.2592983946202018,-0.0021916930451619243,33.70373020903507,33.700301423503085,2.2505626406601777,2.203130405017874,1.0,1.0,909.4773693423357,909.292395955244
0.02,0.15714285714285714,0.25390974789109644,0.25028731294121537,-0.0036224349498810704,33.84465682159726,33.83224004332865,2.2505626406601777,2.171367358253338,1.0,1.0,862.71567891973,862.637658685908
0.02,0.1642857142857143,0.24684177395811813,0.2419717840387648,-0.004869989919353335,34.01098051693662,33.98699303941622,2.2505626406601777,2.142917392903474,1.0,1.0,817.4543635908977,817.2537866160777
0.02,0.17142857142857143,0.24023961792344692,0.23427452706142815,-0.005965090862018768,34.20361639211133,34.16263688777698,2.2505626406601777,2.1172970142564744,1.0,1.0,773.1932983245812,773.0488508340782
0.02,0.1785714285714286,0.2340569255013011,0.22712931461484784,-0.006927610886453273,34.41832291583746,34.357520434293725,2.2505626406601777,2.094111721444643,1.0,1.0,730.1825456364091,729.9396037655954
0.02,0.18571428571428572,0.22825870558148822,0.22047906156590452,-0.007779644015583703,34.657077930170665,34.57022064502668,2.250562640660121,2.073036438191776,1.0,1.0,687.9219804951239,687.850406648222
0.02,0.1928571428571429,0.22280656931240608,0.21427429749450802,-0.008532271817898063,34.91371574392824,34.79950674838011,2.2505626406601777,2.053800995327766,1.0,1.0,646.911727931983,646.7123149404476
0.02,0.2,0.2176739702768979,0.2084719359721602,-0.009202034304737677,35.190848562002465,35.0443109821886,2.2505626406601777,2.0361791011237083,1.0,1.0,606.6516629157289,606.4622947599588
0.02,0.20714285714285718,0.2128337622504396,0.20303427559294193,-0.009799486657497664,35.48703420001484,35.303704597556035,2.2505626406601777,2.019979707163294,1.0,1.0,567.1417854463616,567.0425485956708
0.02,0.2142857142857143,0.20825981799415103,0.19792818276385804,-0.010331635230292985,35.79837359314407,35.57687800611332,2.2505626406601777,2.0050406363501687,1.0,1.0,528.6321580395099,528.3999325990465
0.02,0.22142857142857142,0.19351802695208895,0.19312441972776273,-0.00039360722432621453,35.87197193233117,35.86312436058107,2.000500125031266,1.9912230712943717,1.0,1.0,490.622655663916,490.4854509858815
0.02,0.2285714285714286,0.18952867305474924,0.18859708724412588,-0.0009315858106233588,36.18793109803231,36.16182576795246,2.000500125031266,1.9784078122174842,1.0,1.0,453.3633408352088,453.2538156545688
0.02,0.2357142857142857,0.18574444166176643,0.184323161014245,-0.0014212806475214224,36.516959604684786,36.47244180303156,2.0005001250312375,1.966491754882737,1.0,1.0,416.8542135533884,416.663061194378
0.02,0.24285714285714288,0.18215149090444377,0.18028210304401454,-0.001869387860429228,36.860698073764375,36.794499795153705,2.0005001250312375,1.955385331454455,1.0,1.0,380.84521130282576,380.6742071273888
0.02,0.25,0.17873574475105458,0.1764555345272805,-0.0022802102237740873,37.21836146250485,37.12758662147474,2.000500125031266,1.9450103706854869,1.0,1.0,345.3363340835209,345.2509605820245
0.02,0.2571428571428572,0.17548278712339693,0.17282695909032905,-0.0026558280330678807,37.58639173757071,37.471341736599534,2.0005001250312375,1.9352983633929406,1.0,1.0,310.5776444111028,310.3594537014133
0.02,0.2642857142857143,0.1723843688043214,0.1693815276268348,-0.003002841177486587,37.96964827092992,37.82545124236954,2.000500125031266,1.9261890020396102,1.0,1.0,276.0690172543136,275.9680109948648
0.02,0.27142857142857146,0.1694282703529564,0.31506114783064104,0.14563287747768464,38.36471304270377,38.219928944685186,2.000500125031266,4.333217923343184,1.0,2.0,242.0605151287822,242.04694258629388
0.02,0.2785714285714286,0.32333471841452865,0.3133943554252687,-0.009940362989259932,38.86277251011636,38.78223814521825,4.501125281320327,4.300894037762193,2.0,2.0,208.80220055013754,208.56835992899258
0.02,0.28571428571428575,0.32003127593408864,0.3083035756464887,-0.011727700287599951,39.4699468746281,39.37252127294137,4.501125281320299,4.270658494660167,2.0,2.0,175.5438859714929,175.50601106774133
0.02,0.29285714285714287,0.31655578435066273,0.3034600400776842,-0.013095744272978549,40.09802533184891,39.98688427023503,4.501125281320313,4.242317774344703,2.0,2.0,143.03575893973493,142.8351329554096
0.02,0.3,0.3132247811843865,0.2988497743009185,-0.014375006883467989,40.75541953486099,40.62496051120181,4.501125281320327,4.215701496845579,2.0,2.0,110.77769442360591,110.53231868735256
0.02,0.30714285714285716,0.31002616298993185,0.2944568626720391,-0.015569300317892776,41.438309457770906,41.28645554488338,4.501125281320327,4.190659006818898,2.0,2.0,78.76969242310578,78.57539781212381
0.02,0.3142857142857143,0.306956669685928,0.290266792835536,-0.01668987685039197,42.149837930398036,41.97113664133345,4.501125281320316,4.167058446817102,2.0,2.0,47.011752938234565,46.94332497378094
0.02,0.32142857142857145,0.3039176195907605,0.2862600616974857,-0.017657557893274833,42.880945681898204,42.677775007086524,4.501125281320318,4.1461836770875395,2.0,2.0,15.753938484621157,15.613805609414664
0.02,0.32857142857142857,0.298680254689711,0.28537845001612766,-0.013301804673583328,43.33316693931258,43.21141958029221,4.376094023505866,4.224143564960107,1.0,1.0,761.9404851212804,750.8970466669593
0.02,0.33571428571428574,0.3083626105555929,0.28779903087177094,-0.020563579683821942,43.88004140318915,43.6087869664334,4.626156539134829,4.329331748143888,1.0,1.0,794.9487371842961,750.859764113685
0.02,0.34285714285714286,0.30538463878883226,0.2902085590843109,-0.01517607970452134,44.168550139238704,44.00446804030014,4.626156539134772,4.435443762052456,1.0,1.0,773.1932983245812,750.821431232279
0.02,0.35000000000000003,0.3025057313502451,0.2926071483732758,-0.009898582976969328,44.465779587046065,44.398480834338606,4.626156539134772,4.542478751009913,1.0,1.0,751.4378594648663,750.7820693761753
0.02,0.35714285714285715,0.31158049041067987,0.29499493696313306,-0.016585553447546808,44.98994732107284,44.79084748255089,4.876219054763681,4.650427969472366,1.0,1.0,781.945486371593,750.7416970549095
0.02,0.3642857142857143,0.3088274366741818,0.29737208812608584,-0.011455348548095934,45.286192828666515,45.181594313912875,4.876219054763681,4.759274803256266,1.0,1.0,761.1902975743936,750.7003300582178
0.02,0.37142857142857144,0.3173473383718903,0.29973879044556306,-0.01760854792632721,45.794631636093314,45.57075188281389,5.126281570392644,4.868994747838588,1.0,1.0,789.1972993248313,750.6579815907348
0.02,0.3785714285714286,0.31471351056904845,0.3020952571918539,-0.012618253377194522,46.09152628106779,45.95835489782493,5.126281570392587,4.979555901387356,1.0,1.0,769.1922980745187,750.6146624274671
0.02,0.38571428571428573,0.3227673805795248,0.3044417257413095,-0.0183256548382153,46.5878278497015,46.34444210089285,5.376344086021551,5.090919077696161,1.0,1.0,794.9487371842961,750.5703810899404
0.02,0.39285714285714285,0.3202423401122186,0.30677845620770466,-0.013463883904513918,46.882851730644774,46.729056049324,5.376344086021494,5.203038332847061,1.0,1.0,775.9439859964992,750.5251440405964
0.02,0.4,0.31779098688409335,0.30910572954372323,-0.008685257340370123,47.18458394419811,47.11224281763146,5.376344086021494,5.315861682637476,1.0,1.0,756.9392348087023,750.4789558966355
