row_id,node_activation,event_activation,phi_R_T_nodal,phi_R_T_event,phi_R_T_delta,A_R_nodal,A_R_event,A_R_delta,A_u_nodal,A_u_event,A_u_delta,A_N_nodal,A_N_event,A_N_delta,N_T_nodal,N_T_event,N_T_delta,N_max_nodal,N_max_event,N_max_delta,n_cycles_nodal,n_cycles_event,n_cycles_delta,first_on_nodal,first_on_event,first_on_delta
0,True,True,0.3980846122979385,0.30983533723442847,-0.08824927506351005,224.00766517714547,229.28020614200602,5.2725409648605535,4.5,3.0546434828516813,-1.4453565171483187,784.7102834402995,835.2393696225369,50.52908618223739,0.3224323101482814,0.48484881126862334,0.16241650112034195,0.5221819246571906,0.5221819246571905,-1.1102230246251565e-16,2.0,2.0,0.0,0.0,0.0,0.0
1,True,True,0.4403058575741227,0.4447056770169234,0.0043998194428006565,280.92936799823445,285.28539881080934,4.356030812574886,4.5,3.258546546968866,-1.2414534530311339,771.0797727930275,779.0794852755125,7.999712482485052,0.4781698457502911,0.5387788213948786,0.06060897564458756,0.5498641640460867,0.5497778097837989,-8.63542622878688e-05,3.0,3.0,0.0,912.5,912.480062952727,-0.019937047272946984
2,False,False,0.2481714335706964,0.2481636001669009,-7.833403795509675e-06,151.73814965170735,151.69318193736515,-0.044967714342192266,0.0,0.0,0.0,645.7412229300593,645.5480645046861,-0.1931584253732126,0.6010297989916391,0.6009663965328994,-6.340245873970307e-05,0.6009519613004318,0.6009663965328994,1.443523246758005e-05,0.0,0.0,0.0,,,
3,True,True,0.5681518962319911,0.4958719611079311,-0.07227993512406006,231.82379074087635,225.30787532007156,-6.515915420804788,3.0,2.449497770087329,-0.550502229912671,982.9396912961076,1013.1954173676274,30.255726071519803,0.4387269693927792,0.496541029652687,0.05781406025990776,0.5625074683074195,0.562398081762516,-0.0001093865449034448,5.0,6.0,1.0,208.0,207.58226798744994,-0.4177320125500614
4,True,True,0.1847151601664234,0.17451051676377258,-0.010204643402650815,111.14787339016678,113.17032916715561,2.022455776988835,1.5,1.1446043575822842,-0.3553956424177158,708.0099750080464,740.540272348957,32.53029734091069,0.5221417329068951,0.5638819167038366,0.041740183796941444,0.6655320027263626,0.6654865998278148,-4.5402898547819426e-05,1.0,1.0,0.0,553.0,552.6781841541716,-0.3218158458283824
5,True,True,0.0853120595071922,0.10074958326874751,0.015437523761555313,29.996160810891052,29.430173668098988,-0.5659871427920642,1.0,1.2121364439284663,0.2121364439284663,385.4142318848241,417.06006140279896,31.645829517974846,0.4946097860746404,0.4049287146472048,-0.08968107142743559,0.595856732380435,0.595856732380435,0.0,0.0,1.0,1.0,0.0,0.0,0.0
6,True,True,0.4438496052424338,0.4414587954055913,-0.002390809836842478,251.30488468430173,251.80946112902853,0.5045764447268084,7.0,6.735015161230687,-0.2649848387693128,921.6009126432356,924.3335494832519,2.732636840016312,0.5705376915653579,0.5752084590434663,0.004670767478108351,0.685759033665104,0.685702139423506,-5.68942415980489e-05,1.0,1.0,0.0,1032.0,1031.693684169164,-0.30631583083595615
7,False,False,0.2393793790979159,0.239369090189735,-1.028890818088879e-05,106.88489713782144,106.85986755669475,-0.025029581126688072,0.0,0.0,0.0,483.3057586896361,483.1836256520616,-0.12213303757448557,0.5810705484353389,0.5810250780677728,-4.547036756608058e-05,0.5809888341513275,0.5810250780677728,3.6243916445299895e-05,0.0,0.0,0.0,,,
8,False,False,0.1348205402943816,0.1348288149279249,8.274633543303711e-06,92.3368136924878,92.3180740340864,-0.018739658401401016,0.0,0.0,0.0,589.6754718990289,589.5660086173153,-0.10946328171360165,0.5967643408435771,0.5966837837137308,-8.0557129846337e-05,0.5966397740779901,0.5966837837137308,4.400963574069383e-05,0.0,0.0,0.0,,,
9,True,True,0.1952169783859972,0.19489210520772718,-0.00032487317827001316,48.2042287138714,48.19161689114449,-0.012611822726910304,1.0,0.9845367905974854,-0.015463209402514555,393.9694344250433,393.9678704604729,-0.0015639645703799943,0.4875405987234674,0.4882101327835413,0.0006695340600739175,0.5926952425137816,0.5925979789235593,-9.726359022232955e-05,1.0,1.0,0.0,568.0,567.7509574624878,-0.24904253751219585
10,True,True,0.4244539395437871,0.4172253069415473,-0.007228632602239771,137.0398912828255,137.1732068666626,0.13331558383711695,3.5,3.184894129994793,-0.31510587000520696,771.4868299169405,772.5921339450567,1.1053040281162794,0.5386940907576088,0.5506524257755745,0.011958335017965727,0.6694593364305526,0.6693995239019964,-5.9812528556135725e-05,2.0,2.0,0.0,724.0,723.7919576848915,-0.20804231510851423
11,True,True,0.1888095855539609,0.14162317463694543,-0.047186410917015476,105.81960790072463,105.05096294906336,-0.7686449516612726,2.0,1.138425040972652,-0.861574959027348,885.8324188490317,922.8793196013784,37.04690075234669,0.4758334435212055,0.6251222722681492,0.1492888287469437,0.6611205535060692,0.6610810321610809,-3.952134498830251e-05,2.0,2.0,0.0,854.0,853.8729634483699,-0.12703655163011263
12,True,True,0.0331897164797161,0.033338467005178216,0.00014875052546211437,39.80212857758908,39.80066546396837,-0.0014631136207086115,29.0,28.675001615146314,-0.3249983848536857,430.6211138205727,430.6953965556952,0.07428273512249461,0.3993073967853269,0.40077121829654994,0.0014638215112230402,0.5822933038113294,0.5822216765378029,-7.162727352649778e-05,1.0,1.0,0.0,918.5,918.3109812616347,-0.18901873836534833
13,True,True,0.3138464487581506,0.3317864181463301,0.01793996938817949,146.8094479449591,148.69085925321056,1.8814113082514723,5.5,6.090967272582925,0.5909672725829251,680.008910252335,690.0460874936578,10.037177241322752,0.5055571049649749,0.43572867957898664,-0.06982842538598821,0.527181770138308,0.5270810634301479,-0.00010070670816009208,3.0,4.0,1.0,492.0,491.94468704675063,-0.05531295324936991
14,False,False,0.0303181634694041,0.030316955572726047,-1.207896678054321e-06,17.74906959370092,17.746097694745725,-0.002971898955195229,0.0,0.0,0.0,642.8912977667386,642.7676140439951,-0.12368372274352168,0.7191436998649493,0.7191039767865818,-3.97230783675262e-05,0.7190608341087082,0.7191039767865818,4.31426778735311e-05,0.0,0.0,0.0,,,
15,True,True,0.250609973761834,0.21305299005579903,-0.037556983706034996,183.91046867330755,182.02620049113898,-1.8842681821685687,1.0,0.5639563254138921,-0.43604367458610793,1064.5125749740507,1112.4721116204182,47.959536646367496,0.5975130140609776,0.6704098452067911,0.07289683114581358,0.7276816831807358,0.727641580699257,-4.010248147878759e-05,1.0,1.0,0.0,1111.5,1111.179165926745,-0.32083407325490043
16,True,True,0.0291482477171892,0.0288210900574763,-0.0003271576597129004,23.23727166333375,23.239035781024512,0.0017641176907616796,20.0,19.42396991078277,-0.5760300892172303,1050.0497468387837,1052.1941444323982,2.1443975936144852,0.6689382592618037,0.6758796221321636,0.006941362870359846,0.6845753976086442,0.6844077987363575,-0.00016759887228667836,3.0,3.0,0.0,860.5,860.0622283981957,-0.43777160180434294
17,True,True,0.1548818003245349,0.15384031708011095,-0.001041483244423963,122.605345185715,122.67142940626664,0.06608422055164453,0.5,0.4708308924688028,-0.029169107531197225,821.662208352627,824.2333505726426,2.571142220015645,0.704169209273381,0.7092401424547522,0.0050709331813711955,0.718001963247525,0.7179008689170094,-0.00010109433051552763,1.0,1.0,0.0,823.5,823.0376190511153,-0.4623809488847428
18,False,False,0.2296868759953632,0.22968413652520833,-2.73947015486109e-06,101.4897189916759,101.49370246288444,0.003983471208542255,0.0,0.0,0.0,473.4235862647004,473.4260382776621,0.00245201296166897,0.6173072907548829,0.6172864731584012,-2.081759648164816e-05,0.6171897422420781,0.6172864731584012,9.673091632311781e-05,0.0,0.0,0.0,,,
19,True,True,0.0537648399988695,0.05165917787418184,-0.002105662124687664,37.18277596079143,37.178065972473874,-0.004709988317557645,1.0,0.7358674721326681,-0.2641325278673319,893.11433920974,893.7407108542003,0.6263716444602778,0.6030566259193855,0.6290383702613778,0.025981744341992297,0.728336770277608,0.7282855587465823,-5.121153102571885e-05,1.0,1.0,0.0,1394.5,1394.1106195381312,-0.3893804618687682
20,True,True,0.2328451515273386,0.2300919014732948,-0.002753250054043782,106.6051798687176,108.12986123668756,1.5246813679699613,5.5,5.0586185871768965,-0.4413814128231035,546.9260269972807,555.8109966737171,8.884969676436413,0.45670359317112,0.4749370432555561,0.018233450084436054,0.5369203398141666,0.5369203398141666,0.0,1.0,1.0,0.0,0.0,0.0,0.0
21,True,True,0.1250420966641464,0.13023574879465263,0.005193652130506238,106.87025967598667,110.54470234762888,3.674442671642211,10.0,9.119925966366996,-0.8800740336330044,793.2289045625353,799.9644031876896,6.735498625154378,0.4533996241741815,0.4843971730635612,0.030997548889379722,0.6150488746157777,0.6150488746157776,-1.1102230246251565e-16,3.0,3.0,0.0,0.0,0.0,0.0
22,True,True,0.092397286487695,0.09144190280053358,-0.0009553836871614291,47.43303982482068,47.459206820992044,0.0261669961713622,5.0,4.91931476254831,-0.0806852374516902,559.3804052521045,560.9361594380598,1.5557541859552657,0.434924624510027,0.44011915833448667,0.005194533824459668,0.5358807619134401,0.5357204939876533,-0.0001602679257868278,2.0,2.0,0.0,468.5,468.4563059625101,-0.04369403748989953
23,True,True,0.9806792552895532,0.9752114426561908,-0.00546781263336249,355.4061692667144,335.90713423308813,-19.499035033626285,5.0,4.328466303797906,-0.6715336962020944,632.8596149411261,640.9730771501905,8.113462209064437,0.5503797855300164,0.5710162856281473,0.020636500098130894,0.617017018590585,0.6167898045039139,-0.00022721408667114584,5.0,6.0,1.0,387.0,386.51813507006636,-0.4818649299336357
24,False,False,0.1907109807559953,0.19069744351393114,-1.3537242064154409e-05,145.05526477397493,145.022628805084,-0.032635968890929234,0.0,0.0,0.0,871.7631502665282,871.5722494117698,-0.1909008547584108,0.6577339717102803,0.6576487592053422,-8.521250493809251e-05,0.6576366003866893,0.6576487592053422,1.2158818652907577e-05,0.0,0.0,0.0,,,
25,True,True,0.995954048959518,0.9851627766080818,-0.010791272351436176,599.7667039833693,580.5103974300074,-19.256306553361924,13.0,8.324893033612158,-4.675106966387842,838.8611018408683,864.253379989151,25.392278148282685,0.5168826363018825,0.5842987804084734,0.06741614410659091,0.6379219286128222,0.637921928612822,-1.1102230246251565e-16,3.0,3.0,0.0,0.0,0.0,0.0
26,True,True,0.410192584306765,0.3357863771752764,-0.0744062071314886,195.44646815417244,183.67468973373323,-11.771778420439205,3.0,2.1575313321198344,-0.8424686678801656,967.1303030634004,990.148101521248,23.01779845784756,0.4134134154286584,0.4970735616874944,0.083660146258836,0.6197179117928012,0.6196520052529926,-6.590653980864669e-05,2.0,2.0,0.0,496.5,496.08015655108676,-0.419843448913241
27,True,True,0.3596620536413757,0.3595492269937817,-0.00011282664759398875,195.63720552392817,195.7846340155679,0.14742849163971528,10.0,9.952875797118741,-0.047124202881258626,906.585154158,906.9872032457798,0.4020490877798011,0.5154145893599618,0.5159446978088569,0.0005301084488951169,0.5740969695801527,0.574060053184374,-3.691639577863004e-05,1.0,1.0,0.0,893.0,892.7684367605985,-0.23156323940145285
28,True,True,0.4219639477501158,0.39494015614544004,-0.027023791604675773,240.76656938424583,241.06126731793785,0.2946979336920208,1.0,0.7230923975643238,-0.27690760243567625,860.6667288056545,874.9709570606383,14.304228254983741,0.5350130550016076,0.569792594157439,0.03477953915583143,0.6295984431027111,0.6295837555597728,-1.4687542938318643e-05,1.0,1.0,0.0,1293.0,1292.9176275186805,-0.08237248131945307
29,False,False,0.2040049814949919,0.20399240096335383,-1.2580531638078929e-05,90.55716952112536,90.5297327114839,-0.02743680964145767,0.0,0.0,0.0,488.80452283963206,488.651989627682,-0.15253321195007175,0.5432539330797931,0.5431883615736838,-6.557150610930762e-05,0.5431648291830521,0.5431883615736838,2.353239063168644e-05,0.0,0.0,0.0,,,
30,True,True,0.0441196735411024,0.04414974133883365,3.006779773125079e-05,17.69314893507927,17.707314987368036,0.014166052288764774,4.0,3.980787646764659,-0.019212353235340984,428.2196931477376,428.30259823191597,0.08290508417837827,0.5583543960695292,0.5587460739463731,0.00039167787684391,0.6205742656707709,0.6205087774938445,-6.54881769264204e-05,1.0,1.0,0.0,210.0,209.68045450406026,-0.31954549593973525
31,True,True,0.5914392911286864,0.7449650869243766,0.15352579579569015,361.8716593342695,361.54961769642574,-0.3220416378437676,10.0,15.764740882138682,5.764740882138682,955.6357137785574,959.737253928504,4.1015401499465725,0.5753073564427724,0.42639910197690156,-0.14890825446587086,0.5830719429093512,0.5829667778494297,-0.00010516505992141933,3.0,4.0,1.0,372.0,371.8338124585469,-0.16618754145309822
32,True,True,0.356736446773395,0.3533911847150746,-0.0033452620583204196,150.6127043283895,151.17786676448404,0.5651624360945391,13.0,12.319444265175818,-0.680555734824182,702.8001605092987,705.2694734781383,2.4693129688395175,0.5845807189956602,0.5928439157003629,0.008263196704702658,0.5932765136532699,0.5931268593139744,-0.0001496543392955907,3.0,3.0,0.0,334.0,333.85550631282837,-0.14449368717163225
33,True,True,0.9940550276050852,0.9982233936125775,0.0041683660074922635,463.0903523989761,460.5795378649348,-2.5108145340412875,9.0,13.003969666449091,4.003969666449091,695.4978918749008,699.5274197561245,4.0295278812236575,0.6341603547624576,0.503687845555787,-0.13047250920667053,0.6440749251645456,0.6439235780319139,-0.00015134713263165178,3.0,4.0,1.0,371.0,370.70310587820256,-0.29689412179743613
34,True,True,0.2923274013875268,0.2752691794930106,-0.017058221894516168,207.0858817032937,206.7766391947925,-0.3092425085011996,4.0,3.4486032157816244,-0.5513967842183756,878.2156836604205,897.8263514021294,19.61066774170888,0.4691771007166313,0.49499490443247773,0.02581780371584641,0.5765249786202689,0.5765249786202687,-1.1102230246251565e-16,1.0,1.0,0.0,0.0,0.0,0.0
35,True,True,0.4372158521759282,0.4008497570776835,-0.03636609509824468,245.4021807150938,243.9565258428477,-1.4456548722461093,1.0,0.7185490113915876,-0.28145098860841244,900.4945313840467,910.4530044841651,9.958473100118454,0.6044056531306519,0.6582371779720151,0.05383152484136322,0.6999746201959103,0.6999001222072498,-7.4497988660438e-05,2.0,2.0,0.0,854.5,854.3555927971908,-0.1444072028092478
36,True,True,0.9496587737360276,0.9607217814560135,0.011063007719985918,455.1604109953346,435.24444871870423,-19.915962276630353,14.0,16.007674641138834,2.007674641138834,1042.669490625201,1056.0687031262337,13.399212501032707,0.5902265641320343,0.5597439270355145,-0.030482637096519882,0.599720278002192,0.5996339075774788,-8.637042471315581e-05,7.0,9.0,2.0,195.0,194.7210976681459,-0.2789023318541126
37,True,True,0.1560150559328671,0.13069096154045654,-0.025324094392410568,79.923658275092,77.07868990088544,-2.844968374206559,1.0,0.7048920951026958,-0.2951079048973042,1046.8494270166257,1091.594844681678,44.7454176650524,0.5932323592232535,0.6437957443112432,0.05056338508798974,0.7183188441924304,0.7182705800296629,-4.826416276748624e-05,1.0,1.0,0.0,983.0,982.6575268045249,-0.34247319547512234
38,True,True,0.9914170260195788,0.9823551525840215,-0.00906187343555731,355.876487975696,356.74808571727243,0.8715977415764087,5.0,3.8452581851277525,-1.1547418148722475,714.4208230225169,721.1849971724936,6.764174149976725,0.4208980974414986,0.48343829902619795,0.06254020158469936,0.517534174289726,0.5172902160777406,-0.00024395821198541778,4.0,4.0,0.0,828.5,828.2644377272755,-0.23556227272445085
39,False,False,0.0364963099651969,0.036494804447621064,-1.5055175758352246e-06,11.229428072703636,11.227614436788055,-0.0018136359155800363,0.0,0.0,0.0,333.5553893116305,333.49396566665234,-0.061423644978162883,0.456728968578154,0.456677859303396,-5.1109274757987766e-05,0.4566203469405507,0.456677859303396,5.7512362845291154e-05,0.0,0.0,0.0,,,
40,True,True,0.1803154572177395,0.1824919723213344,0.0021765151035949004,123.12651466308512,123.17117548914737,0.04466082606225541,6.5,6.286457778792823,-0.21354222120717736,481.5581778609807,481.6935481212237,0.13537026024300758,0.3350260345344192,0.3395128584036888,0.004486823869269574,0.5195828645996077,0.5194950799927596,-8.778460684810696e-05,1.0,1.0,0.0,1117.0,1116.5561453527437,-0.4438546472563303
41,True,True,0.2161092339412222,0.18736347000494277,-0.028745763936279423,114.7514867013085,107.48440661436594,-7.267080086942556,2.0,1.5116801588272215,-0.4883198411727785,814.0548512543025,837.8549131832601,23.800061928957575,0.6907332621245064,0.7204013257609903,0.029668063636483888,0.7290333744395032,0.729004840776669,-2.853366283417369e-05,1.0,1.0,0.0,588.0,587.8622821052656,-0.13771789473435092
42,False,False,0.3767966356391743,0.3767838367870834,-1.2798852090933899e-05,164.5014245664919,164.47578675710784,-0.025637809384051025,0.0,0.0,0.0,473.2992434445461,473.21701612343827,-0.08222732110783681,0.5183580984076122,0.5183115348804875,-4.6563527124621196e-05,0.5182662284824879,0.5183115348804875,4.5306397999600456e-05,0.0,0.0,0.0,,,
43,True,True,0.1100052469486364,0.11046358852434901,0.0004583415757126036,93.56973361018946,93.8889967786284,0.3192631684389369,13.0,12.74314412546807,-0.2568558745319294,768.2992849682274,769.2233996546782,0.924114686450821,0.3601358989243992,0.3662971934797887,0.006161294555389496,0.5675784923741247,0.5675027280494357,-7.57643246890316e-05,2.0,2.0,0.0,326.0,325.6660822869538,-0.333917713046219
44,True,True,0.3032027083841715,0.24060247836369117,-0.06260023002048035,166.4243201003551,164.35934118913644,-2.0649789112186454,2.0,1.4700105038704352,-0.5299894961295648,875.2656707162045,933.2031578261881,57.937487109983635,0.4381439419840692,0.546247901910948,0.10810395992687877,0.5486347030549314,0.5484828452173878,-0.00015185783754367854,4.0,7.0,3.0,539.5,539.0970469057372,-0.40295309426278436
45,True,True,0.0769394099643795,0.07661242604520889,-0.00032698391917060365,80.77159667580504,80.77839196686995,0.006795291064904063,4.0,3.945038508606379,-0.05496149139362094,1139.3998110075988,1140.9781433568983,1.578332349299444,0.6975720185456241,0.7004019583641626,0.0028299398185385183,0.7198043481943792,0.7197060133990285,-9.833479535070744e-05,2.0,2.0,0.0,575.5,575.0856443492182,-0.41435565078177206
46,True,True,0.237619363827937,0.23277261431142526,-0.004846749516511734,181.0300287339004,183.30174283357027,2.271714099669879,4.5,4.042637851022302,-0.45736214897769756,925.4604201752464,948.7184243486248,23.258004173378367,0.5524408395183299,0.5729634657749567,0.02052262625662682,0.6387593505117312,0.6387593505117312,0.0,3.0,4.0,1.0,0.0,0.0,0.0
47,True,True,0.4664840707454346,0.44651408932085596,-0.01996998142457862,155.2027715714674,155.22549942404177,0.02272785257437704,1.0,0.8445145949837752,-0.15548540501622476,794.2621630122895,794.7824484272445,0.5202854149549694,0.4853900222927433,0.5053497620465929,0.01995973975384957,0.7103103160066291,0.7102445368966921,-6.577910993699199e-05,1.0,1.0,0.0,1411.0,1410.6649942306528,-0.33500576934716264
48,True,True,0.4558374166207912,0.4521146823360821,-0.003722734284709095,260.62372059214204,265.4447306357505,4.821010043608453,14.0,12.86217171911846,-1.1378282808815392,1005.7178156600002,1014.3000438447064,8.582228184706196,0.5575406617755909,0.5965811125258412,0.03904045075025031,0.6350117598267031,0.6349189498203949,-9.281000630823044e-05,4.0,4.0,0.0,462.5,462.24255606199023,-0.2574439380097715
49,True,True,0.1333445411265878,0.13141548228102354,-0.0019290588455642688,54.3260402464447,54.23198917707681,-0.09405106936788599,2.0,1.924135669576936,-0.07586433042306395,804.3643871248996,806.2283304323774,1.8639433074778253,0.6250719825759902,0.6323340619904955,0.007262079414505296,0.7269503652443081,0.7268604417099156,-8.992353439252199e-05,2.0,2.0,0.0,527.5,527.4825221865923,-0.01747781340770871
50,True,True,0.4428576093281532,0.5027101312167646,0.05985252188861134,168.09260799265056,170.14540168786985,2.052793695219293,6.5,9.040319428942151,2.5403194289421513,659.8228564967906,677.7753195675306,17.95246307074001,0.5279364970088923,0.33880112687041863,-0.1891353701384737,0.5563649362126448,0.5562955306861592,-6.940552648559972e-05,2.0,3.0,1.0,206.5,206.4688382962906,-0.031161703709386757
51,True,True,0.999759910963152,0.9997136479124061,-4.6263050745842804e-05,636.4480969606764,639.1687235194622,2.7206265587858525,18.5,17.551223028203804,-0.948776971796196,684.6906569537782,689.8471879653085,5.156531011530319,0.5165020613004744,0.5441958238074637,0.027693762506989295,0.5888640170541392,0.5888640170541392,0.0,5.0,5.0,0.0,0.0,0.0,0.0
52,True,True,0.0556514157049891,0.055486371727373016,-0.00016504397761608197,62.65910250878202,62.78558076550634,0.12647825672431878,4.5,4.3685687308607175,-0.1314312691392825,1142.7197279153895,1144.9734559291176,2.2537280137280504,0.6679567082367612,0.6786769571084837,0.010720248871722515,0.7474413752201406,0.7472740112032135,-0.00016736401692718506,3.0,3.0,0.0,707.5,707.3990167623465,-0.1009832376535087
53,True,True,0.1419998853054272,0.13857481356032086,-0.0034250717451063395,134.03693487986598,135.86890499269902,1.8319701128330337,3.0,2.6322052728792196,-0.36779472712078043,915.9775084497724,937.1338452468848,21.15633679711243,0.665905409012289,0.7035608550855419,0.037655446073252885,0.7073215920199099,0.7071954515005408,-0.0001261405193691001,2.0,2.0,0.0,424.0,423.8482387302518,-0.15176126974819226
54,True,True,0.4776241631701533,0.4362047790645017,-0.0414193841056516,305.08986447590115,301.618246939573,-3.4716175363281536,4.0,2.9538476149318753,-1.0461523850681247,1144.6161316880311,1159.9396147098607,15.323483021829588,0.6351119164544299,0.715431851040707,0.08031993458627706,0.72505589094029,0.725041527487051,-1.4363453239019108e-05,4.0,4.0,0.0,472.5,472.48378222921855,-0.016217770781452145
55,True,True,0.4362878599572523,0.370534931601805,-0.06575292835544727,262.78237696331644,262.5696877177427,-0.21268924557375612,4.5,3.6179964427341496,-0.8820035572658504,839.8136183480026,881.0777107125192,41.264092364516614,0.4702485253259469,0.5515450320837674,0.08129650675782046,0.6080215641423454,0.6080215641423454,0.0,2.0,2.0,0.0,0.0,0.0,0.0
56,True,True,0.1805029310592093,0.1566885538167493,-0.023814377242460022,64.95273282624466,62.62829834597892,-2.3244344802657366,2.0,1.6887108290509794,-0.31128917094902064,825.535213704803,835.6931906601028,10.157976955299773,0.6396026415917879,0.6786446136983674,0.03904197210657945,0.7384596082011571,0.7383967684580643,-6.283974309273521e-05,2.0,2.0,0.0,559.0,558.8080466868504,-0.19195331314961095
57,True,True,0.4088953409558293,0.38630252337575427,-0.02259281758007503,196.97734692099783,196.05392083776806,-0.9234260832297707,1.0,0.8625720396230463,-0.1374279603769537,794.0115283749888,804.1878977956413,10.176369420652577,0.6012724532247862,0.6230454218703896,0.021772968645603408,0.6860633037758284,0.6860613893785619,-1.9143972664892317e-06,1.0,1.0,0.0,1232.5,1232.49418740669,-0.0058125933101109695
58,True,True,0.0643051490768778,0.06367577895564475,-0.0006293701212330555,34.2212596458607,34.219988140477085,-0.0012715053836132029,0.5,0.42417937367572456,-0.07582062632427544,481.3277866656935,481.3374096769084,0.009623011214898725,0.5901103658066332,0.6010248143391611,0.010914448532527876,0.6755023930373029,0.6754544512002044,-4.794183709844191e-05,1.0,1.0,0.0,956.0,955.8556138118616,-0.14438618813835546
59,True,True,0.5861710826388894,0.5725706956902505,-0.013600386948638854,357.0207627534353,359.36220685736765,2.3414441039323606,11.0,9.989802429021784,-1.0101975709782156,1021.6476019624664,1028.2640743349766,6.616472372510202,0.6044907923089097,0.6298462037727997,0.025355411463889976,0.6346726420024845,0.6344778659633172,-0.00019477603916728814,5.0,5.0,0.0,389.5,389.0724748531294,-0.4275251468706074
60,True,True,0.7179746418284183,0.710609990228336,-0.0073646516000822615,365.2173207939967,370.6001692264659,5.3828484324691885,10.5,9.183553243998889,-1.3164467560011115,816.9929856120009,826.2976604390142,9.304674827013287,0.4460701194822488,0.4961016124934867,0.05003149301123794,0.5562296284835162,0.5560720527753464,-0.00015757570816976596,3.0,3.0,0.0,888.5,888.0801990876115,-0.4198009123884958
61,True,True,0.0837208696435379,0.07989043867715144,-0.0038304309663864666,21.589025465797047,21.481455082473747,-0.10757038332329927,3.0,2.5832420901977473,-0.4167579098022527,324.7613858504482,328.5030544167885,3.741668566340252,0.4268803467050016,0.4416239974080105,0.014743650703008926,0.5257077186277318,0.5254955937667405,-0.000212124860991314,1.0,1.0,0.0,541.0,540.5321615156533,-0.4678384843466574
62,True,True,0.1910001058661672,0.17939066838426754,-0.01160943748189966,108.40361989353391,109.6887276701269,1.2851077765929801,1.0,0.553739167796448,-0.44626083220355195,626.377285521927,643.6980267349618,17.320741213034808,0.5821700865858117,0.6424446813336142,0.0602745947478025,0.6913319562461714,0.6912483770973874,-8.357914878398542e-05,1.0,1.0,0.0,787.5,787.1188790140293,-0.38112098597071054
63,True,True,0.961592843849524,0.9748363489225764,0.013243505073052386,662.4073105368485,665.2049615445022,2.7976510076537124,35.5,39.535956568469125,4.035956568469125,913.4521990491368,916.0277863730554,2.5755873239186258,0.5635716184601038,0.47048555928725366,-0.09308605917285018,0.571321953142436,0.5711559417387514,-0.0001660114036845517,6.0,7.0,1.0,62.0,61.766103183429244,-0.23389681657075556
64,True,True,0.7194811491148035,0.7086284417199116,-0.01085270739489197,350.904816664504,349.8810373663278,-1.02377929817618,17.5,16.887359976663692,-0.6126400233363078,898.1245499468491,899.6369326260289,1.5123826791797228,0.6463903999381158,0.6511653084032598,0.0047749084651440565,0.7069277055765215,0.70683597266057,-9.173291595154787e-05,2.0,2.0,0.0,504.0,503.98455536069474,-0.015444639305258079
65,True,True,0.2471876408312147,0.2446508247402104,-0.0025368160910042847,90.13789585626488,89.94129492726816,-0.1966009289967161,2.0,1.9256098013138407,-0.07439019868615926,527.386401827711,528.9788890538641,1.592487226153139,0.6655752338432992,0.6695600795613952,0.003984845718095986,0.705340322009747,0.7053158870803942,-2.4434929352779022e-05,1.0,1.0,0.0,487.5,487.4381098086234,-0.06189019137661944
66,True,True,0.4163444896153635,0.5182739257004848,0.10192943608512128,227.54305929153904,222.10533279311082,-5.437726498428219,1.0,1.6144952981383545,0.6144952981383545,731.9999917695503,779.2336316459638,47.23363987641346,0.5213075531024332,0.38079615595533517,-0.14051139714709798,0.5536948545456865,0.5536495264163641,-4.532812932234176e-05,1.0,2.0,1.0,439.0,438.70801162701025,-0.2919883729897492
67,True,True,0.2822884825200096,0.26776049100530763,-0.014527991514701966,164.0949440831461,155.5821674417922,-8.512776641353895,2.0,1.6372264190606078,-0.36277358093939216,833.8724187296505,915.5306555945485,81.65823686489807,0.4554318619131462,0.46377636749816775,0.008344505585021533,0.6165609856041371,0.6165609856041371,0.0,1.0,2.0,1.0,0.0,0.0,0.0
68,True,True,0.5737515750064578,0.572225715864892,-0.0015258591415657774,345.7353018397486,339.9680907403527,-5.767211099395922,5.5,5.184382235785595,-0.3156177642144051,1015.861626415622,1044.0727873031774,28.211160887555366,0.5193098743559117,0.5055660307390295,-0.01374384361688219,0.5853560251131766,0.5853560251131765,-1.1102230246251565e-16,6.0,8.0,2.0,0.0,0.0,0.0
69,True,True,0.5091365806430047,0.5662662250125361,0.057129644369531385,322.6829814009785,325.36380083319176,2.680819432213241,6.0,6.598433085950085,0.5984330859500853,1149.7308462063652,1159.6005114019154,9.86966519555017,0.7111933022701162,0.6392494034851662,-0.07194389878495,0.7371069265326947,0.7369806849549864,-0.00012624157770835254,3.0,4.0,1.0,789.5,789.4569065197578,-0.04309348024219162
70,True,True,0.810994554645728,0.8140689593575577,0.003074404711829737,571.636003490635,574.5022355881871,2.8662320975521425,7.0,6.2332588475139294,-0.7667411524860706,1263.6990266512385,1284.1355252159647,20.436498564726207,0.6551099393250869,0.673763045798752,0.018653106473665138,0.725452804404361,0.7253312090539514,-0.0001215953504095646,6.0,7.0,1.0,325.0,324.87095771868144,-0.12904228131856144
71,True,True,0.3039351481249713,0.2791788685577067,-0.024756279567264616,161.75792743126726,160.50891100828537,-1.2490164229818959,1.0,0.6883818273781799,-0.3116181726218201,812.4466553510919,826.6606703913957,14.21401504030382,0.584097039224632,0.6205362164550292,0.036439177230397246,0.674293704677728,0.6742206766436953,-7.302803403264058e-05,2.0,3.0,1.0,889.0,888.6676461601015,-0.3323538398984738
72,True,True,0.287274248929024,0.28312452313767744,-0.004149725791346537,155.2565683497278,156.33262413480696,1.076055785079177,14.5,13.545354109740552,-0.9546458902594477,997.3503673346625,1004.0569479132932,6.706580578630792,0.5378116385150917,0.5522359109009765,0.014424272385884729,0.573186779592018,0.5731087582150007,-7.802137701728995e-05,3.0,3.0,0.0,263.5,263.10105226491004,-0.39894773508996195
73,True,True,0.5029673247854523,0.48342787010163357,-0.01953945468381868,296.7174474989305,295.69783206973653,-1.0196154291939479,7.5,6.64026057554874,-0.8597394244512602,1303.5353639970913,1310.1516368092232,6.6162728121319105,0.6371939755332043,0.6718043204315203,0.03461034489831594,0.7447557886374959,0.7446240923591878,-0.00013169627830811326,4.0,4.0,0.0,447.0,446.73883668941085,-0.2611633105891542
74,True,True,0.2460714108636982,0.23130822870447923,-0.014763182159218957,62.70799471703892,62.583111716318996,-0.12488300071992597,1.5,1.300747228812543,-0.199252771187457,401.1099790698431,405.2632134127602,4.153234342917074,0.4183460771119794,0.4530883148286269,0.03474223771664747,0.5272880198096295,0.5272880198096294,-1.1102230246251565e-16,2.0,2.0,0.0,0.0,0.0,0.0
75,True,True,0.0771240262594719,0.076715164696805,-0.00040886156266689566,24.43842921148491,24.64395198257208,0.2055227710871712,13.5,13.037419246812323,-0.46258075318767666,365.3566646956106,369.38766456454294,4.0309998689323265,0.5352685121953153,0.5419680230043388,0.0066995108090234234,0.5740203626298389,0.573966157860797,-5.420476904194338e-05,1.0,1.0,0.0,154.0,153.83373403847645,-0.16626596152354978
76,True,True,0.5412447285725733,0.5132779885356585,-0.027966740036914794,337.08164048534974,335.9863927691032,-1.095247716246547,2.5,2.176070488762344,-0.3239295112376559,1116.0684662548954,1127.6943098874906,11.625843632595206,0.6643262104759013,0.688616694651267,0.024290484175365612,0.71862831430397,0.7185646937461531,-6.362055781694576e-05,2.0,2.0,0.0,886.5,886.2701543587164,-0.22984564128364582
77,True,True,0.1511800685738323,0.13533691937390174,-0.015843149199930545,99.18994272993416,97.40467797511079,-1.7852647548233733,1.0,0.7277624234207907,-0.27223757657920933,891.3986056740356,907.9896719786823,16.591066304646688,0.6833105446157542,0.7223187895647869,0.039008244949032655,0.7239608702274362,0.7238801703832557,-8.069984418046516e-05,2.0,3.0,1.0,996.5,996.3400007421071,-0.15999925789287772
78,True,True,0.304583792563587,0.32604453692125884,0.021460744357671868,160.5618635530702,158.27099830238876,-2.290865250681435,1.0,1.387985111039598,0.387985111039598,706.3100153506895,716.6774934344793,10.36747808378982,0.6964848827975889,0.6131416462379539,-0.08334323655963505,0.6972231950822118,0.6971274437163867,-9.575136582506971e-05,1.0,2.0,1.0,466.0,465.5611097498501,-0.4388902501498819
79,True,True,0.1197720225334821,0.12186595685022096,0.002093934316738863,129.15768278238195,131.0430924277191,1.8854096453371483,5.0,4.737802583217854,-0.26219741678214614,1041.1534466960495,1056.902585310319,15.749138614269441,0.6575206403567887,0.6567275081773747,-0.0007931321794140134,0.7076207436991498,0.7074620696515099,-0.00015867404763991733,5.0,6.0,1.0,200.5,200.35306701742394,-0.14693298257606102
80,True,True,0.1725435217397395,0.15855456839552942,-0.013988953344210076,99.64797271994944,99.0519712817955,-0.5960014381539338,7.0,6.382112198026148,-0.6178878019738523,1001.8272470279724,1016.5948417944737,14.767594766501361,0.4893905825961025,0.5329615830037785,0.043571000407675975,0.582121504374326,0.5818916043231641,-0.00022990005116185763,7.0,8.0,1.0,446.0,445.72334185113516,-0.27665814886483986
81,True,True,0.3557299854783636,0.35770281149085764,0.0019728260124940444,103.67653180475308,104.70617067156654,1.0296388668134568,13.5,12.893512569565763,-0.6064874304342371,432.135776763769,433.8954218616968,1.7596450979277733,0.5051380533019539,0.5122901007215972,0.007152047419643259,0.5516521474950729,0.5515048059619331,-0.0001473415331397776,2.0,2.0,0.0,262.5,262.14771327195905,-0.3522867280409514
82,True,True,0.3978628990809502,0.38907687281404857,-0.008786026266901614,187.74656577806056,183.4758444419329,-4.27072133612765,2.5,2.3686625732167164,-0.13133742678328364,914.476252771151,934.8859816739839,20.409728902832853,0.5056687658473689,0.5027466203992361,-0.0029221454481327402,0.5802229480488318,0.5800454557055326,-0.0001774923432992237,5.0,6.0,1.0,220.5,220.11822629692665,-0.3817737030733497
83,True,True,0.5604976762795747,0.5058256468670027,-0.05467202941257199,234.1953339934521,234.9386745464162,0.7433405529640993,1.5,0.9662979962071404,-0.5337020037928596,680.9778043800657,685.9341401082672,4.956335728201566,0.4774350755661645,0.5650770862178498,0.08764201065168531,0.6587137920229492,0.6586238217245665,-8.997029838275772e-05,2.0,2.0,0.0,846.5,846.4470984197326,-0.05290158026741665
84,True,True,0.26407951145232,0.3719471498752185,0.10786763842289848,156.85037911267364,157.52802338005804,0.6776442673844087,1.5,2.292589902156034,0.7925899021560339,638.3638393510012,675.9070997470861,37.543260396084975,0.5130951164178817,0.34313180672507687,-0.16996330969280488,0.5615019350615772,0.5613663638974411,-0.0001355711641360946,1.0,2.0,1.0,635.5,635.02348069663,-0.47651930336996884
85,True,True,0.0844673606537863,0.07881717754584867,-0.00565018310793762,58.73591624013551,58.97325303058276,0.23733679044725164,1.0,0.6895762424683199,-0.31042375753168006,883.8067446443448,893.6474410899913,9.840696445646472,0.5199407527067921,0.5701889765724083,0.050248223865616226,0.6914729631591515,0.6914569931367558,-1.59700223957282e-05,1.0,1.0,0.0,1514.5,1514.4220065337145,-0.07799346628553394
86,True,True,0.2952091178763392,0.2774940459693801,-0.01771507190695909,147.0450584964094,147.4291001210926,0.38404162468319214,1.0,0.8214437148242724,-0.17855628517572764,965.35984891741,971.993754178997,6.633905261587074,0.4523701759538101,0.4861055497225478,0.0337353737687377,0.6674170468522121,0.667390095486947,-2.695136526509323e-05,1.0,1.0,0.0,1745.5,1745.3510569823266,-0.14894301767344587
87,True,True,0.9907266237813944,0.9890855788044899,-0.0016410449769045377,399.57455289037097,399.0669404819121,-0.50761240845884,12.5,12.10548228110126,-0.3945177188987401,694.4949235005965,727.0976859899085,32.602762489312,0.4146440116986573,0.4136795824029653,-0.0009644292956919598,0.618192126892424,0.618192126892424,0.0,4.0,5.0,1.0,0.0,0.0,0.0
88,True,True,0.4987997327734981,0.4979145004954566,-0.0008852322780414923,156.19375924139266,156.11863873831396,-0.07512050307869345,5.5,5.47704463752161,-0.02295536247839003,336.32195583767435,336.66710748343803,0.3451516457636785,0.4352189428064317,0.4357426170926454,0.0005236742862136934,0.5600194345063357,0.5600194345063357,0.0,0.0,0.0,0.0,0.0,0.0,0.0
89,True,True,0.2676642161225971,0.2506246111965993,-0.01703960492599782,132.3006746974717,129.60036899285868,-2.7003057046130152,3.0,2.428344822715736,-0.571655177284264,669.557499948134,681.7704040111706,12.212904063036603,0.6470089731267024,0.6739238761379734,0.026914903011271085,0.7025669183738414,0.7024374583294236,-0.00012946004441782843,3.0,4.0,1.0,255.5,255.00951722688475,-0.4904827731152466
90,True,True,0.269701469764542,0.26999633424599284,0.00029486448145082944,201.6896436758955,201.76718384199444,0.07754016609894165,11.0,10.912374091916696,-0.08762590808330373,721.0273925494448,721.1021433978627,0.07475084841792068,0.5675082710644418,0.5692545882837896,0.001746317219347815,0.648582475636437,0.6484606916416298,-0.00012178399480722302,2.0,2.0,0.0,827.0,826.6947857820837,-0.3052142179162729
91,True,True,0.194151991071106,0.17692342513445136,-0.017228565936654644,113.01399840975476,112.60778236485395,-0.4062160449008161,1.5,1.2584086408256556,-0.24159135917434438,766.3871670113934,775.4397546473715,9.052587635978057,0.5844890610142024,0.6340130260110186,0.04952396499681622,0.6570395027285763,0.6569564524059084,-8.305032266786583e-05,3.0,3.0,0.0,605.5,605.3613487488553,-0.13865125114466537
92,True,True,0.3776691446744736,0.30097799203741205,-0.07669115263706155,87.38485666801732,73.83655052381671,-13.548306144200609,1.0,0.7229432631807868,-0.27705673681921317,540.4166437668708,562.5745457354348,22.15790196856392,0.569182882841979,0.6091051829168332,0.0399223000748542,0.6446233136330605,0.6444471738102819,-0.00017613982277853157,2.0,3.0,1.0,407.5,407.00883124139295,-0.4911687586070457
93,True,True,0.7970081104865574,0.7935431169998985,-0.0034649934866588517,102.37635398356753,102.94171635898587,0.5653623754183457,6.0,5.723729567165717,-0.2762704328342833,469.83311962984055,470.64315259124885,0.8100329614082966,0.3058046886372194,0.31069336878045284,0.004888680143233459,0.5110776180678739,0.5110231484695071,-5.4469598366746474e-05,1.0,1.0,0.0,933.5,933.1684516427175,-0.331548357282486
94,True,True,0.3927160034287975,0.3987865242694653,0.006070520840667837,222.61925570202936,230.38322826231237,7.763972560283008,13.0,11.967033311011594,-1.032966688988406,829.0319282118992,839.13076757979,10.098839367890832,0.4124870839813465,0.4459159731134897,0.0334288891321432,0.641479128559663,0.6414791285596629,-1.1102230246251565e-16,2.0,2.0,0.0,0.0,0.0,0.0
95,False,False,0.2708236755375117,0.2708236673170261,-8.220485570031855e-09,140.02356450994972,140.01838205689108,-0.005182453058637293,0.0,0.0,0.0,516.7973115562138,516.7783125496289,-0.01899900658486331,0.6115376540772959,0.6114973861756212,-4.02679016746621e-05,0.6114063949834483,0.6114973861756212,9.099119217292895e-05,0.0,0.0,0.0,,,
96,True,True,0.7582258841022367,0.8107554301672898,0.05252954606505311,218.77649621088736,211.87295883124202,-6.903537379645343,2.0,2.2642796405416457,0.26427964054164566,505.1099787376013,515.9723051689647,10.862326431363385,0.5525586149505514,0.5235819967252957,-0.028976618225255657,0.5988810053820892,0.5986852670314087,-0.00019573835068054102,3.0,4.0,1.0,175.5,175.2090908133281,-0.2909091866719109
97,True,True,0.2000152702332172,0.22630217773069652,0.026286907497479334,134.0983405688574,133.6821985384686,-0.4161420303887837,1.5,1.7186924952722626,0.21869249527226264,853.6163192151499,867.816056754163,14.199737539013086,0.5164309099909251,0.4501192499262553,-0.06631166006466982,0.5552308872104058,0.5551787471172154,-5.214009319043367e-05,3.0,4.0,1.0,534.5,534.4709476630995,-0.02905233690046316
98,True,True,0.2853476016673562,0.2671099587186061,-0.018237642948750077,126.38875817748011,126.62976212857535,0.2410039510952373,1.0,0.7168881126679482,-0.28311188733205184,623.2286280455102,630.486583245317,7.2579551998068155,0.4077350370776296,0.437238780164258,0.029503743086628398,0.5146746302653589,0.5146343209406462,-4.03093247126618e-05,1.0,1.0,0.0,1279.0,1278.7576282106218,-0.24237178937823955
99,True,True,0.3562420537141588,0.3156870433676248,-0.04055501034653397,213.5648640232588,212.9419744504299,-0.6228895728288819,2.0,1.4166302203317176,-0.5833697796682824,915.246832443838,936.1089312121395,20.862098768301507,0.4210595404881995,0.4814503607595575,0.060390820271358,0.5461437822597331,0.5460754713940379,-6.831086569525358e-05,2.0,2.0,0.0,589.5,589.0024183830988,-0.49758161690124325
100,True,True,0.2514584910462766,0.24936817931021274,-0.00209031173606386,86.1899178374429,86.52424217439662,0.33432433695371344,2.5,2.3820036044693564,-0.11799639553064356,357.5126623506534,360.43547754180645,2.922815191153063,0.46223367578276,0.4686504395412825,0.006416763758522515,0.5406345624508351,0.5406108848767022,-2.367757413290761e-05,1.0,1.0,0.0,337.0,336.92359483184345,-0.07640516815655474
101,False,False,0.0897814523952096,0.08976782784828759,-1.3624546922011427e-05,50.51055782973957,50.50104929797637,-0.009508531763195549,0.0,0.0,0.0,794.5610585819896,794.3952963462082,-0.16576223578147165,0.6345370224384252,0.6344836475733232,-5.337486510204048e-05,0.6344613513663748,0.6344836475733232,2.2296206948380082e-05,0.0,0.0,0.0,,,
102,False,False,0.2269253959217944,0.22693367729092886,8.281369134471861e-06,122.89514953609904,122.87460129856132,-0.02054823753772439,0.0,0.0,0.0,492.1831971511961,492.113381616488,-0.06981553470808421,0.5739386619042885,0.5738883118799525,-5.03500243360655e-05,0.5738269602091083,0.5738883118799525,6.135167084420079e-05,0.0,0.0,0.0,,,
103,True,True,0.4401239668709429,0.3820403372694296,-0.05808362960151331,151.58951591450162,152.05808268216757,0.46856676766594774,4.5,3.816657022610891,-0.6833429773891089,603.9247129652366,623.3641790856801,19.439466120443512,0.3484178376648942,0.4174866369241911,0.06906879925929688,0.5763292386929821,0.5763292386929821,0.0,2.0,2.0,0.0,0.0,0.0,0.0
104,True,True,0.1227997134251094,0.1192784963409265,-0.003521217084182904,71.75604554686636,72.1832870726152,0.42724152574884044,3.0,2.7001983037276673,-0.29980169627233266,628.9774244772734,647.0100075791,18.032583101826617,0.5123923516167711,0.5280426632443077,0.015650311627536606,0.5409760718005832,0.5409494481812411,-2.6623619342025506e-05,1.0,1.0,0.0,267.5,267.3543906371701,-0.14560936282987313
105,True,True,0.0478264246936901,0.04134210936434855,-0.0064843153293415445,26.80522753457852,26.77021328197678,-0.035014252601740736,1.0,0.6983565834700131,-0.30164341652998694,668.9268776823882,697.898675578698,28.971797896309795,0.5104259749934932,0.5829518930463465,0.07252591805285336,0.6797923977871245,0.6797615418051629,-3.085598196161943e-05,1.0,1.0,0.0,929.0,928.8967081122042,-0.1032918877957627
106,True,True,0.1111119568236556,0.1176540057338267,0.0065420489101711,93.77382480710448,94.42222476884949,0.6483999617450138,2.0,1.9943184582574767,-0.005681541742523333,895.5213542157483,908.7378974241209,13.216543208372627,0.652194862457414,0.6155991827010194,-0.03659567975639455,0.6687279156773014,0.668678331987105,-4.9583690196364216e-05,2.0,3.0,1.0,855.0,854.9907320352511,-0.009267964748914892
107,True,True,0.1300148632240811,0.11711688271054391,-0.012897980513537188,62.32592138806864,62.60595327328544,0.28003188521679334,1.0,0.7382653924898477,-0.2617346075101523,550.0472659114095,575.6426284793278,25.5953625679183,0.5135329639611274,0.5746435866878516,0.061110622726724295,0.6047879414096888,0.6047879414096888,0.0,1.0,1.0,0.0,0.0,0.0,0.0
108,True,True,0.5309604569332389,0.5181934499140396,-0.012767007019199306,218.2144753617268,218.46085246770912,0.24637710598230456,1.0,0.9237047616683413,-0.07629523833165874,667.5250968057197,671.1608216574496,3.635724851729833,0.4145484151325224,0.4252837688263258,0.010735353693803407,0.5356151040830622,0.535554241895801,-6.0862187261201406e-05,1.0,1.0,0.0,1364.0,1363.7218592424506,-0.2781407575494086
109,True,True,0.3659221393015398,0.3758219987586217,0.009899859457081939,101.16079395291112,101.9777948768217,0.8170009239105838,4.5,4.666758093878161,0.16675809387816098,355.6864294984427,358.3623700597091,2.6759405612664295,0.5073702853500155,0.4883213932520829,-0.01904889209793259,0.5136988876923313,0.5135376378746449,-0.00016124981768639302,3.0,4.0,1.0,240.0,239.58668377615336,-0.41331622384663547
110,True,True,0.6821349193799686,0.6719280280109629,-0.010206891369005766,391.0753774541008,395.3044905432942,4.22911308919339,7.5,6.645682468527223,-0.8543175314727769,1024.8491760181778,1038.7508584775344,13.901682459356607,0.597876817479406,0.6178434155955099,0.019966598116103906,0.6276832784939737,0.627553664835288,-0.00012961365868568997,2.0,2.0,0.0,573.0,572.623148392933,-0.37685160706701026
111,False,False,0.2513484658856292,0.2513473291478034,-1.1367378258131389e-06,129.01721234415405,129.03351471575158,0.016302371597532783,0.0,0.0,0.0,578.4754815165242,578.5180720305533,0.04259051402914338,0.5774989793338745,0.5774941943131425,-4.78502073197884e-06,0.5774055660713054,0.5774941943131425,8.86282418370854e-05,0.0,0.0,0.0,,,
112,False,False,0.0932964326708741,0.09329835720365537,1.9245327812639212e-06,60.08307976624003,60.06202647686057,-0.021053289379466378,0.0,0.0,0.0,623.9627366542733,623.7446698517949,-0.2180668024783472,0.598405894576103,0.598338230947901,-6.766362820209704e-05,0.5983299512028506,0.598338230947901,8.27974505035467e-06,0.0,0.0,0.0,,,
113,True,True,0.2919736141784154,0.292610433524526,0.0006368193461105953,142.50419628873348,142.65903569522783,0.15483940649434658,19.5,19.39439898008132,-0.1056010199186801,548.9722465371586,549.2235459981367,0.251299460978089,0.4501651688728295,0.45100851586730184,0.0008433469944723604,0.5287321687591573,0.5286434018883055,-8.876687085179746e-05,1.0,1.0,0.0,1014.5,1014.2195915860027,-0.2804084139972929
114,False,False,0.1733719860994731,0.17333984779442374,-3.213830504936177e-05,76.84860163365789,76.83419915741264,-0.014402476245251705,0.0,0.0,0.0,669.578892513173,669.4300900989136,-0.14880241425930762,0.5916167526319533,0.5915604931826238,-5.625944932952098e-05,0.5915342740337605,0.5915604931826238,2.6219148863360076e-05,0.0,0.0,0.0,,,
115,False,False,0.1519836187674594,0.15198497854909185,1.3597816324595335e-06,76.07491186532116,76.06435539195809,-0.010556473363067198,0.0,0.0,0.0,487.2743775209013,487.21128511810144,-0.06309240279983896,0.6012260297257448,0.6011828895700008,-4.3140155744025854e-05,0.6011168160407556,0.6011828895700008,6.607352924514753e-05,0.0,0.0,0.0,,,
116,True,True,0.7650974392552817,0.7476281517101789,-0.017469287545102796,304.6523921711197,303.5864902084576,-1.0659019626621102,3.5,3.048428524113844,-0.4515714758861562,589.4617199526946,596.4365309676921,6.974811014997499,0.4529151810944712,0.47772480581605165,0.024809624721580437,0.6522898085102983,0.6522898085102983,0.0,1.0,1.0,0.0,0.0,0.0,0.0
117,True,True,0.1656427501488784,0.16543504231367392,-0.00020770783520446257,83.10745998377983,83.12035209832284,0.012892114543006983,1.0,0.9882943369564601,-0.011705663043539927,561.0964026741632,561.2514896687941,0.15508699463089215,0.5940788580971595,0.5952723851198845,0.001193527022724905,0.6896993332493521,0.6896030803175873,-9.625293176473981e-05,1.0,1.0,0.0,766.5,766.1073446662494,-0.39265533375055384
118,True,True,0.2817058833082307,0.28134015524734507,-0.00036572806088563947,130.61924809716749,130.596691605206,-0.02255649196149534,1.0,0.9913768676575274,-0.008623132342472584,661.2773517915346,661.2886036700332,0.011251878498683254,0.4870819613061041,0.48754650573478986,0.00046454442868576473,0.5237830616594014,0.5237305616607734,-5.249999862799726e-05,1.0,1.0,0.0,1391.0,1390.7518681276904,-0.24813187230961375
119,True,True,0.2326522074750003,0.2127871714410125,-0.019865036033987787,142.76609353173154,140.11387617327,-2.6522173584615416,2.0,1.5614930428564553,-0.4385069571435447,924.2051335160088,973.1533764379135,48.94824292190469,0.5446564695422882,0.569312593039571,0.024656123497282856,0.6424252997735215,0.6423285535363149,-9.674623720656861e-05,2.0,3.0,1.0,581.0,580.83368847045,-0.16631152954994377
120,True,True,0.2974249999930597,0.26408897630489453,-0.033336023688165184,126.95736351190504,127.76962261383497,0.812259101929925,1.0,0.6572884924709798,-0.34271150752902024,622.7083073484345,657.5598984213659,34.851591072931456,0.5793763140135039,0.6403824268607664,0.06100611284726254,0.671211662437226,0.6711965931051482,-1.5069332077732867e-05,1.0,1.0,0.0,584.0,583.9317689206191,-0.06823107938089379
121,True,True,0.1047908208428549,0.08890987801016872,-0.01588094283268618,66.52300390788253,66.03382127587078,-0.4891826320117474,1.5,1.1598800587118605,-0.3401199412881395,909.4625630251994,943.6607604522666,34.19819742706716,0.5065380125021277,0.5861641597945412,0.07962614729241346,0.6057888848515872,0.6056380052934109,-0.00015087955817627563,3.0,4.0,1.0,960.5,960.4024353692147,-0.09756463078531397
122,True,True,0.0639624812666698,0.061627899464030564,-0.002334581802639235,20.609169219752065,20.41445055292958,-0.19471866682248518,2.5,2.2891928646015014,-0.2108071353984986,665.840418219125,667.0035891139827,1.1631708948576716,0.6164924958049909,0.6220501710077567,0.005557675202765844,0.6486953512255469,0.6486378464324437,-5.750479310318024e-05,1.0,1.0,0.0,1000.0,999.7475583964538,-0.2524416035462309
123,False,False,0.2273952372990495,0.22739375153758432,-1.4857614651919704e-06,96.6333305341892,96.62140699814925,-0.011923536039944338,0.0,0.0,0.0,431.74787524880014,431.6920599249076,-0.05581532389254562,0.6512270209388233,0.6511590488342187,-6.797210460462999e-05,0.6510604336134229,0.6511590488342187,9.861522079579466e-05,0.0,0.0,0.0,,,
124,True,True,0.3711786880163983,0.33272212086309244,-0.038456567153305865,141.09507062586871,140.52180701591556,-0.573263609953159,5.0,4.371914562658641,-0.6280854373413591,699.5224118345678,702.3840693134781,2.861657478910274,0.3786544137078232,0.4258135687973382,0.047159155089515015,0.6144353357515255,0.6142430472615357,-0.00019228848998986692,3.0,3.0,0.0,152.0,151.5299093391383,-0.47009066086170037
125,True,True,0.0359716193004997,0.04013572987587484,0.004164110575375142,34.730821934886514,34.72173630958005,-0.009085625306461509,1.0,1.1526525774621408,0.15265257746214078,1010.084442292685,1017.1512637600213,7.06682146733624,0.6336567518192533,0.5617611048543592,-0.07189564696489414,0.6355927690135282,0.635495681205897,-9.708780763129088e-05,2.0,3.0,1.0,847.0,846.6457822290994,-0.35421777090061823
126,True,True,0.083879138499614,0.08306926227866138,-0.0008098762209526184,44.370344083410735,44.24313945087076,-0.1272046325399785,1.0,0.9816082712379285,-0.018391728762071513,1006.49531024831,1007.7998665794812,1.3045563311711703,0.6009436571512918,0.6033407180774076,0.0023970609261158016,0.6753654332326525,0.6753221590315013,-4.327420115124436e-05,1.0,1.0,0.0,1290.0,1289.7819727676408,-0.21802723235919075
127,True,True,0.2724771919054438,0.23219005503007947,-0.04028713687536431,88.22429995427537,87.44813826469574,-0.7761616895796237,2.0,1.4567134222190365,-0.5432865777809635,399.685437685869,416.6693986326282,16.983960946759225,0.4137088152260211,0.47490463782681464,0.06119582260079354,0.5070506833135693,0.5069358435995023,-0.00011483971406700544,2.0,2.0,0.0,90.0,89.82889427109829,-0.17110572890170772
128,False,False,0.1605571936969727,0.16055563209825383,-1.5615987188632996e-06,98.84426366967573,98.81892218004765,-0.02534148962807592,0.0,0.0,0.0,627.1970911822484,627.035334542049,-0.16175664019942815,0.5995583042469133,0.5994922696737368,-6.603457317644335e-05,0.5994688800634026,0.5994922696737368,2.3389610334212385e-05,0.0,0.0,0.0,,,
129,True,True,0.0752132749235756,0.07736504478885549,0.0021517698652798872,84.0082771570283,84.61170230091939,0.6034251438910871,7.5,7.137921230646308,-0.3620787693536922,855.8806212931587,858.1739722107761,2.293350917617431,0.5497981361709113,0.5553196930420022,0.005521556871090905,0.6358657280926644,0.6357815117476864,-8.421634497801644e-05,1.0,1.0,0.0,1345.5,1345.1232465253474,-0.3767534746525598
130,True,True,0.0743716058280257,0.0696077214648011,-0.004763884363224599,30.934557847057643,30.46227475188871,-0.4722830951689332,1.0,0.8440366551105399,-0.15596334488946006,793.5453784791313,795.4371622055764,1.8917837264451691,0.5725481709866876,0.5803574350877797,0.007809264101092062,0.5874151206795015,0.5873292171489412,-8.59035305603717e-05,1.0,1.0,0.0,1411.0,1410.5105459519273,-0.4894540480727301
131,True,True,0.1429122356865127,0.13656041837555694,-0.006351817310955771,69.3685523874129,68.38495052375771,-0.9836018636551955,2.0,1.8324286178452898,-0.16757138215471024,701.559152317755,733.3786761062262,31.8195237884712,0.4900835602134059,0.4982227312420416,0.008139171028635706,0.5469762578677253,0.5468798995183921,-9.63583493331921e-05,4.0,6.0,2.0,9.0,8.654159694755785,-0.3458403052442147
132,False,False,0.3573806410547594,0.35734075132153775,-3.9889733221665225e-05,151.98635812223185,151.92425866641096,-0.06209945582088494,0.0,0.0,0.0,493.3543729604087,493.15266236267615,-0.20171059773252864,0.6038856867705757,0.6037751433120697,-0.00011054345850602942,0.6037598100062752,0.6037751433120697,1.533330579450709e-05,0.0,0.0,0.0,,,
133,True,True,0.0479647243010254,0.0448275868024947,-0.003137137498530701,19.643052281868147,19.778142362435794,0.1350900805676467,5.0,4.38990723230527,-0.6100927676947299,487.1173677751818,494.6333206653419,7.515952890160122,0.3687345167204389,0.41078603076659004,0.04205151404615115,0.5379504669502049,0.5378055846017431,-0.00014488234846177228,2.0,2.0,0.0,289.5,289.0607123225812,-0.4392876774188039
134,False,False,0.0901336997542304,0.09013121414433425,-2.485609896143992e-06,54.22401102906839,54.222173768748085,-0.001837260320307621,0.0,0.0,0.0,674.579619118917,674.5381087958465,-0.04151032307049718,0.6366080338032526,0.6365681888815565,-3.9844921696063906e-05,0.6365016080070284,0.6365681888815565,6.658087452815487e-05,0.0,0.0,0.0,,,
135,True,True,0.1765513675609514,0.15495810532350313,-0.021593262237448285,95.80954896358152,95.85841276819043,0.0488638046089136,1.5,1.11806853270391,-0.38193146729609007,688.8468904595805,727.4224276573484,38.57553719776786,0.4718630686977623,0.5392972518509034,0.06743418315314109,0.612815772031959,0.6126801637143302,-0.00013560831762882142,3.0,5.0,2.0,336.5,336.2917923977358,-0.20820760226422408
136,True,True,0.3091124378159496,0.2756917339283245,-0.03342070388762508,184.4559363974741,185.19149918586967,0.7355627883955833,2.0,1.2827738023130226,-0.7172261976869774,945.111373019524,960.9572751718416,15.845902152317649,0.5066452096830029,0.5964553609490303,0.08981015126602743,0.6505069999866516,0.6503986237202701,-0.00010837626638149356,2.0,2.0,0.0,1205.0,1204.6133631044445,-0.38663689555551173
137,True,True,0.7324893476897638,0.8223099736680085,0.0898206259782447,405.1588603488484,406.471746147648,1.3128857987995843,1.5,2.6383780361909897,1.1383780361909897,887.3035589762621,907.898533148319,20.594974172056823,0.6260326092140878,0.47445761324705016,-0.1515749959670376,0.6587204812102836,0.6587053003425472,-1.5180867736441783e-05,1.0,2.0,1.0,1338.5,1338.4492842147743,-0.05071578522574782
138,True,True,0.0485414907925197,0.04423878441659997,-0.004302706375919729,15.926401528081875,16.223374987058417,0.2969734589765416,4.0,3.1652525397599693,-0.8347474602400307,448.9137372742623,459.5129596789555,10.599222404693194,0.34149296717919,0.4019638234192354,0.060470856240045445,0.5608687167313221,0.5607102001997113,-0.00015851653161080836,2.0,2.0,0.0,121.0,120.5363353900964,-0.4636646099036028
139,True,True,0.1322993014425928,0.12639576764269123,-0.005903533799901578,35.22709810103256,35.172302480603214,-0.054795620429345604,1.0,0.8394601642270574,-0.16053983577294262,319.17695583838025,325.97830271926546,6.801346880885205,0.4357678090621306,0.45339631478279935,0.017628505720668763,0.5040411347798188,0.5040343147300888,-6.8200497300718865e-06,1.0,1.0,0.0,364.5,364.4774411865392,-0.022558813460818783
140,True,True,0.0797521329138099,0.08451426273644112,0.004762129822631217,62.236669800750576,62.0279092146021,-0.20876058614847892,1.0,1.0179806634550914,0.017980663455091417,886.8165417833133,900.8412319037957,14.024690120482433,0.6664034498246894,0.6349119769867594,-0.03149147283792997,0.6725403285694608,0.6725233613161349,-1.696725332589466e-05,1.0,2.0,1.0,654.0,653.87175143161,-0.12824856838994947
141,False,False,0.245638893459829,0.24563838313340808,-5.103264209271874e-07,219.7794757539922,219.79049892673046,0.011023172738276799,0.0,0.0,0.0,935.9067163731244,935.940735359695,0.03401898657068614,0.671523558002773,0.6715173304811943,-6.227521578638928e-06,0.6714550104051958,0.6715173304811943,6.232007599848988e-05,0.0,0.0,0.0,,,
142,True,True,0.2419890785263746,0.22400580841112322,-0.017983270115251387,66.03455086641334,66.52200622516936,0.48745535875602286,1.0,0.659411407611333,-0.340588592388667,448.14252774616057,457.6375343164386,9.495006570278008,0.4660950362266748,0.5093225754220393,0.043227539195364484,0.5823554126564077,0.5823085766364571,-4.683601995059128e-05,1.0,1.0,0.0,716.0,715.8189273052307,-0.18107269476934107
143,True,True,0.3546067325673324,0.3544173961904628,-0.0001893363768695755,163.91766399106,164.19909953772358,0.2814355466635732,11.0,10.596590404119322,-0.40340959588067804,703.219770106483,703.9579739215313,0.7382038150483368,0.3809351820392229,0.3858454011340373,0.0049102190948144275,0.5810485096230231,0.580993784338004,-5.4725285019152636e-05,1.0,1.0,0.0,1381.0,1380.6998874972167,-0.30011250278334956
144,True,True,0.1588550029254962,0.15787797748013968,-0.000977025445356522,123.9820860434177,125.26607573076286,1.2839896873451693,3.0,2.670060944271974,-0.3299390557280262,890.8339745519177,900.4636789051124,9.629704353194711,0.5334910030224321,0.5519687913124681,0.01847778829003599,0.7084575498207794,0.7084153043583594,-4.224546241993199e-05,1.0,1.0,0.0,1007.0,1006.708636254544,-0.2913637454560103
145,True,True,0.2468895112015424,0.2109952654075687,-0.03589424579397371,172.65773879685372,169.3516506565248,-3.30608814032891,1.0,0.7034399400406984,-0.29656005995930157,1024.0851734125545,1079.3785868679422,55.293413455387736,0.5719851006728179,0.6322662550583791,0.06028115438556114,0.7202841681120611,0.7202573235739446,-2.6844538116521655e-05,1.0,1.0,0.0,883.5,883.2794016965853,-0.22059830341470388
146,True,True,0.3492253167602847,0.26896364248721,-0.08026167427307468,214.4067988426126,211.89552138023325,-2.511277462379354,2.0,1.3268807605287296,-0.6731192394712704,893.9108209539484,974.0716443485403,80.16082339459194,0.4312864894131919,0.5630650774961449,0.13177858808295295,0.6427015353431821,0.642701535343182,-1.1102230246251565e-16,1.0,1.0,0.0,0.0,0.0,0.0
147,True,True,0.1462138676103015,0.14579727412002016,-0.0004165934902813362,100.6949807370188,100.93363300467153,0.23865226765273917,2.5,2.2093934816948613,-0.29060651830513873,705.9096360826161,707.9078194892742,1.998183406658086,0.6219225035073374,0.6311772852459542,0.009254781738616824,0.7046957224559254,0.7046360204460801,-5.9702009845286064e-05,1.0,1.0,0.0,903.5,903.1245934638777,-0.3754065361223411
148,False,False,0.2152255502890375,0.21522749819296566,1.9479039281566912e-06,103.33898937191704,103.33280709234077,-0.0061822795762651594,0.0,0.0,0.0,460.9292105285014,460.9085114357389,-0.020699092762527016,0.5098579002387289,0.5098369233853455,-2.0976853383425365e-05,0.5097749308001414,0.5098369233853455,6.19925852041181e-05,0.0,0.0,0.0,,,
149,True,True,0.3344019223679839,0.31939207418437904,-0.015009848183604846,175.70402583649442,175.45585491386262,-0.2481709226318003,1.5,1.2678162277676168,-0.23218377223238318,835.0544163954545,842.4468545256401,7.39243813018561,0.4832696965382592,0.501644700335727,0.01837500379746776,0.601361697456556,0.6012916779825831,-7.001947397289321e-05,1.0,1.0,0.0,1446.0,1445.6514957811266,-0.3485042188733587
150,True,True,0.300844786747228,0.2828093941027974,-0.018035392644430603,135.1603807539483,135.1505178975662,-0.009862856382085283,8.0,6.961817028056241,-1.0381829719437592,748.9714561665394,764.7308182901678,15.75936212362842,0.3986389393122435,0.4232199573410793,0.024581018028835833,0.5858515150010759,0.5858515150010759,0.0,1.0,1.0,0.0,0.0,0.0,0.0
151,False,False,0.2914565287051889,0.29145931919005774,2.790484868842036e-06,129.19248555532104,129.1848501328981,-0.007635422422936244,0.0,0.0,0.0,425.0190324453027,425.00032004711926,-0.01871239818342474,0.4718474921521303,0.47182674073088804,-2.0751421242248824e-05,0.4717665750467752,0.47182674073088804,6.016568411282286e-05,0.0,0.0,0.0,,,
152,True,True,0.265607059775444,0.26422795451051617,-0.001379105264927849,171.4792807035399,171.53634603020467,0.0570653266647696,1.5,1.4341280242311771,-0.06587197576882287,763.4339065618013,782.3467588529271,18.912852291125773,0.5641439137222826,0.5606446758753283,-0.003499237846954273,0.570137996191008,0.5699812221937829,-0.00015677399722513474,3.0,4.0,1.0,472.5,472.1105902484978,-0.3894097515022281
153,False,False,0.2255174647558878,0.22552089001866713,3.4252627793274204e-06,103.22891864624177,103.20313344001654,-0.025785206225222623,0.0,0.0,0.0,444.9835636310215,444.8739982940206,-0.10956533700090176,0.4717169043862779,0.4716602212565452,-5.668312973267087e-05,0.4716315317314473,0.4716602212565452,2.8689525097935764e-05,0.0,0.0,0.0,,,
154,True,True,0.3843068817138189,0.3175208040149697,-0.0667860776988492,159.0503774785676,153.30336662251398,-5.747010856053635,3.0,2.2663897404709137,-0.7336102595290863,716.6902971831535,762.3271400980354,45.63684291488198,0.4431483354808408,0.5121679188874663,0.06901958340662545,0.5808558197892301,0.5808558197892301,0.0,5.0,10.0,5.0,0.0,0.0,0.0
155,False,False,0.0504735932339274,0.05047425150183619,6.582679087860366e-07,34.98144232700153,34.967063972608535,-0.014378354392995618,0.0,0.0,0.0,680.3186028622613,680.0395589637986,-0.2790438984626462,0.7133734360326068,0.7133031414739063,-7.029455870055656e-05,0.7132967100989588,0.7133031414739063,6.431374947490909e-06,0.0,0.0,0.0,,,
156,True,True,0.1389143974864548,0.1426267402384746,0.003712342752019815,100.36146687194596,101.08655452406258,0.7250876521166134,5.5,5.174373855791053,-0.32562614420894676,462.2422028420725,464.1212222951237,1.8790194530511712,0.4991047395377181,0.5064912393907487,0.007386499853030581,0.5752773756505372,0.5751755054208553,-0.00010187022968188852,1.0,1.0,0.0,717.5,717.1650581049776,-0.334941895022439
157,True,True,0.3585366945630869,0.3305669577121322,-0.02796973685095472,119.94256877083755,118.5107322246257,-1.431836546211855,2.5,2.065931758400985,-0.4340682415990149,858.3400895900891,870.4443880486897,12.104298458600624,0.4895995109996502,0.5154935220207035,0.02589401102105332,0.5308176028645452,0.5307398332483214,-7.776961622374401e-05,2.0,2.0,0.0,779.5,779.3027249819784,-0.19727501802162806
158,True,True,0.2854081618045043,0.28274398513680393,-0.0026641766677003575,104.9832453736015,104.94204055752978,-0.041204816071726214,1.0,0.9729313111864031,-0.02706868881359692,578.6703447611943,580.1964376602293,1.5260928990350067,0.4944442578161439,0.4978380540294297,0.003393796213285838,0.5442439246388049,0.5441678394078305,-7.608523097435427e-05,1.0,1.0,0.0,980.0,979.7579616715142,-0.24203832848581897
159,True,True,0.601078753138239,0.5944295801013375,-0.00664917303690149,176.07445064494658,176.2801408472093,0.20569020226272983,6.0,5.755380837526169,-0.24461916247383098,516.0468388178305,517.0913275055403,1.0444886877098725,0.3356180547401395,0.34083425531115474,0.005216200571015239,0.5204000619532012,0.5203361054373133,-6.395651588786411e-05,1.0,1.0,0.0,1013.5,1013.1328502353124,-0.3671497646876105
160,True,True,0.1943980495119195,0.1787042370245518,-0.015693812487367703,160.7931704905735,156.04175976605936,-4.75141072451413,2.0,1.6722477930481552,-0.3277522069518448,1040.6163161710945,1071.778274842609,31.16195867151464,0.6364717690679893,0.6606022321267476,0.024130463058758322,0.6913751227465208,0.6913288553609522,-4.62673855685658e-05,1.0,1.0,0.0,564.0,563.609852339093,-0.3901476609070187
161,True,True,0.6012793150335046,0.5967962534247551,-0.004483061608749561,203.63224378471637,205.95935485961616,2.32711107489979,6.0,5.510235881619153,-0.48976411838084744,548.2701884450701,554.2678422933733,5.99765384830323,0.6095258043949686,0.621802699363183,0.01227689496821438,0.6402901474322471,0.640127599766414,-0.00016254766583312374,1.0,1.0,0.0,529.0,528.5113258686695,-0.4886741313305265
162,True,True,0.1299993862998653,0.16161784631362539,0.03161846001376009,106.51128711399082,108.47175548143383,1.9604683674430134,1.5,2.0622953360812977,0.5622953360812977,846.4596371069146,895.6443043093315,49.184667202416904,0.5737071018142257,0.413935843249553,-0.15977125856467267,0.6099932606081596,0.6099932606081596,0.0,0.0,1.0,1.0,0.0,0.0,0.0
163,False,False,0.1485562465106395,0.14854643117346422,-9.815337175284045e-06,31.790687902322283,31.771569071214255,-0.01911883110802748,0.0,0.0,0.0,225.84654576535291,225.71102059482746,-0.13552517052545454,0.3402611215486514,0.3401989752239553,-6.21463246960885e-05,0.3401946619975128,0.3401989752239553,4.313226442509421e-06,0.0,0.0,0.0,,,
164,True,True,0.9999853786742778,0.999999999975811,1.4621301533179754e-05,396.6530171148739,386.7645141028091,-9.888503012064803,56.5,138.6134690186553,82.11346901865531,765.6454697629321,770.8656438491441,5.220174086212069,0.4754670349936318,0.4141405156608691,-0.061326519332762675,0.5072555855837353,0.5070850387747383,-0.00017054680899697416,5.0,5.0,0.0,245.5,245.21643287169772,-0.2835671283022805
165,False,False,0.0887506745774081,0.08874807512493703,-2.5994524710665212e-06,40.71436776791481,40.71712171388051,0.002753945965700666,0.0,0.0,0.0,554.4165672705965,554.411842660559,-0.0047246100374422895,0.5854013652460661,0.5853854573736581,-1.5907872408016388e-05,0.5853149003009535,0.5853854573736581,7.055707270464673e-05,0.0,0.0,0.0,,,
166,False,False,0.3730662427123318,0.37298561189157714,-8.063082075465688e-05,103.80101589331464,103.74192568717045,-0.059090206144190915,0.0,0.0,0.0,344.7857104909185,344.597582353717,-0.1881281372015451,0.4865406433335367,0.4864071433266711,-0.00013350000686557228,0.486405387214154,0.4864071433266711,1.7561125171261516e-06,0.0,0.0,0.0,,,
167,True,True,0.0886503132815513,0.08860482253997445,-4.5490741576850735e-05,36.55532521990113,36.559773465205204,0.004448245304075726,1.5,1.497617417725269,-0.002382582274730982,483.1190896139028,483.1632537170643,0.04416410316150632,0.4775164943344298,0.47774567163092924,0.00022917729649946095,0.5775852636920578,0.5774843058735716,-0.00010095781848618035,1.0,1.0,0.0,694.5,694.2101647775844,-0.2898352224156042
168,True,True,0.4460470339236678,0.37727377709247717,-0.06877325683119062,108.63914535498482,106.63475248842289,-2.004392866561929,2.5,1.7942438588826923,-0.7057561411173077,599.7078483206953,602.6491859784422,2.9413376577468853,0.427761449331246,0.5071722695254239,0.07941082019417794,0.6885894398942095,0.6885117603368905,-7.767955731896592e-05,2.0,2.0,0.0,489.0,488.99156231530844,-0.008437684691557479
169,False,False,0.2703391016937239,0.2703288542682961,-1.0247425427767354e-05,83.19714829875353,83.18639013101063,-0.010758167742906721,0.0,0.0,0.0,334.78368339151734,334.7319197427573,-0.05176364876001571,0.4469385063245403,0.4468916958517113,-4.681047282900641e-05,0.4468314515389266,0.4468916958517113,6.0244312784674126e-05,0.0,0.0,0.0,,,
170,True,True,0.2231235668600339,0.2147400433079906,-0.008383523552043304,90.30990608677938,89.98489124045173,-0.32501484632764743,1.0,0.908830187941203,-0.09116981205879704,420.0916570188524,432.85046263196165,12.758805613109246,0.4784421285762099,0.4934123159278997,0.014970187351689812,0.5408839453877818,0.5408549159106377,-2.9029477144115745e-05,1.0,1.0,0.0,100.5,100.31223882261696,-0.1877611773830381
171,True,True,0.1766330259197218,0.16753899179949608,-0.009094034120225719,84.68211065406993,84.53445009966697,-0.147660554402961,1.5,1.28192348976736,-0.21807651023264008,667.5606179249585,684.7872732216946,17.226655296736112,0.5112875593809816,0.5340846019849739,0.02279704260399229,0.5672879029295804,0.5670670276574319,-0.0002208752721485352,3.0,4.0,1.0,710.5,710.4525912844487,-0.04740871555134163
172,True,True,0.0397767112971834,0.039174531684684495,-0.0006021796124989071,30.38739523693401,30.43307638891173,0.045681151977717604,4.5,4.007646035507789,-0.492353964492211,1106.5895574077686,1108.567624389162,1.97806698139334,0.5630603034008445,0.5824059321907424,0.019345628789897984,0.6995883051993408,0.69955657579345,-3.172940589080131e-05,2.0,2.0,0.0,1289.0,1288.9949813683302,-0.0050186316698273
173,True,True,0.2387112745672761,0.24399618851823435,0.005284913950958259,134.0298991538963,135.37566339551546,1.3457642416191504,1.0,1.2691852258867586,0.26918522588675864,755.5875726518583,762.9590094998177,7.371436847959444,0.5776223688832174,0.5367219202042485,-0.040900448678968915,0.6038472559425041,0.6038240202661371,-2.323567636697277e-05,1.0,2.0,1.0,1428.0,1427.9093056488875,-0.09069435111246094
174,True,True,0.2587796024186621,0.2185838071998865,-0.040195795218775615,151.0836402910613,149.06317970769317,-2.020460583368134,1.0,0.5844637918635271,-0.41553620813647285,909.384557349626,956.7569934552013,47.372436105575275,0.4882250929677759,0.5735798831232347,0.08535479015545883,0.6228906138799227,0.6228850462471451,-5.567632777592202e-06,2.0,3.0,1.0,551.5,551.4600055133998,-0.039994486600221535
175,True,True,0.2992993595803006,0.30068289461805386,0.0013835350377532918,193.8679076235541,192.9502721828352,-0.9176354407188967,0.5,0.5044141620281153,0.004414162028115287,819.3683642336185,835.5762196035475,16.207855369929007,0.67366039065615,0.6528567035913433,-0.02080368706480673,0.7081681386453411,0.7081418614338917,-2.6277211449432514e-05,1.0,2.0,1.0,1094.5,1094.4027637990523,-0.09723620094769103
176,False,False,0.3697611800516697,0.3697129283495208,-4.825170214889374e-05,140.87308075423783,140.84369065156827,-0.02939010266956643,0.0,0.0,0.0,503.7293338679264,503.61675711960464,-0.11257674832177145,0.4850196076056388,0.48494379270147436,-7.581490416441738e-05,0.4849134913597311,0.48494379270147436,3.030134174325516e-05,0.0,0.0,0.0,,,
177,False,False,0.5796972561017605,0.5796637842968935,-3.347180486701351e-05,344.8583341897507,344.8917515848889,0.0334173951382013,0.0,0.0,0.0,971.9563289235912,971.9232358924033,-0.03309303118783191,0.7011887282509974,0.7011577686505551,-3.095960044230406e-05,0.7010942209467457,0.7011577686505551,6.35477038094523e-05,0.0,0.0,0.0,,,
178,False,False,0.042465326824874,0.042465371741451194,4.49165771937432e-08,16.266994660272395,16.26701329493924,1.8634666844263847e-05,0.0,0.0,0.0,380.9793773139869,380.98050214768296,0.0011248336960534289,0.4135009070317029,0.41347807700546757,-2.2830026235320933e-05,0.4134060795752146,0.41347807700546757,7.199743025299021e-05,0.0,0.0,0.0,,,
179,False,False,0.0683455747064609,0.06834537391662432,-2.0078983657689786e-07,16.24690155965399,16.246937489837553,3.593018356440325e-05,0.0,0.0,0.0,241.3752910069813,241.374010227667,-0.0012807793143281287,0.323314123478466,0.3233031090977094,-1.1014380756624309e-05,0.3232491003773486,0.3233031090977094,5.4008720360765317e-05,0.0,0.0,0.0,,,
180,False,False,0.0283065016486761,0.028305371410902377,-1.1302377737228142e-06,12.862273350020097,12.860826606316058,-0.0014467437040384112,0.0,0.0,0.0,495.11973873987904,495.053163061008,-0.06657567887106097,0.6439032689081978,0.6438395743204066,-6.369458779120762e-05,0.6437598248015125,0.6438395743204066,7.974951889411219e-05,0.0,0.0,0.0,,,
181,False,False,0.1917635455769368,0.19176132656753492,-2.219009401893679e-06,127.32314700596528,127.32028772222593,-0.0028592837393546233,0.0,0.0,0.0,707.9200439057043,707.887866282899,-0.03217762280530678,0.6905700191665278,0.6905546833032976,-1.533586323021474e-05,0.6905010560709282,0.6905546833032976,5.3627232369457545e-05,0.0,0.0,0.0,,,
182,True,True,0.4375888112707251,0.3563867210798687,-0.08120209019085639,137.51462914787976,137.19712843214626,-0.3175007157335017,1.5,0.9660108417738229,-0.5339891582261771,554.4458109297391,568.3374197950337,13.891608865294643,0.5099583746596428,0.613772887473421,0.10381451281377818,0.6843825134172214,0.6842875160926384,-9.49973245830682e-05,2.0,2.0,0.0,490.0,489.95818323935305,-0.04181676064695239
183,True,True,0.3361286535983007,0.50981121155643,0.17368255795812937,94.93352358251772,94.03539547622347,-0.8981281062942514,2.0,4.574043810239528,2.5740438102395284,375.1409528708643,377.3890166422891,2.2480637714248246,0.5006089866419229,0.2821057334420367,-0.21850325319988617,0.501356648546589,0.5013512968204863,-5.351726102720278e-06,1.0,2.0,1.0,107.0,106.97826640229434,-0.021733597705662078
184,True,True,0.2147819452684886,0.2051687445509456,-0.009613200717542986,91.1371020430991,91.27585059915621,0.13874855605710934,0.5,0.36749129847739825,-0.13250870152260175,489.00260629385167,520.4571782355746,31.454571941722918,0.5554449653355649,0.5792644002076099,0.023819434872045075,0.6150320466330258,0.6149894486772352,-4.25979557906464e-05,1.0,2.0,1.0,395.5,395.1848286443982,-0.3151713556018194
185,True,True,0.699032567309471,0.6874096655822143,-0.011622901727256774,324.6000061664818,315.61272579612165,-8.987280370360168,4.5,4.158648896677188,-0.34135110332281204,912.9265035025658,951.0447156461017,38.11821214353597,0.4858929200746807,0.476851030675909,-0.009041889398771707,0.5266119189223262,0.5263978159579958,-0.0002141029643303316,9.0,15.0,6.0,142.0,141.71396111527488,-0.28603888472511585
186,True,True,0.2381852031982183,0.2682855066074432,0.030100303409224927,75.09496726849177,75.17214014327213,0.07717287478035928,13.0,12.503565235729885,-0.49643476427011457,467.9524814488685,467.78672091791225,-0.16576053095627685,0.4725530144048959,0.4807092448248266,0.008156230419930688,0.5851254346982857,0.5851254346982857,0.0,4.0,4.0,0.0,0.0,0.0,0.0
187,True,True,0.2542132503420375,0.2532887470159754,-0.0009245033260620872,104.75898311797008,104.82438334692355,0.06540022895347875,2.0,1.9207387977337937,-0.07926120226620625,489.5635192183865,490.34524447126154,0.7817252528750487,0.7177600538846283,0.7204808323843962,0.0027207784997679285,0.7416521620330842,0.7415165269822743,-0.00013563505080982363,1.0,1.0,0.0,502.0,501.65438280597635,-0.3456171940236459
188,True,True,0.6565551644402864,0.547624966599101,-0.1089301978411854,243.95627779666404,242.36897264370853,-1.5873051529555084,3.5,2.722537479497261,-0.777462520502739,685.0241497991886,690.6543901299199,5.630240330731226,0.3419551072294492,0.40579732777138705,0.06384222054193783,0.5158076116339758,0.5156872411488062,-0.00012037048516966298,3.0,3.0,0.0,353.5,353.48549380796925,-0.014506192030751208
189,True,True,0.2894517528722529,0.3001760678197216,0.010724314947468727,245.91645436941772,245.84488869449478,-0.07156567492293675,1.5,1.4539460548374343,-0.04605394516256567,955.170320865155,996.4675657105956,41.29724484544067,0.567969306444864,0.5339343875704766,-0.034034918874387365,0.59369965233614,0.5936121605382543,-8.749179788569705e-05,3.0,6.0,3.0,702.5,702.3585693298907,-0.14143067010934374
190,True,True,0.098635786168098,0.10024651797849131,0.0016107318103933121,46.756141370146025,46.443724704237304,-0.31241666590872086,2.5,2.564014212877374,0.06401421287737419,697.3383417198517,722.0447104565671,24.70636873671549,0.5034655365281677,0.4733158116494346,-0.03014972487873313,0.5530989282645229,0.5530989282645229,0.0,1.0,2.0,1.0,0.0,0.0,0.0
191,True,True,0.0749810164083543,0.07362242675682983,-0.0013585896515244805,83.38901953619603,83.69509557914964,0.306076042953606,10.0,11.532266502449032,1.5322665024490316,678.727316432681,680.2215553564981,1.494238923817079,0.4991208709175045,0.4390612297897496,-0.060059641127754915,0.5059855167367115,0.5058242806348113,-0.00016123610190021953,5.0,6.0,1.0,432.0,431.6778148022806,-0.32218519771942056
192,False,False,0.337177130924825,0.3371590084088927,-1.8122515932306182e-05,131.0222516589012,131.03168451867583,0.009432859774619828,0.0,0.0,0.0,491.4475619704575,491.42629659570304,-0.02126537475447776,0.659831200520605,0.6597991887945784,-3.201172602651514e-05,0.6596979800295337,0.6597991887945784,0.00010120876504471354,0.0,0.0,0.0,,,
193,True,True,0.0584091385085784,0.05849306481377679,8.392630519839239e-05,50.941267230007085,50.978436318856325,0.03716908884923953,5.0,4.968131025054026,-0.03186897494597396,831.4507288154625,831.7039935098027,0.253264694340146,0.5990023689489655,0.5996649139262139,0.0006625449772483805,0.6511482227730456,0.6511115641477557,-3.665862528989816e-05,1.0,1.0,0.0,1045.0,1044.8347083569997,-0.16529164300027333
194,True,True,0.2024676935112882,0.1961065806399404,-0.006361112871347802,75.06780319673216,75.90185378043684,0.8340505837046805,1.5,1.260728586203186,-0.23927141379681394,411.4388021476488,426.36817360142385,14.929371453775047,0.5089827449607525,0.5289398403504314,0.019957095389678936,0.6345679965887634,0.6345024464505259,-6.555013823750233e-05,1.0,1.0,0.0,111.0,110.55149880370682,-0.4485011962931793
195,True,True,0.0804002271172388,0.0973438129049792,0.016943585787740398,33.63618135095958,32.98250390285452,-0.6536774481050642,2.0,2.6677402826957417,0.6677402826957417,702.0928355048183,712.2776280681272,10.184792563308974,0.5344061975863513,0.4389015667493318,-0.09550463083701954,0.5586274495625587,0.5585575625243852,-6.988703817356612e-05,2.0,3.0,1.0,552.5,552.249638910407,-0.2503610895929569
196,True,True,0.2718197602979323,0.29257807975331535,0.020758319455383034,185.72029542751545,187.8242712718173,2.103975844301857,6.0,5.864683596775281,-0.13531640322471894,863.9751197388459,887.4823273749813,23.507207636135377,0.4994457541497555,0.4603272035087329,-0.0391185506410226,0.630555665140397,0.6305556651403968,-1.1102230246251565e-16,3.0,4.0,1.0,0.0,0.0,0.0
197,True,True,0.0523448023380827,0.05232919186712888,-1.5610470953816846e-05,36.429751946534736,36.49586563858506,0.06611369205032247,2.0,1.9642019602644731,-0.035798039735526865,691.6039993348174,692.9661548435047,1.3621555086872377,0.4893038366682938,0.49103793891319786,0.0017341022449040566,0.5169425119359135,0.51692847678559,-1.4035150323499224e-05,1.0,1.0,0.0,777.0,776.9375305321654,-0.062469467834603165
198,True,True,0.8091289376619674,0.7955892160192551,-0.013539721642712221,495.9991407163397,442.4275005010354,-53.571640215304285,3.5,3.399311211408351,-0.1006887885916492,1279.156458036446,1321.2681089969915,42.111650960545376,0.6871829298832385,0.634285011559464,-0.05289791832377444,0.738364656282662,0.7382681831230832,-9.647315957883595e-05,3.0,4.0,1.0,558.0,557.9622311646673,-0.037768835332713024
199,True,True,0.7565446868819358,0.7520003517143753,-0.004544335167560476,137.05043069592045,137.0754259084965,0.024995212576044423,17.0,16.641892237449035,-0.358107762550965,794.3261319235216,794.6159499368038,0.2898180132821153,0.4383948135584229,0.4409878311240924,0.0025930175656694865,0.6145171468357885,0.6145168676491981,-2.7918659040171434e-07,1.0,1.0,0.0,1419.0,1418.9979981641459,-0.002001835854116507
200,True,True,0.6732354777534505,0.7338248046550779,0.06058932690162744,448.1404721129146,442.14696813031816,-5.993503982596451,2.5,2.8411000289546804,0.3411000289546804,1082.168158085747,1100.0113421436206,17.843184057873486,0.6284277398438233,0.5720123596829678,-0.056415380160855455,0.6450295584235008,0.6448845590433461,-0.00014499938015477554,3.0,4.0,1.0,588.0,587.5861932091163,-0.4138067908836547
201,True,True,0.2390419885265992,0.3100411660169466,0.0709991774903474,145.0496067309994,144.82835148291204,-0.22125524808734554,3.0,3.5517723032477098,0.5517723032477098,616.1006406250411,633.7318147970864,17.631174172045235,0.5911991440097503,0.44685073700611494,-0.14434840700363533,0.6612206993889023,0.6612206993889023,0.0,1.0,2.0,1.0,0.0,0.0,0.0
202,True,True,0.2018784281331708,0.17648776823382534,-0.02539065989934547,56.369666891103456,56.88456634906299,0.5148994579595367,2.5,2.0115913259040106,-0.4884086740959894,560.0886732936377,574.9516066671792,14.862933373541523,0.3495113277479262,0.41065654802464074,0.06114522027671454,0.5816128286091052,0.5814714413562572,-0.00014138725284806863,2.0,2.0,0.0,154.5,154.01386026695099,-0.4861397330490149
203,True,True,0.6867192062019825,0.6738684676094325,-0.012850738592549926,391.375389016073,391.11103476403173,-0.26435425204124385,10.0,9.429475177417027,-0.5705248225829731,913.1970176333732,920.3308638395011,7.1338462061279415,0.540507284988504,0.550661569189582,0.010154284201078001,0.6165327781960146,0.6164624886993563,-7.028949665832673e-05,2.0,2.0,0.0,167.5,167.38401715229617,-0.11598284770383316
204,False,False,0.2874164636723944,0.2873900318452923,-2.6431827102046945e-05,121.23527858958236,121.17582513946516,-0.05945345011720349,0.0,0.0,0.0,466.3503594243881,466.12255954671286,-0.22779987767523835,0.5786490384573068,0.5785580973661119,-9.094109119489602e-05,0.5785528150719079,0.5785580973661119,5.2822942039343346e-06,0.0,0.0,0.0,,,
205,True,True,0.2643008921405225,0.41417195695694714,0.14987106481642465,122.89710232982092,122.11571668361758,-0.781385646203347,3.0,6.004125251865475,3.0041252518654753,819.5961634156104,824.1722603918674,4.576096976257077,0.6024628423338764,0.3782365261594206,-0.22422631617445576,0.606612931319731,0.6066113480218802,-1.5832978508267814e-06,1.0,2.0,1.0,958.0,957.9945083236912,-0.005491676308793103
206,True,True,0.0484321540379675,0.04817834308309396,-0.0002538109548735415,22.529195258931686,22.65163968329997,0.12244442436828251,2.0,1.8601941174158134,-0.13980588258418658,461.9252792121349,467.1046413824107,5.179362170275795,0.5139225531302491,0.5188310994023793,0.00490854627213011,0.5487442298011814,0.5487442298011814,0.0,0.0,0.0,0.0,0.0,0.0,0.0
207,True,True,0.423679419738059,0.41706095995019565,-0.006618459787863351,158.2405372593744,158.05941582571336,-0.1811214336610476,10.5,9.81029490748186,-0.6897050925181407,760.5616376911687,764.0925901197503,3.5309524285815996,0.541876027621595,0.5494029353474699,0.007526907725874832,0.5738412949478366,0.5737924616786345,-4.8833269202130936e-05,2.0,2.0,0.0,483.5,483.39214607606766,-0.10785392393233906
208,False,False,0.1309244297130913,0.13091941504667048,-5.014666420805058e-06,41.87571447768592,41.86783302550014,-0.00788145218577796,0.0,0.0,0.0,341.0336502365082,340.9631991292682,-0.0704511072399896,0.6275171770341185,0.6273921410458136,-0.00012503598830482243,0.627278187244006,0.6273921410458136,0.00011395380180767578,0.0,0.0,0.0,,,
209,True,True,0.2522345418418075,0.24824499800494526,-0.0039895438368622305,163.8723939290251,163.8944422413001,0.022048312275018134,5.0,4.67623149062274,-0.32376850937725976,920.7011943012536,931.1598556160383,10.45866131478465,0.5723134396229411,0.5822566155369063,0.009943175913965208,0.630117128998047,0.6300653547098899,-5.17742881570582e-05,5.0,6.0,1.0,176.0,175.88892952454347,-0.11107047545652904
210,True,True,0.2294305552292121,0.2368473230429932,0.007416767813781089,168.36689045048968,167.48472307640787,-0.8821673740818028,1.5,1.565729383361759,0.06572938336175893,1072.188421647737,1086.6529458439481,14.464524196211187,0.6823362056354503,0.6383740732508483,-0.043962132384602004,0.7146120250753001,0.7144798875352063,-0.00013213754009377965,3.0,4.0,1.0,509.5,509.0218772778265,-0.4781227221735094
211,True,True,0.5056179049343086,0.48793218542062333,-0.01768571951368525,239.1701390502315,240.17877487266986,1.0086358224383503,2.0,1.6339941004698635,-0.3660058995301365,721.3172994365711,727.5652208854765,6.247921448905345,0.5375263397119903,0.5725213437748515,0.03499500406286127,0.6187023433414972,0.6186095783145915,-9.276502690569455e-05,2.0,2.0,0.0,981.5,981.2670327118834,-0.2329672881165834
212,False,False,0.2425532618698774,0.24255102936856915,-2.232501308263579e-06,157.52738801445213,157.48282106071127,-0.04456695374085484,0.0,0.0,0.0,660.5664425057433,660.3791632623019,-0.1872792434414805,0.6161437554486345,0.6160648519510505,-7.890349758399307e-05,0.616048358166314,0.6160648519510505,1.6493784736559824e-05,0.0,0.0,0.0,,,
213,True,True,0.1889052445866217,0.17388640546100398,-0.015018839125617717,44.0748196187779,44.3129384922151,0.23811887343720173,2.5,2.0259921158343794,-0.47400788416562056,359.9258843066083,371.9975448802343,12.07166057362599,0.4218407482647659,0.4672813324062079,0.045440584141441975,0.6021496551852232,0.6021496551852232,0.0,1.0,1.0,0.0,0.0,0.0,0.0
214,True,True,0.1083693863385207,0.10787066906182205,-0.0004987172766986459,47.01971989420841,47.23632259394572,0.21660269973731516,2.0,1.8672178369015462,-0.1327821630984538,468.8777083956056,472.426570331597,3.548861935991397,0.6329166843341023,0.6383241480902389,0.0054074637561365435,0.6579645523181319,0.6579354956459338,-2.9056672198102262e-05,1.0,1.0,0.0,156.5,156.33604839636078,-0.16395160363921946
215,True,True,0.2970492630788175,0.296224476977038,-0.0008247861017794955,114.3735682926172,114.34959519865605,-0.02397309396114622,1.0,0.9752151051536202,-0.0247848948463798,413.8515731117025,413.9272393139879,0.07566620228539023,0.6059688451977856,0.6081441140710608,0.002175268873275238,0.6126096455756538,0.6125005458602363,-0.0001090997154175044,2.0,2.0,0.0,584.5,584.2517783991908,-0.2482216008091882
216,True,True,0.3876187000823705,0.384816946727771,-0.002801753354599479,297.4936913366092,300.54209849074465,3.048407154135475,2.0,1.6763433170563082,-0.32365668294369176,979.5785743392216,988.9145159279242,9.335941588702553,0.5409196723719307,0.5633881055910277,0.022468433219096973,0.651642932309941,0.6515943147255685,-4.861758437246788e-05,1.0,1.0,0.0,1471.0,1470.7137602483208,-0.28623975167920435
217,True,True,0.5469374199589199,0.46476671560651195,-0.08217070435240792,136.91466857746877,136.90168969364802,-0.012978883820750298,1.0,0.5443516688304955,-0.45564833116950454,442.6868710204523,443.2788250510352,0.5919540305828832,0.3900619427225726,0.45983503067190756,0.06977308794933496,0.583651822965948,0.5835994454785378,-5.237748741016013e-05,1.0,1.0,0.0,983.5,983.3186906692056,-0.18130933079442002
218,True,True,0.3022346204365347,0.34945501877800605,0.04722039834147135,169.66606233264454,172.44772157735952,2.781659244714973,3.5,3.6935120487381954,0.19351204873819539,688.4506122738651,720.9353274382777,32.48471516441259,0.4358717751634642,0.3672187428779148,-0.06865303228554942,0.6029800936128484,0.6029800936128483,-1.1102230246251565e-16,2.0,3.0,1.0,0.0,0.0,0.0
219,True,True,0.1057420609435955,0.09933392059262296,-0.006408140350972549,67.52505231979256,68.08854547319928,0.5634931534067107,6.0,4.9177229276217975,-1.0822770723782025,1059.5402359716188,1073.2254304937883,13.685194522169468,0.537018732131955,0.6031636296399643,0.06614489750800934,0.6881485200060826,0.6880125559899776,-0.00013596401610505016,3.0,3.0,0.0,369.5,369.47951634486765,-0.020483655132352396
220,True,True,0.7063496787089288,0.5865370170279715,-0.11981266168095739,299.0682141972717,294.92294401499595,-4.145270182275738,2.5,1.6178205141681252,-0.8821794858318748,852.3445967551759,888.4089360618505,36.06433930667458,0.4847013335695598,0.5842301955372002,0.09952886196764044,0.6428040601121068,0.642639026418733,-0.00016503369337372842,2.0,2.0,0.0,670.0,669.7798030105355,-0.22019698946451172
221,True,True,0.2864312889283974,0.27372407950828237,-0.012707209420115051,197.26887980424172,198.06982330323405,0.800943498992325,2.0,1.5810191423574003,-0.41898085764259974,944.554405722808,963.1761309712485,18.621725248440498,0.6425621783907408,0.6686645958397692,0.026102417449028414,0.6889504077345581,0.6888668350180772,-8.357271648085085e-05,1.0,1.0,0.0,1100.0,1099.672555367421,-0.327444632579045
222,True,True,0.0583979176567663,0.061227681091299425,0.002829763434533124,41.42639558908756,43.74810718686077,2.3217115977732092,7.5,6.225024645996741,-1.2749753540032591,674.6227653103839,686.3875493535361,11.76478404315219,0.5178306557873292,0.5555767060713411,0.0377460502840119,0.5873366124347993,0.5872272987007522,-0.00010931373404710065,3.0,3.0,0.0,24.5,24.18291710939673,-0.31708289060327033
223,True,True,0.0744429484652704,0.07430174354946509,-0.00014120491580531247,64.42419629328624,64.76624755998657,0.3420512667003237,2.0,1.5684817995235796,-0.4315182004764204,1028.7578092001745,1033.601256537459,4.843447337284488,0.5840698638050489,0.5997907634462092,0.015720899641160302,0.64344927100305,0.6434119534774406,-3.731752560942603e-05,1.0,1.0,0.0,1665.0,1664.7475520094833,-0.25244799051665723
224,True,True,0.6934266347808151,0.6848846567584129,-0.008541978022402197,214.6315279943668,214.71422560096997,0.08269760660317615,9.0,8.496836444188363,-0.5031635558116374,381.7994692036117,385.4937087949254,3.6942395913137034,0.4790945463106525,0.48428536268464817,0.005190816373995655,0.5460288121601262,0.5459457428969461,-8.306926318013552e-05,1.0,1.0,0.0,140.5,140.01700146528816,-0.4829985347118395
225,True,True,0.1404079940197438,0.13347405981048913,-0.006933934209254672,63.09226210304564,64.17993569886193,1.087673595816284,1.5,1.2033390221244191,-0.2966609778755809,494.08694082286667,520.9079261498985,26.820985327031792,0.4932291215476408,0.5258425628967235,0.03261344134908267,0.5915100372646298,0.5914611517823185,-4.888548231130052e-05,1.0,1.0,0.0,240.0,239.71628104300993,-0.28371895699007155
226,True,True,0.4245085185876164,0.3004637645053965,-0.12404475408221988,156.44368314657146,145.00855016588406,-11.4351329806874,1.0,0.5193636128853542,-0.48063638711464585,882.4462640319085,923.4803072015992,41.034043169690676,0.5435484734131001,0.6309231625904719,0.08737468917737179,0.6668082326294867,0.666721761292592,-8.647133689476671e-05,1.0,1.0,0.0,1549.5,1549.1887608594357,-0.3112391405643393
227,True,True,0.3964372096760444,0.3962414207505042,-0.00019578892554017457,225.53479208726088,225.55556760276957,0.020775515508688613,1.5,1.4956162817252336,-0.004383718274766357,904.526795607268,904.5060922246897,-0.020703382578290075,0.5139913666258683,0.5143146716016843,0.0003233049758160078,0.6915646793840484,0.691506309388802,-5.8369995246443374e-05,1.0,1.0,0.0,1287.5,1287.1346272439382,-0.3653727560617881
228,True,True,0.9973698126829572,0.995095643397728,-0.002274169285229166,748.7118951545492,744.7074816266318,-4.00441352791745,7.0,5.6367021771613475,-1.3632978228386525,1091.445807352758,1100.3723665826585,8.926559229900477,0.509773647052241,0.5958544383556308,0.08608079130338975,0.6812519489062161,0.6810516449162801,-0.0002003039899359793,4.0,4.0,0.0,669.5,669.3257576260767,-0.17424237392333453
229,True,True,0.6607509871678275,0.6620665480291462,0.0013155608613186764,351.6656960101499,356.47448558466084,4.808789574510968,16.5,15.726080273959049,-0.7739197260409512,825.1252870634854,830.2028902288021,5.077603165316646,0.5797600341696164,0.5963075415308804,0.01654750736126398,0.7066639735271985,0.7064851009248961,-0.00017887260230231572,2.0,2.0,0.0,411.0,410.520881318352,-0.47911868164800353
230,True,True,0.284585655607978,0.2821747708785149,-0.002410884729463103,195.3956712810871,195.31141834678863,-0.08425293429846192,2.0,1.9388970592874109,-0.06110294071258915,1033.4798329489154,1033.592840567278,0.11300761836264428,0.607408315357167,0.6109588396558299,0.0035505242986628716,0.7375524022043815,0.737491052406867,-6.134979751448721e-05,1.0,1.0,0.0,1524.5,1524.0045136567296,-0.495486343270386
231,True,True,0.1655938032734734,0.15347961784257752,-0.012114185430895874,81.70521138865642,80.43210724745323,-1.2731041412031914,1.5,1.261312917224132,-0.23868708277586803,727.7647435620596,747.295036099195,19.530292537135438,0.6228407342118544,0.6484681249588644,0.025627390747010037,0.7267417699260521,0.7266098636726998,-0.00013190625335235406,3.0,4.0,1.0,357.5,357.48768015432694,-0.012319845673061991
232,True,True,0.4771421583660904,0.47672958807182103,-0.00041257029426938763,183.466554911314,183.47216174917395,0.005606837859943425,6.0,5.949003532150523,-0.05099646784947698,750.3200515597126,750.338264121616,0.018212561903396818,0.4704822267580998,0.47143190987926803,0.0009496831211682211,0.6584894550124596,0.6584831199458057,-6.335066653928578e-06,1.0,1.0,0.0,1160.0,1159.9623476676902,-0.037652332309789927
233,False,False,0.1121722124381383,0.1121579862375699,-1.4226200568401293e-05,32.26312210968094,32.24510135364789,-0.018020756033052976,0.0,0.0,0.0,322.6813029385566,322.50332050071415,-0.17798243784244505,0.4197177058014749,0.4196497071939703,-6.799860750456022e-05,0.4196487036818464,0.4196497071939703,1.0035121238982647e-06,0.0,0.0,0.0,,,
234,True,True,0.3085365982083024,0.25023238999774666,-0.058304208210555764,171.29919424989745,168.61244039796347,-2.686753851933986,0.5,0.2574599207146094,-0.24254007928539062,792.672981825938,809.4091809971995,16.736199171261546,0.522683964690029,0.5931314955748745,0.07044753088484557,0.6432958456368312,0.6432464509053881,-4.9394731443053175e-05,1.0,1.0,0.0,1297.0,1296.7280694246706,-0.27193057532940657
235,True,True,0.2499384201610996,0.2041850391721841,-0.04575338098891549,67.94403082192633,64.08622677194852,-3.8578040499778155,1.0,0.5630528083129321,-0.43694719168706786,408.4067684102268,431.39875408243586,22.99198567220907,0.4859852415010821,0.5410635683799327,0.05507832687885067,0.5952711686251555,0.5952129569255753,-5.821169958020178e-05,1.0,1.0,0.0,396.0,395.6839935560838,-0.31600644391619426
236,True,True,0.0113387841118705,0.011829044785120674,0.0004902606732501737,58.47727304444164,58.89037132507351,0.41309828063187126,27.0,26.311312041070885,-0.6886879589291155,845.6410521653534,847.0228270958524,1.3817749304990912,0.4703738556764562,0.4777469076937697,0.0073730520173135305,0.628838609392285,0.6287201726008108,-0.00011843679147416353,2.0,2.0,0.0,739.5,739.1215981728432,-0.3784018271568357
237,True,True,0.2225834423997562,0.2657292866011128,0.04314584420135659,188.1376238645326,187.53518030245908,-0.6024435620735176,3.0,3.7355238809657774,0.7355238809657774,1111.0739952988822,1113.657655064219,2.5836597653367335,0.6827427885064015,0.5849850841593256,-0.09775770434707587,0.6849538028371316,0.6849102886102942,-4.351422683734896e-05,3.0,4.0,1.0,356.0,355.99719493164815,-0.0028050683518472397
238,True,True,0.2104155691159318,0.18679394551922365,-0.023621623596708136,67.23401591047903,66.59933442572452,-0.634681484754509,1.0,0.5285995323909448,-0.4714004676090552,380.27867864418585,386.9761409774298,6.697462333243948,0.4944813537785635,0.5351127751370405,0.04063142135847697,0.5425762230957689,0.5425072656171738,-6.895747859514412e-05,1.0,1.0,0.0,680.5,680.2704243402712,-0.22957565972876637
239,True,True,0.3110323104995187,0.3177649713476669,0.00673266084814822,170.8771754229369,169.5594651374821,-1.3177102854547798,1.5,1.5625326246430635,0.06253262464306353,765.3303345090103,773.1827023807253,7.852367871715046,0.6337092687333501,0.610411634440312,-0.023297634293038105,0.636408246551657,0.6362824373218896,-0.00012580922976734854,3.0,4.0,1.0,275.0,274.52077383189726,-0.4792261681027412
240,True,True,0.1800909060724656,0.17627859640206878,-0.003812309670396835,104.51369244460165,104.6129511716887,0.09925872708706152,5.0,4.309447783976795,-0.6905522160232049,739.3468382085405,742.0819475627625,2.735109354222004,0.5278690078695782,0.5397966056365329,0.011927597766954623,0.6065665088353408,0.6064724546739305,-9.405416141028411e-05,2.0,2.0,0.0,806.5,806.2234751038441,-0.2765248961559337
241,True,True,0.0635797343485338,0.05928337531851847,-0.00429635903001533,24.33973673113636,24.480167709063004,0.14043097792664483,3.0,2.0740461785229862,-0.9259538214770138,477.2060288970622,491.9268651394111,14.720836242348923,0.5843519698694012,0.6336903133275789,0.04933834345817767,0.6454770128225991,0.6453161752779478,-0.00016083754465123778,3.0,4.0,1.0,181.0,180.8830591779579,-0.11694082204209622
242,True,True,0.1613291994322873,0.18843430458563365,0.027105105153346354,59.61570447140876,59.52407372105321,-0.09163075035554868,1.0,1.3916658462781928,0.3916658462781928,367.8273246908497,375.8103557183049,7.9830310274551834,0.4788393130536805,0.408435102494523,-0.07040421055915752,0.5018224592683304,0.5017113387113897,-0.00011112055694062484,1.0,2.0,1.0,557.0,556.6954453225857,-0.3045546774143304
243,True,True,0.1937087346596545,0.20931533271701555,0.01560659805736106,142.20943554487428,138.36192270687692,-3.847512837997357,4.5,4.462021034589271,-0.03797896541072898,1171.3762773956375,1225.2844843130024,53.90820691736485,0.5853931987947472,0.5361283753864233,-0.04926482340832383,0.712861248646344,0.7127570785473646,-0.00010417009897945029,3.0,4.0,1.0,454.5,454.2735315605909,-0.22646843940907502
244,True,True,0.3124443349534391,0.25281387700427865,-0.05963045794916044,67.61118649919483,66.39001506703016,-1.2211714321646667,2.0,1.4433405455347388,-0.5566594544652612,329.0367115099625,348.87119263803356,19.834481128071047,0.4151349787843224,0.49570307551822573,0.08056809673390336,0.6118588260995196,0.6118588260995195,-1.1102230246251565e-16,1.0,1.0,0.0,0.0,0.0,0.0
245,True,True,0.1121121588296556,0.10949503461353782,-0.002617124216117775,56.56424749926979,57.08870110874657,0.5244536094767795,9.0,8.250012114184198,-0.749987885815802,550.6530539639025,560.4529318683865,9.799877904483992,0.5800896134000244,0.6049320693567817,0.02484245595675727,0.6110411278125122,0.610933412869391,-0.00010771494312122876,2.0,2.0,0.0,221.5,221.38577075978435,-0.11422924021564995
246,True,True,0.3055581497137454,0.27513671849965965,-0.030421431214085748,160.9791581451267,160.0008227322545,-0.978335412872184,3.0,2.3580487060360618,-0.6419512939639382,739.5960655571789,769.4685493772201,29.872483820041225,0.4964139736917132,0.5462189827764986,0.04980500908478541,0.6155910775461336,0.6154162088740119,-0.00017486867212168633,3.0,4.0,1.0,384.5,384.02488519487514,-0.4751148051248606
247,True,True,0.300109899396646,0.29887988111378855,-0.001230018282857459,198.06272909415023,203.270364166314,5.207635072163782,6.0,5.040430135832866,-0.9595698641671344,750.2600482794533,762.3510122882127,12.090964008759443,0.4596139897501815,0.5157096995877577,0.056095709837576224,0.518742315477018,0.5185495275559676,-0.00019278792105037468,4.0,4.0,0.0,602.5,602.0248701110554,-0.4751298889445934
248,True,True,0.2739796709002037,0.24103528471286287,-0.03294438618734083,114.22784308471265,115.57922025068498,1.3513771659723375,2.0,1.6220071790681692,-0.37799282093183084,426.28481259092047,455.80634466278343,29.521532071862964,0.4343867492171582,0.5025268739985159,0.06814012478135772,0.509952310190677,0.5099106450185116,-4.16651721654171e-05,2.0,2.0,0.0,33.5,33.38994865357256,-0.11005134642743997
249,True,True,0.1070360032428768,0.10583415659091211,-0.001201846651964697,49.4151905026194,49.32432585848431,-0.09086464413509532,1.5,1.4535016932437432,-0.04649830675625677,443.32762208613286,447.55663152465723,4.229009438524372,0.4881126595623365,0.4922482474763832,0.004135587914046668,0.599830057881317,0.599830057881317,0.0,0.0,0.0,0.0,0.0,0.0,0.0
250,True,True,0.2211675152460882,0.21039370437972887,-0.010773810866359312,72.50457347829442,73.22280328825785,0.7182298099634323,1.5,1.2694731682888236,-0.23052683171117638,392.8591177674557,401.3755744897061,8.516456722250382,0.3223846151201997,0.3485068692688258,0.026122254148626067,0.5114038375114379,0.5113519397157005,-5.189779573744335e-05,1.0,1.0,0.0,691.5,691.308368979841,-0.19163102015897948
251,False,False,0.2401017848426148,0.24010175852581034,-2.6316804457859888e-08,137.80287961516723,137.80918346989986,0.0063038547326357275,0.0,0.0,0.0,574.4579653520551,574.4840369009598,0.026071548904724295,0.6271778094975184,0.6271608581138484,-1.6951383670082976e-05,0.6270615677430736,0.6271608581138484,9.929037077471836e-05,0.0,0.0,0.0,,,
252,False,False,0.2702470977876977,0.2702451587990969,-1.938988600791447e-06,147.97048516693653,147.95293749687985,-0.017547670056671905,0.0,0.0,0.0,558.8364246984924,558.7669651248453,-0.06945957364700917,0.6275124758320236,0.6274687716769719,-4.370415505172698e-05,0.627407249438477,0.6274687716769719,6.152223849487104e-05,0.0,0.0,0.0,,,
253,True,True,0.0598887934867357,0.06065531169464709,0.0007665182079113902,67.74763028853846,68.06929333462614,0.3216630460876786,8.5,8.314491721993534,-0.1855082780064663,723.3901417321173,724.5018322707159,1.1116905385986229,0.6828745427255168,0.6849005037622427,0.0020259610367258096,0.6875349720534752,0.6874607854981302,-7.418655534507934e-05,1.0,1.0,0.0,640.5,640.2219864594676,-0.2780135405323563
254,True,True,0.1268505872122061,0.11739691038906612,-0.009453676823139981,82.9519459789703,82.4278818328496,-0.5240641461207076,5.0,4.504713314809488,-0.49528668519051244,704.9947770713882,728.4675435835752,23.472766512187036,0.5474283861812516,0.583185425292359,0.03575703911110739,0.6087600274825856,0.6087600274825855,-1.1102230246251565e-16,1.0,1.0,0.0,0.0,0.0,0.0
255,True,True,0.1030403104088266,0.09835814624259501,-0.004682164166231587,39.24605079432825,38.99211060244535,-0.2539401918828972,3.0,2.592251130600927,-0.40774886939907296,469.9475996827158,471.78211872753565,1.8345190448198423,0.5658189723897763,0.5766264692391816,0.010807496849405296,0.5959996183078865,0.5959476014662556,-5.2016841630919686e-05,1.0,1.0,0.0,809.0,808.8486284452625,-0.15137155473746589
256,True,True,0.2258987024213678,0.21067344434512042,-0.015225258076247389,71.65108410392193,72.4921024671842,0.8410183632622648,1.5,1.1548176423646512,-0.34518235763534877,418.5190703099602,428.40641820378784,9.88734789382761,0.3585316787730777,0.39985507913700824,0.04132340036393056,0.557582658628992,0.5575031886805301,-7.94699484619743e-05,1.0,1.0,0.0,776.5,776.2559717555998,-0.24402824440016957
257,False,False,0.2195098792802096,0.21950991403780284,3.475759324800265e-08,164.53520125070213,164.5434194324194,0.00821818171726818,0.0,0.0,0.0,745.4209170560274,745.4595082306133,0.03859117458591754,0.5663599638100902,0.5663567306942228,-3.233115867473657e-06,0.5662947679973583,0.5663567306942228,6.196269686442601e-05,0.0,0.0,0.0,,,
258,False,False,0.2624791591216797,0.2624868732898958,7.714168216099715e-06,128.0501108785787,128.01029082978383,-0.03982004879486567,0.0,0.0,0.0,465.72504217998846,465.5821233299145,-0.14291885007395422,0.5008898045381635,0.5008266838840332,-6.312065413027756e-05,0.5008059359241549,0.5008266838840332,2.07479598782756e-05,0.0,0.0,0.0,,,
259,True,True,0.0360948278713659,0.03513397689639725,-0.0009608509749686467,34.568980010179835,34.632460595445885,0.06348058526604916,1.5,1.3315974599390759,-0.16840254006092414,1023.8041240143092,1032.2909029912641,8.486778976954952,0.5808403044057574,0.5999390685641902,0.019098764158432813,0.6969825956304899,0.6969366819412092,-4.5913689280752124e-05,1.0,1.0,0.0,1506.0,1505.7767372839585,-0.2232627160415177
260,True,True,0.3494438880281569,0.30148913116883946,-0.04795475685931744,142.32327634760443,142.420869350561,0.09759300295655748,1.0,0.6213592920801603,-0.3786407079198397,685.4681328104467,710.6976114590943,25.229478648647614,0.5367770374643951,0.607372364429618,0.07059532696522286,0.6634898955463616,0.6633884161353077,-0.00010147941105387304,1.0,1.0,0.0,1054.5,1054.1627231300458,-0.3372768699541666
261,True,True,0.3025197241851348,0.26004241141591766,-0.042477312769217124,106.01553725154828,102.94480763338098,-3.070729618167306,1.0,0.5950132601254154,-0.40498673987458456,525.436496879958,546.0947086938655,20.658211813907542,0.5610540433851131,0.6135644127449044,0.052510369359791254,0.6790348856437661,0.679020090497179,-1.4795146587087693e-05,1.0,1.0,0.0,500.0,499.8859365722587,-0.11406342774131417
262,False,False,0.2355874676236936,0.23558629477296608,-1.1728507275099442e-06,219.8367196333321,219.84077487565847,0.004055242326359121,0.0,0.0,0.0,974.4456155945362,974.4535929473194,0.007977352783200331,0.7133866484375813,0.7133661446384248,-2.050379915641276e-05,0.7132997652334336,0.7133661446384248,6.637940499121253e-05,0.0,0.0,0.0,,,
263,True,True,0.0925927387585424,0.06351333679498315,-0.02907940196355925,36.58210985558722,36.556226191027584,-0.025883664559636088,0.5,0.12195125829894093,-0.37804874170105907,637.4196722312876,638.1421903415612,0.7225181102736542,0.5283592120749983,0.6462561062922098,0.1178968942172115,0.6976000209678231,0.6974951323158348,-0.00010488865198832187,1.0,1.0,0.0,1177.5,1177.0680898691573,-0.4319101308426525
264,True,True,0.3055846263749468,0.30738883696461466,0.0018042105896678429,135.09063253835384,135.9604850808993,0.8698525425454591,4.5,4.01103761221166,-0.48896238778834,543.4479268262759,545.6165565428486,2.1686297165726955,0.4232141798505819,0.4328969468308229,0.009682766980241009,0.5633011624343087,0.5632286738005364,-7.248863377229409e-05,1.0,1.0,0.0,915.5,915.0938202894553,-0.406179710544734
265,True,True,0.2087093651978622,0.21254428828424465,0.003834923086382447,178.66258455234976,179.3988754295162,0.7362908771664536,5.5,5.026894647808511,-0.47310535219148875,983.8390592349052,985.9066914832571,2.067632248351856,0.5293030474240121,0.5439230931089285,0.014620045684916372,0.746766872763566,0.7467175563027041,-4.931646086192565e-05,1.0,1.0,0.0,1590.0,1589.7490434993135,-0.25095650068647046
266,True,True,0.4738202675245829,0.417907662305672,-0.055912605218910894,97.3989387494032,96.08594976809626,-1.312988981306944,5.5,4.5631178431183805,-0.9368821568816195,418.79518521727874,423.4978600618092,4.702674844530463,0.2858427856288021,0.32328643680769964,0.03744365117889753,0.5783286001982098,0.5783286001982096,-1.1102230246251565e-16,1.0,1.0,0.0,0.0,0.0,0.0
267,True,True,0.0316219643317788,0.03158270513864439,-3.9259193134411063e-05,11.847436818910232,11.849627809524668,0.0021909906144355062,12.0,11.7964177526708,-0.20358224732919972,418.501509230022,418.3336641361753,-0.1678450938467222,0.4822466955373872,0.48577358875565546,0.0035268932182682677,0.5652080247074067,0.5650370067384141,-0.00017101796899265942,3.0,3.0,0.0,365.5,365.362523667363,-0.137476332636993
268,False,False,0.074639907046389,0.07463949145037452,-4.1559601447749284e-07,32.03699108811932,32.04023251087842,0.003241422759096224,0.0,0.0,0.0,473.3627668757818,473.394107459406,0.03134058362417136,0.4253087500672661,0.42530250667458697,-6.243392679128323e-06,0.4252329682167486,0.42530250667458697,6.953845783835844e-05,0.0,0.0,0.0,,,
269,True,True,0.4042953777877817,0.450654695021557,0.04635931723377529,189.8043108558228,189.42296241098316,-0.38134844483963093,4.0,4.108466114426848,0.10846611442684839,703.3550377258787,746.9011756644006,43.54613793852195,0.4369768589628656,0.3817342381633677,-0.05524262079949788,0.563237630199464,0.563237630199464,0.0,2.0,3.0,1.0,0.0,0.0,0.0
270,True,True,0.258709556105027,0.25934127960249154,0.0006317234974645425,136.72196838102855,136.84893164874578,0.12696326771722966,2.5,2.4398757209943156,-0.0601242790056844,498.446804007729,498.73911517437494,0.292311166645959,0.5055427144034895,0.508402815375055,0.002860100971565527,0.6672206205951887,0.6670344481025503,-0.0001861724926384145,1.0,1.0,0.0,858.5,858.0251622556781,-0.47483774432191694
271,True,True,0.9978791428009344,0.9924616073019481,-0.00541753549898627,743.8701608724292,737.1760089287897,-6.694151943639554,11.0,7.399696258461327,-3.6003037415386734,1195.9855685623404,1209.9424129818415,13.956844419501067,0.6762871296828107,0.732264182394126,0.05597705271131537,0.7391617880325669,0.739030930797725,-0.00013085723484196343,4.0,4.0,0.0,745.5,745.2561098791416,-0.24389012085839568
272,False,False,0.2047782759514771,0.20477775690432348,-5.190471536187236e-07,94.57987884471868,94.58555917621781,0.005680331499135605,0.0,0.0,0.0,470.63984185774734,470.6633825904614,0.02354073271408197,0.6716517178485443,0.6716390280993624,-1.2689749181893362e-05,0.6715269977554519,0.6716390280993624,0.00011203034391049638,0.0,0.0,0.0,,,
273,True,True,0.4480097251700741,0.44302426726936806,-0.004985457900706036,194.2970520972629,195.5416202187222,1.244568121459281,6.5,5.976282282033932,-0.5237177179660684,804.7172951049465,809.1205966070773,4.40330150213083,0.3800472354540484,0.39927366270504405,0.01922642725099566,0.5510128485775385,0.5509785684558984,-3.428012164008454e-05,2.0,2.0,0.0,847.5,847.3803849632725,-0.1196150367275095
274,True,True,0.1533735915169058,0.1311730055700869,-0.022200585946818896,77.44846853502129,77.26148047938321,-0.18698805563808207,3.0,2.416087860119297,-0.5839121398807028,803.5697818318567,847.2086265762374,43.63884474438066,0.40948494867759,0.48797368568078836,0.07848873700319836,0.5217836825042126,0.5216090797535287,-0.0001746027506839276,6.0,10.0,4.0,205.0,204.9263471481055,-0.07365285189450788
275,True,True,0.3572155591360498,0.3402080475336992,-0.01700751160235059,237.73384082540295,239.83923454721628,2.1053937218133285,1.5,1.0734980877954514,-0.4265019122045486,854.3930540265264,874.0559757170985,19.662921690572034,0.5993789467144156,0.6387240436826707,0.039345096968255056,0.7044177356936109,0.7043640966428761,-5.3639050734743954e-05,1.0,1.0,0.0,1083.0,1082.7881267092862,-0.211873290713811
276,True,True,0.5415236416113888,0.5215225062655964,-0.020001135345792398,210.91973317435975,208.02975632783534,-2.889976846524405,2.5,2.2700040346826436,-0.22999596531735644,640.0182185828901,650.9753882297153,10.957169646825264,0.4948297196907245,0.5078249971754988,0.012995277484774304,0.5261072172284138,0.5259727194261246,-0.00013449780228924624,5.0,6.0,1.0,198.5,198.43038995108392,-0.06961004891607558
277,True,True,0.2826528651591013,0.26049625548938127,-0.02215660966972005,171.02363234512882,172.6743597422873,1.6507273971584766,2.0,1.607028636534233,-0.392971363465767,743.7781365433469,758.7554377595028,14.977301216155865,0.4042874994441558,0.4585165751139581,0.054229075669802285,0.5501364778277765,0.550024908760494,-0.00011156906728249094,2.0,2.0,0.0,588.5,588.0491621590842,-0.450837840915824
278,True,True,0.4574899733253843,0.45690148682903553,-0.0005884864963487946,181.40024281498444,181.92217827558707,0.5219354606026343,9.0,8.874446295993389,-0.12555370400661126,620.5974696330039,621.2599464879418,0.6624768549378359,0.6485536804469066,0.6513497429150119,0.002796062468105265,0.682275281325278,0.6821647333468531,-0.00011054797842491304,2.0,2.0,0.0,281.5,281.25753124434686,-0.2424687556531353
279,True,True,0.1488692824077002,0.11765322323263627,-0.031216059175063926,37.93238414467745,37.94967372816074,0.017289583483290016,2.5,1.9747280486917596,-0.5252719513082404,622.8341702233067,635.0510139320137,12.21684370870696,0.3705408827095861,0.4683044411893733,0.09776355847978724,0.5291881963140035,0.529082673139679,-0.00010552317432444003,4.0,4.0,0.0,353.5,353.4329584193098,-0.0670415806902156
280,False,False,0.2475924174774913,0.24758685554438778,-5.561933103526151e-06,79.72975103331393,79.74734800213528,0.01759696882135131,0.0,0.0,0.0,412.3693163738333,412.39443938613044,0.02512301229711511,0.5945669225895569,0.5945564321804875,-1.0490409069419115e-05,0.5944393109026207,0.5945564321804875,0.00011712127786678295,0.0,0.0,0.0,,,
281,True,True,0.3490534339353068,0.32046806622611385,-0.028585367709192955,187.85923360100935,188.44287469351926,0.5836410925099074,2.5,1.9428670228517158,-0.5571329771482842,827.8949615255876,837.1517851570893,9.256823631501675,0.4342679273624447,0.485062856284906,0.05079492892246129,0.586204328875527,0.5861323653071575,-7.196356836947082e-05,2.0,2.0,0.0,714.0,713.7382264365186,-0.2617735634813698
282,True,True,0.3385598265467229,0.3247746121663246,-0.013785214380398314,230.13165920437373,230.74405433474658,0.6123951303728461,1.0,0.7463421679160093,-0.25365783208399073,817.6957568519015,824.6589850145215,6.963228162619998,0.5692443315001352,0.5995243921139848,0.03028006061384958,0.6544735982986667,0.6544473295741651,-2.626872450162132e-05,1.0,1.0,0.0,1430.5,1430.381176959969,-0.11882304003097488
283,True,True,0.3116642675561118,0.2577725947635016,-0.0538916727926102,123.81393077120993,123.5834385504943,-0.23049222071563236,2.0,1.4806590019084984,-0.5193409980915016,560.8568719211788,574.9837530389092,14.126881117730363,0.4547645038800617,0.5418143570839251,0.08704985320386344,0.6064767222885974,0.6063369048008538,-0.0001398174877436098,3.0,3.0,0.0,79.5,79.35236058367568,-0.1476394163243242
284,True,True,0.782345840231682,0.7108025965111394,-0.07154324372054255,347.3457660414466,346.5025770323057,-0.8431890091409286,3.5,2.6467637196241425,-0.8532362803758575,791.9256800870708,812.663108385652,20.73742829858122,0.4143674305652392,0.4834326589032596,0.06906522833802037,0.5110704686531173,0.5109548744571274,-0.00011559419598994314,3.0,3.0,0.0,587.5,587.1659063847017,-0.33409361529834314
285,True,True,0.9555973557953455,0.8916917475691165,-0.06390560822622904,451.2967010748959,448.36061399551676,-2.936087079379149,9.5,6.374170411127847,-3.1258295888721532,838.0481884654685,866.3680801120885,28.31989164662002,0.4619183415189091,0.5179298313569398,0.056011489838030726,0.5464575924257264,0.5464183810178691,-3.921140785734245e-05,3.0,3.0,0.0,188.0,187.88538330320387,-0.11461669679613351
286,True,True,0.1927265856810357,0.1790508343513728,-0.013675751329662894,181.14775677220263,182.52305432301387,1.37529755081124,1.0,0.6645354323612993,-0.3354645676387007,1073.8434633985837,1100.7473582910739,26.903894892490143,0.610879107713069,0.6751975959101804,0.06431848819711139,0.6854051677090139,0.6853323483449935,-7.281936402048217e-05,2.0,2.0,0.0,636.5,636.0076027231149,-0.49239727688507173
287,True,True,0.3655705862036167,0.35297993318573406,-0.012590653017882647,122.7175146196818,122.64874644457531,-0.06876817510648436,3.0,2.6181862034252856,-0.38181379657471437,747.8697858477937,751.8700046952977,4.000218847504016,0.4316044560862471,0.456663633023628,0.02505917693738091,0.5958576178578636,0.5957562260042564,-0.00010139185360724667,2.0,2.0,0.0,635.5,635.0833059307276,-0.41669406927235286
288,True,True,0.2238674253937658,0.20555240231939925,-0.018315023074366554,83.29993028385769,82.9788823679082,-0.32104791594949234,1.5,1.2042632990749553,-0.29573670092504467,386.4681661613865,407.78844155841836,21.320275397031878,0.4977196767837307,0.5356685266928736,0.03794884990914288,0.5668105633440292,0.5667888025706195,-2.1760773409762457e-05,1.0,1.0,0.0,266.0,265.9275308448945,-0.07246915510552299
289,True,True,0.2866005393761052,0.28614939621599506,-0.00045114316011013456,178.06513301276004,178.52505308005536,0.45992006729531454,26.0,25.533118425379605,-0.4668815746203947,922.484701777751,924.0323699242333,1.5476681464823514,0.4469147808099764,0.45775242979006503,0.010837648980088654,0.5818634780629233,0.5816488575307123,-0.0002146205322109962,4.0,4.0,0.0,377.5,377.3771055545685,-0.1228944454314842
290,True,True,0.1965266696015249,0.19391272136043905,-0.0026139482410858506,73.63102192577864,74.38228382972271,0.7512619039440693,3.5,3.06828477572126,-0.4317152242787401,486.1459840235117,492.11856216687994,5.972578143368253,0.4978120273902749,0.5125294233876684,0.014717395997393468,0.5471279971939375,0.5471279971939375,0.0,1.0,1.0,0.0,0.0,0.0,0.0
291,True,True,0.3773826465887358,0.3470168749650446,-0.03036577162369125,212.7696179356025,211.6406613272481,-1.1289566083544003,1.0,0.6881936417310499,-0.3118063582689501,817.2886039906468,835.5013376229753,18.212733632328423,0.610675360169922,0.6470895493282054,0.03641418915828343,0.6817390125468482,0.6816925508530663,-4.6461693781862934e-05,1.0,1.0,0.0,932.5,932.2280662640122,-0.2719337359877727
292,True,True,0.5101386453774295,0.5109048504224962,0.0007662050450667479,300.1372363721771,301.8985537137355,1.7613173415584242,19.5,19.06872887358186,-0.4312711264181388,778.3762960879328,782.5975011901747,4.221205102241925,0.4552556161700975,0.46332895593772117,0.008073339767623644,0.5881258348568388,0.5880969023567205,-2.893250011826165e-05,2.0,2.0,0.0,6.5,6.307291199392051,-0.19270880060794937
293,True,True,0.3491889338978813,0.33789416138319783,-0.011294772514683471,187.5954710209099,187.3819259242366,-0.21354509667330035,2.0,1.8241418839083061,-0.17585811609169388,776.1977838198353,777.5159755775513,1.318191757716022,0.6126677240595555,0.6298689688205878,0.017201244761032353,0.6602975378944513,0.6601990734422857,-9.846445216565858e-05,4.0,4.0,0.0,497.0,496.6131628888143,-0.38683711118568453
294,True,True,0.5374528704554639,0.549980650483957,0.012527780028493085,313.1533002835163,310.5652728270245,-2.5880274564917727,2.0,1.8984828811313499,-0.10151711886865011,876.7297332828754,890.1988838722442,13.469150589368837,0.523910426821247,0.5156605798859636,-0.008249846935283411,0.5725003461428316,0.5724348476754869,-6.549846734471565e-05,2.0,3.0,1.0,1207.5,1207.3567190460749,-0.14328095392511386
295,True,True,0.8363858585947261,0.7694725466575066,-0.0669133119372195,278.34700747779715,277.8419600026984,-0.5050474750987632,6.5,4.898732975480379,-1.601267024519621,605.2012263722769,625.0841006086542,19.882874236377347,0.3024960040681277,0.3961385146476888,0.09364251057956108,0.5258626309317491,0.525666308215626,-0.0001963227161231318,3.0,3.0,0.0,101.0,100.5060258781785,-0.4939741218214948
296,True,True,0.0617353413761642,0.060648928881025084,-0.001086412495139119,39.20454172073514,39.04989986760418,-0.15464185313096124,1.0,0.9535136551014148,-0.046486344898585163,1152.437796070063,1157.5464845874023,5.10868851733926,0.6736627802706802,0.6789544349387177,0.005291654668037493,0.7258440454160837,0.7258335000608945,-1.0545355189184313e-05,1.0,1.0,0.0,1009.0,1008.9349013470528,-0.0650986529471993
297,True,True,0.4276302177623123,0.3933469940207423,-0.03428322374157,235.5367794519325,234.68576434284122,-0.8510151090912643,4.0,3.0826846973737716,-0.9173153026262284,878.4291440110544,893.5539640545526,15.124820043498175,0.4859925077159133,0.5292611101721306,0.04326860245621733,0.5870186485995172,0.587008121176167,-1.0527423350281673e-05,2.0,2.0,0.0,464.0,463.9470973357433,-0.05290266425669188
298,True,True,0.2772043686656608,0.2300259017914574,-0.04717846687420338,88.47112818978752,88.21942817066983,-0.2517000191176919,1.0,0.6557546824158635,-0.34424531758413646,474.9690777627204,485.3139310215008,10.344853258780404,0.4086651944358674,0.48253990477603326,0.07387471034016585,0.6377432207617755,0.6376646881179309,-7.853264384460878e-05,1.0,1.0,0.0,834.0,833.7498942843539,-0.2501057156461002
299,True,True,0.526156662359663,0.5487727723245548,0.02261610996489183,383.88822853207415,383.5954062033801,-0.2928223286940579,2.0,2.1197335418139125,0.11973354181391249,1199.1868674090574,1211.764104336312,12.57723692725449,0.6775725652919494,0.6237469705752445,-0.053825594716704894,0.6837870409271629,0.6837056142512403,-8.142667592259123e-05,3.0,4.0,1.0,663.5,663.168274305194,-0.33172569480598213
300,True,True,0.15998698880982,0.14791344849450053,-0.012073540315319486,49.36978996339572,49.35949033225024,-0.010299631145478827,0.5,0.37785518390010114,-0.12214481609989886,606.0554582509817,606.4516190102266,0.39616075924493543,0.4516112928358434,0.4795154422883872,0.027904149452543825,0.59888784543579,0.5988710554038639,-1.6790031926117166e-05,1.0,1.0,0.0,1235.0,1234.9081031112219,-0.09189688877813751
301,True,True,0.3215024616422934,0.3206296790060251,-0.0008727826362682767,232.49363034883712,233.58432920392352,1.0906988550864014,5.5,5.130681470269336,-0.3693185297306636,860.0317435462317,863.7653672561944,3.7336237099626715,0.4429541301776094,0.4546479687719534,0.01169383859434403,0.6242803593085663,0.6242354268680308,-4.49324405354945e-05,1.0,1.0,0.0,1411.5,1411.2148654806033,-0.2851345193967063
302,False,False,0.1313829825951663,0.13137572515849652,-7.257436669766415e-06,38.658495473119046,38.65816303465479,-0.00033243846425534684,0.0,0.0,0.0,347.06665102551403,347.0352115636461,-0.031439461867933005,0.5164185808398447,0.5163907724844098,-2.7808355434921772e-05,0.5163164409754432,0.5163907724844098,7.433150896662966e-05,0.0,0.0,0.0,,,
303,True,True,0.4187855137373164,0.377661484855206,-0.041124028882110364,199.62057176264824,199.4009137753342,-0.21965798731403652,1.5,1.045287487236783,-0.454712512763217,618.8708041821459,642.875757333546,24.00495315140006,0.48159455671264,0.5259316396111997,0.0443370828985597,0.5472834965559057,0.5471994884458019,-8.400811010378373e-05,1.0,1.0,0.0,949.5,949.2079336106649,-0.29206638933510476
304,True,True,0.1222079603246781,0.13339770982957028,0.011189749504892182,54.04769175159964,53.600734340996226,-0.4469574106034173,1.0,1.032594093930675,0.03259409393067503,481.59269044080617,488.07336516232556,6.480674721519392,0.6122667714640119,0.5888336202684776,-0.02343315119553424,0.6224504194176915,0.622352593503635,-9.782591405649299e-05,1.0,2.0,1.0,679.0,678.7554857361027,-0.2445142638972584
305,True,True,0.7737359759432737,0.7428673824410439,-0.030868593502229813,498.9573177966354,497.3341356451773,-1.6231821514580815,11.0,10.080579596891749,-0.9194204031082513,904.094774819862,916.6710447317212,12.576269911859185,0.5172660258673311,0.5436304275354857,0.02636440166815468,0.5498478925738017,0.5496481656734454,-0.0001997269003563007,7.0,8.0,1.0,57.0,56.52115166987986,-0.4788483301201367
306,True,True,0.3238246320672525,0.4056539500989066,0.08182931803165411,194.8158643537028,192.9382033497072,-1.8776610039955983,2.0,3.3314257869787998,1.3314257869787998,802.7797726994203,830.5776667610961,27.797894061675834,0.547241722187715,0.37538744241096733,-0.17185427977674772,0.5824206723746012,0.5824079045897145,-1.2767784886680289e-05,1.0,2.0,1.0,991.5,991.4516756284543,-0.04832437154573199
307,True,True,0.1423563003061574,0.09986810982111453,-0.04248819048504286,57.79811426238024,57.95451381947457,0.15639955709433195,3.0,1.817896779053263,-1.182103220946737,636.9378826399145,684.6563900009704,47.71850736105591,0.3698721473228987,0.5701473622021124,0.20027521487921368,0.5896805848938952,0.5896805848938951,-1.1102230246251565e-16,2.0,2.0,0.0,0.0,0.0,0.0
308,True,True,0.2980363816376548,0.35667350404954945,0.05863712241189467,113.02209484768623,110.62731352080219,-2.3947813268840434,2.0,2.218347132889904,0.21834713288990404,435.85982578726566,469.5348370019482,33.67501121468251,0.469734902344784,0.39997003769058437,-0.06976486465419962,0.6471306510792384,0.6471306510792384,0.0,1.0,2.0,1.0,0.0,0.0,0.0
309,True,True,0.1644292586260036,0.15570945422530477,-0.008719804400698833,93.74165582061715,93.86823116980635,0.12657534918919566,1.0,0.8780767722520978,-0.12192322774790221,640.4311118169625,647.7334818680382,7.302370051075741,0.4754477824876166,0.5065129859208463,0.03106520343322966,0.5505237930242677,0.5504378513184931,-8.594170577458371e-05,2.0,2.0,0.0,772.0,771.9761588187706,-0.023841181229386166
310,True,True,0.2768524213918574,0.2624465196213202,-0.014405901770537188,160.6330107513407,160.45450336444293,-0.17850738689776335,2.0,1.7975815392157535,-0.20241846078424652,718.5259060809844,727.917951836564,9.392045755579602,0.5354596698534276,0.5624398024945485,0.02698013264112087,0.6395776792145565,0.6394410825282143,-0.00013659668634224964,2.0,2.0,0.0,321.0,320.796518117383,-0.20348188261698397
311,True,True,0.2211835728500147,0.19218440871908957,-0.028999164130925126,103.05785685287024,100.66799940461942,-2.3898574482508224,1.0,0.682385696511483,-0.31761430348851705,786.4863827519333,821.6027222144745,35.11633946254119,0.5773789208089759,0.6282922500353132,0.05091332922633729,0.671840729531998,0.6718349822211958,-5.747310802273198e-06,1.0,1.0,0.0,762.0,761.968111091983,-0.03188890801698108
312,True,True,0.044636867826013,0.04446582676391293,-0.00017104106210006492,26.604189150012264,26.95926038550182,0.3550712354895573,5.0,4.569442109670491,-0.4305578903295091,1033.57255475713,1043.268059207162,9.695504450031876,0.5610098728138762,0.5700448863639597,0.009035013550083515,0.6162549905258038,0.616204797237462,-5.019328834177106e-05,1.0,1.0,0.0,902.0,901.5964555231792,-0.4035444768207981
313,False,False,0.0893042306146245,0.08930329597858437,-9.346360401313314e-07,32.55940333726568,32.56122875517134,0.0018254179056640396,0.0,0.0,0.0,395.0379262952822,395.04079761146187,0.002871316179664518,0.5611124909892308,0.5611035206144984,-8.970374732353292e-06,0.5610296129464207,0.5611035206144984,7.390766807768845e-05,0.0,0.0,0.0,,,
314,True,True,0.166735695119362,0.2489294733751013,0.08219377825573929,99.17669582092203,96.86617850923842,-2.3105173116836113,1.0,1.4946738618251407,0.4946738618251407,877.5507350743661,889.3535003947727,11.802765320406593,0.5479769037460539,0.43246808051518715,-0.11550882323086675,0.5555850940174835,0.555513890851358,-7.120316612541089e-05,1.0,2.0,1.0,912.0,911.6179971012888,-0.38200289871122095
315,False,False,0.089699000575785,0.08968071535349285,-1.8285222292149794e-05,15.485551198399762,15.485101796689078,-0.00044940171068397206,0.0,0.0,0.0,269.5302904672636,269.49052998270633,-0.03976048455729142,0.3277731989473768,0.32774178467352644,-3.141427385033868e-05,0.3276998070197642,0.32774178467352644,4.197765376223739e-05,0.0,0.0,0.0,,,
316,True,True,0.3984600964924782,0.3835034130177154,-0.01495668347476281,198.97599999876792,195.97730630419954,-2.9986936945683738,2.0,1.725803858932341,-0.274196141067659,832.0658972181546,854.3280269174363,22.262129699281672,0.6136487443182147,0.6067850181303742,-0.00686372618784048,0.692268521117408,0.6920935806892154,-0.0001749404281925493,2.0,3.0,1.0,994.5,994.0382337999679,-0.4617662000321161
317,True,True,0.2435032588690182,0.22765168587829315,-0.015851572990725038,165.70041387231012,165.83680411783163,0.13639024552151113,4.5,4.146756418797306,-0.35324358120269395,839.4434889600352,849.0689612019991,9.625472241963848,0.4673234895989649,0.5100199576646129,0.04269646806564803,0.6583103970018932,0.6583103970018932,0.0,3.0,3.0,0.0,0.0,0.0,0.0
318,True,True,0.0594397761045557,0.055971550664937274,-0.0034682254396184234,52.28413800775772,52.29348444495034,0.00934643719261885,1.0,0.7717879350122532,-0.22821206498774682,967.8788324144804,969.7920485633861,1.9132161489056898,0.5648402213170433,0.6027710804225171,0.03793085910547389,0.7406436173688328,0.7405895805863728,-5.403678245996524e-05,1.0,1.0,0.0,1870.5,1870.2481387707085,-0.251861229291535
319,True,True,0.1643752578898732,0.15184071282709496,-0.012534545062778235,64.02690747867969,63.6158732486058,-0.41103423007388784,1.0,0.7578217545698863,-0.24217824543011368,498.1542648122244,518.8302236087469,20.67595879652248,0.537428335183944,0.5752166053500569,0.03778827016611297,0.6319006591797002,0.6318275712844245,-7.308789527571413e-05,1.0,1.0,0.0,417.5,417.21646936904307,-0.2835306309569319
320,True,True,0.9390289140303772,0.8370064592702295,-0.10202245476014771,345.4412298952634,334.51734351641977,-10.923886378843633,8.5,5.131707602069945,-3.3682923979300554,839.770340433611,853.7207593675025,13.95041893389157,0.4325229906872009,0.5195880320767693,0.08706504138956839,0.5598077648733754,0.5596365760002958,-0.0001711888730795419,4.0,4.0,0.0,543.0,542.5800342059922,-0.4199657940077941
321,True,True,0.8062055352754438,0.7811607029800655,-0.02504483229537835,383.7463355543746,387.844402983981,4.098067429606431,8.5,7.443564978317581,-1.056435021682419,926.8073991779454,934.3657447711417,7.55834559319635,0.3691034653086157,0.4149936233692127,0.045890158060596986,0.5931328032696078,0.5929992114289817,-0.00013359184062611273,3.0,3.0,0.0,218.5,218.31571068042018,-0.1842893195798183
322,True,True,0.1399857762410165,0.14617642181213752,0.006190645571121034,162.67945143653893,166.67248479686285,3.9930333603239205,6.0,5.087760608800453,-0.912239391199547,1130.433267905653,1141.7076382828222,11.274370377169134,0.6499647959593079,0.6819003699057447,0.03193557394643676,0.7288429230582258,0.728783838633096,-5.908442512980727e-05,2.0,2.0,0.0,958.0,957.776098116651,-0.2239018833489581
323,True,True,0.7791320382859844,0.7653863715920832,-0.013745666693901204,241.7301743412097,241.09647272309755,-0.6337016181121555,11.5,10.652265473926652,-0.8477345260733475,461.8055255441929,463.657608725666,1.8520831814731196,0.6133948054890803,0.6233285892620112,0.00993378377293086,0.66187125471737,0.6617507016378674,-0.00012055307950253891,2.0,2.0,0.0,151.5,151.39716648025066,-0.10283351974933908
324,False,False,0.2947392175090128,0.29471238321704907,-2.683429196370657e-05,86.29571951297626,86.31685677459959,0.02113726162332341,0.0,0.0,0.0,538.2036757993636,538.1918923445397,-0.011783454823898865,0.5590772047878189,0.559053468854191,-2.37359336278109e-05,0.5589731713094637,0.559053468854191,8.029754472738126e-05,0.0,0.0,0.0,,,
325,True,True,1.0,1.0,0.0,525.4407981432531,518.2347635622559,-7.206034580997198,265.5,281.65525208456233,16.155252084562335,759.0031344966194,770.6029147194844,11.599780222864979,0.4998499972036853,0.46661095001235076,-0.033239047191334525,0.5455954158029177,0.5454043388765145,-0.00019107692640318863,6.0,7.0,1.0,93.5,93.38114918320977,-0.11885081679022846
326,True,True,0.535335530696511,0.5296551507089702,-0.0056803799875407845,398.7351529319012,398.9571843780688,0.22203144616759118,4.5,4.176392710191433,-0.32360728980856734,1072.2944245350925,1074.5921843652463,2.2977598301538364,0.6181782345523035,0.6361193445527915,0.017941110000488036,0.6968078394584777,0.6967426276429227,-6.521181555496636e-05,3.0,3.0,0.0,1040.0,1039.8954826026645,-0.10451739733548493
327,True,True,0.1556366021004599,0.15446506635350296,-0.001171535746956942,85.22170066574517,85.8962074688398,0.67450680309463,2.5,2.103954539983534,-0.3960454600164658,505.67941472655815,511.39393552787396,5.714520801315814,0.601533477224195,0.6210559697084114,0.019522492484216336,0.6711484402646876,0.6710407217165668,-0.00010771854812074988,1.0,1.0,0.0,610.5,610.1659657033192,-0.3340342966807839
328,True,True,0.300044506698338,0.2711068196902122,-0.028937687008125768,144.9241154999685,142.95986566960173,-1.9642498303667821,0.5,0.3583993777399883,-0.1416006222600117,768.1985472695922,772.6308114761663,4.432264206574132,0.6102279239053217,0.6342811354664456,0.024053211561123944,0.6899910767699581,0.6899461376217075,-4.493914825054457e-05,1.0,1.0,0.0,1059.0,1058.6449864364422,-0.35501356355780445
329,True,True,0.1173703747005921,0.13079623267742807,0.013425857976835973,58.86820611838825,56.41459397985717,-2.453612138531078,0.5,0.7020896637695841,0.20208966376958415,956.1062072417124,971.3803351056761,15.274127863963713,0.7217128212542312,0.6425245722406308,-0.07918824901360044,0.7481570258238466,0.7481195949014943,-3.74309223523106e-05,1.0,2.0,1.0,968.0,967.8104312013226,-0.18956879867744192
330,True,True,0.1931407922674448,0.191729305522932,-0.001411486744512802,127.4711909266744,127.35675389565864,-0.11443703101575409,1.0,0.9709766083338764,-0.029023391666123555,848.6981292871604,850.0870910627679,1.388961775607413,0.6370952875246689,0.6400343452870143,0.002939057762345376,0.6807564965528694,0.6807103637177301,-4.613283513932309e-05,1.0,1.0,0.0,921.0,920.713962770758,-0.2860372292419697
331,True,True,0.6286125909966419,0.5999245212359775,-0.028688069760664403,332.2380967366244,335.32357303488317,3.0854762982587545,3.5,2.827945070707939,-0.6720549292920608,916.8411576454968,934.3340504658414,17.49289282034465,0.5317269784565264,0.5715199803344011,0.03979300187787471,0.5961473838047205,0.5960576918655607,-8.969193915986384e-05,2.0,2.0,0.0,820.0,819.692836569417,-0.30716343058304574
332,False,False,0.234882104198758,0.23483777439146652,-4.432980729146552e-05,81.84584063899841,81.81827397855324,-0.027566660445174307,0.0,0.0,0.0,446.52762153717,446.3536019107211,-0.17401962644885316,0.6597576349982508,0.6596886826064087,-6.895239184212532e-05,0.6596517977288361,0.6596886826064087,3.688487757258496e-05,0.0,0.0,0.0,,,
333,False,False,0.0423638187844529,0.04236394818080863,1.2939635572750685e-07,32.22534503180536,32.22571633975104,0.00037130794567730163,0.0,0.0,0.0,738.8309656843172,738.8454295323339,0.014463848016703196,0.5937357506536126,0.5937179939521282,-1.7756701484406e-05,0.5936467100794443,0.5937179939521282,7.12838726839582e-05,0.0,0.0,0.0,,,
334,True,True,0.2205442005100808,0.21082133099577302,-0.009722869514307786,176.56012844233263,176.3594626826182,-0.20066575971443967,1.5,1.222009636508301,-0.2779903634916989,998.4933006952552,1009.5553665416085,11.06206584635322,0.5722688042825224,0.5963653800790069,0.0240965757964845,0.6217633784707969,0.621649518419916,-0.00011386005088087625,3.0,4.0,1.0,1162.0,1161.9029206274902,-0.09707937250982468
335,True,True,0.1495261462196333,0.12375830410889364,-0.025767842110739667,30.1315327428384,28.96418410316298,-1.1673486396754171,1.0,0.6977636030642317,-0.3022363969357683,720.0725614852137,722.3879346527077,2.3153731674940445,0.6494959149570274,0.6730097661049281,0.02351385114790072,0.7420242882524204,0.7419393024413874,-8.49858110330004e-05,1.0,1.0,0.0,1081.5,1081.1043442470184,-0.39565575298161093
336,True,True,0.0587050277647679,0.05703274244299312,-0.001672285321774783,49.99768961975779,49.87498271941541,-0.1227069003423864,1.0,0.9488468667084817,-0.05115313329151827,1177.9815145446569,1184.1260661514107,6.144551606753794,0.6565274253570313,0.6715380322374188,0.015010606880387467,0.7482808114582693,0.7482123697214155,-6.844173685383037e-05,2.0,2.0,0.0,742.5,742.3060474042298,-0.19395259577015622
337,True,True,0.0451081109121844,0.041149956104963324,-0.003958154807221073,17.707909339467772,17.792239072315542,0.08432973284777034,0.5,0.24955446053063501,-0.250445539469365,457.845537966138,465.90770466393707,8.062166697799057,0.500280013704165,0.563745235215062,0.06346522151089706,0.6208084690355763,0.6207962562480066,-1.2212787569687578e-05,1.0,1.0,0.0,702.5,702.4246092705298,-0.07539072947020031
338,True,True,0.5170278303954721,0.4685314462916652,-0.048496384103806855,200.0209947705617,201.8259262990086,1.8049315284468719,1.0,0.6540587303985377,-0.3459412696014623,573.6890159571428,587.974565469465,14.285549512322177,0.463721957016331,0.5232083805701441,0.05948642355381306,0.617566890746077,0.6174377402759553,-0.0001291504701216306,1.0,1.0,0.0,1018.5,1018.0650743157049,-0.4349256842950808
339,True,True,0.4409724259683532,0.312185353234404,-0.12878707273394918,106.173733648676,91.95137344667155,-14.222360202004452,2.0,1.283877722208854,-0.716122277791146,442.59269125064657,466.79274988044864,24.200058629802072,0.5186715672720768,0.6033296383711678,0.08465807109909107,0.6246325406472201,0.6245265707023419,-0.00010596994487821476,2.0,2.0,0.0,101.0,100.69461607631676,-0.3053839236832374
340,True,True,0.145943531380193,0.1423868578618713,-0.0035566735183217013,83.4937988723219,83.48680039725328,-0.0069984750686273856,3.5,3.260009788413301,-0.23999021158669898,923.306395759985,926.598729118952,3.292333358966971,0.5128164265205721,0.5244701112998578,0.011653684779285634,0.6745322385162151,0.6744541483268951,-7.809018932003475e-05,1.0,1.0,0.0,1468.5,1468.0719056703576,-0.42809432964236294
341,True,True,0.4474478929808911,0.46856135437309443,0.021113461392203325,269.157154268861,271.1263448667954,1.9691905979344142,6.0,5.9854141243849845,-0.014585875615015453,803.8952434395019,811.6096509272899,7.71440748778798,0.5471676229360511,0.5266404643949204,-0.02052715854113074,0.5663772564451676,0.5662218851417482,-0.00015537130341936045,4.0,5.0,1.0,584.5,584.0829079515099,-0.4170920484900762
342,True,True,0.6431552606541855,0.5662086320524427,-0.07694662860174284,176.05646134543693,172.15783891087904,-3.8986224345578933,5.5,4.640213526057778,-0.8597864739422221,823.8953083723773,834.8408319587057,10.945523586328477,0.3336760848132049,0.3904792009036834,0.0568031160904785,0.5454000561649853,0.5452693160748217,-0.00013074009016367238,3.0,3.0,0.0,451.0,450.95210398466645,-0.04789601533354926
343,True,True,0.4599518391511004,0.456814410725324,-0.0031374284257763563,183.0050329401542,183.4370626182412,0.4320296780870194,5.0,4.443158624169883,-0.5568413758301167,678.8238270074676,680.3586227832521,1.5347957757845734,0.3803765390912271,0.40323879449146716,0.02286225540024006,0.572377056135607,0.5722148515591818,-0.00016220457642512898,2.0,2.0,0.0,891.5,891.1758899763723,-0.32411002362766794
344,True,True,0.2906068550708001,0.27104574143415094,-0.01956111363664914,97.9836612642026,92.8375681355525,-5.146093128650094,1.5,1.3792300375964264,-0.12076996240357363,468.3363190131385,511.2738741901962,42.937555177057675,0.5161036373991811,0.5133177284507913,-0.0027859089483898147,0.6288828019541546,0.6288828019541545,-1.1102230246251565e-16,1.0,2.0,1.0,0.0,0.0,0.0
345,True,True,0.1354327560322455,0.1300094584456223,-0.005423297586623188,42.78151574401051,40.45383249665917,-2.327683247351345,0.5,0.3872470386966598,-0.11275296130334023,631.6235262453666,649.0741267260577,17.450600480691037,0.6775822239908704,0.6883432778453157,0.010761053854445257,0.7444883388099901,0.7443517012355324,-0.00013663757445769864,1.0,2.0,1.0,871.0,870.6202229014408,-0.3797770985592024
346,True,True,0.2452118738903123,0.2280270982553983,-0.017184775634913996,145.4609798822957,145.68431909172156,0.22333920942585905,6.0,4.542461458977777,-1.457538541022223,695.7591806145374,703.1031022620917,7.343921647554339,0.5148859605403681,0.5987362244148683,0.08385026387450023,0.6045642861522631,0.6043719022147659,-0.00019238393749720917,4.0,4.0,0.0,618.5,618.0180604597953,-0.48193954020473484
347,True,True,0.415937993535404,0.3604416501193924,-0.05549634341601162,153.81607325234955,154.26598684210038,0.4499135897508211,3.5,2.903165066376097,-0.5968349336239029,662.5713859433523,676.1412274575864,13.5698415142341,0.377923591007254,0.44653911782700384,0.06861552681974986,0.5236885050981797,0.5235587864145261,-0.00012971868365352357,3.0,3.0,0.0,545.0,544.7185208600771,-0.28147913992290796
348,False,False,0.1254279308974385,0.12543318081707788,5.249919639377376e-06,42.71540241262983,42.69966334437667,-0.015739068253161292,0.0,0.0,0.0,322.84575434264514,322.72822097671144,-0.11753336593369568,0.4711156714431603,0.47100811028247835,-0.00010756116068194599,0.4709724366411326,0.47100811028247835,3.5673641345768115e-05,0.0,0.0,0.0,,,
349,True,True,0.4585802186890407,0.44591083621931954,-0.012669382469721158,118.10192090690552,117.32073347355443,-0.7811874333510929,4.0,3.6933009738742864,-0.30669902612571365,428.1817629326526,429.9686468051489,1.7868838724963325,0.593451978027376,0.6014800309107553,0.008028052883379266,0.6591277075563253,0.659012592038454,-0.00011511551787135588,1.0,1.0,0.0,514.0,513.6670459138159,-0.3329540861841451
350,True,True,0.1367139040639043,0.12511026484462842,-0.011603639219275874,59.55701349819717,60.07158800629869,0.5145745081015178,1.0,0.743985035509104,-0.256014964490896,495.5531654142112,532.9914160940003,37.43825067978912,0.4674936258874693,0.5091951247266835,0.0417014988392142,0.5326752232803128,0.5326642971965652,-1.0926083747642146e-05,1.0,1.0,0.0,254.0,253.93388533606634,-0.06611466393366072
351,True,True,0.3031470751453288,0.2663148833308072,-0.036832191814521575,138.75014265201892,139.83636805578124,1.0862254037623131,4.5,3.5876513038820144,-0.9123486961179856,929.0058130275588,960.1574809479642,31.15166792040543,0.4239174871747496,0.5082250482710817,0.08430756109633214,0.5630620671485682,0.5628830605706976,-0.0001790065778706218,6.0,7.0,1.0,203.0,202.83682515008408,-0.16317484991591868
352,True,True,0.11075060558304,0.11456981898192503,0.003819213398885038,112.7765945131569,113.57829726987485,0.8017027567179582,11.0,12.611182590548262,1.6111825905482622,731.9844307723748,735.5469560656026,3.5625252932277363,0.5417639294323043,0.4319960956713321,-0.10976783376097221,0.5474418920615998,0.5472744901794848,-0.0001674018821149481,2.0,3.0,1.0,366.0,365.55957656635445,-0.4404234336455488
353,True,True,0.0963591771419309,0.0739442762513135,-0.0224149008906174,53.00173208664536,52.883287536592476,-0.11844455005288523,2.0,1.0663657730154228,-0.9336342269845772,888.9205953685771,918.1801426713142,29.259547302737133,0.427567996521219,0.568988696600114,0.14142070007889496,0.6375426508072397,0.6374698043660787,-7.284644116101191e-05,2.0,2.0,0.0,704.0,703.6964055863571,-0.3035944136429407
354,True,True,0.0931919022514809,0.08889830808729604,-0.004293594164184858,33.98626072356028,33.93039759218058,-0.05586313137969512,0.5,0.3586969946569298,-0.14130300534307022,552.3792784383552,555.0243813300223,2.6451028916670793,0.5308356139581154,0.5510181414155989,0.0201825274574835,0.5967051780481585,0.5966293463611758,-7.583168698266363e-05,1.0,1.0,0.0,922.5,922.0460572597963,-0.45394274020372904
355,True,True,0.2434094182890445,0.24396275794587488,0.0005533396568303817,175.0484286260757,175.59763700073557,0.5492083746598837,4.0,3.7820255237980764,-0.21797447620192356,886.3028127295358,888.6732354559241,2.370422726388256,0.6101555965132358,0.623104852232911,0.012949255719675201,0.6416364966745512,0.6415835464619586,-5.295021259266175e-05,4.0,4.0,0.0,299.5,299.2387218319486,-0.26127816805137627
356,True,True,0.0358363882720304,0.0378515351946027,0.0020151469225722987,71.92675363275978,72.43896539693925,0.5122117641794688,18.5,17.726647522213156,-0.7733524777868439,800.1891585745952,800.8374174981293,0.6482589235340583,0.5341746107047713,0.547574304042672,0.013399693337900698,0.6575545411899909,0.6574387172555232,-0.00011582393446774031,3.0,3.0,0.0,929.0,928.7864198897557,-0.2135801102442656
357,True,True,0.4221143011237629,0.37729628708882396,-0.04481801403493896,148.23019684575004,147.34136152931288,-0.8888353164371665,1.5,1.0645735180296472,-0.43542648197035283,668.0327730035798,678.1786099830996,10.1458369795198,0.4088097892236667,0.44717714057759095,0.03836735135392427,0.5787242648958406,0.5786676624974494,-5.6602398391225606e-05,1.0,1.0,0.0,1108.5,1108.0598989751807,-0.44010102481934155
358,True,True,0.97620437587525,0.9696261521797825,-0.0065782236954674556,704.6046533767495,698.474052390766,-6.130600985983506,14.0,12.486707022803577,-1.5132929771964232,1005.2849490853788,1016.1252057786057,10.840256693226934,0.5890700798839433,0.626251072951974,0.03718099306803069,0.6748320418170841,0.674763331797365,-6.871001971908708e-05,4.0,4.0,0.0,120.0,119.6038678248475,-0.396132175152502
359,True,True,0.1090065487236474,0.10869260085158576,-0.0003139478720616401,29.58236379695161,30.031694474236794,0.4493306772851824,4.0,3.588249271444513,-0.4117507285554871,430.4950219263723,435.2646902714967,4.769668345124387,0.516529735754906,0.5252283287303651,0.008698592975459052,0.584566492267475,0.5844891994318737,-7.729283560131694e-05,1.0,1.0,0.0,293.0,292.58324388525307,-0.4167561147469314
360,False,False,0.0986738777304434,0.09867866054173069,4.782811287296074e-06,52.46041683091914,52.440454555404315,-0.019962275514821215,0.0,0.0,0.0,495.448092622839,495.25960999923313,-0.18848262360586432,0.555898517890569,0.5557929550020331,-0.000105562888535915,0.5557829326447966,0.5557929550020331,1.0022357236461055e-05,0.0,0.0,0.0,,,
361,False,False,0.1937495501711603,0.19373273236151795,-1.6817809642355463e-05,60.5561687232914,60.57122472263691,0.015055999345513271,0.0,0.0,0.0,486.3239388911539,486.31739778580277,-0.006541105351118404,0.6825820401616034,0.6825546004291853,-2.7439732418144125e-05,0.6824483486784284,0.6825546004291853,0.00010625175075684723,0.0,0.0,0.0,,,
362,True,True,0.1421699761191196,0.1383978371957052,-0.0037721389234144087,63.62043394137223,64.17545110832877,0.5550171669565458,2.5,2.2563419647805865,-0.24365803521941354,582.7020351501163,594.8648149679757,12.16277981785936,0.4485343090496394,0.4645523378176567,0.01601802876801728,0.5890602297741474,0.5890158907346068,-4.433903954059737e-05,1.0,1.0,0.0,494.0,493.70670074908423,-0.2932992509157657
363,True,True,0.164319749743271,0.17809502238368455,0.01377527264041356,116.23134191054848,115.25253163689922,-0.978810273649259,1.5,1.5443759034562394,0.04437590345623943,929.9013629565084,961.8689775494249,31.96761459291656,0.5784755061531662,0.5240988010168328,-0.054376705136333414,0.583938083691737,0.5837993271797594,-0.00013875651197770011,3.0,5.0,2.0,315.5,315.11784672109667,-0.3821532789033313
364,True,True,0.1602540740530853,0.15890346504792244,-0.0013506090051628727,47.948229995018224,47.94781840376029,-0.00041159125793654994,0.5,0.47660322625888524,-0.023396773741114762,377.3780074096334,377.67839265394315,0.300385244309723,0.5012526095250484,0.5060447049996408,0.004792095474592473,0.6069459716691024,0.6068344212375034,-0.00011155043159893907,1.0,1.0,0.0,657.5,657.13117404546,-0.36882595453994327
365,True,True,0.2961574971990767,0.285702256463216,-0.010455240735860682,187.51778836278328,188.23461384056324,0.7168254777799632,3.0,2.648498349671719,-0.35150165032828085,839.0254426159154,846.1805578695107,7.155115253595341,0.4147444475066865,0.4430349054373441,0.028290457930657598,0.5481917515218642,0.548156546236738,-3.520528512612753e-05,2.0,2.0,0.0,618.0,617.8028974925742,-0.19710250742582502
366,True,True,0.2985572541771962,0.2972109265309605,-0.001346327646235712,219.86902614587464,220.3827903848215,0.5137642389468624,2.0,1.924321363319178,-0.07567863668082198,959.6670411322002,962.4283584399471,2.7613173077469355,0.626608463638013,0.6324859004204115,0.005877436782398493,0.7360696655845015,0.735998117746903,-7.154783759844019e-05,1.0,1.0,0.0,1224.5,1224.1965919815261,-0.3034080184738741
367,False,False,0.1927394921001124,0.19274571377730493,6.221677192524977e-06,154.20157025135492,154.15561964169726,-0.045950609657666064,0.0,0.0,0.0,754.0909469242073,753.8665325244956,-0.22441439971169075,0.6273199390835108,0.6272455876584266,-7.435142508416259e-05,0.6272389689844441,0.6272455876584266,6.618673982550227e-06,0.0,0.0,0.0,,,
368,True,True,0.8621333928686916,0.7844486111349562,-0.07768478173373539,369.95879798999056,367.84620274790404,-2.1125952420865133,6.5,4.716520103684161,-1.7834798963158391,727.5471959464197,755.4520321725302,27.904836226110433,0.5538311806210138,0.6017850732045718,0.04795389258355798,0.6142648459329841,0.61410184144258,-0.00016300449040418385,2.0,2.0,0.0,239.0,238.59523356152877,-0.40476643847122773
369,True,True,0.4351095828720603,0.43842243852141993,0.003312855649359625,116.94553573494863,112.54113017307039,-4.404405561878249,2.0,2.1296606132993485,0.12966061329934853,399.3400968225607,410.5074248709644,11.167328048403704,0.4955366742322862,0.4784804308387196,-0.017056243393566595,0.5544715932698532,0.5543478155289108,-0.00012377774094241012,2.0,3.0,1.0,319.5,319.15578491336316,-0.34421508663683653
370,True,True,0.1717322187768206,0.16368822971303157,-0.008043989063789031,79.23209057645879,79.4525390749044,0.22044849844560588,3.0,2.2157071181747603,-0.7842928818252397,568.4047837798939,572.7020636710942,4.297279891200219,0.4040187008130586,0.45507147031807504,0.05105276950501647,0.5174569499015731,0.5174216288458892,-3.532105568393451e-05,2.0,2.0,0.0,489.5,489.2780218943304,-0.22197810566962062
371,False,False,0.3011179175670697,0.30109574049189075,-2.217707517893075e-05,96.59636720720096,96.56597799073026,-0.030389216470695146,0.0,0.0,0.0,354.66247916343383,354.54533322248545,-0.11714594094837594,0.4946287547812595,0.4945547924163356,-7.39623649239074e-05,0.4945170983461377,0.4945547924163356,3.769407019788007e-05,0.0,0.0,0.0,,,
372,True,True,0.3331873767954352,0.3502384761716192,0.017051099376183987,220.5279432698141,216.6463970022595,-3.8815462675545973,3.5,3.651925913477318,0.1519259134773181,1205.1387918474616,1234.998716076815,29.85992422935351,0.6467710090773315,0.5764530025507132,-0.07031800652661835,0.6707580271220978,0.670608546696523,-0.00014948042557472174,5.0,7.0,2.0,236.5,236.45698686758365,-0.0430131324163483
373,True,True,0.365785732948197,0.33509756716458267,-0.03068816578361433,124.35431024377658,124.8166611425616,0.46235089878501867,1.5,1.2015847502072576,-0.29841524979274237,379.38636925665935,414.79103465391313,35.40466539725378,0.4824506859361923,0.5185069576193962,0.036056271683203966,0.5397712949718197,0.5397712949718196,-1.1102230246251565e-16,0.0,0.0,0.0,0.0,0.0,0.0
374,False,False,0.1702495124977615,0.17025350153611932,3.989038357826713e-06,108.92767292735272,108.91090922017365,-0.0167637071790665,0.0,0.0,0.0,598.8373157839724,598.7535536741646,-0.08376210980782162,0.6325186613122316,0.6324605203754141,-5.814093681744126e-05,0.6324026774618517,0.6324605203754141,5.784291356236704e-05,0.0,0.0,0.0,,,
375,False,False,0.2026177710336823,0.20261772693085311,-4.410282919420361e-08,65.57214384522584,65.58958854763485,0.017444702409008528,0.0,0.0,0.0,410.9876379419528,411.0319769932543,0.04433905130150606,0.5486370408360284,0.5486369522712329,-8.856479549734786e-08,0.5485379924535321,0.5486369522712329,9.895981770080553e-05,0.0,0.0,0.0,,,
376,True,True,0.1439545026947537,0.13870554265966456,-0.005248960035089151,59.08330560037164,58.3987872884183,-0.6845183119533402,0.5,0.44846558630815714,-0.05153441369184286,783.8299234206382,807.8401523000224,24.010228879384158,0.5474789406680618,0.5390028115720509,-0.00847612909601092,0.6108437803494475,0.6107585119100062,-8.526843944134388e-05,1.0,2.0,1.0,1210.0,1209.5596280464072,-0.4403719535928303
377,True,True,0.1710066488810878,0.15375750871425717,-0.01724914016683063,58.58229380821084,58.15336184135884,-0.4289319668520051,1.0,0.7365223417698872,-0.2634776582301128,472.609892972908,478.2206815294896,5.610788556581554,0.5483593559962546,0.6116089510747317,0.06324959507847705,0.683640741061643,0.6835416526956615,-9.908836598149229e-05,2.0,2.0,0.0,210.5,210.22004910299546,-0.27995089700453946
378,True,True,0.1910936286768529,0.188372040218623,-0.0027215884582298955,130.437720500999,130.41196881588388,-0.025751685115125156,3.0,2.8387866535689694,-0.16121334643103058,952.8190282081158,954.578526764845,1.759498556729227,0.5823068009748302,0.5980102814510402,0.015703480476209952,0.6908867900742398,0.6907742826535865,-0.0001125074206532739,3.0,3.0,0.0,356.0,355.52323754382445,-0.4767624561755497
379,False,False,0.0946738970155736,0.09467679840120384,2.9013856302356755e-06,36.93169242601965,36.92921622190423,-0.002476204115424707,0.0,0.0,0.0,351.5069325121903,351.5013672204813,-0.005565291708990117,0.5713332970159899,0.5712861526035345,-4.714441245534662e-05,0.5711563595964628,0.5712861526035345,0.00012979300707172126,0.0,0.0,0.0,,,
380,True,True,0.112394690802188,0.10490901691574508,-0.007485673886442917,51.04213262931131,49.652447032857545,-1.3896855964537664,1.0,0.8739741404308007,-0.12602585956919932,906.9190837899396,921.8663048017772,14.947221011837655,0.5818320921138853,0.5949887240668013,0.013156631952915943,0.6029907068142266,0.6029697700975295,-2.0936716697117497e-05,1.0,1.0,0.0,702.0,701.8425667958342,-0.15743320416584083
381,False,False,0.1661238455217731,0.16610809514055977,-1.575038121331973e-05,35.415758802696814,35.42040650628848,0.00464770359166522,0.0,0.0,0.0,311.71116596810947,311.7026218974821,-0.00854407062735163,0.3903488762318785,0.39032559374245696,-2.3282489421572183e-05,0.3902528063485351,0.39032559374245696,7.278739392185818e-05,0.0,0.0,0.0,,,
382,True,True,0.3015251354055536,0.26716200445903004,-0.034363130946523546,99.75541330620403,99.31611639547859,-0.43929691072544585,1.5,1.0354941694589797,-0.46450583054102035,623.6567119338813,628.9653378204624,5.308625886581126,0.5082047400063823,0.5543929689829264,0.04618822897654418,0.7305485226540723,0.7305305406691726,-1.7981984899773096e-05,1.0,1.0,0.0,888.0,887.9052079275798,-0.09479207242020493
383,True,True,0.9051958433320662,0.8692046920856222,-0.03599115124644392,336.38316297902185,335.3199636712379,-1.0631993077839752,12.5,9.340948968532013,-3.159051031467987,747.6473698418496,760.1337503435836,12.486380501734061,0.5657033750708472,0.5942436259444196,0.02854025087357237,0.6106353293938981,0.6104861176590471,-0.0001492117348509403,2.0,2.0,0.0,745.0,744.7291623941728,-0.2708376058271824
384,False,False,0.1415898990574466,0.14159042518473686,5.26127290262357e-07,98.422559941334,98.42823141811411,0.005671476780108264,0.0,0.0,0.0,578.8703151835564,578.9483376782539,0.07802249469750677,0.6160122184538738,0.6160080447681826,-4.1736856911667175e-06,0.6158773439854307,0.6160080447681826,0.00013070078275190244,0.0,0.0,0.0,,,
385,True,True,0.3837494007002963,0.3598928672234797,-0.0238565334768166,217.3642449819965,216.62775730327544,-0.7364876787210619,0.5,0.34269284392939886,-0.15730715607060114,862.52710046548,876.4809166400412,13.953816174561211,0.6619711757125917,0.6982400161602464,0.03626884044765477,0.7246535279041523,0.7246496248904006,-3.903013751638262e-06,1.0,1.0,0.0,1027.5,1027.4793402867285,-0.020659713271470537
386,False,False,0.0534661697891346,0.05346756907879819,1.3992896635908747e-06,30.713246716249937,30.707784849962547,-0.005461866287390649,0.0,0.0,0.0,537.8993967235399,537.8098949601272,-0.08950176341272709,0.538749655133137,0.5386969007373519,-5.2754395785115094e-05,0.5386540150763025,0.5386969007373519,4.288566104937441e-05,0.0,0.0,0.0,,,
387,False,False,0.0680658389860228,0.06806406439873186,-1.7745872909341598e-06,18.2905015455483,18.289730892695076,-0.0007706528532231971,0.0,0.0,0.0,290.3910455895615,290.370022675335,-0.02102291422647795,0.3970495140137666,0.3970239666163659,-2.554739740068257e-05,0.3969608969314308,0.3970239666163659,6.306968493513532e-05,0.0,0.0,0.0,,,
388,True,True,0.3696382962737138,0.36641707440599336,-0.0032212218677204474,113.45099089393815,113.40725011498132,-0.04374077895683115,8.0,7.771953944629047,-0.22804605537095313,605.8199056837855,606.7026561752725,0.8827504914870588,0.4645529821655172,0.4677294781315523,0.0031764959660350867,0.584427898512715,0.5843487176044204,-7.918090829461821e-05,1.0,1.0,0.0,978.0,977.6559014117573,-0.34409858824267303
389,True,True,0.7003959363143433,0.6401202002240345,-0.060275736090308785,292.5196055471005,288.6078128894426,-3.9117926576579407,3.5,2.9190381011168953,-0.5809618988831047,711.3668587292634,731.3914012140983,20.02454248483491,0.4629735222404755,0.5085126012364419,0.04553907899596643,0.6043060254974617,0.6042493892023311,-5.6636295130640946e-05,2.0,2.0,0.0,208.0,207.9396483979782,-0.06035160202179668
390,True,True,0.1851819634816181,0.16391681779381712,-0.021265145687800996,114.66094580522832,112.38073413151977,-2.28021167370855,3.0,2.2585664244019434,-0.7414335755980566,1071.1839264473604,1114.8975590902287,43.71363264286833,0.5313944368531472,0.5893702258789421,0.05797578902579481,0.7007015344521168,0.7006124510297604,-8.908342235636191e-05,3.0,4.0,1.0,419.0,418.65971452631686,-0.34028547368313866
391,True,True,0.0880757917850325,0.07647700161437415,-0.011598790170658346,68.79449629258279,66.99780114481399,-1.7966951477688013,1.0,0.6175501571386122,-0.38244984286138783,937.870507401572,995.4410646100233,57.570557208451305,0.6726005937545814,0.7367763411791366,0.06417574742455523,0.7440948758538112,0.7439696367959161,-0.00012523905789507683,2.0,4.0,2.0,650.0,649.8539594835783,-0.1460405164217491
392,True,True,0.2263154993162091,0.2134435961787667,-0.012871903137442381,76.10209479358164,76.04528013978441,-0.056814653797232495,0.5,0.40287028929451485,-0.09712971070548515,487.374517825585,493.8863021645723,6.511784338987354,0.4703647403323869,0.49499472472088035,0.024629984388493453,0.5569231187099017,0.5568203112947661,-0.00010280741513568614,1.0,1.0,0.0,787.0,786.5336329201205,-0.4663670798795465
393,False,False,0.0569167582991202,0.05691859313222534,1.8348331051395994e-06,21.530062342794903,21.52691326296134,-0.003149079833562496,0.0,0.0,0.0,347.12786137616206,347.09197256775025,-0.03588880841181208,0.5635890006831212,0.5635472173851634,-4.178329795778701e-05,0.5634532112701711,0.5635472173851634,9.40061149923288e-05,0.0,0.0,0.0,,,
394,True,True,0.1491145817769012,0.13674491045936352,-0.01236967131753769,65.16822851401213,66.05689455384677,0.8886660398346464,8.0,6.350928558746813,-1.649071441253187,621.3932888170272,631.9966088994876,10.603320082460414,0.4117477207289018,0.4814416904205405,0.06969396969163871,0.5067449553941481,0.5065850620200244,-0.00015989337412369853,4.0,4.0,0.0,219.5,219.1665012670803,-0.33349873291970766
395,True,True,0.2382215807199209,0.23491880568832685,-0.0033027750315940407,95.3961796733435,96.03027967334006,0.6340999999965646,6.0,5.401819038373648,-0.598180961626352,575.5242473957709,577.9679608895935,2.4437134938226563,0.3804182319291773,0.40112079937608885,0.02070256744691157,0.532914049561916,0.5327966079380386,-0.0001174416238773901,2.0,2.0,0.0,828.5,828.3547835438517,-0.14521645614831868
396,False,False,0.0526988135684339,0.05269721535352679,-1.5982149071114282e-06,19.20717037589118,19.20816509061897,0.0009947147277884483,0.0,0.0,0.0,421.5949944824239,421.5933858694098,-0.00160861301407067,0.4956604306192904,0.4956348835933012,-2.5547025989169914e-05,0.4955507863530194,0.4956348835933012,8.409724028179966e-05,0.0,0.0,0.0,,,
397,True,True,0.3356698486247474,0.32823256779714216,-0.007437280827605253,122.39695314933836,122.32679724359744,-0.07015590574091846,4.5,3.9886703849304492,-0.5113296150695508,587.738036666855,588.6867906220534,0.9487539551984128,0.545687989378526,0.559922646667663,0.014234657289136976,0.6381886518234664,0.6381309786404106,-5.767318305582858e-05,2.0,2.0,0.0,529.0,528.939201593768,-0.06079840623203836
398,True,True,0.0298084647055435,0.02961889265129055,-0.00018957205425294832,12.645918735623855,12.775626564722842,0.1297078290989866,3.5,3.252285779797241,-0.2477142202027589,550.0872588840899,555.7743095644703,5.687050680380366,0.5742049157599509,0.5857851864476856,0.011580270687734706,0.6161293378537974,0.616062795787127,-6.65420666704497e-05,1.0,1.0,0.0,616.0,615.8071193375263,-0.19288066247372626
399,True,True,0.0508175124497762,0.05087449452473824,5.698207496204061e-05,22.80151981489378,22.91532717598593,0.1138073610921495,2.5,2.3411439347313725,-0.1588560652686275,550.6378213449833,552.3628830202513,1.7250616752679662,0.6582695202724494,0.6623574283040387,0.004087908031589205,0.6781981242056601,0.6781663351514408,-3.1789054219300006e-05,1.0,1.0,0.0,426.5,426.3480446919006,-0.15195530809938873
400,False,False,0.05842227466223,0.05842244943316684,1.747709368338235e-07,46.199099339937696,46.191884557210294,-0.00721478272740228,0.0,0.0,0.0,783.6698339097494,783.5488333300156,-0.12100057973384537,0.664358056159241,0.6643262697494868,-3.1786409754208655e-05,0.6642950968579997,0.6643262697494868,3.1172891487130094e-05,0.0,0.0,0.0,,,
401,True,True,0.5667331410548473,0.49205085758672784,-0.07468228346811945,307.4590182711604,288.25609125765413,-19.20292701350627,3.0,2.3428583529952456,-0.6571416470047544,998.3121103027348,1075.0336744154863,76.72156411275148,0.5004032505438814,0.5397421474678028,0.03933889692392145,0.6302416937942491,0.6301702986945864,-7.139509966269664e-05,3.0,4.0,1.0,42.5,42.17727377826555,-0.32272622173444887
402,False,False,0.2194085823089298,0.2194124296641531,3.847355223324245e-06,143.50061544281036,143.45181812723803,-0.04879731557232958,0.0,0.0,0.0,636.3796355746997,636.163997620602,-0.21563795409770137,0.6099328290395185,0.6098693428794985,-6.348616002005425e-05,0.6098591297123847,0.6098693428794985,1.0213167113803934e-05,0.0,0.0,0.0,,,
403,True,True,0.3035361330663893,0.2778778234840655,-0.025658309582323846,146.96304057187402,146.8669526856272,-0.09608788624680642,0.5,0.2687469024502207,-0.2312530975497793,538.4863197710355,543.3581798863806,4.871860115345157,0.552925944883202,0.5999829817965958,0.0470570369133938,0.6320445298604115,0.6320148260303822,-2.9703830029315093e-05,1.0,1.0,0.0,1010.0,1009.8989170180702,-0.10108298192983511
404,False,False,0.0601894592880275,0.06018928721864276,-1.7206938474068068e-07,37.5946622985476,37.589928303563646,-0.004733994983951106,0.0,0.0,0.0,629.6428416933176,629.5620684789499,-0.0807732143676958,0.7317763919335242,0.731728825400928,-4.756653259618826e-05,0.7316625631528921,0.731728825400928,6.626224803585323e-05,0.0,0.0,0.0,,,
405,True,True,0.5302718597913672,0.49535247670751364,-0.034919383083853506,210.30381951774208,207.21307942632652,-3.0907400914155687,1.0,0.8429569795553108,-0.1570430204446892,662.104932199471,674.358866240061,12.253934040590025,0.5750792204644859,0.5943988004117554,0.019319579947269516,0.602942364961614,0.6028295104455297,-0.0001128545160843375,1.0,1.0,0.0,799.0,798.575493634934,-0.4245063650660086
406,True,True,0.3082123316367511,0.3144036570775562,0.006191325440805084,158.72530952546697,159.17286930895796,0.4475597834909877,9.0,9.171858181527917,0.17185818152791654,638.5572497238828,644.2635381430009,5.706288419118096,0.5980984103844793,0.5699155423749859,-0.028182868009493434,0.6315204286978907,0.6315204286978906,-1.1102230246251565e-16,3.0,4.0,1.0,0.0,0.0,0.0
407,True,True,0.861880872726576,0.8198850237606337,-0.04199584896594233,411.15698402990273,398.20057136817115,-12.956412661731576,3.0,2.332672811744852,-0.6673271882551481,673.7943353804426,697.2991729570882,23.504837576645627,0.5060651800596778,0.536270062687686,0.030204882628008134,0.5893964894523197,0.5893964894523196,-1.1102230246251565e-16,2.0,3.0,1.0,0.0,0.0,0.0
408,True,True,0.5047700257474435,0.4778734521261409,-0.026896573621302544,170.5194036609036,169.62112464901332,-0.8982790118902813,2.0,1.7071938057953964,-0.29280619420460363,615.1136315910537,620.1115714120941,4.997939821040404,0.4648091286215566,0.48331684598148267,0.018507717359926068,0.6370269041337654,0.6369915077272881,-3.539640647731712e-05,1.0,1.0,0.0,975.0,974.8691327629716,-0.130867237028383
409,True,True,0.2331315597739845,0.23398622028863708,0.0008546605146525776,152.2808545773928,152.1139591264976,-0.16689545089519697,17.0,16.647283382408173,-0.3527166175918275,852.0857798595579,852.1182817333184,0.032501873760566014,0.4081897651231494,0.4140934930687674,0.005903727945617998,0.6456855753587231,0.645685575358723,-1.1102230246251565e-16,1.0,1.0,0.0,0.0,0.0,0.0
410,False,False,0.2272448720783328,0.22723616886847686,-8.703209855936977e-06,98.92448626351364,98.91502359368202,-0.009462669831620474,0.0,0.0,0.0,484.049951317643,483.98719243096156,-0.06275888668142215,0.5806098194063483,0.5805696915959354,-4.012781041284885e-05,0.5805077931148183,0.5805696915959354,6.18984811171508e-05,0.0,0.0,0.0,,,
411,False,False,0.1890611255636699,0.18904715550441578,-1.3970059254131417e-05,54.82521812766626,54.80282215965464,-0.022395968011622358,0.0,0.0,0.0,315.305814421922,315.1728672865124,-0.13294713540955172,0.4659164513379403,0.4658556783640912,-6.077297384909919e-05,0.465830653674594,0.4658556783640912,2.5024689497221697e-05,0.0,0.0,0.0,,,
412,True,True,0.1874786836907926,0.1807260217287915,-0.006752661962001083,57.86205400826217,58.00476263979523,0.14270863153306124,2.0,1.7825377073400894,-0.21746229265991057,414.2434718723993,430.79253409545936,16.549062223060048,0.4837425504898077,0.4984052553527462,0.014662704862938525,0.5627170345590768,0.5627170345590768,0.0,3.0,5.0,2.0,0.0,0.0,0.0
413,False,False,0.0348487689110625,0.03485200618410491,3.2372730424112817e-06,14.23700005856347,14.229061535604663,-0.007938522958808036,0.0,0.0,0.0,373.58788708847766,373.3788480662998,-0.20903902217787618,0.5369794872947735,0.5368599272595579,-0.00011956003521562675,0.5368564011249567,0.5368599272595579,3.5261346011949968e-06,0.0,0.0,0.0,,,
414,True,True,0.3987348566185751,0.3920592898411004,-0.006675566777474717,204.71145691547525,204.58810585423277,-0.12335106124248796,4.5,4.15876419072156,-0.34123580927844,911.8623399104166,917.4341628840344,5.571822973617827,0.5597563154478874,0.5693422117247502,0.009585896276862793,0.6048696233083615,0.6047746232590208,-9.500004934070994e-05,2.0,2.0,0.0,462.5,462.09687223202656,-0.4031277679734444
415,True,True,0.1956451229246618,0.18640819176362874,-0.009236931161033052,113.43404662159811,113.55540716644705,0.12136054484894032,1.5,1.1359898346359842,-0.36401016536401576,623.930527548108,635.5066816213462,11.576154073238172,0.6488466478637709,0.6802305235631785,0.03138387569940759,0.7282142167552739,0.7281736621742159,-4.055458105800547e-05,1.0,1.0,0.0,673.0,672.8623910408118,-0.1376089591882419
416,True,True,0.1926798200834758,0.17617871319792722,-0.016501106885548594,68.81576987877584,68.85358470572297,0.03781482694712679,0.5,0.28201223217765803,-0.21798776782234197,399.982012049584,401.42291929617295,1.4409072465889494,0.4675681456978838,0.5217380032140534,0.054169857516169595,0.5950458916949226,0.5949852024747709,-6.0689220151677326e-05,1.0,1.0,0.0,848.5,848.3125741828167,-0.18742581718333895
417,True,True,0.2398189539488379,0.2390094193439148,-0.0008095346049231122,131.19996879232286,131.22327514051213,0.02330634818926569,9.5,9.36586921071865,-0.13413078928135036,891.7228862584436,892.2481970598981,0.5253108014544523,0.6049200517207256,0.6069410046067807,0.002020952886055083,0.7426630102388347,0.7426009226042443,-6.208763459047972e-05,1.0,1.0,0.0,1071.0,1070.6192908529508,-0.38070914704917413
418,True,True,0.0710934900989881,0.07414841828483361,0.003054928185845504,71.50581538331132,72.52952401068582,1.0237086273745035,16.0,15.28022019901542,-0.7197798009845808,655.3156746039631,656.5584408349816,1.2427662310185497,0.3573687752154941,0.36991325118313556,0.012544475967641466,0.5812573104230495,0.5812249453285447,-3.236509450477154e-05,2.0,2.0,0.0,494.0,493.89628416965144,-0.10371583034856258
419,True,True,0.1617061673527504,0.1590483541719441,-0.0026578131808062955,96.53242789804844,96.39234561742227,-0.14008228062617434,1.0,0.9569017927104142,-0.0430982072895858,843.1024482792418,844.3307569184617,1.2283086392199039,0.6719839059863539,0.6791562177994899,0.007172311813135934,0.7209962672341966,0.7209129763641238,-8.329087007286073e-05,2.0,2.0,0.0,950.5,950.248104720521,-0.2518952794789584
420,True,True,0.1434788050744725,0.1445079953319424,0.001029190257469892,56.22790881803244,53.720876486564414,-2.507032331468025,3.0,2.798064904380591,-0.20193509561940903,739.6652766251821,753.5682214885909,13.902944863408834,0.5791731503046291,0.573548236510644,-0.005624913793985109,0.6024885772656586,0.6022918630822022,-0.00019671418345645897,3.0,5.0,2.0,950.0,949.6303638501955,-0.369636149804478
421,False,False,0.106945958317813,0.10693947146115491,-6.4868566580916776e-06,51.52521202560532,51.520823527237965,-0.004388498367354998,0.0,0.0,0.0,571.1760285902126,571.0939675252533,-0.08206106495924814,0.6743997620388177,0.6743661205761872,-3.364146263051815e-05,0.674311327040258,0.6743661205761872,5.479353592918734e-05,0.0,0.0,0.0,,,
422,True,True,0.1405208396586502,0.1681751954776737,0.027654355819023507,100.88390316127362,100.56511868026921,-0.31878448100441403,1.0,1.4369409127859403,0.43694091278594027,774.0308902224458,798.2722516328469,24.241361410401055,0.6340948427070142,0.5074553171577928,-0.12663952554922142,0.6627725862077984,0.6626586630463299,-0.000113923161468521,1.0,2.0,1.0,665.0,664.5567078544914,-0.4432921455086216
423,False,False,0.015064509418366,0.015064996942294509,4.875239285086208e-07,6.642475924109,6.641260984809164,-0.0012149392998361819,0.0,0.0,0.0,408.5739541453304,408.50783067648615,-0.06612346884423914,0.4991473812570914,0.49910199011304773,-4.5391144043671616e-05,0.4990481038244047,0.49910199011304773,5.388628864305689e-05,0.0,0.0,0.0,,,
424,True,True,0.6532746985874215,0.5044521723414093,-0.14882252624601222,303.34261272618585,298.6809765977633,-4.661636128422572,6.5,4.860693752483348,-1.639306247516652,792.0863265575211,828.900298553767,36.81397199624587,0.3710042539936725,0.4860641589640473,0.11505990497037483,0.6167722136122584,0.6167722136122584,0.0,2.0,2.0,0.0,0.0,0.0,0.0
425,True,True,0.4391258716068194,0.3892162873216552,-0.04990958428516418,258.18903195961406,248.66609022956118,-9.522941730052878,4.0,3.095950103009819,-0.9040498969901809,1087.4627259196488,1136.9157020481057,49.45297612845684,0.5662518911996601,0.6271835245936421,0.060931633393982,0.6739670879588104,0.6738105766242002,-0.00015651133461025424,4.0,5.0,1.0,170.0,169.84035366317593,-0.1596463368240677
426,True,True,0.3256656243490827,0.3267884173715439,0.0011227930224612104,166.28899722894303,166.46176805011535,0.17277082117232112,8.5,8.101202766719496,-0.3987972332805043,642.1800342025658,642.4570767718966,0.2770425693307743,0.5001663842951874,0.5047566753100533,0.004590291014865855,0.6472451005116232,0.6472069474608191,-3.81530508041239e-05,1.0,1.0,0.0,1083.5,1083.3074005013182,-0.19259949868182957
427,True,True,0.2162002933188123,0.16977030602770304,-0.046429987291109254,79.9982245169951,77.30515773535649,-2.6930667816386062,1.0,0.5528061030723621,-0.4471938969276379,974.75295049818,992.0220758892735,17.269125391093553,0.5106849789688866,0.5990411814802721,0.08835620251138543,0.6076811022482036,0.6075771629463869,-0.00010393930181673561,2.0,2.0,0.0,1367.5,1367.3652367630802,-0.13476323691975267
428,True,True,0.5219130442997301,0.5129819540820715,-0.008931090217658588,175.25092926488563,175.62186293228518,0.37093366739955513,5.0,4.714994580589701,-0.28500541941029933,649.2513062302879,652.2395543255841,2.9882480952961714,0.53461964811787,0.5454906318248638,0.010870983706993798,0.6322187005362039,0.6321353338283084,-8.33667078954381e-05,2.0,2.0,0.0,451.5,451.281457663411,-0.21854233658899602
429,True,True,0.2924634567054667,0.27053687389734743,-0.021926582808119266,226.3494148994491,224.57221879434437,-1.7771961051047356,3.0,2.556457077409142,-0.4435429225908578,1051.8991105475884,1071.6289595383696,19.729848990781193,0.5638209225961558,0.6030624826427003,0.039241560046544555,0.6919869416087568,0.6919292834187531,-5.765819000369543e-05,2.0,2.0,0.0,240.5,240.4116482263832,-0.08835177361680735
430,True,True,0.0604874060442305,0.0590459518583069,-0.0014414541859236046,26.54723950162497,26.480936415043125,-0.06630308658184347,1.5,1.365954891906586,-0.13404510809341397,489.2608385569732,495.0033204364518,5.742481879478589,0.6338648592248739,0.6448935029338115,0.011028643708937635,0.6581669922434592,0.6581049129710388,-6.207927242041222e-05,1.0,1.0,0.0,342.5,342.2775273612648,-0.22247263873521206
431,True,True,0.2548238926734248,0.2545880267499215,-0.00023586592350333113,79.72776019770134,79.7194480814935,-0.008312116207846998,2.0,1.9918457599123949,-0.008154240087605125,404.7126709570796,404.84938136268727,0.13671040560768688,0.5078026443258687,0.508250366815448,0.00044772248957924976,0.5302416974096612,0.5302079206197922,-3.377678986904442e-05,1.0,1.0,0.0,358.0,357.9094506404753,-0.09054935952468668
432,True,True,0.6564925036549432,0.6557173416044616,-0.0007751620504815593,198.90142332035785,198.88557458311558,-0.015848737242265543,5.5,5.439037469774482,-0.060962530225517675,561.552039211018,561.4849993992472,-0.0670398117708828,0.3969515004646402,0.39762609130314563,0.0006745908385054622,0.5969218496820529,0.5968712798765863,-5.056980546658263e-05,1.0,1.0,0.0,1130.5,1130.3068734267906,-0.19312657320938342
433,True,True,0.1721326439088311,0.15296082027148877,-0.019171823637342322,51.00972479824554,50.806331095085746,-0.2033937031597972,3.5,3.0357220531732323,-0.4642779468267677,733.0063593804896,742.6420771245009,9.635717744011345,0.3180727898914236,0.3540340139564395,0.035961224065015895,0.5324645912450751,0.5323766618306864,-8.792941438862112e-05,2.0,2.0,0.0,323.0,322.72600960810286,-0.2739903918971436
434,True,True,0.2437132457371065,0.2283566665608559,-0.015356579176250607,203.7394304641361,209.2789928757994,5.539562411663297,6.0,4.58249908304424,-1.4175009169557597,1149.3991164015465,1174.5604514684012,25.16133506685469,0.541919616715013,0.6396494920787403,0.09772987536372735,0.6661384729596735,0.6660025088247857,-0.00013596413488781156,4.0,4.0,0.0,349.0,348.8265768194592,-0.17342318054079442
435,True,True,0.4952113026385282,0.4947234491170062,-0.0004878535215219748,208.8759075037185,209.24812828611246,0.37222078239395273,9.0,8.87036906057618,-0.1296309394238193,719.8014523279015,720.5276585181547,0.7262061902531514,0.7003559838857257,0.7015832089337813,0.0012272250480556135,0.7033795920836511,0.7032873351458118,-9.225693783931899e-05,1.0,1.0,0.0,484.0,483.5827650063707,-0.41723499362927896
436,False,False,0.1838972544875071,0.18389172428032352,-5.530207183579439e-06,71.63285688931691,71.60848947483906,-0.024367414477850957,0.0,0.0,0.0,405.9406740528557,405.79847195576804,-0.14220209708764742,0.5958248635185016,0.5957632828668662,-6.158065163541782e-05,0.5957244904785419,0.5957632828668662,3.879238832427134e-05,0.0,0.0,0.0,,,
437,False,False,0.0445023027411036,0.044500563014451426,-1.739726652176532e-06,38.38789799359044,38.382405072491665,-0.00549292109877797,0.0,0.0,0.0,975.2965799963772,975.1493831399541,-0.14719685642307923,0.6441186529264754,0.6440701880885976,-4.846483787779299e-05,0.6440478592384319,0.6440701880885976,2.2328850165731495e-05,0.0,0.0,0.0,,,
438,True,True,0.5901717905098924,0.46581719988057474,-0.1243545906293177,243.77887953231257,241.778283166836,-2.000596365476582,3.0,2.2369923271005985,-0.7630076728994015,862.1631425137311,872.224087916446,10.060945402714879,0.4579946980436414,0.5600359614257341,0.10204126338209268,0.5880066634587388,0.5878829335132343,-0.00012372994550446936,5.0,5.0,0.0,264.0,263.89085186232137,-0.10914813767863052
439,True,True,0.0697179648570121,0.0712453989065281,0.0015274340495160105,116.4417455667652,116.84986368304655,0.40811811628134365,7.0,6.750807224807788,-0.2491927751922116,1031.536192975214,1033.3030822213548,1.7668892461408632,0.5750633863080841,0.5802734345146568,0.0052100482065727816,0.7129973174368117,0.7129268808316358,-7.043660517591643e-05,1.0,1.0,0.0,1536.0,1535.6403333570213,-0.3596666429787092
440,True,True,0.0333479776992726,0.029445755286961257,-0.0039022224123113416,25.125715691301085,24.789492804268765,-0.3362228870323207,1.0,0.6670556460449008,-0.33294435395509925,1167.8092110781226,1196.8057021913285,28.99649111320582,0.6336542380322856,0.6814338314859133,0.0477795934536277,0.7228245877362951,0.7228047274417462,-1.9860294548923463e-05,1.0,1.0,0.0,1393.5,1393.3735787376936,-0.12642126230639406
441,True,True,0.1474061136025845,0.14734589355651398,-6.022004607050824e-05,98.3187190740849,98.32150609948681,0.002787025401914889,12.5,12.23009962816138,-0.26990037183862015,788.9958640787307,788.9898157905767,-0.0060482881540337985,0.4420176335501534,0.4448564694960413,0.0028388359458879076,0.6189628381648232,0.618943373853784,-1.9464311039274484e-05,1.0,1.0,0.0,1704.0,1703.8994346568913,-0.10056534310865572
442,True,True,0.1505133786899858,0.1345404994839213,-0.015972879206064494,46.94199385865944,46.801087208825216,-0.1409066498342213,2.0,1.5434656338184145,-0.4565343661815855,552.507783475042,561.1908029704734,8.683019495431495,0.4854179913574711,0.5524958110846928,0.06707781972722171,0.6304465640619878,0.6303623509288707,-8.421313311712808e-05,2.0,2.0,0.0,493.0,492.9915407218329,-0.008459278167094908
443,True,True,0.1990059470291818,0.19646970792758023,-0.002536239101601584,105.09858946951708,105.37825198952237,0.2796625200052887,11.0,10.413653984275859,-0.5863460157241409,578.8768585321674,582.6682594859337,3.791400953766356,0.5678075531294363,0.5775420864638381,0.009734533334401774,0.6456915529412941,0.645584614268454,-0.00010693867284006231,2.0,2.0,0.0,26.0,25.648252254459752,-0.3517477455402478
444,True,True,0.5354257618389909,0.48292958903971606,-0.052496172799274876,308.9999094959059,308.42110284522494,-0.5788066506809741,1.5,1.0263378484756687,-0.47366215152433133,906.0211842050278,924.996758230715,18.97557402568725,0.6019054706278872,0.6523171834805981,0.050411712852710844,0.7316953379553246,0.7316610831285861,-3.4254826738466804e-05,1.0,1.0,0.0,1310.0,1309.8612020442963,-0.13879795570369424
445,True,True,0.2861154799899663,0.23212904191702446,-0.05398643807294182,121.81630657119013,122.75968010011651,0.9433735289263865,2.0,1.432333287992515,-0.567666712007485,848.3284421301244,886.9573860687817,38.62894393865736,0.4199977863811194,0.5212386105736782,0.10124082419255875,0.5432068246987594,0.5430841823939624,-0.00012264230479697158,3.0,3.0,0.0,323.0,322.82876207151185,-0.17123792848815356
446,True,True,0.3008585130240664,0.2608700563948455,-0.0399884566292209,95.67269630901636,93.54745866696287,-2.1252376420534915,3.0,2.443516692845152,-0.5564833071548478,840.9484766465392,847.0962633797602,6.147786733220983,0.448947280687514,0.4981351518344028,0.04918787114688883,0.6135690461643976,0.6134726800236054,-9.636614079211459e-05,2.0,2.0,0.0,969.5,969.1534490072319,-0.3465509927681296
447,True,True,0.1615342112067266,0.14926050557435552,-0.012273705632371068,55.08242904911779,53.962507619436316,-1.119921429681476,1.0,0.8262749819725287,-0.1737250180274713,762.800412590041,768.1545135782678,5.354100988226833,0.5973821442160262,0.6144535722526586,0.01707142803663242,0.687103141791706,0.6870844466217403,-1.869516996566567e-05,1.0,1.0,0.0,1111.0,1110.9262132373296,-0.07378676267035189
448,True,True,0.0524432346183984,0.04636886254595234,-0.006074372072446058,25.573321973816796,25.621283543603738,0.04796156978694199,0.5,0.24887795535032642,-0.2511220446496736,600.504652086803,626.5811408453353,26.076488758532264,0.5371792477998053,0.6035419714393815,0.06636272363957618,0.6193469329689097,0.6192731500071229,-7.378296178683907e-05,1.0,1.0,0.0,716.5,716.0158350110444,-0.48416498895562654
449,False,False,0.0377609686930172,0.03776524626214906,4.277569131863612e-06,15.466859022108787,15.45871977728362,-0.008139244825168035,0.0,0.0,0.0,363.5531535550477,363.3631162641981,-0.1900372908496024,0.5744493701196509,0.5743029800527655,-0.00014639006688543788,0.5742855528537969,0.5743029800527655,1.742719896857814e-05,0.0,0.0,0.0,,,
450,False,False,0.0927058373311458,0.09270583975610011,2.4249543068011192e-09,34.14535041111043,34.15191961576124,0.006569204650809013,0.0,0.0,0.0,366.19789273352654,366.2699606134978,0.0720678799712573,0.6265989386084954,0.6265982189325355,-7.196759598260272e-07,0.6264138398119049,0.6265982189325355,0.0001843791206306289,0.0,0.0,0.0,,,
451,True,True,0.3799893871270379,0.4559819121019348,0.07599252497489689,153.41840577883835,152.28972205761067,-1.1286837212276737,1.5,2.2149090494902346,0.7149090494902346,527.7984563632064,549.4990369229143,21.700580559707987,0.5107201137009801,0.40329100145907365,-0.10742911224190649,0.5435106188997324,0.5434545137659934,-5.610513373899284e-05,1.0,2.0,1.0,573.5,573.2973936097761,-0.2026063902238775
452,False,False,0.0142056062826807,0.014205803863121286,1.975804405848769e-07,5.29262306483359,5.292746675208513,0.00012361037492336635,0.0,0.0,0.0,326.80698312514124,326.8425739071408,0.03559078199953092,0.5422321916491729,0.5422177117983326,-1.4479850840354302e-05,0.5420718166931507,0.5422177117983326,0.0001458951051818147,0.0,0.0,0.0,,,
453,True,True,0.2713436480324689,0.2566272793310949,-0.014716368701373994,94.03686822870682,94.1384418588957,0.10157363018888077,2.5,2.0463014070643117,-0.45369859293568826,619.6322347642367,627.4548594163932,7.822624652156492,0.5715527642113458,0.600019862717636,0.028467098506290145,0.731153855149199,0.7310528206471806,-0.00010103450201837116,1.0,1.0,0.0,748.5,748.0633385652964,-0.4366614347036375
454,True,True,0.7237577717412182,0.8323399627896324,0.10858219104841416,327.3610534533518,331.1707426744168,3.809689221064957,7.5,9.282199745718374,1.7821997457183745,853.4748561284209,868.3556940330476,14.880837904626674,0.524132606639609,0.4248865404825313,-0.0992460661570777,0.5536469831571575,0.5535044275037299,-0.0001425556534276895,4.0,5.0,1.0,156.0,155.70209683072005,-0.2979031692799481
455,True,True,0.397356237624037,0.3729776149557619,-0.024378622668275063,46.489267210067794,46.45940669320057,-0.029860516867223907,2.0,1.6603086553863255,-0.33969134461367445,356.94337669369645,357.52479658046315,0.581419886766696,0.3644017515079993,0.3838837522298998,0.019482000721900483,0.5554041652236501,0.5553322891843195,-7.187603933056508e-05,1.0,1.0,0.0,756.5,756.2392127683751,-0.26078723162493134
456,True,True,0.1165560877588651,0.11766021193162787,0.0011041241727627743,62.94107307874278,63.265399725639,0.3243266468962176,4.0,3.7803742725460348,-0.21962572745396525,495.9883840318956,497.78557175146915,1.7971877195735715,0.4112870215823249,0.4185534842520851,0.007266462669760221,0.5309886811937556,0.5309002026428833,-8.847855087235068e-05,1.0,1.0,0.0,989.0,988.68689290698,-0.31310709301999395
457,True,True,0.1989924054404127,0.24101340735635032,0.042021001915937634,98.2887583293347,98.57783239436863,0.28907406503392963,2.5,4.267735506605824,1.767735506605824,472.8705234900369,476.53310225568464,3.6625787656477655,0.5606580011158723,0.42489686036473256,-0.1357611407511397,0.5693458128445132,0.569143407836563,-0.00020240500795021266,1.0,2.0,1.0,627.0,626.5017232482683,-0.498276751731737
458,False,False,0.1306514382188584,0.1306490720014177,-2.366217440707974e-06,58.322595076115576,58.318367281896464,-0.004227794219112013,0.0,0.0,0.0,474.3624108146944,474.3184210891877,-0.04398972550666258,0.5343003873512038,0.5342718436386269,-2.8543712576878377e-05,0.534214599425245,0.5342718436386269,5.724421338193508e-05,0.0,0.0,0.0,,,
459,True,True,0.7319449313074263,0.697137820325983,-0.03480711098144329,378.57175423825055,377.155967315551,-1.4157869226995672,2.5,2.1044032872654506,-0.39559671273454944,844.1092273937732,856.7709246741329,12.661697280359704,0.5480496339924134,0.5813955155851342,0.033345881592720894,0.6653485639215231,0.6653176406431864,-3.092327833664754e-05,2.0,2.0,0.0,192.5,192.43166039939015,-0.06833960060984623
460,True,True,0.1593897039839026,0.15828566646020736,-0.0011040375236952282,120.09277862867803,120.9645552362098,0.8717766075317712,2.0,1.9039068951969973,-0.0960931048030027,805.6841127609318,830.4058453282604,24.72173256732856,0.5585551777752021,0.5629253248691475,0.004370147093945342,0.6747754802267953,0.6746197589129265,-0.0001557213138688729,4.0,5.0,1.0,94.0,93.59880301972922,-0.40119698027078243
461,True,True,0.1975096202512336,0.17380412207916737,-0.023705498172066214,44.88458589583728,45.0258735389951,0.14128764315781694,2.0,1.4887914213613842,-0.5112085786386158,370.1763319870914,387.4001281122981,17.223796125206718,0.4390033937270374,0.4944024466168399,0.055399052889802514,0.6046252892311706,0.6046252892311706,0.0,1.0,1.0,0.0,0.0,0.0,0.0
462,True,True,0.3973649246434731,0.4151431226904779,0.017778198047004756,194.71509314187023,196.14410057111027,1.4290074292400448,3.0,2.901487117406215,-0.0985128825937851,619.4096270971513,628.3809985906577,8.971371493506354,0.5088652724013615,0.48531875231058164,-0.023546520090779843,0.5199646812939476,0.5197659827552709,-0.0001986985386767115,3.0,4.0,1.0,537.0,536.982638779892,-0.017361220108000452
463,True,True,0.994831166395608,0.9949353302096241,0.00010416381401612274,693.9580155945137,705.9299186840431,11.971903089529405,28.5,27.282686308238894,-1.217313691761106,801.2017953609377,812.8467288644815,11.644933503543825,0.4496482275313362,0.48597822196656537,0.03632999443522916,0.6103228715167219,0.6103228715167218,-1.1102230246251565e-16,3.0,3.0,0.0,0.0,0.0,0.0
464,True,True,0.5960141709319627,0.6022187324628153,0.0062045615308525814,256.0469313449527,256.67440972858435,0.627478383631626,13.0,12.47699583830542,-0.5230041616945798,750.7193734618342,750.6280057071774,-0.09136775465674418,0.5463781893811788,0.5568927043529968,0.01051451497181799,0.6431781151069953,0.6430532824888515,-0.00012483261814377755,3.0,3.0,0.0,784.5,784.2684694820687,-0.23153051793133272
465,True,True,0.3163251685251896,0.31520781447089397,-0.0011173540542956384,255.7937448106666,257.83672263893556,2.0429778282689597,7.5,7.081849472853348,-0.41815052714665235,990.3935903623372,995.7339814447097,5.3403910823724345,0.5411953371623331,0.5574899697265135,0.0162946325641804,0.5865615305133418,0.5864357263604616,-0.00012580415288021563,3.0,3.0,0.0,665.5,665.0504449669429,-0.449555033057095
466,False,False,0.1289109190564191,0.12891068087811666,-2.3817830244188265e-07,40.17881621524506,40.18384666237188,0.0050304471268205475,0.0,0.0,0.0,316.86005883331006,316.8966247444549,0.036565911144862184,0.4941734695300726,0.4941578841096108,-1.5585420461761146e-05,0.4940176240273006,0.4941578841096108,0.00014026008231021736,0.0,0.0,0.0,,,
467,True,True,0.445710374810767,0.4378160669119414,-0.007894307898825559,270.32177554330684,269.4133732037966,-0.9084023395102463,2.0,1.8552453070529744,-0.1447546929470256,825.6765715850556,835.2205235949581,9.543952009902455,0.587769188095798,0.5946916606142837,0.006922472518485656,0.6170225283665798,0.6169651233213251,-5.740504525464374e-05,1.0,1.0,0.0,333.5,333.0503103678449,-0.4496896321551276
468,True,True,0.0152640541557621,0.015279876598937725,1.5822443175625076e-05,9.20617283749367,9.214159307435185,0.00798646994151575,32.5,32.34458806869826,-0.15541193130174236,588.9799013420555,589.2508687370552,0.27096739499961586,0.5126716912056317,0.5131283776793373,0.0004566864737055587,0.5240661845047418,0.5240099948612933,-5.618964344855648e-05,1.0,1.0,0.0,634.0,633.7812059249815,-0.2187940750185362
469,True,True,0.3198511353552776,0.29510058619171986,-0.024750549163557733,192.8865056746212,193.44993901796403,0.5634333433428367,3.0,2.6500639579113354,-0.3499360420886646,900.1804396013202,905.7570025368458,5.576562935525544,0.3830771815640002,0.4273337295945728,0.04425654803057255,0.611785151601476,0.611785151601476,0.0,2.0,2.0,0.0,0.0,0.0,0.0
470,True,True,0.278581010449339,0.2760135998747983,-0.002567410574540685,94.08381434538192,94.27436920092416,0.1905548555422314,5.0,4.2358641972736235,-0.7641358027263765,465.0100226657575,469.17594294444837,4.165920278690862,0.3596395236919344,0.4040277805329398,0.04438825684100539,0.6263504978955978,0.6263504978955977,-1.1102230246251565e-16,1.0,1.0,0.0,0.0,0.0,0.0
471,False,False,0.1454827797625007,0.14547638884277106,-6.390919729648559e-06,53.025420721351225,53.02390519794973,-0.0015155234014940788,0.0,0.0,0.0,423.0636662099504,423.02455729383365,-0.03910891611673151,0.5355590405185566,0.5355371528666749,-2.1887651881713488e-05,0.535479847063583,0.5355371528666749,5.730580309193378e-05,0.0,0.0,0.0,,,
472,False,False,0.3690563887653526,0.36896531578486896,-9.107298048366408e-05,102.21357414966592,102.1707350277612,-0.042839121904719946,0.0,0.0,0.0,387.9931182243012,387.83926844783184,-0.1538497764693716,0.4616225858710926,0.46150945118334397,-0.00011313468774865054,0.4614975259419528,0.46150945118334397,1.192524139115303e-05,0.0,0.0,0.0,,,
473,True,True,0.999416962834155,0.9992988532515606,-0.00011810958259439452,580.3940488018122,581.909296483014,1.5152476812017994,38.5,36.32686676441542,-2.1731332355845794,661.1108037436186,664.7417907121743,3.6309869685557032,0.4547986407510934,0.4841050276614789,0.029306386910385507,0.5073821098661817,0.5073271705068458,-5.4939359335870463e-05,6.0,6.0,0.0,0.0,0.0,0.0
474,True,True,0.3597358905464671,0.3521129845168543,-0.007622906029612797,152.3094484784684,153.31978579793014,1.0103373194617404,11.5,10.900938554891017,-0.5990614451089833,566.8024284841023,571.6384707846615,4.8360423005592565,0.4136720770732313,0.43565487903986033,0.02198280196662905,0.6183481689359297,0.6183481689359296,-1.1102230246251565e-16,2.0,2.0,0.0,0.0,0.0,0.0
475,True,True,0.1918297219241244,0.1699763275455623,-0.021853394378562097,81.0873684471377,80.04247512100441,-1.0448933261332911,1.5,1.1840787976339926,-0.3159212023660074,590.826018025806,619.9401716100335,29.11415358422755,0.4456035929925301,0.4896234617706766,0.04401986877814651,0.5452702383782319,0.5451944396323779,-7.579874585394997e-05,3.0,5.0,2.0,149.5,149.21404158418753,-0.2859584158124733
476,True,True,0.1483175214256888,0.13916160540225428,-0.009155916023434518,72.89124400749321,71.62801284446346,-1.263231163029758,2.0,1.515293809305877,-0.484706190694123,664.4982113605619,676.3179817960496,11.819770435487726,0.5969547336489264,0.6157405562943354,0.018785822645409067,0.6326288481018789,0.6325987318306641,-3.011627121485283e-05,1.0,1.0,0.0,549.0,548.7781631381201,-0.22183686187986495
477,False,False,0.2096293637458196,0.20961990439511444,-9.459350705176561e-06,81.8347418720876,81.79413706430083,-0.040604807786778,0.0,0.0,0.0,395.979975172238,395.7879707476713,-0.19200442456673272,0.6123330209771412,0.6121953830958919,-0.0001376378812492085,0.6121718038848267,0.6121953830958919,2.3579211065216654e-05,0.0,0.0,0.0,,,
478,False,False,0.3052038004586503,0.3051978927760709,-5.9076825794091015e-06,131.8644403996149,131.88103840059284,0.016598000977950278,0.0,0.0,0.0,521.6584967640255,521.681796874887,0.023300110861555368,0.5603947935714246,0.5603812645101591,-1.3529061265504794e-05,0.5602903652487736,0.5603812645101591,9.089926138550197e-05,0.0,0.0,0.0,,,
479,True,True,0.0654815190955765,0.05356832469179009,-0.011913194403786402,24.09271951183189,23.890068368727785,-0.2026511431041058,1.5,1.1604280933941484,-0.33957190660585157,547.215238232463,581.3237247539367,34.108486521473765,0.3642701974154037,0.44595272183983736,0.08168252442443369,0.5322182397833678,0.5322182397833677,-1.1102230246251565e-16,2.0,3.0,1.0,0.0,0.0,0.0
480,False,False,0.0625294178407875,0.06252952470648195,1.0686569444640082e-07,54.31173618388869,54.30973534062331,-0.002000843265378194,0.0,0.0,0.0,846.6452142546054,846.6206311149522,-0.024583139653259423,0.6848313380073964,0.6848012259221504,-3.0112085245947995e-05,0.6847376509154327,0.6848012259221504,6.357500671771987e-05,0.0,0.0,0.0,,,
481,True,True,0.0249103908417907,0.024714772900814162,-0.00019561794097653837,16.385825400589518,16.378217269645393,-0.0076081309441242695,1.5,1.4344031910935886,-0.0655968089064114,878.9060412656847,881.2022785757811,2.2962373100963305,0.6432066952189185,0.6467327057081199,0.0035260104892014255,0.6721482832137731,0.6720819823468137,-6.630086695935677e-05,1.0,1.0,0.0,802.5,802.0300595644923,-0.4699404355077377
482,True,True,0.1757670474780643,0.16739047528144965,-0.00837657219661464,140.56030447695684,140.79007497435975,0.22977049740291022,3.0,2.5850536862795717,-0.41494631372042834,1025.119920155365,1060.033822691446,34.91390253608097,0.5379544544523323,0.5642126099145779,0.026258155462245636,0.6555624056094072,0.6554784131706208,-8.399243878631779e-05,3.0,4.0,1.0,381.0,380.91706530245494,-0.08293469754505622
483,True,True,0.1645014927526593,0.16317950993044456,-0.00132198282221474,110.1846121586861,110.24060933912853,0.05599718044243218,1.5,1.435377743071877,-0.06462225692812296,762.304365374358,764.6573944217163,2.353029047358291,0.5886075319799887,0.593512616981482,0.004905085001493337,0.6113698130664781,0.6113388751011064,-3.093796537168014e-05,1.0,1.0,0.0,1091.0,1090.8790648776646,-0.12093512233536785
484,True,True,0.2451174217205236,0.21905732011240797,-0.026060101608115616,103.9097042825578,104.48209205647477,0.5723877739169723,2.0,1.4668091870378708,-0.5331908129621292,561.1031943888438,568.8194266340258,7.716232245182027,0.3855236027844256,0.4519404863143459,0.06641688352992031,0.5083410928607107,0.5081967910444734,-0.00014430181623736882,3.0,3.0,0.0,691.0,690.956748531402,-0.043251468597986786
485,False,False,0.1451207161971018,0.1451190365934886,-1.679603613191638e-06,86.68760573016354,86.68871979426495,0.0011140641014151242,0.0,0.0,0.0,648.9514279987608,648.9339608354924,-0.017467163268406694,0.7336907062464478,0.7336796800011862,-1.1026245261613887e-05,0.7336197675191451,0.7336796800011862,5.9912482041069026e-05,0.0,0.0,0.0,,,
486,True,True,0.0476113593971705,0.04817468773560625,0.0005633283384357535,43.56359617245905,43.70945539313942,0.1458592206803715,27.0,26.66362782944936,-0.3363721705506393,953.1811543417692,953.3029262947879,0.1217719530186514,0.482507977150597,0.48671072380298797,0.004202746652390954,0.6537238440845249,0.6536077554434007,-0.00011608864112422346,3.0,3.0,0.0,619.0,618.7069586413324,-0.2930413586675513
487,True,True,0.0565423733952281,0.06687171207462693,0.01032933867939883,21.183254993555646,20.917060998156273,-0.26619399539937305,3.0,3.0691110498068173,0.06911104980681726,478.54985616423215,513.9746696012401,35.42481343700791,0.4956144277250685,0.39415355867630397,-0.1014608690487645,0.5660985508636652,0.5660985508636652,0.0,1.0,2.0,1.0,0.0,0.0,0.0
488,True,True,0.5016321974042981,0.5631294096790432,0.06149721227474514,288.61002522686834,288.08619367776333,-0.5238315491050116,2.0,2.721976483694745,0.7219764836947449,847.5160575784596,851.2782254908678,3.7621679124082448,0.6433188205186697,0.5828143327744489,-0.06050448774422079,0.650186578644853,0.6501151012469814,-7.1477397871611e-05,2.0,3.0,1.0,585.0,584.900721569869,-0.09927843013099391
489,True,True,0.3244426702569331,0.41840277027606515,0.09396010001913208,175.9454044709194,174.23657828623806,-1.7088261846813566,1.0,1.6332820699317385,0.6332820699317385,716.8203657928879,742.5995347071045,25.779168914216598,0.5687811269666132,0.4463584316040311,-0.1224226953625821,0.6019627842070208,0.6019483567547319,-1.4427452288856557e-05,1.0,2.0,1.0,657.0,656.9333619774924,-0.06663802250761819
490,False,False,0.1653513162527108,0.16534048482298427,-1.0831429726521069e-05,73.59529039120561,73.55897252759118,-0.03631786361442835,0.0,0.0,0.0,478.0795892539297,477.8466254279993,-0.23296382593042608,0.6193883906231007,0.6192476394452391,-0.00014075117786160884,0.6192463390020733,0.6192476394452391,1.3004431658192317e-06,0.0,0.0,0.0,,,
491,True,True,0.1903664404389212,0.1861321535209083,-0.004234286918012892,129.92258208701637,129.8705998708177,-0.05198221619866672,1.0,0.9279826040554326,-0.07201739594456735,851.8626392963387,855.4147801608169,3.552140864478247,0.5541021844773981,0.5655207898160072,0.011418605338609056,0.7191897317652112,0.719116854790092,-7.287697511915159e-05,1.0,1.0,0.0,1161.5,1161.1384282643573,-0.36157173564265577
492,True,True,0.079726600507148,0.07499424838467245,-0.004732352122475553,70.66950100332335,70.62694337507244,-0.042557628250904145,1.0,0.7061088244256098,-0.29389117557439015,1069.768075937792,1078.4132127551864,8.64513681739436,0.6063059542195363,0.6417571774490545,0.035451223229518214,0.7420564924144835,0.7420137812418245,-4.2711172658971286e-05,1.0,1.0,0.0,1469.5,1469.1837570793064,-0.31624292069363946
493,True,True,0.5736083833170619,0.5624587085584584,-0.011149674758603512,88.86392203977768,88.87969854510732,0.015776505329640145,3.5,3.080533343949357,-0.41946665605064304,471.6366366320537,471.6921096064299,0.05547297437618681,0.5189577879718954,0.5247899239923065,0.005832136020411105,0.6590076195822232,0.6589048398433957,-0.00010277973882755198,1.0,1.0,0.0,1010.0,1009.7277563836842,-0.27224361631579086
494,True,True,0.2344280290706697,0.23440706893792213,-2.0960132747577243e-05,82.32851850982468,82.41313751899054,0.08461900916586274,22.0,21.93797334701817,-0.06202665298183163,342.41527260969326,342.72833321399617,0.3130606043029047,0.4715822550165503,0.4720524533913179,0.0004701983747675831,0.5712135084292322,0.5712135084292322,0.0,0.0,0.0,0.0,0.0,0.0,0.0
495,False,False,0.1088464833881955,0.10884705638040323,5.729922077368776e-07,81.12851905026659,81.10114982067957,-0.02736922958702337,0.0,0.0,0.0,739.0545314863734,738.8053485107782,-0.24918297559520397,0.6508427593403995,0.6507822090683794,-6.05502720201212e-05,0.650776283013012,0.6507822090683794,5.926055367311278e-06,0.0,0.0,0.0,,,
496,True,True,0.1286331850996334,0.14168718317475895,0.013053998075125556,85.65219104245111,86.07214156864885,0.4199505261977379,1.0,1.0318978001712822,0.03189780017128219,677.570591956782,712.8958589035641,35.32526694678211,0.648478673598458,0.5741558988458206,-0.07432277475263738,0.6729121956426904,0.6728658900996395,-4.6305543050961795e-05,1.0,2.0,1.0,439.5,439.3361962981516,-0.1638037018483942
497,True,True,0.0713134157089094,0.07157731412118999,0.00026389841228059707,50.43536626881215,50.72034186917286,0.2849756003607098,6.0,5.764776515698755,-0.23522348430124485,695.4292362453032,698.4709978344614,3.0417615891582273,0.5357940830173532,0.541842573882114,0.0060484908647607805,0.6414912457533865,0.6414230842784918,-6.816147489463464e-05,1.0,1.0,0.0,786.0,785.6778357442726,-0.32216425572744356
498,False,False,0.2060928431317695,0.2060940385472035,1.195415434002145e-06,67.56021051206405,67.53382672791379,-0.026383784150254996,0.0,0.0,0.0,323.79381980914457,323.66850448829814,-0.1253153208464255,0.5214881365234263,0.521376827241758,-0.00011130928166824816,0.5213315154574368,0.521376827241758,4.531178432121141e-05,0.0,0.0,0.0,,,
499,True,True,0.6094014564916052,0.5837405364530681,-0.02566092003853704,233.4038890414803,233.49297600277188,0.08908696129157079,2.0,1.6441497141669974,-0.3558502858330026,657.5808712406831,698.8988954203477,41.318024179664576,0.4719997322963318,0.5055073507056439,0.0335076184093121,0.5286799688711306,0.5285390703063113,-0.00014089856481924734,4.0,7.0,3.0,61.5,61.05193974840573,-0.44806025159427065
500,True,True,0.2274762486946063,0.21559813649343101,-0.011878112201175295,98.47549695006664,98.09136187725541,-0.38413507281123316,1.0,0.8341108012537007,-0.16588919874629926,776.5359305044449,790.1707507308773,13.634820226432453,0.5561411294873342,0.5760371045526453,0.019895975065311156,0.5830774109837884,0.5830162168313001,-6.119415248828641e-05,1.0,1.0,0.0,924.5,924.1639323348577,-0.3360676651423091
501,False,False,0.1915012680514937,0.19150099263434395,-2.7541714975320986e-07,117.41892721228164,117.43001681639358,0.011089604111930385,0.0,0.0,0.0,642.5212592090479,642.5687367704154,0.04747756136748649,0.6325481171991394,0.6325441574489981,-3.9597501413357605e-06,0.6324557420617812,0.6325441574489981,8.841538721682252e-05,0.0,0.0,0.0,,,
502,True,True,0.6127913477189333,0.6081583457745765,-0.004633001944356785,222.84956000671545,225.65362443381713,2.804064427101679,8.0,7.510464032745212,-0.4895359672547883,580.4480864092335,585.0377324460916,4.589646036858085,0.3118251921180908,0.3282330638663248,0.016407871748233993,0.5012390774384149,0.5010931553385454,-0.0001459220998695221,2.0,2.0,0.0,263.0,262.5127976317482,-0.48720236825181473
503,True,True,0.0928251169947216,0.10206536577708206,0.00924024878236046,59.18807617482921,59.07392349786764,-0.11415267696157372,0.5,0.6939706386998297,0.19397063869982967,644.5693278010857,650.8816208232738,6.312293022188101,0.7195688319870783,0.6519555121152096,-0.0676133198718687,0.7328442014056581,0.7327424820287443,-0.00010171937691383359,1.0,2.0,1.0,633.5,633.1473267314982,-0.35267326850180325
504,True,True,0.6461113515635861,0.6294112443803384,-0.01670010718324777,251.8424039653952,252.2052508175796,0.36284685218441837,7.0,6.527039683391916,-0.47296031660808424,599.8234677832011,606.8640783025974,7.040610519396296,0.3862445783253367,0.40082063416357694,0.014576055838240232,0.5361521026184053,0.5361521026184052,-1.1102230246251565e-16,1.0,1.0,0.0,0.0,0.0,0.0
505,True,True,0.9896190992843358,0.9946247593042228,0.005005660019887004,683.2231862643442,685.7662341651551,2.5430479008108478,4.5,5.597313663375095,1.097313663375095,979.4163726182,985.0570107820052,5.640638163805306,0.685929186002788,0.6194321858616177,-0.06649700014117021,0.7105253844300139,0.7103284131287155,-0.00019697130129836538,3.0,4.0,1.0,1186.5,1186.0066965710744,-0.4933034289256284
506,True,True,0.0611376738886789,0.0615411794079409,0.0004035055192619999,44.96996747924709,44.93684858794481,-0.03311889130227996,8.0,7.550307284190775,-0.449692715809225,998.3978333547648,998.4337821988283,0.035948844063568686,0.5974678152799795,0.6082119651352238,0.0107441498552443,0.7138297403582059,0.7137895163107848,-4.0224047421100195e-05,2.0,2.0,0.0,1090.0,1089.8017207237917,-0.19827927620826813
507,False,False,0.2897563926452496,0.28971194422061797,-4.4448424631637895e-05,90.54372956557636,90.50271227784974,-0.041017287726617724,0.0,0.0,0.0,372.1097567391631,371.94308719457393,-0.16666954458918326,0.4742566929123187,0.47416012762137927,-9.656529093943211e-05,0.4741495377683297,0.47416012762137927,1.058985304958071e-05,0.0,0.0,0.0,,,
508,True,True,0.159508979002132,0.1429021189445758,-0.01660686005755621,86.34261894523709,85.76134368517474,-0.5812752600623554,1.0,0.7001821012061555,-0.29981789879384446,839.0896457323488,857.9137880412464,18.82414230889765,0.5461290860100853,0.5911168451240376,0.044987759113952364,0.6548871974338697,0.6548762683096154,-1.0929124254266398e-05,1.0,1.0,0.0,1158.0,1157.938929461448,-0.061070538552030484
509,True,True,0.2468540086154459,0.2421058486474239,-0.004748159968021998,151.66405294223762,152.90157528776297,1.237522345525349,3.0,2.553367614373566,-0.44663238562643404,821.0571624454036,833.7770479155272,12.719885470123586,0.5877979900927774,0.6028724505213072,0.015074460428529779,0.6135320316699953,0.6135126913683068,-1.9340301688486328e-05,1.0,1.0,0.0,807.5,807.415832866142,-0.08416713385804542
510,True,True,0.2260389073121523,0.32425041574174035,0.09821150842958806,195.6442970320363,194.10145463301888,-1.5428423990174167,2.0,2.6230964785383564,0.6230964785383564,987.4132038314664,1013.7357722201137,26.32256838864737,0.6587473239228089,0.4690164669547664,-0.18973085696804248,0.6890054222489818,0.6889175533988243,-8.78688501574354e-05,2.0,3.0,1.0,142.0,141.70966825372804,-0.2903317462719599
511,True,True,0.5079968020928927,0.5004307199135551,-0.007566082179337519,252.6728097644437,255.56909267695113,2.8962829125074165,3.5,3.234345074999148,-0.26565492500085197,813.4255858954557,822.5602486895348,9.134662794079077,0.4364761182138253,0.4541123020300451,0.017636183816219786,0.5420336003432151,0.5419385626615956,-9.503768161955861e-05,2.0,2.0,0.0,306.5,306.0073693053604,-0.4926306946396153
512,False,False,0.0282674277134491,0.028265710499318177,-1.7172141309231004e-06,14.081331859761004,14.077018478657358,-0.004313381103646208,0.0,0.0,0.0,547.3149842021231,547.1398412240326,-0.17514297809054824,0.6337608919680074,0.633704438388702,-5.64535793053933e-05,0.6336789311192832,0.633704438388702,2.5507269418856282e-05,0.0,0.0,0.0,,,
513,True,True,0.6606248656831132,0.614336513388022,-0.046288352295091206,221.47162911349815,216.86598924991543,-4.605639863582724,2.5,2.0668520391773204,-0.4331479608226796,671.6716692490082,691.7177981320281,20.046128883019833,0.4745932942243067,0.49779439003548015,0.023201095811173467,0.6019971022215412,0.6019971022215411,-1.1102230246251565e-16,3.0,4.0,1.0,0.0,0.0,0.0
514,True,True,0.0813378271546945,0.06575141181495107,-0.01558641533974342,32.36515250041144,32.365933507606755,0.000781007195314487,1.0,0.577347770537017,-0.422652229462983,529.5857933555643,539.3817460989249,9.795952743360544,0.3794789944308855,0.46792334275774716,0.08844434832686165,0.6172936250086615,0.6171861554874213,-0.00010746952124018883,1.0,1.0,0.0,1179.5,1179.1847099576348,-0.3152900423651772
515,True,True,0.7413785899895734,0.690452995070583,-0.0509255949189904,222.0689386813316,223.28440678952705,1.2154681081954664,4.0,3.357568953337615,-0.6424310466623848,737.3175633642572,740.6597272236959,3.3421638594386422,0.2720391749036557,0.3037619819731691,0.031722807069513415,0.5001046284000024,0.5000550807874666,-4.954761253572748e-05,2.0,2.0,0.0,709.0,708.8194884573949,-0.18051154260513158
516,False,False,0.0439367900255045,0.04393663871616201,-1.513093424859724e-07,28.27548457976321,28.273244255593816,-0.0022403241693922382,0.0,0.0,0.0,652.7029275506595,652.6489689470471,-0.05395860361238647,0.560797284745281,0.5607732181683578,-2.4066576923220673e-05,0.5607303063464812,0.5607732181683578,4.291182187654563e-05,0.0,0.0,0.0,,,
517,True,True,0.1080426744557949,0.10236802206565918,-0.005674652390135718,89.78036159144953,90.2207058485994,0.44034425714986014,1.5,1.0194209856214003,-0.48057901437859973,803.8346214844388,821.004836669989,17.170215185550205,0.6209086200322386,0.6637639616125273,0.0428553415802887,0.7226416771123488,0.7225167560415824,-0.00012492107076644832,1.0,1.0,0.0,1162.5,1162.1072800368195,-0.39271996318052516
518,True,True,0.6532165249695356,0.5988228964843971,-0.05439362848513851,394.9123283567117,389.24625071110836,-5.666077645603366,3.5,2.8663391070789666,-0.6336608929210334,1187.0101024024868,1207.818527646557,20.808425244070122,0.5836360950292132,0.6308250897001304,0.047188994670917195,0.695001363039097,0.694918224784529,-8.313825456796042e-05,5.0,6.0,1.0,335.0,334.6721400338912,-0.32785996610880375
519,False,False,0.1553758165973877,0.15537781568216244,1.9990847747453078e-06,95.77920746598976,95.76477710431408,-0.014430361675678682,0.0,0.0,0.0,592.0150698852627,591.9321518387483,-0.08291804651446455,0.6062983259786587,0.6062575234378483,-4.080254081040291e-05,0.6062086438219548,0.6062575234378483,4.8879615893504536e-05,0.0,0.0,0.0,,,
520,False,False,0.152295940758016,0.15229425289409815,-1.6878639178541377e-06,92.9482114061484,92.94401817075904,-0.004193235389365668,0.0,0.0,0.0,641.5452351855687,641.5062781284411,-0.0389570571276181,0.6311338042422636,0.6311078444122586,-2.5959830004973483e-05,0.6310475224338941,0.6311078444122586,6.032197836458586e-05,0.0,0.0,0.0,,,
521,True,True,0.2593810196883945,0.2388645237489616,-0.02051649593943289,171.10336831261958,171.8292993381081,0.7259310254885065,3.5,3.046943027095405,-0.4530569729045948,935.8950788779398,957.7833622108291,21.888283332889273,0.6019275139135583,0.651289348534188,0.04936183462062971,0.7076464207645904,0.7075115397888345,-0.00013488097575586888,2.0,2.0,0.0,683.0,682.6474361071968,-0.3525638928032322
522,True,True,0.2325687290436556,0.22846428074960826,-0.0041044482940473526,118.23693651079076,118.97538784415474,0.738451333363983,1.0,0.6012294649903198,-0.3987705350096802,562.0903168630583,566.3208544554326,4.230537592374276,0.542385167100147,0.5825340188820968,0.040148851781949824,0.6476442628340775,0.6476117523108877,-3.251052318975489e-05,1.0,1.0,0.0,876.0,875.794371321861,-0.20562867813896446
523,False,False,0.0895146863715874,0.08951217267118175,-2.5137004056458023e-06,32.4781091496963,32.464965273670515,-0.013143876025786483,0.0,0.0,0.0,375.3215087701605,375.16886383303415,-0.15264493712635385,0.4442908467687521,0.44423734389485614,-5.350287389593866e-05,0.4442258878763523,0.44423734389485614,1.1456018503830379e-05,0.0,0.0,0.0,,,
524,True,True,0.9960139956071252,0.9926606511922855,-0.0033533444148396985,395.0695123242489,394.73526458532626,-0.3342477389226133,20.0,17.69061024450055,-2.309389755499449,639.6389743900443,646.6058317003134,6.96685731026912,0.3800480060929801,0.41422598266388866,0.03417797657090854,0.6534138058214342,0.6534138058214342,0.0,3.0,3.0,0.0,0.0,0.0,0.0
525,False,False,0.1237385916826824,0.12374359797793089,5.006295248480286e-06,71.16950766936895,71.14244075703004,-0.027066912338909788,0.0,0.0,0.0,543.7205437547087,543.5133929126197,-0.20715084208904955,0.5489415767597123,0.5488576869283242,-8.388983138818418e-05,0.5488531936812621,0.5488576869283242,4.493247062087313e-06,0.0,0.0,0.0,,,
526,False,False,0.1271753526600656,0.1271760567295364,7.040694708082551e-07,67.52521441377957,67.5123713298324,-0.012843083947160494,0.0,0.0,0.0,524.1365453793426,524.038062237533,-0.09848314180953821,0.5172807648194416,0.5172377456530636,-4.301916637805547e-05,0.5172037799929505,0.5172377456530636,3.396566011304447e-05,0.0,0.0,0.0,,,
527,False,False,0.0709332449381504,0.07093657668317271,3.331745022316923e-06,37.83187657615101,37.82826898079364,-0.0036075953573728725,0.0,0.0,0.0,449.6402776994372,449.61827760771905,-0.02200009171815509,0.5172892177761026,0.5172406960041867,-4.8521771915943646e-05,0.5171570259083526,0.5172406960041867,8.367009583409857e-05,0.0,0.0,0.0,,,
528,True,True,0.5370831821417624,0.5113029881522273,-0.025780193989535127,281.59909037591655,280.9581878978978,-0.6409024780187451,1.0,0.7817397201375571,-0.2182602798624429,1112.4184005816476,1118.1834805580684,5.765079976420793,0.6399349215782025,0.6796062089851866,0.03967128740698411,0.7277166602500418,0.7275996307915205,-0.00011702945852132274,2.0,2.0,0.0,1485.5,1485.0387060996475,-0.4612939003525298
529,True,True,0.4701540597237186,0.4305986035340935,-0.03955545618962508,217.5826926310282,216.95013462402497,-0.6325580070032402,1.5,1.0646636186982505,-0.43533638130174945,843.4233567490796,851.4868497893297,8.063493040250023,0.6091881459803067,0.6530693833716821,0.043881237391375394,0.7460394482032902,0.745937536068397,-0.00010191213489318951,1.0,1.0,0.0,1361.5,1361.0934390841112,-0.4065609158888037
530,True,True,0.0774572312512757,0.10024926394580319,0.022792032694527495,43.13137401042549,41.03368686052657,-2.097687149898917,1.0,1.2024486802692993,0.2024486802692993,692.2490322773834,717.1784781684659,24.929445891082423,0.702887487699772,0.559747031040956,-0.14314045665881603,0.7161434907176124,0.7160785678872055,-6.49228304069327e-05,1.0,2.0,1.0,494.5,494.33209161701404,-0.16790838298595645
531,True,True,0.2263731131511793,0.22429067525377921,-0.0020824378974000912,136.82142082614857,137.23752709751628,0.4161062713677097,1.0,0.8829636200272943,-0.11703637997270566,844.4031394079753,848.1666180116777,3.7634786037023105,0.6479896455838292,0.6571510695736628,0.00916142398983355,0.7098351711122629,0.7098121693069438,-2.3001805319111668e-05,1.0,1.0,0.0,995.5,995.3780249656329,-0.12197503436709667
532,False,False,0.1933759586526368,0.19338317624276044,7.217590123648199e-06,71.95254183006966,71.93090761182582,-0.021634218243846703,0.0,0.0,0.0,351.48193391993584,351.379241174754,-0.10269274518185512,0.4540933139721467,0.45402392689237625,-6.938707977044434e-05,0.4539882217210054,0.45402392689237625,3.5705171370858935e-05,0.0,0.0,0.0,,,
533,True,True,0.2160151897831393,0.21328405955586324,-0.0027311302272760574,73.29733318177799,73.33464978647929,0.037316604701302936,1.5,1.3672423005918977,-0.13275769940810234,420.86262659303816,422.6982759627731,1.8356493697349379,0.5695062705407636,0.576645423867917,0.007139153327153314,0.5769099057716666,0.5767390499753249,-0.00017085579634168457,1.0,1.0,0.0,628.0,627.5813110998904,-0.4186889001096006
534,True,True,0.1038679629079371,0.10321764802782794,-0.0006503148801091513,63.47963585763232,63.49579886440049,0.01616300676817417,1.0,0.980911368195666,-0.019088631804333955,631.4824519281955,632.4659660619305,0.9835141337350706,0.584187528165914,0.5884190630992883,0.004231534933374248,0.642241088352527,0.6421586361019712,-8.245225055580896e-05,2.0,2.0,0.0,520.5,520.428220308619,-0.0717796913810389
535,True,True,0.3238619582964326,0.4187548131270923,0.09489285483065968,134.76633834751115,133.12795511030367,-1.6383832372074778,2.5,4.025221486677768,1.5252214866777676,481.7933802687805,506.5042190578066,24.710838789026127,0.5307519007009578,0.35300535975543473,-0.17774654094552306,0.6505362666026783,0.6505362666026783,0.0,0.0,1.0,1.0,0.0,0.0,0.0
536,True,True,0.2311344340049783,0.2150832200932279,-0.016051213911750406,147.5712802601469,149.06387996486282,1.4925997047159285,2.0,1.645963811880211,-0.3540361881197891,738.8933512693283,762.4085569591278,23.515205689799586,0.487133648781188,0.5363499765565461,0.04921632777535817,0.5433961201261822,0.5432629397396901,-0.0001331803864921266,2.0,2.0,0.0,523.0,522.5069414224134,-0.49305857758656657
537,True,True,0.4632780679778349,0.37493792195811615,-0.08834014601971873,188.6532680650552,186.3927807624794,-2.2604873025757968,2.0,1.354485332797049,-0.645514667202951,912.0867816840693,928.8526793129162,16.765897628846915,0.4870535834502693,0.5879427902098022,0.10088920675953295,0.6519015421571481,0.6517642303166922,-0.0001373118404559559,3.0,3.0,0.0,400.5,400.00108272134304,-0.4989172786569611
538,True,True,0.6268706550197125,0.4442148025418678,-0.18265585247784472,229.71968443177568,213.645002218391,-16.074682213384676,3.5,2.271458661253565,-1.2285413387464348,1029.6792658930335,1068.1777527595966,38.4984868665631,0.4345428297293552,0.5800484870128182,0.14550565728346299,0.6642402146283886,0.6640568611409308,-0.00018335348745779356,3.0,3.0,0.0,442.0,441.52722535663037,-0.4727746433696325
539,True,True,0.2700717273960857,0.26440496763250193,-0.005666759763583773,153.6042570873328,153.70054284511872,0.09628575778592108,1.0,0.9011831676471047,-0.09881683235289529,759.3400883063051,761.9470639843641,2.6069756780590296,0.4946903734337293,0.5065436898279665,0.011853316394237201,0.6254425819278333,0.6254206153885227,-2.196653931063608e-05,1.0,1.0,0.0,1331.0,1330.8879632467274,-0.11203675327260498
540,True,True,0.4561042849715812,0.45243067463670983,-0.0036736103348713467,243.7374706854747,243.64514564319566,-0.09232504227904315,1.0,0.9627727804181632,-0.037227219581836835,793.8571228990626,794.7921540758124,0.935031176749817,0.6218570746006881,0.6256501443871906,0.003793069786502512,0.7121592480338605,0.712092998742443,-6.624929141751945e-05,1.0,1.0,0.0,1077.5,1077.1902003647958,-0.30979963520417186
541,True,True,0.1009872754736819,0.09674163037510801,-0.004245645098573891,68.84666366623273,69.1160300060734,0.2693663398406727,2.0,1.5501549952663487,-0.4498450047336513,959.43333206181,968.5890692611381,9.155737199328087,0.538219528049896,0.5690659901831767,0.030846462133280683,0.6842637282392291,0.6841890915437399,-7.463669548923857e-05,1.0,1.0,0.0,1448.0,1447.5378481416121,-0.46215185838786965
542,False,False,0.3993294034987487,0.3992409628152254,-8.844068352326095e-05,110.20441529639344,110.17604564256192,-0.02836965383151835,0.0,0.0,0.0,410.7310215855352,410.6124936899785,-0.11852789555666732,0.5192647996936355,0.5191571719662886,-0.00010762772734684845,0.5191138539561124,0.5191571719662886,4.331801017620762e-05,0.0,0.0,0.0,,,
543,False,False,0.3047312686584127,0.304694637114039,-3.663154437372196e-05,121.29444318348968,121.23865599636449,-0.055787187125190485,0.0,0.0,0.0,458.9619467250617,458.75386959546273,-0.20807712959896207,0.5659802608006125,0.5658670900248909,-0.00011317077572159384,0.56586025307399,0.5658670900248909,6.836950900868111e-06,0.0,0.0,0.0,,,
544,False,False,0.1403940783331298,0.14038527261453923,-8.80571859057655e-06,70.78773258926995,70.78083929034031,-0.006893298929639968,0.0,0.0,0.0,605.0557430325813,604.9817617839167,-0.07398124866460876,0.5542763449425234,0.554219971292164,-5.6373650359375915e-05,0.5541708554997429,0.554219971292164,4.91157924211727e-05,0.0,0.0,0.0,,,
545,True,True,0.2046373186609491,0.20463658437259438,-7.342883547312162e-07,132.24887507556278,132.927375577396,0.6785005018332129,2.5,2.3690482384350626,-0.13095176156493737,695.9441876747101,699.1511563749098,3.2069687001996954,0.5748334678425698,0.580413857854575,0.005580390012005165,0.6236405910721401,0.6235535653281106,-8.702574402952301e-05,1.0,1.0,0.0,706.0,705.5782881110923,-0.4217118889076801
546,True,True,0.3822724063649086,0.3477143822250528,-0.034558024139855814,196.7591515501724,195.6019169446123,-1.1572346055600917,1.0,0.7026762113207952,-0.29732378867920484,798.7529513708007,803.951184013989,5.198232643188248,0.433159795109873,0.48084089178539147,0.04768109667551845,0.5319331341926142,0.5318491030732816,-8.403111933263929e-05,2.0,2.0,0.0,1287.5,1287.1705155572365,-0.3294844427634871
547,False,False,0.1302607707830424,0.1302530593530089,-7.711430033502387e-06,51.046302070437,51.03414200317041,-0.012160067266592023,0.0,0.0,0.0,430.59556682369305,430.4859633457911,-0.10960347790194191,0.5352429405308152,0.5351825809732765,-6.035955753869171e-05,0.5351412271008493,0.5351825809732765,4.135387242720778e-05,0.0,0.0,0.0,,,
548,True,True,0.0540552524520189,0.05493767234881557,0.000882419896796667,40.586333298040685,40.947058045486855,0.3607247474461701,34.0,33.63795447594042,-0.3620455240595817,563.6622609029031,564.4812352038821,0.8189743009789936,0.4414480690563759,0.44335510068402717,0.0019070316276512678,0.5161185716026516,0.5160046522627222,-0.00011391933992943581,2.0,2.0,0.0,30.5,30.304510539959463,-0.19548946004053747
549,True,True,0.3814363824334426,0.3195965117360886,-0.06183987069735397,74.51919182766936,74.45716628902177,-0.062025538647588974,3.0,2.4290096461219957,-0.5709903538780043,284.54189655424364,300.3360155958859,15.794119041642261,0.3506304744132699,0.4161389622869414,0.06550848787367153,0.5945159656778201,0.5945159656778201,0.0,1.0,1.0,0.0,0.0,0.0,0.0
550,True,True,0.0874680639327037,0.08329738330360112,-0.0041706806291025855,37.29888379381672,37.38071133666904,0.08182754285231653,1.5,1.2251381132984536,-0.27486188670154643,602.1879793870094,614.8956061376649,12.70762675065555,0.6297860123520955,0.6551165131702816,0.025330500818186108,0.7110751351871153,0.7109994274568866,-7.570773022869126e-05,1.0,1.0,0.0,549.0,548.7413012032581,-0.25869879674189633
551,True,True,0.1207370491317478,0.11607809926825832,-0.004658949863489484,51.04131106341716,51.04947326116675,0.008162197749591371,1.0,0.8714351120870562,-0.12856488791294385,648.6294749444871,649.4765927934752,0.8471178489880913,0.3744492547613272,0.3915875346977015,0.017138279936374345,0.534491789908069,0.5344260788125275,-6.571109554154297e-05,1.0,1.0,0.0,1604.5,1604.145718788554,-0.3542812114460503
552,True,True,0.3381080107039572,0.3006756659427865,-0.03743234476117069,79.5785426316126,75.15242588098985,-4.426116750622754,2.0,1.6515284984197938,-0.34847150158020623,770.6651900058041,780.1794469776268,9.514256971822647,0.4942870535626947,0.5166830902034834,0.022396036640788652,0.634895707185054,0.6347785783289106,-0.00011712885614334478,1.0,1.0,0.0,1194.5,1194.028121140047,-0.4718788599529944
553,True,True,0.1691178957091425,0.1675085428602047,-0.0016093528489378173,111.91514878235331,111.85088268939134,-0.06426609296197228,2.0,1.9144718588155236,-0.08552814118447638,840.6484831143226,844.8345760424597,4.1860929281371,0.5598363310764395,0.5637634266081682,0.003927095531728764,0.5696200352674476,0.5696080017514327,-1.2033516014975376e-05,1.0,1.0,0.0,618.0,617.9103343842892,-0.0896656157108282
554,True,True,0.5564863499174239,0.555468287345656,-0.0010180625717678415,247.94880012969128,250.6347395817812,2.6859394520899116,14.5,14.030186633617236,-0.4698133663827644,573.3167534848906,577.6530421173317,4.3362886324410965,0.4799636874691424,0.48864233583348954,0.008678648364347119,0.6134911554447551,0.6134911554447551,0.0,1.0,1.0,0.0,0.0,0.0,0.0
555,True,True,0.2228167816446953,0.26258715095957835,0.039770369314883064,79.13601541496075,78.76760357004339,-0.368411844917361,2.0,2.662826673651581,0.6628266736515811,577.3796821305418,581.2724154058727,3.8927332753308974,0.4949841773364762,0.4084747149019503,-0.0865094624345259,0.5034859119277577,0.5034228518052235,-6.306012253420867e-05,2.0,3.0,1.0,681.5,681.3351667579167,-0.1648332420833185
556,False,False,0.3152658240911722,0.3152156335515147,-5.0190539657490874e-05,106.98704312498708,106.94094829608123,-0.046094828905850704,0.0,0.0,0.0,409.6167419131259,409.4372596466681,-0.1794822664577964,0.5432960735320385,0.543204033884248,-9.203964779047613e-05,0.5431852629277801,0.543204033884248,1.8770956467850652e-05,0.0,0.0,0.0,,,
557,False,False,0.0499002549500622,0.049899676935892597,-5.780141696040686e-07,20.867719976438444,20.87404514522546,0.006325168787014945,0.0,0.0,0.0,636.7902689626648,636.8398748000766,0.049605837411832,0.678612563210965,0.6786090954192335,-3.4677917314374085e-06,0.6785140716649992,0.6786090954192335,9.502375423431353e-05,0.0,0.0,0.0,,,
558,True,True,0.2478001196032901,0.21045198078942784,-0.03734813881386226,159.82295141861232,159.20007691916467,-0.6228744994476472,2.0,1.5743181450176056,-0.4256818549823944,1010.5201690893516,1113.0858956948798,102.5657266055282,0.4303443019980707,0.48666294885825934,0.056318646860188615,0.6664343179008749,0.6663505597318655,-8.375816900940691e-05,2.0,3.0,1.0,752.0,751.9253849613951,-0.07461503860486118
559,True,True,0.8613633644196435,0.9061958519562864,0.04483248753664293,414.4265440629911,418.4984777382981,4.07193367530698,11.0,12.504332320639488,1.504332320639488,869.2244524501543,886.939462828425,17.715010378270676,0.4991647980988656,0.4174050135026857,-0.08175978459617989,0.5742506104809065,0.5742506104809065,0.0,5.0,6.0,1.0,0.0,0.0,0.0
560,True,True,0.1379050416555065,0.1402551773407108,0.002350135685204313,63.49233644580442,64.1151325916928,0.6227961458883797,1.5,2.0421269326063345,0.5421269326063345,544.6967248001057,547.410589804439,2.7138650043333428,0.689685403264641,0.6497963407516965,-0.03988906251294455,0.6968302200643507,0.6967894306500287,-4.0789414321951156e-05,1.0,2.0,1.0,515.5,515.2790228251708,-0.22097717482915868
561,True,True,0.1875600281416118,0.1579098453579029,-0.0296501827837089,154.36700015849212,154.7258354247286,0.35883526623646844,0.5,0.16739610286895185,-0.33260389713104815,1103.8252519141345,1120.1572157493508,16.331963835216357,0.5503728121975627,0.6654034667872033,0.11503065458964057,0.7158169488935983,0.7158153146540222,-1.6342395761093087e-06,1.0,1.0,0.0,1728.5,1728.4869687205219,-0.013031279478127544
562,True,True,0.2899938533907031,0.27064190906565877,-0.019351944325044335,187.89649312095324,188.72164042944007,0.8251473084868337,13.0,11.826850424773854,-1.1731495752261463,949.4275125896212,966.0821137937714,16.654601204150254,0.4886095907976864,0.5353648467502352,0.04675525595254881,0.6300277160380665,0.6300277160380665,0.0,7.0,8.0,1.0,0.0,0.0,0.0
563,True,True,0.0153413129677924,0.013904852649727692,-0.001436460318064707,6.666697954621549,6.65598251418567,-0.010715440435879131,0.5,0.3242645674909,-0.1757354325091,534.9116591397016,539.7341791368331,4.822519997131508,0.585901898608393,0.6385073751262931,0.05260547651790004,0.7403517141835924,0.740303137941118,-4.857624247434078e-05,1.0,1.0,0.0,738.0,737.7765705997505,-0.22342940024952895
564,False,False,0.0353904247309986,0.03538634382628221,-4.080904716388667e-06,13.96605340424804,13.96702516195346,0.0009717577054200177,0.0,0.0,0.0,615.0483768282542,614.980177776973,-0.06819905128111259,0.6825155022089632,0.6824933696487205,-2.21325602426381e-05,0.6824450598164934,0.6824933696487205,4.830983222714469e-05,0.0,0.0,0.0,,,
565,True,True,0.3215532031917759,0.2976876467586487,-0.023865556433127155,186.75996125592667,188.40027380733318,1.6403125514065096,7.0,5.812481785169799,-1.1875182148302006,1186.1087223255786,1198.894231645035,12.785509319456423,0.538088555019457,0.6313489965926481,0.09326044157319113,0.6817734847413565,0.6815918803933695,-0.00018160434798697445,6.0,6.0,0.0,179.0,178.83364100324974,-0.16635899675026167
566,True,True,0.4104613294884494,0.39357108399039953,-0.01689024549804985,206.22370851999568,206.7868807215988,0.5631722016031233,10.0,9.281235753541099,-0.7187642464589015,908.112943651082,912.7726132292908,4.659669578208764,0.3708663668198097,0.40201360960199545,0.031147242782185725,0.5852125087895649,0.5850784885331844,-0.00013402025638042936,3.0,3.0,0.0,188.5,188.06376587376232,-0.43623412623767877
567,True,True,0.0468470543979819,0.03956689333159021,-0.007280161066391691,18.7509523947392,18.76014314408013,0.00919074934092734,1.0,0.7258184714301025,-0.2741815285698975,561.2967301441618,582.0492181616156,20.752488017453857,0.3708339001208202,0.4377703260000504,0.06693642587923021,0.5913915012284447,0.5912719827719696,-0.00011951845647517612,1.0,1.0,0.0,976.0,975.5370211813589,-0.4629788186410906
568,False,False,0.1153245136870398,0.11531006828951948,-1.4445397520324033e-05,40.526589529908094,40.51896476700682,-0.007624762901272675,0.0,0.0,0.0,439.9363970962177,439.83149165416984,-0.10490544204787966,0.5693777125302841,0.5693156376568604,-6.207487342368978e-05,0.5692653522620803,0.5693156376568604,5.028539478013627e-05,0.0,0.0,0.0,,,
569,False,False,0.1780831723267483,0.17808201458245565,-1.1577442926569148e-06,83.90405796706169,83.89530687304871,-0.00875109401297891,0.0,0.0,0.0,480.95180667951047,480.89854024902854,-0.05326643048192636,0.5255801231782112,0.5255528353247335,-2.7287853477719892e-05,0.5255037440628142,0.5255528353247335,4.909126191932067e-05,0.0,0.0,0.0,,,
570,False,False,0.2644490153574231,0.26444650977638334,-2.5055810397578426e-06,178.9487027589519,178.94839954102682,-0.00030321792507947976,0.0,0.0,0.0,684.2793661036653,684.2798315477538,0.00046544408849058527,0.6920138076278219,0.6919776027151131,-3.620491270883708e-05,0.6918858218828841,0.6919776027151131,9.17808322290492e-05,0.0,0.0,0.0,,,
571,True,True,0.2151134517623584,0.24018855545911427,0.025075103696755863,206.4646741050816,207.95889553621572,1.4942214311341218,3.0,3.1322489271289684,0.1322489271289684,1066.041625904972,1104.156105103542,38.114479198569825,0.6593151766536808,0.5734038468074698,-0.08591132984621097,0.7112264115343719,0.7111535013358644,-7.291019850752534e-05,2.0,3.0,1.0,360.5,360.38237202537016,-0.11762797462984054
572,True,True,0.6901803746436905,0.6775293670143374,-0.012651007629353117,428.9893546240344,429.2491633067086,0.2598086826742474,12.0,11.253371553809826,-0.746628446190174,1094.8934234013486,1100.047370680494,5.153947279145314,0.6246013329075718,0.6366574956169155,0.012056162709343732,0.6447443712904648,0.6446519510312314,-9.242025923339448e-05,3.0,3.0,0.0,602.0,601.7365702529742,-0.2634297470258389
573,True,True,0.0769228676993935,0.07994057795323538,0.003017710253841885,81.92529210222374,82.31326113044683,0.38796902822309676,5.0,5.114592971344244,0.11459297134424418,998.135454886545,1004.5421220504423,6.406667163897396,0.6530295895384163,0.6223153001819922,-0.030714289356424063,0.6667770742285818,0.6665993930365196,-0.00017768119206218458,5.0,6.0,1.0,430.0,429.65425777681236,-0.34574222318764214
574,True,True,0.2236825579705788,0.21115275149517568,-0.01252980647540311,51.13899792744142,50.95903164037449,-0.1799662870669323,4.5,4.084897801064656,-0.41510219893534384,456.57175206922176,456.72156692288166,0.14981485365990466,0.33215592971443,0.35212940374220736,0.019973474027777383,0.5302320137257165,0.5301175904893152,-0.00011442323640131757,2.0,2.0,0.0,194.0,193.70785718285097,-0.2921428171490277
575,True,True,0.0339570012632942,0.03427733649408167,0.00032033523078747045,13.538112155345011,13.547863750174253,0.009751594829241483,2.5,2.2430762631236583,-0.25692373687634174,440.05361838768687,440.09471761034206,0.04109922265519117,0.4976515925071263,0.5012679803414194,0.0036163878342930778,0.5867900219527292,0.5866906285942183,-9.939335851094633e-05,1.0,1.0,0.0,837.0,836.5156676364504,-0.48433236354958353
576,True,True,0.1105293298052826,0.11031779045584997,-0.0002115393494326323,62.91708379820624,63.02129073843287,0.10420694022662502,5.0,4.780815035040724,-0.2191849649592763,545.9806051819455,547.1220801872905,1.1414750053450007,0.5108299610894543,0.5165042460774184,0.005674284987964073,0.630771918350987,0.6305906816952067,-0.00018123665578029247,1.0,1.0,0.0,954.0,953.5036098298673,-0.49639017013271314
577,True,True,0.6099010288329179,0.5399504655098784,-0.0699505633230395,346.21489498050687,334.8147451733466,-11.40014980716029,3.0,2.2952167357289013,-0.7047832642710987,901.0768135324868,954.9870800175111,53.910266485024295,0.4499879880101807,0.5146564231448258,0.06466843513464515,0.6578214924099554,0.6578214924099554,0.0,2.0,3.0,1.0,0.0,0.0,0.0
578,False,False,0.1164707981548636,0.11645936682054352,-1.1431334320077813e-05,48.04624651699002,48.031810782061534,-0.014435734928483157,0.0,0.0,0.0,479.9357380336732,479.79054165685847,-0.14519637681473796,0.5639448987929243,0.5638366037937241,-0.00010829499920017582,0.5638073504724627,0.5638366037937241,2.9253321261468734e-05,0.0,0.0,0.0,,,
579,True,True,0.2813691445424864,0.28031523998855795,-0.001053904553928453,194.43708454885103,194.739685588263,0.30260103941196803,2.5,2.4552811600617144,-0.044718839938285626,855.196310775597,857.7307967337034,2.5344859581064156,0.5301678258948566,0.5330407818685609,0.0028729559737042942,0.616628024612557,0.6165970930983179,-3.093151423905205e-05,1.0,1.0,0.0,783.5,783.2815972803645,-0.21840271963549185
580,True,True,0.6008215119797935,0.5734576935616171,-0.027363818418176367,102.33878652998948,101.92658118979483,-0.41220534019464594,1.5,1.3130002222198531,-0.18699977778014687,442.2529060742192,445.2767154077147,3.0238093334954783,0.3736143055015204,0.3868908205116762,0.01327651501015581,0.5115391389827278,0.5114331724047979,-0.00010596657792993902,1.0,1.0,0.0,880.0,879.5700096463032,-0.4299903536967804
581,True,True,0.4761909828242015,0.4372048745335351,-0.0389861082906664,250.67034900299333,247.96370821679048,-2.706640786202854,2.0,1.6022120075766002,-0.3977879924233998,907.0077114979888,930.2305993164831,23.222887818494314,0.5648460936344617,0.6034209244313591,0.038574830796897386,0.6145851681560109,0.6144595747130364,-0.00012559344297458086,4.0,6.0,2.0,737.5,737.4702468800913,-0.029753119908718872
582,True,True,0.3731276612127946,0.36880829172094753,-0.00431936949184708,184.6397208596448,184.78972660356817,0.15000574392337285,1.0,0.9257484877132811,-0.07425151228671889,634.4369389387787,635.7879103966067,1.3509714578279954,0.4278260641524823,0.4352537399948466,0.007427675842364312,0.541417841952714,0.5413652205472157,-5.262140549833205e-05,1.0,1.0,0.0,1277.5,1277.203670546844,-0.2963294531559768
583,False,False,0.045906541955569,0.045906499698738966,-4.225683003511449e-08,34.2561707677358,34.26001860413094,0.0038478363951384154,0.0,0.0,0.0,782.3259390284499,782.3994254165983,0.07348638814846709,0.7270114519317191,0.7270088519915626,-2.5999401565002245e-06,0.726910622377016,0.7270088519915626,9.822961454664103e-05,0.0,0.0,0.0,,,
584,True,True,0.1621569496113821,0.14544449126419232,-0.01671245834718979,45.18474582773198,43.778191663860355,-1.4065541638716255,1.0,0.8060345397214406,-0.19396546027855943,546.3630554086606,558.3018445672412,11.938789158580676,0.4025965015870157,0.42501547984778487,0.022418978260769162,0.5120482405006914,0.5120389347276415,-9.305773049916866e-06,1.0,1.0,0.0,758.5,758.4347164348021,-0.06528356519788758
585,True,True,0.3294287055288644,0.30297021741625496,-0.026458488112609424,167.8041968465199,168.46096562841254,0.6567687818926515,1.5,1.0394691965950187,-0.4605308034049813,742.2661003614187,758.1049284297604,15.83882806834174,0.4117333134171916,0.45094214408029215,0.03920883066310055,0.5716290160871232,0.5715540760924155,-7.49399947077567e-05,1.0,1.0,0.0,1221.0,1220.5078239316294,-0.4921760683705543
586,True,True,0.5857665474227529,0.5421302690012877,-0.043636278421465224,278.20939973652594,278.1674424965052,-0.04195724002073575,3.0,2.4785538945347083,-0.5214461054652917,796.7281887953567,811.4657740407971,14.737585245440414,0.3637386674917696,0.41069964989926433,0.046960982407494745,0.5776133316136332,0.5775493849031575,-6.394671047560418e-05,2.0,2.0,0.0,325.0,324.70529132887845,-0.29470867112155474
587,True,True,0.2015900315549086,0.2067499054147615,0.005159873859852893,142.94616340656646,147.20203360388112,4.255870197314664,5.0,4.25865074286121,-0.7413492571387899,945.1838984633284,983.6191900837306,38.435291620402154,0.5505272157114472,0.5469820618361207,-0.003545153875326501,0.6293506025536211,0.629143500313643,-0.0002071022399781075,5.0,8.0,3.0,367.5,367.2636128405696,-0.23638715943042143
588,False,False,0.1789215774190029,0.17892280615478393,1.228735781039214e-06,72.04702963767075,72.05208406449731,0.005054426826561098,0.0,0.0,0.0,380.6026790892672,380.64193562867433,0.03925653940711982,0.5908138359756974,0.5907938521658523,-1.998380984502557e-05,0.5906414465484318,0.5907938521658523,0.00015240561742058123,0.0,0.0,0.0,,,
589,True,True,0.2753481815949981,0.2799288751518978,0.004580693556899718,145.36234478171414,144.2355147452991,-1.1268300364150434,2.0,2.042110539448914,0.042110539448914075,849.5160175433034,864.0384653749359,14.522447831632462,0.4846395944898323,0.46870973190855736,-0.015929862581274934,0.5515819278783263,0.551479656895571,-0.00010227098275528146,4.0,5.0,1.0,494.5,494.1392165543921,-0.36078344560792175
590,True,True,0.4773917229908203,0.47110500875843475,-0.006286714232385526,210.44772850132716,210.28269049916753,-0.16503800215963338,6.5,6.232342415919987,-0.2676575840800126,706.5006231767879,708.5173185135892,2.016695336801263,0.5143023467851225,0.5192030704993709,0.004900723714248323,0.6116902266854001,0.6116036061066241,-8.66205787759533e-05,1.0,1.0,0.0,1126.5,1126.1747910555846,-0.32520894441540804
591,True,True,0.1988942316551324,0.19917175530961342,0.00027752365448102667,66.55378034197676,66.62306279019455,0.06928244821779117,9.0,8.898597071121898,-0.10140292887810176,406.649994161669,406.8219066735443,0.17191251187529133,0.4267255224769806,0.42771011846339485,0.0009845959864142606,0.5116712780351876,0.5116622686774808,-9.009357706868393e-06,1.0,1.0,0.0,665.5,665.4515679136251,-0.048432086374873506
592,False,False,0.1443490374975373,0.14433712601994184,-1.1911477595466513e-05,47.62901045814338,47.60528649135716,-0.023723966786214135,0.0,0.0,0.0,358.1523564948919,357.9723157943706,-0.18004070052126053,0.496966797751159,0.496902698680798,-6.409907036097895e-05,0.4968910444261442,0.496902698680798,1.1654254653825635e-05,0.0,0.0,0.0,,,
593,True,True,0.3300734205153184,0.2804797677521471,-0.04959365276317129,166.11584201391193,163.38349678197216,-2.7323452319397745,1.0,0.5727691948181018,-0.42723080518189815,666.6903377946734,700.579306925376,33.88896913070266,0.5239985121669479,0.5871208347928933,0.06312232262594542,0.5892844314381435,0.5892338322329531,-5.059920519034922e-05,1.0,1.0,0.0,869.5,869.2892548637154,-0.21074513628457225
594,True,True,0.1290331514283834,0.12866203152939745,-0.00037111989898594433,64.20453716716433,64.71630831011736,0.5117711429530232,19.5,19.03357206110959,-0.46642793889040846,570.2045172133251,570.858493414862,0.6539762015369206,0.4259225959335089,0.43544349603585797,0.009520900102349072,0.6026474362880504,0.6024569146834104,-0.00019052160463994827,3.0,3.0,0.0,70.0,69.7264181310576,-0.2735818689424008
595,True,True,0.346425474571873,0.23669488516261158,-0.10973058940926142,57.33852439833453,54.260123482550895,-3.0784009157836323,2.0,1.2110008562827717,-0.7889991437172283,372.3997482890781,406.779868160256,34.3801198711779,0.3325042517219089,0.47030642769419834,0.13780217597228944,0.5637846033192323,0.5637846033192323,0.0,1.0,1.0,0.0,0.0,0.0,0.0
596,True,True,0.2376567008512207,0.2253494159544985,-0.012307284896722198,128.9391613032379,127.71988472781503,-1.2192765754228816,3.0,2.7772174402314715,-0.22278255976852845,929.8528392733318,935.8233501274295,5.970510854097711,0.4403955428989071,0.46356391335584834,0.023168370456941256,0.6305649018268885,0.6304812194154364,-8.368241145206845e-05,2.0,2.0,0.0,336.5,336.40628403283114,-0.09371596716886188
597,True,True,0.0620716748699634,0.05581651791921935,-0.006255156950744051,45.5833485836439,45.67810565534332,0.09475707169942638,1.0,0.6935502821463161,-0.3064497178536839,992.2986711959086,1006.2490783881653,13.950407192256762,0.4957095303647902,0.557512220589074,0.06180269022428381,0.6990874300429815,0.6990656200031856,-2.1810039795844283e-05,1.0,1.0,0.0,1485.0,1484.8312561247365,-0.1687438752635444
598,False,False,0.1017516209194251,0.10175154361357742,-7.730584768161908e-08,41.8990259643792,41.885237527118136,-0.013788437261062825,0.0,0.0,0.0,412.0756954246849,411.940082411042,-0.13561301364291012,0.5437701144705932,0.5436885262240234,-8.158824656978592e-05,0.5436532148812845,0.5436885262240234,3.531134273893066e-05,0.0,0.0,0.0,,,
599,False,False,0.2824238435407811,0.2824059277942046,-1.79157465765023e-05,93.804508809245,93.81508869609799,0.010579886852994491,0.0,0.0,0.0,486.3375194558098,486.3246035276433,-0.012915928166478352,0.4768629645377975,0.47684306942633714,-1.989511146033296e-05,0.4767824956990406,0.47684306942633714,6.057372729656452e-05,0.0,0.0,0.0,,,
600,True,True,0.6792561215129098,0.6328503044199791,-0.04640581709293068,348.4051837018286,337.53677392254724,-10.868409779281365,2.5,2.0750334672338804,-0.4249665327661196,1148.9257998372234,1154.0267439564523,5.1009441192288705,0.7013186509502276,0.7185379790294246,0.017219328079197016,0.7193131522308354,0.7192708853504717,-4.226688036368387e-05,2.0,2.0,0.0,1185.5,1185.3035237842619,-0.19647621573813012
601,True,True,0.6560938317112331,0.5598068356562521,-0.09628699605498103,168.11508933198715,164.34378704945127,-3.771302282535885,8.0,6.730599090471508,-1.2694009095284917,506.2453440028675,513.4094736281133,7.164129625245835,0.3030741657068301,0.37329622954648345,0.07022206383965335,0.6282731506938298,0.6282731506938297,-1.1102230246251565e-16,2.0,2.0,0.0,0.0,0.0,0.0
602,True,True,0.5615316665458344,0.5568657910607846,-0.00466587548504982,410.9023568898484,416.2352676419613,5.332910752112866,31.5,29.98161110989765,-1.5183888901023508,891.3623793037519,896.1057061951761,4.7433268914242035,0.4288320646692394,0.4614011471729856,0.03256908250374618,0.5219034665784394,0.5217241282126553,-0.00017933836578409856,6.0,6.0,0.0,31.0,30.78968899872578,-0.21031100127422064
603,True,True,0.7406201068200368,0.79221718347618,0.051597076656143215,338.8198839095131,343.8175647958659,4.997680886352782,12.0,14.660835414726138,2.6608354147261384,730.9127054338355,753.3050384651696,22.392333031334033,0.4811944763028849,0.31442762234440813,-0.1667668539584768,0.6645488515062311,0.664548851506231,-1.1102230246251565e-16,2.0,3.0,1.0,0.0,0.0,0.0
604,True,True,0.2439390245590449,0.22353337653061864,-0.02040564802842626,136.9185622637571,136.25337516950765,-0.6651870942494611,0.5,0.3052638862805907,-0.1947361137194093,698.5371094399238,716.6826542881668,18.145544848242935,0.6712161106206915,0.7097176650698201,0.03850155444912862,0.7114315750156737,0.7113025101566836,-0.00012906485899011333,1.0,2.0,1.0,1092.5,1092.13890963911,-0.3610903608901026
605,True,True,0.2903539235232986,0.27554074699973463,-0.014813176523563953,76.872302234527,76.47653264442356,-0.39576959010344126,2.0,1.7021226442768245,-0.29787735572317553,639.7560741502671,641.2026672323515,1.446593082084405,0.5766605124291988,0.5910992040840856,0.01443869165488676,0.7170567721089373,0.7170269072973562,-2.9864811581070683e-05,1.0,1.0,0.0,956.0,955.8594117500473,-0.14058824995265695
606,True,True,0.6757719748132421,0.6720803001388864,-0.003691674674355716,167.41343981236088,167.9014081723583,0.48796835999741006,7.5,7.270777060330139,-0.22922293966986107,370.6568903923529,372.445066976732,1.7881765843790731,0.3850566038813734,0.388747288519572,0.0036906846381986047,0.5296942031177051,0.5296626994500128,-3.150366769233415e-05,1.0,1.0,0.0,349.5,349.3015234190818,-0.19847658091822495
607,True,True,0.2437010955934756,0.31224453099612753,0.06854343540265193,104.1081202189832,104.01934703460284,-0.08877318438035786,2.5,3.0032980617397715,0.5032980617397715,428.7765976211127,445.540029677122,16.763432056009265,0.5394928557178952,0.4236622534573973,-0.1158306022604979,0.6227770842184193,0.6227770842184193,0.0,1.0,2.0,1.0,0.0,0.0,0.0
608,True,True,0.1103768105084064,0.16881937203049502,0.05844256152208861,46.06998078071799,45.73807580495234,-0.3319049757656529,4.0,5.701757789915424,1.7017577899154244,557.0740569592599,564.1941747301748,7.120117770914931,0.5122289160814351,0.31745323455414215,-0.1947756815272929,0.526322852361912,0.5261186294752017,-0.00020422288671029243,2.0,3.0,1.0,233.5,233.0268836973524,-0.47311630264761106
609,True,True,0.1361828779007132,0.11454186337527039,-0.021641014525442814,52.74127332243106,52.60851817529725,-0.13275514713381398,1.0,0.6702951814862901,-0.3297048185137099,487.72391781820113,522.7947241443832,35.07080632618204,0.4482028046775915,0.5328332348933174,0.08463043021572586,0.5889334980485545,0.5888552833447742,-7.821470378033268e-05,2.0,3.0,1.0,160.0,159.64861315482224,-0.35138684517775687
610,True,True,0.4170983880191535,0.37864202323533847,-0.038456364783815034,198.01285286000447,198.269888267953,0.2570354079485355,2.5,1.9755869927263128,-0.5244130072736872,643.5333175184766,653.6653763311789,10.132058812702326,0.4404944302507756,0.5203202513609136,0.07982582111013803,0.5388027179883921,0.5388027179883921,0.0,4.0,4.0,0.0,0.0,0.0,0.0
611,True,True,0.3848975834848592,0.3814490708351173,-0.003448512649741886,183.795442684422,186.9680909759709,3.17264829154891,13.5,12.605427305976601,-0.8945726940233989,705.0696824017267,709.4348160129682,4.365133611241504,0.3906762575240534,0.4144708218030332,0.023794564278979802,0.5675364277285528,0.5673576791666389,-0.00017874856191391064,3.0,3.0,0.0,126.0,125.68469387381924,-0.31530612618075793
612,True,True,0.2040229372440814,0.18365614299455335,-0.02036679424952806,82.73843754450756,82.33467257473073,-0.4037649697768302,1.0,0.7287856905139053,-0.2712143094860947,658.0971662770012,669.1113649111924,11.014198634191189,0.5663267539140333,0.612430153372554,0.04610339945852071,0.7371402082977135,0.7371295383226668,-1.066997504672873e-05,1.0,1.0,0.0,996.0,995.968304174595,-0.03169582540499505
613,True,True,0.1747966927755473,0.16845099271046637,-0.0063457000650809225,109.9537722433433,110.1976285143046,0.24385627096130236,0.5,0.36639656453044167,-0.13360343546955833,752.8603664118056,764.7443418082248,11.88397539641926,0.682880435580754,0.7083204685450205,0.025440032964266557,0.7353292030720543,0.7352825998709989,-4.660320105542848e-05,1.0,1.0,0.0,675.0,674.6694053729884,-0.33059462701157827
614,True,True,0.0300949168342702,0.02997068734137389,-0.00012422949289631058,11.084894096814873,11.09662384000543,0.011729743190556974,4.5,4.236858775740258,-0.2631412242597424,590.6059818497732,591.2797794561614,0.6737976063881206,0.5616916035561557,0.5670336671409149,0.0053420635847591935,0.7116374826392774,0.7115686829305481,-6.879970872930574e-05,1.0,1.0,0.0,893.5,893.2721986320197,-0.22780136798030526
615,True,True,0.1189426821836105,0.1466464953933884,0.027703813209777897,94.6258058570531,93.70417776439662,-0.9216280926564764,3.0,3.857269619032743,0.8572696190327429,1071.8411519180197,1081.8869933513365,10.04584143331681,0.6083878043969012,0.5172035623505964,-0.09118424204630482,0.6233416022748761,0.6232475740964581,-9.402817841797084e-05,2.0,3.0,1.0,798.0,797.5876949214544,-0.4123050785456144
616,True,True,0.1308373526155129,0.10684465717420398,-0.02399269544130893,53.64939806109912,53.609863461223014,-0.03953459987610586,0.5,0.14733631854760465,-0.35266368145239535,598.2929589287234,605.6153319496972,7.322373020973828,0.5232618735309549,0.6319386434553341,0.10867676992437925,0.66643803358683,0.6663897050595857,-4.832852724423464e-05,1.0,1.0,0.0,1158.5,1158.332947912799,-0.16705208720100018
617,True,True,0.5271945851789898,0.5267194819324572,-0.0004751032465325489,167.12802541836606,167.95437921071678,0.8263537923507158,15.0,14.603267433185794,-0.3967325668142063,591.3360007677101,593.0215869347029,1.6855861669928345,0.4180261996500376,0.42192677068326323,0.0039005710332256083,0.5062759535856749,0.5062574978125733,-1.845577310155555e-05,1.0,1.0,0.0,999.0,998.9087635288407,-0.09123647115927724
618,True,True,0.1662327256937361,0.20849921877136351,0.04226649307762742,88.26189191190252,88.02747525118063,-0.23441666072189093,1.0,1.2603384076210207,0.2603384076210207,547.2782593655537,572.7672878930106,25.489028527456867,0.5458710004897571,0.43792841666545135,-0.10794258382430577,0.5895766009869485,0.5895267188370519,-4.988214989665174e-05,1.0,2.0,1.0,600.0,599.8551258860514,-0.14487411394861738
619,True,True,0.5657978787087229,0.4577888758118342,-0.1080090028968887,269.5672299704639,255.00991405918126,-14.557315911282672,2.5,1.6596860630554153,-0.8403139369445847,888.9124421538452,909.3892140547509,20.47677190090576,0.6281355156758053,0.6845203445538399,0.05638482887803464,0.6911168156011183,0.6910507410913728,-6.607450974549511e-05,2.0,2.0,0.0,646.5,646.4681450399394,-0.03185496006062749
620,True,True,0.6519049111691795,0.5818308917529539,-0.0700740194162256,253.81717653105693,253.53379864405608,-0.283377887000853,2.5,1.72069166766014,-0.77930833233986,692.8879113415882,701.954014445076,9.066103103487876,0.4559788081482286,0.5302707123652485,0.07429190421701987,0.5746767517556295,0.5745329533058825,-0.0001437984497469902,3.0,3.0,0.0,651.0,650.5246243447597,-0.47537565524032743
621,True,True,0.1569975926689366,0.14732673567951132,-0.00967085698942527,56.69646001137902,56.67538092767505,-0.021079083703966717,2.0,1.8131585962721155,-0.1868414037278845,428.85404280045617,436.1561162242338,7.302073423777642,0.4514565365316956,0.4804039141126684,0.028947377580972822,0.5762818520640389,0.576173149437604,-0.00010870262643492001,2.0,2.0,0.0,125.0,124.73498607428056,-0.26501392571944393
622,True,True,0.2168001920922934,0.218316286318112,0.0015160942258186094,128.15607657294237,129.80096938440187,1.6448928114594992,31.0,30.023134888993965,-0.9768651110060347,738.9182933568205,741.9854752194453,3.067181862624807,0.5146567212709301,0.5227108047347873,0.008054083463857165,0.5718900990507467,0.5717269599406872,-0.00016313911005949588,3.0,3.0,0.0,12.5,12.177780619115193,-0.32221938088480684
623,True,True,0.092490137597168,0.08099971005677833,-0.011490427540389661,31.896869140436525,31.702221942720115,-0.19464719771641015,0.5,0.2553990583575797,-0.2446009416424203,417.7410217075072,440.83182105148535,23.090799343978176,0.5469687345519642,0.6068471073777706,0.059878372825806436,0.6420710939459132,0.6419550760216364,-0.00011601792427684554,1.0,2.0,1.0,540.5,540.1163568763983,-0.3836431236017006
624,False,False,0.2351599840484742,0.23516010636796533,1.2231949111929374e-07,160.89081783372092,160.87872644114026,-0.012091392580657612,0.0,0.0,0.0,682.6865017301109,682.6354894133726,-0.051012316738251684,0.5580692316731324,0.5580360315407512,-3.320013238117259e-05,0.5579878788303668,0.5580360315407512,4.8152710384385955e-05,0.0,0.0,0.0,,,
625,True,True,0.2612259737373084,0.23263072125026668,-0.0285952524870417,89.80114364505364,89.6230986422914,-0.17804500276224644,3.0,2.5153541320411033,-0.48464586795889675,505.7542987775897,523.1601658742466,17.405867096656834,0.4684605173477443,0.5357462414181444,0.06728572407040012,0.5584593522917822,0.5583157135157636,-0.00014363877601863972,3.0,3.0,0.0,12.0,11.750755653748612,-0.24924434625138758
626,True,True,0.0891325152039628,0.07619096163960676,-0.012941553564356043,61.21982476358783,61.17612818026427,-0.04369658332355897,1.0,0.48019013591110715,-0.5198098640888928,911.0055846656136,926.065856982002,15.060272316388364,0.4306371472900318,0.5179642181477679,0.08732707085773617,0.5249342056048333,0.5248842064510959,-4.9999153737378954e-05,2.0,2.0,0.0,1256.0,1255.8790230433542,-0.12097695664579078
627,True,True,0.1960964793341313,0.19189769757038763,-0.004198781763743664,92.06707572641334,94.14367773881231,2.076602012398979,2.0,1.3436439601879104,-0.6563560398120896,462.4729173124565,473.4493800790515,10.976462766594977,0.4560339763550981,0.5065058564652737,0.05047188011017556,0.5104869480108064,0.5103636698678825,-0.00012327814292389938,2.0,2.0,0.0,491.0,490.8810990345775,-0.1189009654224833
628,False,False,0.2401677345195735,0.24015948363256343,-8.250887010063934e-06,73.55382559430049,73.55838106396972,0.0045554696692278185,0.0,0.0,0.0,363.05730453852186,363.0509400249686,-0.006364513553251072,0.4608283324319973,0.46081034086416145,-1.7991567835828892e-05,0.460737244758332,0.46081034086416145,7.309610582945103e-05,0.0,0.0,0.0,,,
629,True,True,0.2345104982059317,0.20964053985029638,-0.024869958355635324,82.85539870961061,83.10368368209204,0.24828497248142867,4.0,3.2525493495137217,-0.7474506504862783,526.6065435360791,536.0332625089815,9.426718972902336,0.4359339426361471,0.4986347734129,0.06270083077675292,0.6227949600311223,0.6227949600311223,0.0,2.0,2.0,0.0,0.0,0.0,0.0
630,True,True,0.3022324465857498,0.3003984650705292,-0.0018339815152206285,200.8422366601756,200.93608574772728,0.09384908755168908,11.0,10.773435028444489,-0.22656497155551136,1075.5711641263044,1077.128588439458,1.5574243131536605,0.579128305694482,0.5829603018187575,0.0038319961242754275,0.6869050270037027,0.6868909119526984,-1.4115051004348622e-05,2.0,2.0,0.0,587.0,586.9748744881342,-0.025125511865780936
631,False,False,0.0276733745596232,0.027672629682719635,-7.448769035640901e-07,11.290915685079977,11.289289533341616,-0.0016261517383604485,0.0,0.0,0.0,435.0226735289812,434.94717297996306,-0.07550054901815884,0.6272105676649393,0.6271866398373627,-2.3927827576653016e-05,0.6271385064777072,0.6271866398373627,4.8133359655477825e-05,0.0,0.0,0.0,,,
632,True,True,0.2590502844253035,0.24768495476815594,-0.011365329657147538,111.01393755290108,112.92162465299941,1.9076871000983289,2.0,1.620960533461767,-0.37903946653823306,619.7184355640084,639.4554992962575,19.737063732249112,0.4214110254990617,0.4518404632593609,0.030429437760299216,0.5684903517424439,0.568488463953948,-1.8877884958579116e-06,1.0,1.0,0.0,710.5,710.4868429837136,-0.013157016286413636
633,True,True,0.0949990210308866,0.09207689151487829,-0.002922129516008315,46.26583940073178,46.4335184386549,0.1676790379231221,9.0,8.148083418270096,-0.8519165817299044,657.4874604804321,662.7453652910708,5.257904810638706,0.5049518566123209,0.5311211136818083,0.02616925706948736,0.6233557333902638,0.623254730457953,-0.00010100293231085633,2.0,2.0,0.0,595.0,594.7238712216724,-0.27612877832757476
634,True,True,0.0952038803234236,0.0922205287859578,-0.002983351537465803,82.25481085562369,82.67198517973624,0.4171743241125512,6.0,5.4697871055162945,-0.5302128944837055,902.1002162352185,915.2304048705031,13.13018863528464,0.6264950439569099,0.6548873073167093,0.028392263359799386,0.701938525245559,0.7017856090205095,-0.0001529162250495375,2.0,2.0,0.0,429.0,428.6830345667752,-0.31696543322482285
635,True,True,0.7256170908648225,0.7218749543829212,-0.003742136481901359,319.4414452487442,319.9178506021644,0.47640535342020485,3.0,2.8283718611928648,-0.17162813880713523,825.8459072310366,827.6350845186874,1.7891772876508867,0.6195704849582182,0.6235752891679185,0.004004804209700286,0.6351668617519863,0.6351333376018279,-3.352415015844823e-05,1.0,1.0,0.0,1393.5,1393.3899903455865,-0.11000965441348853
636,True,True,0.970562134932936,0.972013720321246,0.0014515853883100283,485.7641031479996,485.7037372970949,-0.060365850904702256,30.5,31.2833476975215,0.7833476975214992,995.8312121144636,995.7065512552172,-0.12466085924643266,0.5399688756441858,0.5352011744789272,-0.004767701165258598,0.6465058103991843,0.6464167301447997,-8.908025438458811e-05,2.0,2.0,0.0,1401.5,1401.3575196644742,-0.1424803355257609
637,True,True,0.4377570202340894,0.5744336245898264,0.13667660435573697,121.81918137449549,97.57666089501497,-24.24252047948052,1.0,1.387377058994025,0.3873770589940251,578.619677889222,598.0749163524173,19.455238463195315,0.7033502649305194,0.6076195465897571,-0.0957307183407623,0.74376121058613,0.7436691833512494,-9.202723488055398e-05,1.0,2.0,1.0,482.0,481.7376069532914,-0.26239304670860975
638,True,True,0.2545107572689622,0.2526389108936061,-0.0018718463753561454,124.0889486939507,124.17365281694286,0.08470412299216434,0.5,0.463411332742544,-0.03658866725745602,564.6340449606787,565.7236195502992,1.0895745896204971,0.6197242803434304,0.6257882908647737,0.00606401052134331,0.661455671207031,0.6613302301553172,-0.0001254410517137483,1.0,1.0,0.0,898.5,898.1113348290313,-0.388665170968693
639,True,True,0.0791495314526792,0.07928478706170641,0.00013525560902721834,40.330733395117846,40.57622797919626,0.24549458407841485,2.5,2.2979849987779755,-0.20201500122202454,445.2399860884102,447.95199730960144,2.712011221191233,0.5408257872077846,0.5493991422656481,0.008573355057863496,0.5621867669465691,0.5620431422149502,-0.00014362473161888545,1.0,1.0,0.0,648.5,648.1268628848486,-0.373137115151394
640,True,True,0.3683005871235524,0.36292614199070067,-0.005374445132851735,89.66243470487002,89.68218382392747,0.019749119057451026,2.5,2.4169899562664807,-0.08301004373351928,678.9785005196561,679.1642964744327,0.1857959547766086,0.4749541523290489,0.4802722984614477,0.005318146132398782,0.7069436827289752,0.7069162236269472,-2.7459102028060123e-05,1.0,1.0,0.0,1089.5,1089.3467116265645,-0.1532883734355437
641,True,True,0.2595626907777631,0.2696947602097562,0.010132069431993074,134.09970593467594,128.53832870339357,-5.561377231282364,2.0,1.862150565793855,-0.13784943420614493,672.3316851406175,722.1927972087167,49.861112068099146,0.5526380100742416,0.5132231834237169,-0.03941482665052476,0.6223552213372463,0.6223552213372462,-1.1102230246251565e-16,1.0,2.0,1.0,0.0,0.0,0.0
642,False,False,0.1220719721164415,0.12206827334370296,-3.698772738536249e-06,61.26808889361619,61.25134336574972,-0.01674552786646899,0.0,0.0,0.0,527.9752936106939,527.8253513389399,-0.14994227175407104,0.6216379902231483,0.6215972906179579,-4.069960519037519e-05,0.6215692597193804,0.6215972906179579,2.8030898577502406e-05,0.0,0.0,0.0,,,
643,True,True,0.9842764038497318,0.9586789459565532,-0.025597457893178577,459.4052157416289,451.19039734784764,-8.214818393781286,21.5,16.87486508081199,-4.62513491918801,848.3270362645849,858.238915144052,9.911878879467167,0.3758825387224573,0.44591023705924265,0.07002769833678535,0.5495377289538272,0.5493116799834912,-0.00022604897033606797,5.0,5.0,0.0,19.5,19.375749920224195,-0.12425007977580549
644,False,False,0.0875297589721502,0.0875304977248343,7.387526840957337e-07,74.84323452679644,74.83227112220703,-0.010963404589404036,0.0,0.0,0.0,832.2098596776228,832.0910155070015,-0.11884417062128705,0.6693603931443143,0.6693101524592308,-5.024068508352464e-05,0.6692739489274957,0.6693101524592308,3.6203531735057304e-05,0.0,0.0,0.0,,,
645,True,True,0.995394379268082,0.9963453982905227,0.0009510190224406578,454.4836764483796,450.2708560062468,-4.212820442132795,42.5,42.94069566022988,0.4406956602298777,712.0947628156226,714.1981434986428,2.103380683020191,0.3893476198158582,0.3828670812139479,-0.0064805386019102795,0.5718459309670785,0.5717696736815288,-7.6257285549719e-05,4.0,4.0,0.0,11.5,11.129967095403094,-0.37003290459690596
646,True,True,0.4014676903697575,0.4412647460806682,0.03979705571091069,122.06571396923782,121.02965795554195,-1.0360560136958696,1.0,1.1622449595015498,0.16224495950154982,375.7047320481584,396.7040804155496,20.99934836739118,0.47298015309422,0.43889383554711414,-0.03408631754710584,0.5343623197370676,0.5343199693814638,-4.235035560384848e-05,1.0,2.0,1.0,505.0,504.88173843992087,-0.11826156007913369
647,True,True,0.6820865238991565,0.6667628114739799,-0.015323712425176605,341.4272583485216,341.2347939507788,-0.19246439774281043,2.0,1.7319465992855847,-0.2680534007144153,769.029049857844,770.0637466208743,1.034696763030297,0.5663263537739137,0.5851742676187048,0.01884791384479112,0.6366849073758241,0.6366298946494361,-5.501272638797072e-05,2.0,2.0,0.0,1234.0,1233.793795680132,-0.20620431986799304
648,True,True,0.1917461508760301,0.1679586916391822,-0.023787459236847913,98.61185057523174,98.48254831898876,-0.12930225624297975,1.0,0.6833370430395008,-0.3166629569604992,778.254641773529,783.2147617529298,4.960119979400815,0.4814739886503293,0.5415137596698633,0.06003977101953395,0.6978084299656648,0.6978029550389577,-5.474926707105254e-06,1.0,1.0,0.0,1222.5,1222.4618249979726,-0.038175002027401206
649,True,True,0.3952362898073364,0.3109339940061378,-0.08430229580119858,178.17421186092392,174.1125932089467,-4.061618651977227,2.0,1.1324638373509517,-0.8675361626490483,778.2669453590322,838.9730663686205,60.70612100958829,0.4408889102891682,0.5658451616321953,0.12495625134302712,0.6073769748413047,0.6073301102795907,-4.686456171398845e-05,2.0,2.0,0.0,182.5,182.31296456409885,-0.18703543590115146
650,True,True,0.6469536886047069,0.6460930741473974,-0.0008606144573095609,265.79346562782297,265.994111513897,0.2006458860740281,11.5,11.402449951093853,-0.09755004890614671,799.1342918262686,799.5614807669228,0.42718894065421864,0.5136927975595794,0.5148648630695457,0.0011720655099662913,0.6483535678551903,0.6483169069155248,-3.666093966547823e-05,1.0,1.0,0.0,1116.5,1116.3060048068658,-0.19399519313424207
651,False,False,0.3050400153842079,0.30503351575279924,-6.499631408640738e-06,119.05422743587305,119.05449428504723,0.000266849174181516,0.0,0.0,0.0,429.3865804012029,429.3679400422137,-0.018640358989159722,0.555965994587427,0.555946822725074,-1.917186235300683e-05,0.55587551138226,0.555946822725074,7.131134281401774e-05,0.0,0.0,0.0,,,
652,True,True,0.4958752158704576,0.4591907612743058,-0.03668445459615177,260.0695964113405,259.1705113612336,-0.899085050106919,5.0,3.9916768343828175,-1.0083231656171825,858.9287767367085,863.4834395751294,4.554662838420882,0.6682338549832476,0.7111480578792893,0.04291420289604164,0.725743490232234,0.7255749592809402,-0.00016853095129376605,4.0,4.0,0.0,708.0,707.9755334480396,-0.02446655196035863
653,True,True,0.0424493874252974,0.04190980970298048,-0.000539577722316921,14.962156150384788,15.358002329110363,0.39584617872557537,9.0,8.064009746775252,-0.9359902532247482,429.3827519279234,438.80445049242695,9.421698564503572,0.4403703372242673,0.4712834915983258,0.03091315437405845,0.5612820309907601,0.5611382726796361,-0.00014375831112400927,2.0,2.0,0.0,79.0,78.85108696086952,-0.14891303913047693
654,True,True,0.9937485017200208,0.9940800927741571,0.000331591054136271,494.2800762644181,491.41495085889534,-2.865125405522747,7.5,7.369181395752812,-0.13081860424718794,773.4542642121193,788.5322815533993,15.078017341280088,0.4632548988608893,0.4492289639511936,-0.01402593490969567,0.531752253661744,0.5315335204593526,-0.0002187332023912969,5.0,6.0,1.0,434.0,433.6958328949792,-0.30416710502078104
655,True,True,0.1002738656682671,0.09456229337624804,-0.00571157229201906,52.079837951382,52.175778611935016,0.09594066055301909,0.5,0.3050712012569421,-0.1949287987430579,550.1591144412596,578.3092545082008,28.150140066941162,0.5988484430074322,0.630650333114657,0.031801890107224784,0.642945447275181,0.6428963256974721,-4.912157770886605e-05,1.0,2.0,1.0,539.5,539.2830088324425,-0.21699116755746672
656,True,True,0.7383828707313703,0.805271035741336,0.06688816500996564,226.0554033445404,225.35197903192696,-0.7034243126134356,6.5,8.688243275676253,2.1882432756762533,529.8744995087085,544.0766094794104,14.20210997070194,0.4771612876570935,0.3719717186823539,-0.10518956897473958,0.5208206792492257,0.520633228486771,-0.0001874507624547439,3.0,4.0,1.0,135.5,135.2894602598443,-0.21053974015569565
657,True,True,0.04248055982056,0.037274875043240015,-0.005205684777319988,28.18298001508796,28.178189072447143,-0.004790942640816809,1.0,0.6169856345746668,-0.3830143654253332,1005.4469957632974,1005.268365200938,-0.1786305623594444,0.4437088032540527,0.5153029188671026,0.07159411561304985,0.7090920204756187,0.709077668572568,-1.435190305065781e-05,1.0,1.0,0.0,1799.0,1798.9033373404388,-0.09666265956116149
658,True,True,0.1217985342266327,0.1072810432380972,-0.014517490988535497,35.27252519560546,35.27844310375614,0.005917908150678386,1.0,0.6932046417903621,-0.3067953582096379,470.32600221088217,490.3913779437684,20.065375732886253,0.5165688839909243,0.5738099406770608,0.05724105668613655,0.6848786322311828,0.6848124081276115,-6.622410357137731e-05,1.0,1.0,0.0,471.0,470.60580027177417,-0.3941997282258285
659,True,True,0.2943066179486927,0.28036020988947524,-0.01394640805921743,195.94791129351444,195.93926354145722,-0.008647752057214575,1.0,0.8284726405225229,-0.1715273594774771,977.471475338538,978.2969494906026,0.8254741520646576,0.5426374963835725,0.5687408304477598,0.0261033340641873,0.7281343080896221,0.728048725095837,-8.558299378513823e-05,1.0,1.0,0.0,1910.0,1909.5779174143702,-0.42208258562982337
660,False,False,0.3740020842162075,0.37399475986886926,-7.324347338244497e-06,143.82645507439182,143.83947890013212,0.013023825740305028,0.0,0.0,0.0,436.87412705527646,436.8843251635545,0.01019810827801848,0.5860270440637284,0.5860071604477566,-1.9883615971827417e-05,0.585901054964005,0.5860071604477566,0.00010610548375156181,0.0,0.0,0.0,,,
661,True,True,0.929781745976198,0.909843849403655,-0.019937896572542968,521.0172558724265,519.7941968519269,-1.2230590204995906,4.0,3.4528783038142152,-0.5471216961857848,903.3749512549364,918.6483718326048,15.27342057766839,0.6446443055820406,0.6700414992665006,0.02539719368446003,0.6801760754927867,0.6800693362980591,-0.00010673919472758975,2.0,2.0,0.0,564.0,563.9499627224562,-0.05003727754376541
662,True,True,0.2013452541457369,0.20273882678816924,0.0013935726424323391,80.4082294150803,81.523573028244,1.1153436131637022,4.5,4.096281338616975,-0.40371866138302526,427.27929367185726,431.7130131367572,4.433719464899923,0.5788307660813632,0.5903114378141432,0.011480671732780001,0.6362176487139439,0.6362093776031019,-8.27111084200638e-06,1.0,1.0,0.0,383.0,382.96752412901077,-0.03247587098923077
663,True,True,0.2462496737384371,0.23365943908597703,-0.012590234652460064,58.96398867064205,58.98106706347457,0.017078392832516442,2.5,2.144612853875152,-0.3553871461248481,657.0338675999018,657.2351723683208,0.20130476841904965,0.5106733315047361,0.533626676467031,0.02295334496229484,0.7432426382082624,0.743234282992483,-8.355215779465297e-06,1.0,1.0,0.0,1266.5,1266.4722170488433,-0.027782951156723357
664,False,False,0.0932714419876666,0.09327210204324443,6.600555778335515e-07,51.47051831414519,51.46925288717356,-0.0012654269716279032,0.0,0.0,0.0,532.8025545389805,532.7969184923014,-0.00563604667911477,0.647062919950705,0.6470302907322452,-3.262921845981204e-05,0.6469314541225563,0.6470302907322452,9.883660968890151e-05,0.0,0.0,0.0,,,
665,False,False,0.2578984207546731,0.25787685075257494,-2.1570002098181273e-05,98.8607018066196,98.82529150562254,-0.03541030099705722,0.0,0.0,0.0,428.6417181363196,428.4789262187311,-0.16279191758849265,0.6728514906237298,0.6727478812808312,-0.00010360934289865842,0.6726984213705989,0.6727478812808312,4.945991023230789e-05,0.0,0.0,0.0,,,
666,True,True,0.4180256679485725,0.359552593807148,-0.0584730741414245,206.6313453175412,207.3163536663647,0.6850083488235157,4.0,3.073303618520733,-0.926696381479267,770.394181874882,789.1243919877152,18.73021011283322,0.44888882665809,0.5230961688848674,0.07420734222677744,0.5407755240901142,0.5407030868235982,-7.243726651595672e-05,3.0,3.0,0.0,660.5,660.4008984719608,-0.09910152803922756
667,True,True,0.21267720146794,0.20801708377273692,-0.004660117695203081,96.96787623647958,98.39698682443907,1.4291105879594852,2.5,2.0454240189283164,-0.4545759810716836,529.4448336285418,539.2646570368183,9.819823408276534,0.4354121539775402,0.4648222552619964,0.029410101284456203,0.6006049662748754,0.6005964689006967,-8.497374178628725e-06,1.0,1.0,0.0,849.5,849.4728170317418,-0.027182968258216533
668,True,True,0.1934694642310618,0.18539181317945816,-0.00807765105160363,113.24280575400664,113.1549039316739,-0.08790182233273924,5.0,4.104292924137556,-0.8957070758624441,752.9614562343771,753.9272355664873,0.9657793321101735,0.5914242945679348,0.6281663410583702,0.03674204649043544,0.7421937315431199,0.7421265241839075,-6.720735921239562e-05,2.0,2.0,0.0,707.0,706.7709406552623,-0.2290593447377205
669,True,True,0.3111753261092214,0.31238836722313024,0.0012130411139088526,88.91096567893672,87.82993689406457,-1.0810287848721458,2.0,1.9515268962684793,-0.048473103731520695,418.42339114356855,429.4489588459876,11.025567702419039,0.4683459490096273,0.45812636340185275,-0.010219585607774528,0.5808161284343067,0.5808161284343067,0.0,2.0,3.0,1.0,0.0,0.0,0.0
670,True,True,0.1389482549714165,0.1365185827415459,-0.0024296722298705886,62.82686172798408,62.73663106048801,-0.09023066749607267,1.0,0.9453376750403549,-0.05466232495964507,549.2742268724439,551.1054238652274,1.8311969927834753,0.6274526015072628,0.6354881898812842,0.008035588374021407,0.7261400971170198,0.7260791549506015,-6.094216641827632e-05,1.0,1.0,0.0,679.5,679.3172444538461,-0.182755546153885
671,False,False,0.2179517699142253,0.21796382260662295,1.205269239765161e-05,152.1868460320124,152.13445568047015,-0.05239035154224325,0.0,0.0,0.0,638.8872437325213,638.6685838474026,-0.21865988511865453,0.6502562870819791,0.650161467209383,-9.481987259618574e-05,0.650149760276139,0.650161467209383,1.1706933243926798e-05,0.0,0.0,0.0,,,
672,True,True,0.2579998633271017,0.28048069810030013,0.022480834773198455,181.23779895266892,178.66173402989241,-2.57606492277651,2.0,2.386292124912144,0.3862921249121438,977.542097383106,993.9425582356416,16.400460852535616,0.6117271047032801,0.5592873978245229,-0.05243970687875721,0.6425521150148796,0.6424689244868731,-8.319052800653814e-05,2.0,3.0,1.0,570.0,569.5551192831479,-0.4448807168521398
673,True,True,0.0152964824978931,0.015403305301244112,0.00010682280335101192,11.425405169613358,11.494845508720694,0.06944033910733616,51.0,50.55955901093011,-0.4404409890698915,647.1289257028618,648.8660225044358,1.7370968015740118,0.5324855038379006,0.534121247638653,0.0016357438007523761,0.5908074379524587,0.5907456475964106,-6.179035604814143e-05,1.0,1.0,0.0,195.0,194.61063738230928,-0.3893626176907219
674,False,False,0.0263334569360683,0.02633417706296608,7.201268977796715e-07,10.4085188607999,10.407655309933702,-0.0008635508661978264,0.0,0.0,0.0,360.362176166961,360.34272429822005,-0.019451868740929967,0.4391396976037722,0.43910154361128145,-3.815399249074147e-05,0.4390268819177521,0.43910154361128145,7.466169352937646e-05,0.0,0.0,0.0,,,
675,True,True,0.081539249606255,0.07258320756381,-0.008956042042445003,37.54456872500225,37.24358588960587,-0.3009828353963826,0.5,0.29113578859250994,-0.20886421140749006,564.9958307064992,585.0000049727046,20.004174266205382,0.5608535351029174,0.6120293316870012,0.05117579658408389,0.6202889375037415,0.6201693529864954,-0.0001195845172460297,1.0,1.0,0.0,685.5,685.0020634802843,-0.49793651971572217
676,True,True,0.0813320784846307,0.08448771855448528,0.0031556400698545817,107.83081059141588,108.1844852789727,0.3536746875568184,9.5,9.017979771940722,-0.48202022805927847,756.4064267661719,757.0127676114083,0.6063408452364456,0.4632110963067123,0.47353271401123087,0.01032161770451856,0.5916690077800796,0.5915716767144177,-9.733106566189864e-05,2.0,2.0,0.0,724.0,723.5167835058876,-0.48321649411241197
677,False,False,0.0882107641329513,0.0882109635401394,1.9940718809507985e-07,47.40954919807852,47.40866262003918,-0.0008865780393421119,0.0,0.0,0.0,527.7675290130611,527.7615309235221,-0.005998089539048124,0.5451774015551463,0.5451573718193847,-2.002973576153977e-05,0.5450862375139802,0.5451573718193847,7.113430540450771e-05,0.0,0.0,0.0,,,
678,True,True,0.4998327239182517,0.4743779216556665,-0.025454802262585174,389.1186036411386,381.7085971689412,-7.410006472197381,5.0,4.059138679725586,-0.940861320274414,1369.8799278354156,1391.9803357708454,22.100407935429757,0.7079216921719577,0.7393711947786072,0.03144950260664958,0.7469962130431963,0.746869127222491,-0.00012708582070530827,5.0,7.0,2.0,611.5,611.1022295647568,-0.39777043524316014
679,True,True,0.1890754971805344,0.2378116276067643,0.0487361304262299,177.59491060117557,177.02522096547773,-0.5696896356978414,3.0,3.575240524410039,0.5752405244100389,1058.1620987173835,1070.6250328917997,12.462934174416205,0.6230429284094887,0.49406064080256473,-0.12898228760692398,0.6510277474204568,0.6508911025635176,-0.00013664485693920536,3.0,4.0,1.0,540.0,539.7874654815987,-0.21253451840129856
680,True,True,0.2097198158676402,0.18316131387941212,-0.026558501988228095,73.82956251390681,74.05498853258395,0.2254260186771404,1.0,0.6584654872305693,-0.3415345127694307,458.1208330533861,493.16657678912406,35.04574373573797,0.503511634360776,0.5662529932703342,0.06274135890955823,0.6152932922761319,0.6152228469153677,-7.044536076428187e-05,1.0,1.0,0.0,383.5,383.2153055039508,-0.2846944960492124
681,True,True,0.0916808993795476,0.08226371376102273,-0.009417185618524865,55.40636957551488,54.64246093277228,-0.7639086427425994,1.0,0.8119237322127447,-0.18807626778725528,839.2168416654242,869.1267458595905,29.9099041941663,0.4992002341349551,0.540070513443132,0.04087027930817683,0.5410443025567552,0.5410130369973829,-3.1265559372273266e-05,2.0,2.0,0.0,159.0,158.9223738224402,-0.07762617755980727
682,True,True,0.1470785445865552,0.14846330530627885,0.0013847607197236544,137.8336729291544,140.17737836641055,2.3437054372561477,8.0,7.484555850899769,-0.5154441491002313,809.5330218960517,822.8100657881032,13.277043892051552,0.4684485845096096,0.4922955903100898,0.023847005800480214,0.5019042352215374,0.5018358130471149,-6.842217442248888e-05,3.0,3.0,0.0,50.0,49.79383954733246,-0.20616045266753957
683,True,True,0.2475324786659885,0.24698534327133928,-0.0005471353946492064,84.8177341549281,85.44585478660517,0.6281206316770636,11.0,10.665106204239398,-0.3348937957606015,372.26500768391367,375.37748881927223,3.112481135358564,0.4555143414398992,0.46049173031153867,0.004977388871639454,0.5202685059029617,0.5202130173979294,-5.5488505032341706e-05,1.0,1.0,0.0,205.0,204.724738554687,-0.27526144531299224
684,False,False,0.0920381146057847,0.09204476817149634,6.653565711639553e-06,35.699056191200675,35.68533758660068,-0.013718604599993967,0.0,0.0,0.0,353.441450600364,353.3082454133657,-0.13320518699833883,0.4809244213301251,0.48082816162593994,-9.625970418514207e-05,0.4808008759253704,0.48082816162593994,2.7285700569534832e-05,0.0,0.0,0.0,,,
685,False,False,0.0509120576297997,0.0509119602724224,-9.735737729887894e-08,17.51984997598308,17.522295522285393,0.002445546302311641,0.0,0.0,0.0,349.3661376638136,349.4112612040518,0.04512354023819398,0.620716781746163,0.6206952546479093,-2.1527098253648624e-05,0.6205143050424142,0.6206952546479093,0.00018094960549508432,0.0,0.0,0.0,,,
686,True,True,0.5996028970637345,0.5542895054711438,-0.045313391592590735,289.20856547012886,285.812785777916,-3.395779692212841,1.5,1.0912888766382822,-0.4087111233617178,807.4313946704161,829.5281424935164,22.09674782310026,0.6328549949135138,0.6721228333788423,0.03926783846532844,0.7096726222363461,0.7096563417460722,-1.6280490273912207e-05,1.0,1.0,0.0,929.5,929.4516836931465,-0.04831630685350774
687,True,True,0.1770360505729551,0.17289430236620648,-0.004141748206748619,92.40650342965604,92.28963962373058,-0.11686380592546186,2.0,1.9406390970485525,-0.05936090295144747,684.7930371376801,689.7315542247551,4.938517087074956,0.4514340835012181,0.4603915657733484,0.00895748227213028,0.5688365071744762,0.5688365071744761,-1.1102230246251565e-16,1.0,1.0,0.0,0.0,0.0,0.0
688,True,True,0.3297133991952359,0.3274533941920406,-0.0022600050031952867,190.00363521698296,190.523085611769,0.5194503947860483,6.0,5.5955150193767595,-0.40448498062324045,781.9650801756151,785.2912718340955,3.326191658480411,0.4758796391581084,0.4923523403900229,0.01647270123191452,0.5852835264745927,0.5851967833292054,-8.674314538725802e-05,2.0,2.0,0.0,669.0,668.9704377942826,-0.029562205717411416
689,True,True,0.2164293939446643,0.2253994265874862,0.008970032642821923,97.01731011673624,90.32984704765214,-6.687463069084103,4.5,4.616852916474455,0.11685291647445517,1105.9587622849217,1145.4078581875228,39.44909590260113,0.5721134236230171,0.5208658638589272,-0.0512475597640899,0.6892233022282849,0.6890746059812084,-0.0001486962470764741,3.0,4.0,1.0,703.5,703.1196145787264,-0.3803854212735587
690,True,True,0.2550675364927291,0.2503957352894936,-0.004671801203235515,125.5910480326022,125.79717090742413,0.20612287482192926,1.0,0.7401807609421668,-0.2598192390578332,518.2812211953536,521.1408723761035,2.8596511807498928,0.6256194863980201,0.6417281500143438,0.016108663616323682,0.642627627124066,0.6425732635480097,-5.4363576056259966e-05,1.0,1.0,0.0,838.0,837.8450898799606,-0.1549101200394034
691,True,True,0.0298570076614706,0.0306423267945115,0.0007853191330409008,57.1564448886496,57.7592345864801,0.6027896978304952,31.5,30.779238343774512,-0.7207616562254877,510.709399004096,511.3345313945555,0.6251323904594983,0.4253245528123065,0.43014455830012593,0.004820005487819412,0.5780841251952924,0.5780206151155446,-6.351007974780831e-05,2.0,2.0,0.0,295.5,295.33161539606675,-0.16838460393324794
692,True,True,0.5480891612970978,0.48882284285237176,-0.059266318444726074,240.73511303315803,239.2105228681813,-1.524590164976729,4.0,3.1079340788885035,-0.8920659211114965,764.831554380712,773.8885713580646,9.057016977352646,0.4232832697676048,0.4792794722411715,0.055996202473566736,0.5231136204978813,0.5229839602566447,-0.00012966024123661768,4.0,4.0,0.0,444.0,443.76184849851455,-0.23815150148544717
693,True,True,0.0792314814153533,0.07586001634188369,-0.0033714650734696094,32.468541472573584,32.5816744485449,0.11313297597131822,3.0,2.1367796974722304,-0.8632203025277696,409.2897574564802,411.89975771726625,2.61000026078608,0.5175122041649964,0.5558453585848304,0.03833315441983398,0.590272715984538,0.5901009624149414,-0.00017175356959664434,2.0,2.0,0.0,530.5,530.0633442130546,-0.43665578694538
694,True,True,0.2783722231700373,0.27181066601801235,-0.006561557152024944,66.15833895172929,65.7433506778941,-0.414988273835192,7.0,6.609505932961468,-0.3904940670385324,455.05433574728426,457.41940788293033,2.3650721356460735,0.3566517575176454,0.3696179226884335,0.012966165170788135,0.5769001262801113,0.5769001262801112,-1.1102230246251565e-16,1.0,1.0,0.0,0.0,0.0,0.0
695,False,False,0.2406147819164678,0.24061477850650445,-3.4099633394735207e-09,80.0447930830099,80.05768870183654,0.012895618826632926,0.0,0.0,0.0,334.0216825029205,334.07453258595416,0.05285008303366112,0.5325328812491221,0.5325324833136765,-3.979354455951878e-07,0.5323922147043383,0.5325324833136765,0.00014026860933824548,0.0,0.0,0.0,,,
696,True,True,0.3578918989714023,0.34461787706302244,-0.01327402190837984,244.38288804724743,245.89401074067877,1.5111226934313322,2.0,1.4982110389799348,-0.5017889610200652,850.8954317749609,865.1060459478266,14.21061417286569,0.6729053816544033,0.7029755597914553,0.03007017813705204,0.7454316318686935,0.7453545326318679,-7.709923682563957e-05,1.0,1.0,0.0,1013.5,1013.2196642960032,-0.28033570399679775
697,True,True,0.0775660964639895,0.06632990063174408,-0.011236195832245416,58.02884124960749,58.06095919963616,0.03211795002867035,2.0,1.4269290572963658,-0.5730709427036342,1030.076176947715,1042.0082996192948,11.932122671579691,0.473443466843704,0.5860749950517408,0.11263152820803679,0.7280659901898388,0.7279611515858538,-0.00010483860398491363,2.0,2.0,0.0,905.0,904.8968513626668,-0.10314863733322
698,True,True,0.1547881071236433,0.1626785983988557,0.007890491275212408,69.00882727941813,69.80792561105662,0.7990983316384899,6.0,5.143736672308294,-0.856263327691706,413.4383530003217,414.47684681038635,1.038493810064665,0.4689369520379121,0.4987350542166147,0.0297981021787026,0.5543024640929467,0.5541930430364786,-0.00010942105646805089,3.0,3.0,0.0,199.5,199.33458883919107,-0.16541116080892948
699,False,False,0.116424702625265,0.11642818208126712,3.479456002125625e-06,69.51196384885324,69.49178458687477,-0.020179261978469754,0.0,0.0,0.0,565.7883084008665,565.6238039708395,-0.16450443002702286,0.5879362801445189,0.5878215972919035,-0.00011468285261539979,0.587803151249918,0.5878215972919035,1.844604198553146e-05,0.0,0.0,0.0,,,
700,True,True,0.3801037967656927,0.37177402048511776,-0.008329776280574963,200.124205720433,199.83093552713544,-0.293270193297559,4.0,3.8077947918674933,-0.19220520813250674,754.8715848773928,760.412515797798,5.540930920405231,0.4632393612803689,0.4711600853900034,0.007920724109634514,0.5476008141883335,0.5475706340646966,-3.0180123636869283e-05,1.0,1.0,0.0,1134.5,1134.3753748932706,-0.12462510672935423
701,True,True,0.2209536769925163,0.21442529753882614,-0.00652837945369017,162.16519387631587,163.0431594555692,0.8779655792533276,6.0,5.3236027279985105,-0.6763972720014895,844.9948231985644,857.7172922560803,12.722469057515923,0.5702873256718323,0.5954327164968036,0.02514539082497136,0.6008562869959441,0.6007603929828305,-9.589401311360657e-05,2.0,2.0,0.0,482.0,481.5320725360218,-0.4679274639781852
702,False,False,0.322768394261732,0.3227660827732619,-2.311488470074785e-06,162.4139676855635,162.42185577447975,0.00788808891624626,0.0,0.0,0.0,528.898589875285,528.913209958429,0.014620083143995544,0.6107288650809188,0.6107072101670746,-2.1654913844204593e-05,0.6106076454804771,0.6107072101670746,9.956468659755302e-05,0.0,0.0,0.0,,,
703,True,True,0.1300249116523654,0.12930701370607361,-0.00071789794629179,54.33203842946673,54.3198030083528,-0.012235421113928169,1.5,1.4740891555149578,-0.025910844485042217,491.8849128743474,492.8750484409495,0.9901355666021345,0.5988822090241538,0.601564158972849,0.0026819499486951948,0.653847489594118,0.653744187569985,-0.00010330202413300071,1.0,1.0,0.0,497.5,497.200239365089,-0.2997606349110242
704,True,True,0.0918618574053642,0.07564713331090629,-0.016214724094457914,17.261282310431696,16.517724748190535,-0.7435575622411612,1.5,1.115229748003185,-0.384770251996815,395.48716380660017,414.2317055485662,18.74454174196603,0.3560955401910466,0.4003218475292685,0.044226307338221915,0.5252208686345448,0.5251905569523888,-3.0311682155947928e-05,1.0,1.0,0.0,527.5,527.3233263086255,-0.1766736913745035
705,False,False,0.0319014844341595,0.03190092136102492,-5.630731345837581e-07,17.069555659884895,17.06995717348196,0.0004015135970654171,0.0,0.0,0.0,589.482282779113,589.4813617000723,-0.0009210790407223612,0.5503282129010989,0.5502969574207949,-3.1255480304026584e-05,0.5502182756676642,0.5502969574207949,7.86817531306383e-05,0.0,0.0,0.0,,,
706,True,True,0.7099953328438319,0.6714031319136943,-0.0385922009301376,377.2675701394173,374.0181002662916,-3.2494698731256904,5.5,4.926587581349304,-0.5734124186506957,1011.4042490781268,1028.4003291357299,16.99608005760308,0.4854170120974873,0.5135790755097192,0.028162063412231875,0.5605026935765788,0.5603373065373422,-0.00016538703923663078,8.0,10.0,2.0,433.5,433.0974973774262,-0.4025026225738202
707,True,True,0.6517804816559273,0.7286233852742175,0.07684290361829027,251.1124299970811,245.81584953229859,-5.296580464782522,5.0,6.190749081471581,1.1907490814715809,627.0502245672623,655.9223254275018,28.872100860239584,0.5227090918261172,0.42365557502511547,-0.09905351680100177,0.6620851701562103,0.6620851701562102,-1.1102230246251565e-16,2.0,3.0,1.0,0.0,0.0,0.0
708,True,True,0.9024895487619408,0.9016921616743035,-0.0007973870876372136,240.83684246584303,241.74238661103828,0.9055441451952504,27.5,27.028783034958295,-0.4712169650417053,373.3557586116468,374.1406481983273,0.7848895866804924,0.3906751087105792,0.39757152728651546,0.006896418575936258,0.5623922333719024,0.5622050314259127,-0.00018720194598964568,2.0,2.0,0.0,136.0,135.52232131510922,-0.47767868489077614
709,True,True,0.2606484210788017,0.29597740792979466,0.03532898685099295,87.38218986965023,86.00482109518866,-1.3773687744615728,1.0,1.1044597903674005,0.1044597903674005,551.4642198000618,574.1678945217301,22.703674721668335,0.5814178790665376,0.5301859443954465,-0.051231934671091106,0.5928375575476512,0.5926973433482102,-0.00014021419944099112,2.0,4.0,2.0,297.0,296.6323896431732,-0.36761035682678767
710,True,True,0.1040663309397639,0.09695208120703494,-0.007114249732728964,50.258255776356094,51.054807992790536,0.7965522164344421,1.5,1.0695007366884965,-0.43049926331150346,557.8310054501042,584.1231877221044,26.29218227200022,0.5131414583015588,0.5617319534875699,0.04859049518601111,0.619269396012348,0.6192224735533922,-4.692245895576708e-05,1.0,1.0,0.0,562.0,561.7888944049754,-0.21110559502460546
711,True,True,0.184488475796754,0.17191693808995964,-0.012571537706794367,114.81027486841865,114.8151745762982,0.004899707879559401,1.0,0.5250535522645806,-0.4749464477354194,808.25053638085,808.3387273036427,0.08819092279270535,0.521237656441273,0.5779830153148239,0.05674535887355092,0.6851616449272291,0.6851070076815858,-5.463724564325201e-05,1.0,1.0,0.0,1482.0,1481.6854620877782,-0.3145379122217946
712,True,True,0.370738093751889,0.36162194143356063,-0.009116152318328352,172.67352283711253,166.46548935349975,-6.20803348361278,4.0,3.952301546314268,-0.04769845368573211,847.586037394825,877.505633200434,29.919595805608992,0.5877182999931543,0.5520780636561947,-0.03564023633695956,0.5982271368614702,0.5981742990293467,-5.283783212350901e-05,4.0,7.0,3.0,78.0,77.73327423558499,-0.26672576441501405
713,True,True,0.34349584609405,0.3411919662126282,-0.0023038798814217776,126.17515601731655,126.93242469021752,0.7572686729009632,3.5,3.3347854898544047,-0.1652145101455953,512.2503031055977,516.7207845699708,4.4704814643730515,0.5372917796111211,0.5436268766584044,0.0063350970472833,0.5798638204266646,0.579757219036726,-0.0001066013899386764,1.0,1.0,0.0,358.0,357.64116852261185,-0.3588314773881507
714,False,False,0.0288319307757573,0.02883378817352441,1.8573977671083874e-06,13.062858566435,13.059897755286993,-0.0029608111480072807,0.0,0.0,0.0,398.04575608934346,397.97007738794724,-0.07567870139621391,0.5968540804734834,0.5967663024488867,-8.777802459669637e-05,0.5966824051156555,0.5967663024488867,8.389733323121984e-05,0.0,0.0,0.0,,,
715,False,False,0.0635960160862165,0.06359732503505387,1.3089488373752012e-06,42.75296863213349,42.752382331650075,-0.0005863004834125718,0.0,0.0,0.0,592.8424325662129,592.8572173738949,0.014784807681962775,0.6367067488473651,0.6366691820095898,-3.756683777533798e-05,0.6365633356730925,0.6366691820095898,0.00010584633649723951,0.0,0.0,0.0,,,
716,True,True,0.7201864260163677,0.7788921608855468,0.05870573486917907,300.3017897511673,300.6946629960457,0.3928732448783876,5.0,5.873683149754649,0.8736831497546493,704.609391423121,718.3264489483538,13.717057525232804,0.4868435647530118,0.39100676004341206,-0.09583680470959977,0.5147787777290949,0.5147787777290949,0.0,3.0,4.0,1.0,0.0,0.0,0.0
717,False,False,0.0931148468931712,0.09311488151141416,3.4618242952810796e-08,51.8094345302111,51.7857960840571,-0.02363844615400268,0.0,0.0,0.0,549.9380529489829,549.6885231141233,-0.24952983485957247,0.637005548319029,0.6369116921188872,-9.38562001417953e-05,0.636907120246378,0.6369116921188872,4.5718725092402934e-06,0.0,0.0,0.0,,,
718,True,True,0.2761318500399561,0.2819381042177751,0.0058062541778189924,210.8950238246484,214.11775046515405,3.222726640505641,2.0,1.8179906673030934,-0.18200933269690656,1006.0026897088496,1097.7352033272775,91.7325136184279,0.4987075399769306,0.46595027834751035,-0.032757261629420276,0.6297064178053131,0.6296606531240172,-4.576468129591227e-05,2.0,3.0,1.0,286.0,285.7670771308121,-0.2329228691879166
719,True,True,0.1173259002871249,0.14714039516838875,0.02981449488126385,102.6573023575004,105.16274495528893,2.50544259778853,7.5,8.585390606045245,1.0853906060452445,726.8042139734323,755.8205572054969,29.016343232064628,0.4449744905317445,0.31256775785611246,-0.13240673267563202,0.5120918242065513,0.5118907513547628,-0.00020107285178849743,3.0,4.0,1.0,290.5,290.23344985668706,-0.2665501433129407
720,True,True,0.045923484051749,0.05565203686693799,0.009728552815188987,25.943015008792525,25.690695758016513,-0.25231925077601147,2.0,2.1186567025259144,0.11865670252591443,875.1546279254968,893.836180662486,18.681552736989147,0.5359753699651456,0.45243151067921245,-0.08354385928593316,0.5434150336224997,0.5432233899412607,-0.00019164368123891773,4.0,6.0,2.0,614.5,614.0247067333182,-0.4752932666817742
721,True,True,0.1260511385772737,0.1234478467628731,-0.00260329181440061,91.28591442701844,92.33302388311779,1.0471094560993492,1.5,1.1657464082702065,-0.3342535917297935,715.5416549945633,731.9781631087686,16.436508114205367,0.7105809319495137,0.7416480547973315,0.031067122847817874,0.7423797273630838,0.742292727329849,-8.700003323480754e-05,3.0,4.0,1.0,260.5,260.24382536858843,-0.25617463141156804
722,True,True,0.1352116994542115,0.13702272676804997,0.0018110273138384758,89.40059595605608,89.31892123809071,-0.08167471796537029,6.5,6.058872050774512,-0.44112794922548826,983.6719912336804,989.6249276406731,5.952936406992762,0.6382861815278896,0.6287335880713542,-0.009552593456535474,0.6606219213554205,0.6604517709585873,-0.00017015039683321298,5.0,6.0,1.0,739.0,738.5206516736977,-0.47934832630232904
723,True,True,0.4010304423651591,0.38952484898360934,-0.011505593381549772,289.10278313853854,289.4860328226946,0.38324968415605554,2.0,1.604424910951639,-0.3955750890483609,1068.418087577945,1074.6917050933685,6.273617515423439,0.6325197238732464,0.6712103422819153,0.03869061840866894,0.7267286330850381,0.7267016752903339,-2.6957794704185467e-05,2.0,2.0,0.0,1073.0,1072.9814588591635,-0.018541140836532577
724,True,True,0.5891138161035778,0.5825122776354099,-0.006601538468167911,291.7380025626551,292.2721583167687,0.5341557541136126,6.0,5.501740160211918,-0.49825983978808175,822.1357068879604,824.2070236401806,2.071316752220241,0.6209082377664996,0.6436956419668936,0.022787404200393935,0.6863000369348914,0.6861747404557916,-0.00012529647909975683,4.0,4.0,0.0,520.5,520.0953488761678,-0.4046511238321955
725,False,False,0.2998989484448626,0.29989266595557135,-6.282489291242754e-06,144.3733686804533,144.40206501564873,0.02869633519543413,0.0,0.0,0.0,709.5714316211669,709.6241441678256,0.05271254665876768,0.5760031439804337,0.5759910542021415,-1.208977829225688e-05,0.5758878824361032,0.5759910542021415,0.00010317176603824585,0.0,0.0,0.0,,,
726,True,True,0.625968797342307,0.6137018720191288,-0.01226692532317819,306.2836421619485,308.5169462103088,2.23330404836031,30.0,28.132438796269838,-1.8675612037301619,821.4654292842881,823.0554987730012,1.590069488713084,0.4736732771710495,0.49288114961458523,0.019207872443535723,0.6011702246352376,0.6010480407932361,-0.00012218384200146648,4.0,4.0,0.0,75.0,74.74042888978441,-0.2595711102155889
727,False,False,0.1743965399130391,0.1743725706128989,-2.3969300140203043e-05,75.47651653384929,75.4449958260899,-0.03152070775939819,0.0,0.0,0.0,512.2452600750318,512.0299169539985,-0.21534312103324282,0.583223826691266,0.5831533480047638,-7.047868650222888e-05,0.583143407902969,0.5831533480047638,9.940101794780887e-06,0.0,0.0,0.0,,,
728,True,True,0.3534514489445706,0.31184027064317654,-0.04161117830139405,137.22537973565144,134.9773487452674,-2.248030990384052,1.0,0.749882050510496,-0.25011794948950405,548.7818323563304,575.0377066305142,26.25587427418384,0.585775237219197,0.6467361718795492,0.06096093466035224,0.6562329123610012,0.6561399601454001,-9.295221560112754e-05,2.0,2.0,0.0,32.0,31.601699081764853,-0.39830091823514735
729,True,True,0.3138588067873778,0.3175711297800828,0.003712322992704964,198.8841571307453,199.41661103416337,0.5324539034180589,3.0,2.8525592015939782,-0.14744079840602176,860.0450306197968,878.6752863486989,18.63025572890217,0.5567027513699301,0.5421264046637431,-0.014576346706187016,0.5943953449712577,0.5942581940172944,-0.00013715095396327204,6.0,9.0,3.0,283.5,283.41915053391017,-0.08084946608983046
730,True,True,0.4245439934908458,0.4257586725227531,0.0012146790319073064,228.97338057708208,230.26691972349423,1.2935391464121437,29.0,28.51613771958523,-0.483862280414769,733.522891551156,736.194173795589,2.671282244432973,0.5088629763688457,0.5176906274954595,0.008827651126613767,0.5950191917159351,0.5948669694047243,-0.00015222231121081453,3.0,3.0,0.0,199.0,198.66445641946802,-0.33554358053197575
731,True,True,0.1511084804731544,0.15162213983808498,0.0005136593649305854,89.96181780492374,90.01784444334571,0.056026638421968755,1.0,0.8824014484183863,-0.1175985515816137,555.3395796255339,555.5667589588971,0.2271793333632104,0.6816516684345152,0.687988260244193,0.006336591809677827,0.7322445117885211,0.7321663855822493,-7.812620627178912e-05,1.0,1.0,0.0,822.0,821.6837375589461,-0.3162624410539365
732,True,True,0.2378277797241687,0.36248106170873196,0.12465328198456327,151.73254278685255,150.65919823227523,-1.073344554577318,2.0,3.566547894629186,1.5665478946291862,851.9792469514814,881.7466341437031,29.76738719222169,0.5900218315755135,0.3859445068162754,-0.20407732475923807,0.6082698648791189,0.608269664276642,-2.006024769629633e-07,1.0,2.0,1.0,246.0,245.99874118630447,-0.0012588136955287155
733,True,True,0.2471501169333047,0.22015012164226652,-0.026999995291038165,102.3280872474246,101.83195784403935,-0.4961294033852539,0.5,0.26619209203636274,-0.23380790796363726,518.3108522085125,541.8338725274496,23.52302031893703,0.5734758726901276,0.6351383148965883,0.06166244220646078,0.6812651608799114,0.6812341610122415,-3.099986766985641e-05,1.0,1.0,0.0,479.5,479.25127242870195,-0.24872757129804768
734,True,True,0.7003551215979373,0.6262742534554655,-0.07408086814247183,238.75824920016817,231.24001421019898,-7.518234989969187,4.5,3.589113235473635,-0.910886764526365,553.3260651434671,572.013617633629,18.68755249016192,0.4299616495344389,0.47914045426786356,0.049178804733424675,0.5805398997945316,0.5804123580672744,-0.00012754172725715218,2.0,2.0,0.0,94.5,94.34814654812399,-0.15185345187600774
735,True,True,0.1583940463692435,0.1573368941914451,-0.0010571521777984205,81.02125640543075,81.47289682454512,0.45164041911436925,2.5,2.2692818569543314,-0.23071814304566862,571.2337596015213,574.7049406126247,3.47118101110334,0.4306155055430372,0.44603642823454936,0.015420922691512184,0.6385155995589272,0.6384187975108846,-9.680204804263237e-05,1.0,1.0,0.0,857.5,857.0144424346986,-0.4855575653014057
736,True,True,0.1743419942762175,0.15129714821905987,-0.02304484605715762,99.99820007849992,100.33793972631004,0.33973964781012,4.0,3.1406195887888333,-0.8593804112111667,764.595102640709,796.0414729285137,31.44637028780471,0.5172264451067683,0.5971098688882885,0.07988342378152025,0.6490895385683113,0.6489185107911306,-0.00017102777718069895,2.0,2.0,0.0,491.0,490.755010868946,-0.24498913105401243
737,True,True,0.16999607962359,0.17053532105647057,0.0005392414328805606,123.71807221861388,125.19015675549262,1.4720845368787394,4.5,4.118858566065321,-0.3811414339346788,777.9818823582252,785.4738442397245,7.491961881499265,0.6584926201224515,0.6696534332246131,0.01116081310216166,0.701274181263441,0.7011699228627901,-0.00010425840065086955,1.0,1.0,0.0,738.0,737.6414981452547,-0.35850185474532736
738,True,True,0.47907504964761,0.44955808690804144,-0.029516962739568553,195.5766507607112,194.38327883193804,-1.1933719287731606,4.0,3.0840151908196294,-0.9159848091803706,633.835683288177,655.4597986398597,21.62411535168269,0.4570904113135369,0.49788249678170043,0.04079208546816354,0.6185133334128086,0.6185133334128086,0.0,3.0,4.0,1.0,0.0,0.0,0.0
739,False,False,0.0700035825863616,0.07000328024852766,-3.023378339489513e-07,21.25936619481549,21.25966818345839,0.00030198864289943117,0.0,0.0,0.0,310.55855962658575,310.55960397548495,0.0010443488991995764,0.4172388043023349,0.41722262465798515,-1.617964434974528e-05,0.4171477927006417,0.41722262465798515,7.48319573434797e-05,0.0,0.0,0.0,,,
740,True,True,0.1640188711786294,0.16362320820052903,-0.00039566297810036954,73.1696890650681,73.19188603676336,0.022196971695265688,2.0,1.9257545053900693,-0.07424549460993068,512.0703784333417,512.2521997200125,0.18182128667081088,0.532921418369368,0.5373519376528183,0.004430519283450285,0.6669057023586132,0.666881208394311,-2.449396430226347e-05,1.0,1.0,0.0,784.5,784.3320250791169,-0.16797492088312538
741,False,False,0.2043869771925453,0.20438240101841942,-4.576174125886512e-06,130.54995979830872,130.55976262086125,0.009802822552529733,0.0,0.0,0.0,763.5632905266323,763.5817297394018,0.018439212769521873,0.6775995609974006,0.6775727273244342,-2.6833672966408706e-05,0.6774838164286033,0.6775727273244342,8.891089583085154e-05,0.0,0.0,0.0,,,
742,True,True,0.3365159405555051,0.387047909908181,0.0505319693526759,124.15689716489908,123.10043848348099,-1.0564586814180927,1.0,1.3148241443093869,0.3148241443093869,617.3348062424542,628.8064981477836,11.471691905329408,0.5097187635368969,0.4279740259976397,-0.08174473753925726,0.5399463705848213,0.5398180834867203,-0.0001282870981009765,2.0,3.0,1.0,586.0,585.6944075861107,-0.30559241388925784
743,True,True,0.4480226253144242,0.4444043951459008,-0.0036182301685234175,152.30983785592252,152.29976873077703,-0.010069125145491853,3.0,2.908575468818891,-0.09142453118110883,525.0779144563056,525.6150745379895,0.5371600816838509,0.3976710476358092,0.40089712829470225,0.0032260806588930713,0.5682874457876486,0.568260915044285,-2.653074336356198e-05,1.0,1.0,0.0,946.5,946.3698526686679,-0.13014733133206846
744,True,True,0.1838272954469771,0.18380888275219448,-1.8412694782615757e-05,65.52944935629692,65.53152037027566,0.0020710139787354365,21.0,20.977037895066346,-0.02296210493365436,352.96935599409846,352.99331297285323,0.023956978754767988,0.4604976846332595,0.4606663210025527,0.0001686363692932069,0.5805757205427942,0.580575720542794,-1.1102230246251565e-16,0.0,0.0,0.0,0.0,0.0,0.0
745,True,True,0.8583617357534887,0.8555063268272016,-0.0028554089262871063,423.489913851262,425.55844671524414,2.0685328639821705,39.0,38.147555126622585,-0.852444873377415,655.130616604547,658.0779316457695,2.9473150412225095,0.5103328225680137,0.5155304259852437,0.005197603417229968,0.5179981445768256,0.5179302454464502,-6.789913037541506e-05,2.0,2.0,0.0,232.5,232.29667218680243,-0.20332781319757487
746,True,True,0.8977707656559485,0.8143789990849059,-0.08339176657104264,532.8058979775327,507.7607544749274,-25.0451435026053,3.0,1.7968144633108758,-1.2031855366891242,1107.2761161288422,1139.7307068657199,32.45459073687766,0.5765854071908605,0.636393405233452,0.059807998042591515,0.6774787845750595,0.6774122240699124,-6.656050514708411e-05,2.0,2.0,0.0,672.5,672.1350297485477,-0.36497025145229145
747,True,True,0.0531017176038798,0.060935195563679934,0.007833477959800134,36.1645246902753,35.37215237520906,-0.7923723150662383,1.0,1.351868432806805,0.3518684328068049,795.2606881742524,826.0083164623879,30.747628288135502,0.5891428776689217,0.5097794948009744,-0.07936338286794731,0.6214854122740354,0.6214810484559392,-4.3638180962091155e-06,1.0,2.0,1.0,605.0,604.9727855128257,-0.0272144871743194
748,False,False,0.0624152489035266,0.062415152543706796,-9.635981980393726e-08,35.42816059238698,35.423811477617676,-0.004349114769304663,0.0,0.0,0.0,570.1735542830827,570.1028499257152,-0.07070435736750369,0.6493251764192216,0.6492757697061836,-4.94067130379916e-05,0.6492099249922788,0.6492757697061836,6.584471390480573e-05,0.0,0.0,0.0,,,
749,True,True,0.6069018131671104,0.5880546920796482,-0.018847121087462226,325.913705803868,321.0143009871409,-4.899404816727099,2.0,1.9164174956968063,-0.0835825043031937,1007.5554147142695,1042.912646558476,35.35723184420635,0.5963813015644611,0.5718711897655595,-0.024510111798901613,0.682422285866456,0.6823342826743843,-8.800319207169505e-05,3.0,4.0,1.0,322.0,321.94856433707935,-0.05143566292065316
750,True,True,0.3792276601823825,0.3538581473844241,-0.025369512797958405,209.1178556907646,204.61000342454517,-4.50785226621943,2.0,1.7235047807858797,-0.27649521921412035,934.7690855244616,953.9752739335975,19.206188409135848,0.501575418097181,0.5377280299114887,0.036152611814307734,0.6662914060028188,0.6662362389422497,-5.516706056907239e-05,2.0,2.0,0.0,138.5,138.30671574116502,-0.19328425883497857
751,False,False,0.083651110182755,0.08364917002292278,-1.940159832222732e-06,64.87188641636443,64.86567201862297,-0.0062143977414592655,0.0,0.0,0.0,845.2199979574832,845.1230736700287,-0.09692428745449888,0.7128972043352337,0.71286506075655,-3.214357868375206e-05,0.7128239104761894,0.71286506075655,4.11502803605579e-05,0.0,0.0,0.0,,,
752,True,True,0.2538689913334004,0.22796226875150796,-0.025906722581892444,173.0295577915731,168.83311232302594,-4.196445468547154,1.0,0.7484481429273729,-0.25155185707262706,945.9266114600674,976.9501597118403,31.023548251772922,0.6631340657430516,0.6867850356384324,0.023650969895380847,0.7493901967580789,0.7493233182573747,-6.687850070419277e-05,2.0,4.0,2.0,1093.5,1093.3075951246421,-0.19240487535785178
753,True,True,0.1401880439060347,0.1487755936010041,0.008587549694969387,72.6249481374441,72.7914220668656,0.16647392942149963,2.0,1.9386013856157667,-0.06139861438423333,574.200429465274,593.9976929229377,19.79726345766369,0.4875668916939607,0.4553847841901676,-0.032182107503793134,0.5096261816169287,0.5094813961966395,-0.00014478542028928398,4.0,7.0,3.0,202.5,202.25759488265183,-0.24240511734817005
754,True,True,0.1374554312839205,0.11363134080328034,-0.023824090480640145,43.776723657041146,43.6955259715727,-0.08119768546844597,0.5,0.20261092302971523,-0.29738907697028477,458.0349869630064,461.493712413451,3.4587254504446037,0.4758482300658486,0.5609437845695836,0.08509555450373502,0.6258952327713796,0.6258327472469097,-6.248552446985745e-05,1.0,1.0,0.0,759.5,759.0153325812214,-0.4846674187785993
755,True,True,0.3741195628928583,0.3254623310357251,-0.04865723185713322,161.60746947250925,161.56466152212988,-0.042807950379369686,1.0,0.6709616302629002,-0.32903836973709977,715.8134668745984,739.9652169047646,24.151750030166227,0.4613251258402808,0.5215863052341707,0.06026117939388992,0.6281433547556544,0.6280626239793189,-8.073077633552472e-05,1.0,1.0,0.0,1029.5,1029.0491156456872,-0.4508843543128478
756,True,True,0.0182686321598907,0.017601782242564708,-0.0006668499173259936,8.645607460667492,8.643799593231222,-0.0018078674362698166,1.5,1.3379797691828574,-0.16202023081714256,555.4606145009619,557.9052744773734,2.444659976411458,0.6377173934343664,0.6635713295160522,0.025853936081685847,0.6964593695450059,0.696317403877731,-0.00014196566727486815,3.0,3.0,0.0,333.0,332.82809829514434,-0.1719017048556566
757,True,True,0.3771352341098839,0.38173430684936943,0.00459907273948551,234.7713128784941,235.01237228781,0.24105940931590908,16.5,16.0179588438768,-0.48204115612319853,1124.2520956490312,1130.194259124805,5.942163475773896,0.6522002217601395,0.6468140508785458,-0.005386170881593655,0.692430150984215,0.6922768325537617,-0.00015331843045329752,8.0,9.0,1.0,285.0,284.99073832408095,-0.00926167591904914
758,True,True,0.4825631330230757,0.48365639429787644,0.0010932612748007497,174.7535280311766,176.43082123351985,1.6772932023432645,14.0,13.684618530471896,-0.31538146952810386,576.8577221189842,579.812203682503,2.9544815635188115,0.4569944786431986,0.46334664566381906,0.0063521670206204695,0.581071102113255,0.5810711021132549,-1.1102230246251565e-16,1.0,1.0,0.0,0.0,0.0,0.0
759,False,False,0.1658096027429924,0.16580992105789635,3.183149039631683e-07,78.85636720811046,78.84761402059632,-0.0087531875141309,0.0,0.0,0.0,472.5771883817008,472.5263504375991,-0.05083794410171549,0.6994962398787409,0.6994724614698532,-2.3778408887675795e-05,0.6994035173104134,0.6994724614698532,6.894415943980992e-05,0.0,0.0,0.0,,,
760,True,True,0.9406093793806364,0.9451792021934377,0.004569822812801272,567.870025229724,580.4308331272906,12.560807897566633,8.5,7.6482959269225725,-0.8517040730774275,859.1904764955461,888.8856110794683,29.69513458392214,0.517681851056448,0.5357109270009933,0.01802907594454528,0.6575437776185096,0.6575437776185096,0.0,6.0,8.0,2.0,0.0,0.0,0.0
761,False,False,0.114551006451429,0.11454993293621946,-1.0735152095459055e-06,65.87889192776495,65.88236832387157,0.0034763961066204274,0.0,0.0,0.0,605.8263081312889,605.8501085473544,0.023800416065455465,0.5847929398889753,0.5847661034601922,-2.6836428783094668e-05,0.5846702366191514,0.5847661034601922,9.586684104079257e-05,0.0,0.0,0.0,,,
762,False,False,0.0931706692545024,0.09316989938106005,-7.698734423577935e-07,47.91260900762449,47.90337044302147,-0.009238564603016641,0.0,0.0,0.0,523.6245327016517,523.5217747212154,-0.10275798043630857,0.5771492077317826,0.5770912873408045,-5.7920390978072334e-05,0.5770458731642291,0.5770912873408045,4.541417657544233e-05,0.0,0.0,0.0,,,
763,True,True,0.1351983565678014,0.13474319635827292,-0.0004551602095284879,36.52375465813439,37.37428536631948,0.850530708185083,6.5,5.970453753936449,-0.5295462460635507,352.1972510298873,355.19926162365203,3.0020105937647372,0.3751575688628718,0.39257603237463895,0.017418463511767124,0.6224045587656395,0.6224045587656395,0.0,1.0,1.0,0.0,0.0,0.0,0.0
764,True,True,0.2926543100585402,0.2735580448424552,-0.019096265216084984,138.24052766777345,138.20244914476217,-0.03807852301127923,0.5,0.32383191410917794,-0.17616808589082206,655.9504880515295,656.3076397253544,0.35715167382488744,0.5172855402448765,0.5519303042792141,0.03464476403433758,0.6278634982412368,0.6277924161008188,-7.108214041795513e-05,1.0,1.0,0.0,1290.0,1289.6250101463822,-0.3749898536177625
765,True,True,0.7415746343364669,0.7532105271904347,0.011635892853967822,359.7129732276149,354.0653666833925,-5.647606544222413,3.0,3.002734495661572,0.002734495661572023,746.6021732192156,780.4146627390112,33.81248951979558,0.4625693453376577,0.43808396050813714,-0.024485384829520562,0.6577120816179763,0.6577120816179762,-1.1102230246251565e-16,2.0,3.0,1.0,0.0,0.0,0.0
766,True,True,0.5147899634354577,0.4988083431114775,-0.015981620323980206,97.58681666525288,97.62810652359516,0.041289858342281605,4.5,4.044867804017851,-0.4551321959821486,357.8859816937573,358.8714655197309,0.9854838259736312,0.3113383479691026,0.3222366833340966,0.010898335364994016,0.5059547893028875,0.5059267614863745,-2.8027816513009896e-05,1.0,1.0,0.0,825.0,824.9010012316921,-0.09899876830786525
767,False,False,0.1317532669279422,0.13175491708396903,1.6501560268222804e-06,94.586626553082,94.55754173838609,-0.029084814695906402,0.0,0.0,0.0,701.9939782169403,701.7799912595942,-0.21398695734603734,0.7181002103674033,0.71803840908626,-6.18012811433033e-05,0.7180175661764125,0.71803840908626,2.084290984749604e-05,0.0,0.0,0.0,,,
768,True,True,0.397054929522815,0.3846462367845724,-0.012408692738242633,223.86732654635384,223.7482646987235,-0.11906184763034844,4.5,4.040857181960021,-0.4591428180399788,840.4783110218242,840.9307170380994,0.4524060162751766,0.3257435342811401,0.3558403332434181,0.030096798962278015,0.5323609250355926,0.5322963432732933,-6.458176229928725e-05,2.0,2.0,0.0,809.0,808.9881472247264,-0.01185277527360995
769,True,True,0.0537338439135827,0.05640987134834181,0.002676027434759108,20.875837663817336,20.944554846501305,0.06871718268396876,1.0,1.0095663127634906,0.009566312763490625,402.8751259795688,419.2508713144696,16.375745334900785,0.4840621682653446,0.45686690325670604,-0.02719526500863856,0.5402718378252614,0.5402718378252613,-1.1102230246251565e-16,1.0,2.0,1.0,0.0,0.0,0.0
770,True,True,0.3950182228254094,0.33316800926111534,-0.06185021356429404,188.9255837204406,188.4851246148972,-0.44045910554342527,1.0,0.6211621357651895,-0.3788378642348105,841.3854998068282,875.0152518295739,33.62975202274572,0.5414411582670552,0.618720201732669,0.07727904346561376,0.693822558933178,0.6937339864867874,-8.857244639060013e-05,1.0,1.0,0.0,1188.5,1188.123140936776,-0.3768590632239466
771,True,True,0.6506689920573449,0.8078004946098128,0.157131502552468,275.9900816087353,271.4820125735932,-4.508069035142114,3.5,5.846405265197969,2.346405265197969,645.3286073402019,668.928014297842,23.5994069576401,0.5097437184609254,0.3580259746637154,-0.15171774379720998,0.5644094087033517,0.5644094087033517,0.0,1.0,2.0,1.0,0.0,0.0,0.0
772,True,True,0.0725345464293056,0.06976568436782438,-0.00276886206148122,60.58774072640481,60.52116122899047,-0.0665794974143381,1.5,1.3991292055463422,-0.10087079445365776,1090.938569662665,1091.5166273771486,0.5780577144835206,0.5716964739730106,0.5955460884091418,0.023849614436131206,0.7128226061924002,0.7127125844725045,-0.0001100217198957143,3.0,3.0,0.0,656.5,656.0517792193822,-0.44822078061781667
773,False,False,0.0245217160992409,0.024521650988575186,-6.511066571318613e-08,12.051727297138132,12.052149629937782,0.0004223327996495385,0.0,0.0,0.0,503.7626570065577,503.7746845395593,0.012027533001628399,0.5624265428939667,0.562416032822753,-1.0510071213665206e-05,0.5623403207922076,0.562416032822753,7.571203054534958e-05,0.0,0.0,0.0,,,
774,True,True,0.4837212162929546,0.409329748799973,-0.07439146749298159,198.6973931954883,196.68323042882355,-2.0141627666647537,1.0,0.5579936506808737,-0.4420063493191263,679.7611081472417,691.570472696878,11.80936454963637,0.5233700866777695,0.5845562868283657,0.06118620015059617,0.6637208292527789,0.6635789019075533,-0.0001419273452255565,1.0,1.0,0.0,1261.0,1260.5196245868442,-0.480375413155798
775,True,True,0.9156907890844506,0.9001832791097547,-0.015507509974695854,569.6184807023035,564.6620133263019,-4.956467376001569,9.5,8.570422389119619,-0.929577610880381,797.5202016161018,805.8463556464578,8.326154030356065,0.5257243340702521,0.5613614658489785,0.035637131778726405,0.5956590663786966,0.5955677615546953,-9.130482400132589e-05,4.0,4.0,0.0,49.0,48.917353052253446,-0.08264694774655368
776,True,True,0.1234893096490685,0.11984047661675751,-0.0036488330323109913,73.08649151191565,73.275018652653,0.18852714073734944,10.0,9.501246630214139,-0.49875336978586127,968.7467807169955,970.4560872618629,1.7093065448673315,0.5292304685060331,0.5487367714326833,0.019506302926650232,0.6278833057703099,0.6277321140797423,-0.00015119169056765358,5.0,5.0,0.0,220.0,219.59684607134022,-0.4031539286597763
777,True,True,0.5066774253797414,0.5559451897503512,0.04926776437060987,348.5804767941252,349.11241493104365,0.5319381369184271,3.5,3.918351089826322,0.41835108982632185,1110.9239161893672,1126.8989978356767,15.97508164630949,0.708651308291265,0.620498276064107,-0.08815303222715798,0.7427891304849848,0.7426630660761547,-0.0001260644088301177,3.0,4.0,1.0,518.0,517.6764913848482,-0.32350861515180895
778,True,True,0.1982498322671594,0.1994610922556413,0.0012112599884818998,100.46936009754327,94.3002328308779,-6.16912726666537,0.5,0.4689343993086369,-0.031065600691363104,676.4777057640248,692.1782780704016,15.700572306376785,0.6904637827586517,0.6867865700148157,-0.0036772127438360336,0.6948075080909157,0.6947684297673649,-3.907832355087848e-05,1.0,2.0,1.0,552.5,552.3258012025518,-0.17419879744818445
779,False,False,0.0865558115111983,0.08655420077633165,-1.6107348666527521e-06,36.58502675006488,36.5845056489555,-0.0005211011093777529,0.0,0.0,0.0,450.4084996351055,450.3951672483155,-0.013332386790011697,0.4773430689449639,0.4773063106062625,-3.675833870142586e-05,0.4772312114942944,0.4773063106062625,7.509911196806884e-05,0.0,0.0,0.0,,,
780,False,False,0.0256600115843268,0.025660944259992064,9.3267566526542e-07,21.327459640058883,21.32043950056753,-0.007020139491352495,0.0,0.0,0.0,777.837959328266,777.5844502670899,-0.25350906117614613,0.7294491184779289,0.7293709145673419,-7.820391058699361e-05,0.7293604936447923,0.7293709145673419,1.0420922549658762e-05,0.0,0.0,0.0,,,
781,True,True,0.3917242883470343,0.34618695609291017,-0.04553733225412415,262.3929908502352,262.2422527475475,-0.15073810268768284,4.5,3.9752021322434326,-0.5247978677565674,1035.578819182022,1048.53058507499,12.95176589296807,0.4448662434351274,0.509169542011929,0.06430329857680162,0.6459004341293834,0.6457625855375602,-0.00013784859182319753,3.0,3.0,0.0,379.5,379.1168616349782,-0.3831383650218072
782,True,True,0.6295810159925784,0.6400787585793103,0.010497742586731862,440.3813056785066,450.2895520371225,9.90824635861594,10.0,9.228705110223366,-0.7712948897766339,1041.2147606902397,1060.9094540305975,19.694693340357844,0.5688258963697653,0.5579619875676763,-0.010863908802088984,0.6170747843714359,0.6170747843714359,0.0,9.0,13.0,4.0,0.0,0.0,0.0
783,True,True,0.3787950599599914,0.3597169085970959,-0.019078151362895535,201.96745732206887,202.48110136470856,0.5136440426396973,1.0,0.7734816013020465,-0.22651839869795354,666.0063110136567,674.1404370638958,8.134126050239047,0.4780495566657573,0.5102972540277162,0.03224769736195887,0.5179118529640673,0.5178568144138598,-5.503855020749793e-05,2.0,2.0,0.0,819.5,819.3969835103649,-0.10301648963513799
784,True,True,0.5193220455540234,0.508975706606963,-0.010346338947060385,162.10947194569482,162.49363730127686,0.38416535558204146,2.5,2.18143610804109,-0.31856389195891,537.5857201517704,539.2853761965778,1.6996560448073978,0.3854934606617941,0.39858782618256305,0.01309436552076898,0.5832598849388575,0.5831560184119369,-0.00010386652692062626,1.0,1.0,0.0,1119.0,1118.6175481170703,-0.38245188292967214
785,True,True,0.1068215137271316,0.11641064253712304,0.009589128809991437,69.31620252070893,69.7841224490156,0.46791992830667084,1.5,2.294589691539296,0.7945896915392958,690.3479122781275,697.5828726103165,7.234960332188962,0.6655625997871122,0.5455349574564363,-0.12002764233067587,0.6769849854551716,0.676866345851295,-0.00011863960387659134,1.0,2.0,1.0,761.0,760.6427971977765,-0.357202802223469
786,True,True,0.0665294894982036,0.06676873835192375,0.0002392488537201476,48.02943005279913,48.24288813155156,0.2134580787524314,4.0,3.8650945120491107,-0.1349054879508893,921.7841508182128,949.8941145545626,28.10996373634987,0.5320989215817328,0.5220693196908901,-0.010029601890842677,0.593466874051236,0.5933261324070888,-0.00014074164414723533,4.0,5.0,1.0,19.0,18.792059841818986,-0.20794015818101386
787,True,True,0.3156610049376419,0.27686412622430223,-0.038796878713339644,117.35835634290324,115.198883010258,-2.1594733326452342,1.5,1.147850668797037,-0.3521493312029631,655.2585951741439,675.1069740650522,19.848378890908293,0.4702893934737819,0.523235414526997,0.05294602105321505,0.5634886044783882,0.5633764395826357,-0.00011216489575249788,3.0,4.0,1.0,394.5,394.42403593382414,-0.07596406617585671
788,True,True,0.1385140973617224,0.10824874688807831,-0.030265350473644093,52.234056924823776,51.03746919607372,-1.1965877287500533,2.5,1.7990463236026706,-0.7009536763973294,694.3094753278388,756.176532317382,61.867056989543244,0.3592860027533753,0.457765749284877,0.09847974653150171,0.5847834567910806,0.5847834567910805,-1.1102230246251565e-16,1.0,1.0,0.0,0.0,0.0,0.0
789,True,True,0.2877354986728659,0.2959882374711141,0.008252738798248171,215.74192556780733,212.62446720052233,-3.1174583672849963,4.5,4.547785219846992,0.047785219846992355,1037.4422350557202,1071.7551767873972,34.31294173167703,0.6280237865888496,0.5759503888733252,-0.05207339771552444,0.6532077087909332,0.6530344170082064,-0.00017329178272673662,3.0,4.0,1.0,241.5,241.0450181204062,-0.4549818795937881
790,True,True,0.1148940957131144,0.11745500872863297,0.0025609130155185705,66.11870832389371,66.31270150635473,0.19399318246101416,4.5,4.08388664647937,-0.41611335352062984,584.5750092023114,585.2658468346278,0.690837632316402,0.5189487215699446,0.5278976417835036,0.008948920213558975,0.624127216197137,0.6240624584400927,-6.475775704428699e-05,1.0,1.0,0.0,1184.0,1183.7689237049126,-0.23107629508740501
791,True,True,0.0730556403129913,0.04830253724442514,-0.024753103068566165,21.441796133756643,20.975962617791026,-0.46583351596561684,3.0,2.0427424070017888,-0.9572575929982112,577.4438990617525,657.6663362465522,80.22243718479967,0.3315386961354388,0.4940413848499797,0.16250268871454093,0.5394369333820573,0.539302949213098,-0.00013398416895937793,2.0,2.0,0.0,68.0,67.53081898136632,-0.46918101863367667
792,True,True,0.3107243000840242,0.26946835342763353,-0.04125594665639065,229.64719944657892,227.546024969579,-2.1011744769999154,1.0,0.5168814549280797,-0.4831185450719203,1104.2004597500502,1153.3255964433063,49.12513669325608,0.6292555090990921,0.6915408034102468,0.062285294311154704,0.7049659188702717,0.7049506859542081,-1.5232916063645519e-05,1.0,1.0,0.0,1123.5,1123.3888257258,-0.11117427420003878
793,True,True,0.9263515221658356,0.9188492340585646,-0.007502288107271049,286.5455279859481,286.82707256804565,0.2815445820975242,7.0,6.167686534748641,-0.8323134652513593,531.0884069285307,536.3888814246193,5.300474496088555,0.3355909247729147,0.3632214155397279,0.02763049076681323,0.5306113341983645,0.530470814173265,-0.00014052002509945538,2.0,2.0,0.0,441.0,440.67058817414187,-0.32941182585813067
794,True,True,0.2928964891625387,0.28064938344832496,-0.012247105714213724,129.35599161192397,129.8455443447936,0.4895527328696403,1.0,0.7839598080085125,-0.2160401919914875,553.2048972091457,560.0359668137402,6.831069604594518,0.472004221290587,0.4977702404030051,0.025766019112418104,0.5644179624381663,0.5644068835410785,-1.1078897087846151e-05,1.0,1.0,0.0,1030.0,1029.9599710038501,-0.04002899614988564
795,True,True,0.2817598279536719,0.2776122657083117,-0.00414756224536017,90.45837900775688,92.48738725931631,2.029008251559432,3.5,3.1589435444999263,-0.3410564555000737,407.05033326297263,416.53711235941313,9.4867790964405,0.4867066033011941,0.4941416671588401,0.007435063857646029,0.6594694357063949,0.6594694357063949,0.0,4.0,6.0,2.0,0.0,0.0,0.0
796,True,True,0.1537405425539525,0.147786348728683,-0.005954193825269516,62.36345821135392,62.26678540844346,-0.09667280291046154,2.5,2.235335447819671,-0.2646645521803288,704.0378869766953,704.5783076303259,0.5404206536305765,0.623029971033538,0.6352111024114475,0.012181131377909549,0.7477664552775569,0.747691099309382,-7.535596817487278e-05,1.0,1.0,0.0,1021.5,1021.0442737677461,-0.45572623225393727
797,True,True,0.3465522060722535,0.3428897826260032,-0.0036624234462502847,148.6399999316606,148.7558449808472,0.11584504918658922,5.0,4.740462730545551,-0.2595372694544489,691.8812636523132,693.3680792072118,1.4868155548986124,0.526439721443403,0.5367662177894967,0.010326496346093728,0.6320711209282611,0.6319728909619204,-9.822996634067938e-05,2.0,2.0,0.0,848.5,848.2278945758231,-0.272105424176857
798,True,True,0.1220583417948764,0.12324600401057545,0.001187662215699048,85.06474125967722,85.61177807210481,0.5470368124275922,9.0,7.9471941091527585,-1.0528058908472415,996.977754556897,998.9507327440064,1.9729781871093337,0.5562070417373001,0.5907385764030845,0.0345315346657844,0.6941304031845904,0.6940295518346563,-0.00010085134993409461,3.0,3.0,0.0,698.5,698.3750266191142,-0.12497338088576271
799,True,True,0.1180532146582814,0.1117283170038151,-0.0063248976544663105,74.36213660335045,74.35140544736385,-0.01073115598660479,0.5,0.2951652954041493,-0.20483470459585068,879.9895754060731,880.043042568988,0.053467162914898836,0.5878393421205435,0.6330437552369245,0.045204413116381015,0.7080588292517893,0.7080356319309787,-2.3197320810575128e-05,1.0,1.0,0.0,1505.0,1504.8479197147278,-0.1520802852721772
800,True,True,0.0849995109589003,0.08891145358880678,0.003911942629906476,69.7079951681264,69.95719814855647,0.24920298043006994,2.5,2.511476731920266,0.011476731920266214,927.4709626107712,969.8072458082601,42.33628319748891,0.5192389463886931,0.48279940274339006,-0.036439543645302996,0.5671889594113393,0.5671889594113393,0.0,4.0,7.0,3.0,0.0,0.0,0.0
801,False,False,0.0259375170218987,0.025937162949684674,-3.5407221402397604e-07,8.199139949199395,8.19898827287934,-0.00015167632005486098,0.0,0.0,0.0,334.5907164499331,334.5773606086436,-0.01335584128952405,0.3902154396541047,0.3901967716911466,-1.866796295812989e-05,0.3901409318628407,0.3901967716911466,5.583982830587031e-05,0.0,0.0,0.0,,,
802,True,True,0.5976956409588625,0.6202659987923639,0.022570357833501364,354.37068122983936,344.62581022435677,-9.744871005482594,3.0,3.1226512812805614,0.12265128128056135,992.6667225992556,1033.3415879445556,40.67486534529996,0.5926408700927813,0.5262140715905674,-0.06642679850221389,0.6340895129654167,0.6340895129654166,-1.1102230246251565e-16,4.0,6.0,2.0,0.0,0.0,0.0
803,True,True,0.5276712090589956,0.5044652820369154,-0.02320592702208013,137.48519845661409,137.2190802146671,-0.26611824194699807,1.5,1.1765120206342545,-0.32348797936574547,395.8672866682032,398.72898913039245,2.861702462189271,0.4682205156965032,0.4834050246017192,0.015184508905215999,0.5086957482875893,0.5086883055908666,-7.442696722703701e-06,1.0,1.0,0.0,734.0,733.9678728082938,-0.032127191706194935
804,True,True,0.1459518993340561,0.12660462301059644,-0.019347276323459672,101.35266760403184,95.47011163804446,-5.882555965987379,0.5,0.33357638955931185,-0.16642361044068815,877.2197347611614,925.9197719940181,48.700037232856744,0.6553853459568632,0.69417507317756,0.038789727220696846,0.7296126464823258,0.729581194835007,-3.1451647318769815e-05,1.0,2.0,1.0,948.0,947.860987914649,-0.13901208535105525
805,False,False,0.205516041595341,0.20549136024431192,-2.46813510290933e-05,75.0066668720502,74.9802118628839,-0.026455009166298282,0.0,0.0,0.0,432.2011817345331,432.05070220410823,-0.1504795304248887,0.4740070374894078,0.4739159322028369,-9.110528657091388e-05,0.4739024860150729,0.4739159322028369,1.3446187763999085e-05,0.0,0.0,0.0,,,
806,False,False,0.1967243869187518,0.1967247594147738,3.724960219997353e-07,92.32205066287538,92.31916411007758,-0.0028865527978041428,0.0,0.0,0.0,464.6187769407037,464.6060471371668,-0.012729803536899453,0.5093182098755354,0.509301046602411,-1.7163273124398692e-05,0.5092386637035878,0.509301046602411,6.238289882321002e-05,0.0,0.0,0.0,,,
807,False,False,0.421179757438432,0.42117637834065075,-3.3790977812531153e-06,124.85836309280428,124.89048938400848,0.03212629120419308,0.0,0.0,0.0,362.4008995155277,362.4439755925738,0.04307607704606653,0.5402505047779422,0.5402450261833642,-5.47859457800115e-06,0.540104944708857,0.5402450261833642,0.00014008147450728092,0.0,0.0,0.0,,,
808,True,True,0.3219275403878879,0.2795064099119688,-0.04242113047591911,209.56416967512573,205.96262067088549,-3.6015490042402405,1.5,1.05033868929022,-0.44966131070978,1073.707178018884,1116.255835527509,42.548657508624956,0.5225610461638378,0.576011561307571,0.053450515143733224,0.7162213269772459,0.7162209249251874,-4.020520585346077e-07,1.0,1.0,0.0,1079.0,1078.9963775378776,-0.0036224621223936992
809,True,True,0.0666234166301385,0.06983681774326901,0.0032134011131305096,72.69799074543738,73.72951767022839,1.0315269247910095,12.5,11.85363901731905,-0.6463609826809495,762.251900678293,766.086251676578,3.83435099828489,0.4870792664326815,0.49825036324153127,0.011171096808849756,0.5885145216234363,0.5883527487803479,-0.00016177284308838136,2.0,2.0,0.0,613.0,612.5225289573523,-0.47747104264772133
810,True,True,0.413958457262663,0.400596006154077,-0.013362451108586026,107.12157138653836,107.24213991210921,0.12056852557084596,1.5,1.3478538139723244,-0.1521461860276756,420.5171612247869,421.50786604446466,0.9907048196777737,0.3055370718895378,0.32045583243659115,0.014918760547053322,0.5288688010626645,0.5288331716833569,-3.5629379307677844e-05,1.0,1.0,0.0,921.5,921.3351250666992,-0.16487493330077996
811,True,True,0.2268198286170191,0.21519306121447468,-0.011626767402544425,133.95763164946976,134.37303427978202,0.41540263031225777,1.5,1.1691826731897892,-0.3308173268102108,599.1804633034831,612.3278892005563,13.147425897073276,0.5610646632476501,0.5942699035694726,0.03320524032182248,0.6283798278366001,0.6282923602923731,-8.746754422694902e-05,1.0,1.0,0.0,804.0,803.7192523773592,-0.28074762264077435
812,True,True,0.11062878597718,0.08457340887395325,-0.02605537710322675,30.17768426704461,29.6504048520542,-0.5272794149904101,1.0,0.5200211860879791,-0.4799788139120209,418.6103479834342,472.93943961593766,54.329091632503435,0.3970767082556121,0.49386413865598644,0.09678743040037435,0.5015133172930548,0.5014327998710476,-8.051742200720913e-05,1.0,1.0,0.0,489.5,489.1263568118904,-0.37364318810961095
813,True,True,0.1192412973838161,0.11760601895127035,-0.0016352784325457531,95.66208413839996,95.59815909038574,-0.0639250480142266,0.5,0.48027278354275055,-0.019727216457249452,1086.735863595303,1090.1363476964902,3.400484101187203,0.6091104162716885,0.6153788763127569,0.006268460041068402,0.7174270895226001,0.7173541279540616,-7.296156853853208e-05,1.0,1.0,0.0,1292.0,1291.5198299598874,-0.48017004011262543
814,True,True,0.1627067916992481,0.16014237612850454,-0.00256441557074355,103.76977273979516,103.84896134568196,0.07918860588679877,2.5,2.009874242340448,-0.4901257576595519,832.8704470941682,834.1844061404636,1.3139590462953947,0.526391635906857,0.5380622905406373,0.011670654633780253,0.5951065490704202,0.5950166375650062,-8.9911505413931e-05,1.0,1.0,0.0,1808.5,1808.0114281157043,-0.4885718842956521
815,False,False,0.0220206681894098,0.02202218992662546,1.521737215660901e-06,20.250628022486,20.245456309449047,-0.005171713036954628,0.0,0.0,0.0,778.4305442497082,778.2409410276933,-0.1896032220148527,0.7271070008636153,0.7270159644107451,-9.10364528702301e-05,0.7269923772486442,0.7270159644107451,2.3587162100935366e-05,0.0,0.0,0.0,,,
816,True,True,0.3967002710193522,0.3781937503186751,-0.018506520700677098,115.62511963613774,113.80912211814385,-1.8159975179938925,3.5,3.0975041432073356,-0.4024958567926644,345.749265962009,353.1401288836965,7.3908629216874715,0.4665538120613274,0.47908646351821793,0.012532651456890531,0.5791130954076058,0.5790139616545573,-9.913375304848593e-05,1.0,1.0,0.0,159.5,159.0065711950632,-0.49342880493679786
817,True,True,0.7317274851326995,0.7132857574516182,-0.01844172768108132,320.4832462381097,320.8196838715254,0.33643763341569866,6.0,4.912350604654056,-1.0876493953459443,942.39226921841,946.541314390111,4.149045171701005,0.5763570596753014,0.6188469573108526,0.04248989763555122,0.6799737774934915,0.6799018964473733,-7.188104611821622e-05,3.0,3.0,0.0,839.5,839.247006364094,-0.252993635906023
818,True,True,0.1894694234513406,0.1731744237352435,-0.016294999716097103,136.0033899011908,134.99626202129807,-1.007127879892721,1.5,1.292231064772932,-0.20776893522706796,1201.0288530217288,1212.5799887410692,11.551135719340436,0.5986978044813811,0.6504385175024853,0.05174071302110417,0.7209522413393774,0.7208133896834125,-0.00013885165596494442,3.0,3.0,0.0,714.0,713.7473251945956,-0.2526748054043537
819,True,True,0.6578998147137902,0.651409228120051,-0.006490586593739245,220.9143996453444,221.2775351886204,0.3631355432760017,8.5,8.26928969886502,-0.23071030113498026,469.92173857398114,473.2292240446995,3.3074854707183476,0.4534925287096507,0.4582593511381988,0.004766822428548145,0.5199373437266054,0.5199084167612696,-2.8926965335740462e-05,1.0,1.0,0.0,337.5,337.3980466492236,-0.10195335077639811
820,True,True,0.2969926725121579,0.2915919350205032,-0.005400737491654706,121.13438447105112,121.1811863414015,0.04680187035037875,1.0,0.9006799851253163,-0.09932001487468367,552.9275136146398,553.4632123048239,0.5356986901840628,0.4719605827832721,0.48701427852011137,0.01505369573683929,0.7040454220745631,0.7039324695430415,-0.00011295253152165952,1.0,1.0,0.0,939.5,939.0877381269844,-0.4122618730156091
821,True,True,0.1325772554300532,0.13327994871180912,0.0007026932817559284,51.96500369078771,52.617485697584435,0.6524820067967241,22.5,21.89655337092704,-0.603446629072959,475.7538401516414,478.9928352045518,3.2389950529104112,0.4647181984199274,0.4739780371981204,0.00925983877819303,0.5605135929485567,0.5604418974509295,-7.169549762719996e-05,2.0,2.0,0.0,146.5,146.42703393560257,-0.07296606439743414
822,True,True,0.2717958388020299,0.25166317996656634,-0.020132658835463557,154.30182632343855,153.41623798473498,-0.8855883387035703,2.0,1.5838011508982168,-0.4161988491017832,787.2082441250684,798.8809761812963,11.672732056227915,0.6495015843647406,0.692070230325994,0.042568645961253426,0.7424583374194851,0.7424297172284655,-2.8620191019568253e-05,2.0,2.0,0.0,442.0,441.92143472119346,-0.0785652788065363
823,True,True,0.3475063241721207,0.33199491667465014,-0.015511407497470542,173.60242417366746,174.71612665859863,1.1137024849311672,1.5,1.00713590781088,-0.4928640921891201,761.7155711944902,770.2426717003493,8.527100505859153,0.5699254727712326,0.6088540035600843,0.03892853078885172,0.6756855350216759,0.6756652646811876,-2.0270340488348637e-05,1.0,1.0,0.0,1228.0,1227.9143134458855,-0.08568655411454529
824,False,False,0.1097806791641272,0.10978035907630007,-3.2008782713255357e-07,48.10403987950517,48.09259922995364,-0.011440649551531124,0.0,0.0,0.0,440.4933954855071,440.3881444638456,-0.10525102166150191,0.6207461578843482,0.6206533853773262,-9.277250702199868e-05,0.6205878625027614,0.6206533853773262,6.552287456473849e-05,0.0,0.0,0.0,,,
825,True,True,0.065077331719822,0.055963997952671,-0.009113333767150997,28.547797761920435,29.058280094506785,0.5104823325863492,3.0,2.223120009951527,-0.7768799900484731,531.5387600745526,559.9838821729608,28.445122098408206,0.3673360922069243,0.4465141738547843,0.07917808164786,0.5062315913652735,0.5061309195375561,-0.00010067182771744676,2.0,2.0,0.0,292.0,291.8561306036609,-0.1438693963390847
826,True,True,0.4568561780122487,0.4555871844098024,-0.001268993602446311,145.25173429176408,146.85158861692065,1.5998543251565707,4.5,4.2388412794447525,-0.26115872055524747,686.5111681983269,690.6642529154066,4.1530847170796505,0.51214182119164,0.5200855999719174,0.00794377878027741,0.6310914423988052,0.6309955140951838,-9.592830362137317e-05,1.0,1.0,0.0,791.0,790.5369393576962,-0.46306064230384436
827,True,True,0.6034605783822317,0.7434157494581326,0.13995517107590094,401.8708914349186,397.4384144095413,-4.432477025377295,6.0,8.445021304755926,2.445021304755926,1083.3935887325874,1115.6043948139527,32.21080608136526,0.6227497498982338,0.45377342910503415,-0.16897632079319969,0.6765859856221607,0.6764771139794081,-0.00010887164275252825,3.0,4.0,1.0,139.5,139.20478318487224,-0.295216815127759
828,True,True,0.5805527985667922,0.5886412358154781,0.008088437248685909,411.0125341645056,410.35824077278335,-0.6542933917222626,2.0,1.954768187436276,-0.045231812563724105,1182.0362589269478,1214.942811703497,32.90655277654923,0.6556286317108863,0.6179902428896231,-0.037638388821263136,0.7496146439719965,0.74950047573488,-0.00011416823711651869,3.0,4.0,1.0,782.5,782.4534033611434,-0.046596638856613026
829,False,False,0.0260497222316006,0.02605017999303481,4.577614342096692e-07,13.690337836458768,13.685196437984255,-0.005141398474513892,0.0,0.0,0.0,495.8725270079166,495.68851930257284,-0.18400770534373123,0.5756231999712683,0.5754975045840973,-0.0001256953871709987,0.575485772607285,0.5754975045840973,1.1731976812368039e-05,0.0,0.0,0.0,,,
830,True,True,0.7128046618352758,0.7152617385457304,0.0024570767104545865,355.59770838885515,361.6545140700125,6.056805681157357,20.0,18.83218116442149,-1.1678188355785117,719.313000096462,723.7198136180664,4.406813521604363,0.3413415831114917,0.3726305495773135,0.0312889664658218,0.5822798813984759,0.5822798813984759,0.0,3.0,3.0,0.0,0.0,0.0,0.0
831,False,False,0.295200271035585,0.29519406406090626,-6.206974678735211e-06,101.66919587569744,101.66436413453653,-0.004831741160913339,0.0,0.0,0.0,369.8716338627072,369.8415473630023,-0.03008649970490751,0.5118656741908258,0.5118430187183302,-2.2655472495691775e-05,0.5117777064724487,0.5118430187183302,6.531224588146589e-05,0.0,0.0,0.0,,,
832,True,True,0.2831411519804181,0.1824417374683264,-0.10069941451209172,49.34569001295835,40.344628970211694,-9.001061042746656,1.0,0.5842346525343601,-0.41576534746563987,576.2364491456863,597.9942443446848,21.757795198998565,0.5403643073817035,0.6203565580909703,0.07999225070926685,0.7053116538188839,0.7052228884277417,-8.876539114222037e-05,1.0,1.0,0.0,766.5,766.2042826203609,-0.2957173796390862
833,False,False,0.0870311202224721,0.08702750098311136,-3.6192393607359374e-06,77.38121287456187,77.36187344208119,-0.019339432480677488,0.0,0.0,0.0,961.5800063245388,961.3423418291532,-0.23766449538561574,0.6782060670553137,0.6781345716739542,-7.149538135953204e-05,0.6781292329063286,0.6781345716739542,5.338767625540086e-06,0.0,0.0,0.0,,,
834,True,True,0.5903132461658139,0.5513279606889729,-0.03898528547684099,324.57254823819807,323.5900972158992,-0.9824510222988465,8.5,7.350916891341321,-1.1490831086586786,976.1983299979156,982.5314744944291,6.333144496513455,0.6028015581084799,0.6485646965742526,0.045763138465772735,0.674049520972366,0.6739453217025212,-0.00010419926984484018,4.0,4.0,0.0,477.5,477.26016883420743,-0.23983116579256603
835,True,True,0.7083990072556304,0.6953651661242811,-0.01303384113134931,300.075730816782,304.7337217243609,4.657990907578892,8.0,6.799590149812858,-1.2004098501871416,679.1566985464718,686.0658363322832,6.909137785811367,0.4840609425217165,0.5330434394182169,0.04898249689650036,0.5749954756438066,0.574831622100572,-0.00016385354323456003,4.0,4.0,0.0,130.0,129.96431842359,-0.03568157641001335
836,True,True,0.619599150387152,0.6088235771086481,-0.01077557327850387,140.09503012009503,139.817099043023,-0.2779310770720258,3.5,3.357176746794723,-0.1428232532052771,487.1051279086597,487.5257032466615,0.4205753380018109,0.5062251195477354,0.5126617872129379,0.006436667665202456,0.6037381351344177,0.6036589286878921,-7.920644652559261e-05,2.0,2.0,0.0,530.0,529.7831046318311,-0.2168953681689345
837,True,True,0.1551168777789601,0.1535835351514262,-0.0015333426275339068,120.12718376933,120.11341129648197,-0.01377247284803218,0.5,0.4686574645107613,-0.03134253548923871,908.7354434328518,909.3563779737907,0.6209345409389471,0.5425379861010382,0.5483191057283608,0.0057811196273226395,0.6527338562518527,0.6527325223593975,-1.3338924551575815e-06,1.0,1.0,0.0,1584.5,1584.4910442873727,-0.008955712627312096
838,True,True,0.2719561533328193,0.26217828754522315,-0.009777865787596152,162.38668148696175,166.2128869484334,3.826205461471659,2.0,1.5518741664825944,-0.44812583351740565,952.5227903268832,983.8932267990506,31.3704364721674,0.5817731436382052,0.6102640461328795,0.02849090249467434,0.6111331209558832,0.6111182386665409,-1.488228934232172e-05,1.0,1.0,0.0,829.5,829.4067926178635,-0.09320738213648383
839,True,True,0.3671498028873572,0.2645412659889099,-0.10260853689844729,139.39504134470369,133.05574145069,-6.339299894013692,1.0,0.5104419999232052,-0.48955800007679484,756.5416967769722,806.2753911103132,49.733694333340964,0.5361536720951731,0.6519805211364217,0.11582684904124863,0.7451013786284557,0.7450195477571206,-8.183087133506461e-05,1.0,1.0,0.0,875.0,874.6062274874938,-0.39377251250618883
840,False,False,0.0494589711693434,0.04945693446188227,-2.036707461128273e-06,22.89769684930572,22.89079401430025,-0.006902835005469399,0.0,0.0,0.0,494.36371094778826,494.21383648096725,-0.1498744668210179,0.6013891035703163,0.6012707000576445,-0.00011840351267178306,0.6012381737445402,0.6012707000576445,3.252631310424192e-05,0.0,0.0,0.0,,,
841,True,True,0.0225441314215976,0.02252552603246185,-1.860538913574933e-05,14.843534562685967,14.861916409005328,0.018381846319361017,3.5,3.3389192570757604,-0.16108074292423957,769.9239127511329,770.8458523294563,0.9219395783234177,0.5813116768906529,0.5848787566287855,0.003567079738132639,0.6442175835754821,0.6442174140535972,-1.695218848629665e-07,1.0,1.0,0.0,1061.5,1061.4989240445248,-0.0010759554752439726
842,True,True,0.6029001275164894,0.5304431735818271,-0.07245695393466223,246.2785411476544,248.27970741529103,2.00116626763662,2.0,1.5232047049736144,-0.4767952950263856,776.173447697377,797.0307872136219,20.857339516244906,0.5155765007123769,0.5833335334810739,0.06775703276869693,0.6574601148562746,0.6573152043816044,-0.00014491047467024565,2.0,2.0,0.0,553.0,552.638716787771,-0.36128321222895465
843,False,False,0.0316350499334307,0.03163029993818076,-4.749995249936356e-06,12.750082355239424,12.747533193781418,-0.0025491614580062105,0.0,0.0,0.0,531.0443259424051,530.9161065631007,-0.12821937930436889,0.5835388591852992,0.5834836203732434,-5.523881205582448e-05,0.5834483441734062,0.5834836203732434,3.527619983723085e-05,0.0,0.0,0.0,,,
844,True,True,0.1515617593291384,0.14717145134376713,-0.004390307985371267,68.1236440662808,68.4789315014941,0.35528743521329886,2.5,2.194857602502453,-0.3051423974975469,509.59495375074215,521.8729410376114,12.27798728686929,0.5136184626487602,0.530348591438539,0.016730128789778753,0.6006906637567961,0.6006289343683343,-6.172938846182863e-05,1.0,1.0,0.0,293.0,292.5870020249344,-0.41299797506559344
845,True,True,0.4584069855509665,0.5372574075977588,0.07885042204679227,225.3997807943681,214.03670606144044,-11.363074732927657,1.0,1.2787444741348737,0.2787444741348737,884.873306331866,927.4147558825654,42.541449550699326,0.6455533465323121,0.5694486533677141,-0.076104693164598,0.7014170938675599,0.7013447908266016,-7.23030409582881e-05,1.0,2.0,1.0,790.0,789.6481946021294,-0.3518053978706348
846,False,False,0.0889187145652437,0.08891372057548558,-4.99398975811749e-06,57.68862643341141,57.677705948762956,-0.010920484648451634,0.0,0.0,0.0,736.8488040672986,736.698102013404,-0.15070205389463354,0.6147221960488656,0.6146833007083045,-3.88953405611181e-05,0.6146609562529813,0.6146833007083045,2.2344455323120016e-05,0.0,0.0,0.0,,,
847,False,False,0.1948537777647467,0.19485533370894292,1.5559441962353926e-06,121.20724925905226,121.1868675691284,-0.02038168992386602,0.0,0.0,0.0,607.8554840711947,607.7560232653524,-0.09946080584234096,0.5604602600048598,0.5604198448692927,-4.0415135567073435e-05,0.5603844029326795,0.5604198448692927,3.544193661320083e-05,0.0,0.0,0.0,,,
848,False,False,0.1147047799888791,0.11467181528593838,-3.296470294071596e-05,40.95584034569722,40.94011525648753,-0.015725089209688292,0.0,0.0,0.0,553.0971873834882,552.9156366873744,-0.18155069611373165,0.4855473521717589,0.48545660408817265,-9.074808358622288e-05,0.4854559868667807,0.48545660408817265,6.172213919408698e-07,0.0,0.0,0.0,,,
849,True,True,0.7820477232317168,0.7749779081218664,-0.007069815109850386,234.6267605956581,234.72255435118097,0.09579375552286251,10.0,9.647167639707897,-0.3528323602921031,510.65606540440257,512.092297390167,1.4362319857644366,0.4693553216061688,0.47321866755488906,0.003863345948720287,0.5210437024280641,0.5209789034691972,-6.479895886690734e-05,2.0,2.0,0.0,140.5,140.23722033903974,-0.2627796609602626
850,True,True,0.148736233010198,0.14576966942474634,-0.0029665635854516648,31.66739811411944,31.776330839067704,0.10893272494826434,1.5,1.3927123641828079,-0.10728763581719214,290.91757971072894,295.09117484368045,4.173595132951505,0.370903394400147,0.3800358529227839,0.009132458522636888,0.5215438825852601,0.5214820053745092,-6.187721075090469e-05,1.0,1.0,0.0,247.5,247.19068884874474,-0.3093111512552582
851,False,False,0.1981054871928701,0.19809961676927365,-5.870423596454621e-06,106.03432993012711,106.00106756618608,-0.03326236394103432,0.0,0.0,0.0,561.6199458873658,561.4437936754687,-0.17615221189714703,0.5279664184222576,0.5278894777159873,-7.694070627028982e-05,0.5278791900370087,0.5278894777159873,1.0287678978593284e-05,0.0,0.0,0.0,,,
852,True,True,0.1930239288515653,0.2057534896673859,0.012729560815820606,192.25802031932315,191.14196853489764,-1.1160517844255082,0.5,0.6186903722002172,0.11869037220021716,1113.4353598898958,1134.6971589529892,21.26179906309335,0.6816390710056306,0.6304345853335034,-0.05120448567212721,0.6971058630318775,0.6970601535863631,-4.570944551440803e-05,1.0,2.0,1.0,795.0,794.596794867683,-0.40320513231699806
853,True,True,0.3335364914122399,0.3993451442853565,0.0658086528731166,211.1960611774199,213.23432486517066,2.0382636877507707,9.5,12.059886003826952,2.5598860038269518,865.3213611450838,872.9234858745954,7.602124729511615,0.5887808048260592,0.437804950774497,-0.15097585405156222,0.6031461849297448,0.6031021987250937,-4.398620465106973e-05,3.0,4.0,1.0,136.5,136.48159973833188,-0.01840026166811981
854,True,True,0.0930048185752891,0.09402868243256005,0.0010238638572709485,82.34790309948747,82.57917952328752,0.23127642380005398,6.0,5.6517148483311725,-0.34828515166882745,1024.3884122486566,1024.8990612261227,0.5106489774661895,0.60779285467109,0.6104451166339523,0.002652261962862279,0.7160283967439542,0.7159332186988514,-9.517804510283945e-05,1.0,1.0,0.0,1650.0,1649.5389244599849,-0.4610755400151447
855,True,True,0.2103681635893614,0.19938673515797514,-0.010981428431386248,122.4983713055058,122.66945279720953,0.1710814917037311,3.0,2.655269157327713,-0.3447308426722868,676.0629664266957,684.7334823751032,8.67051594840757,0.5501918321570909,0.5847200115380484,0.034528179380957535,0.6902696567171953,0.6901219441286737,-0.00014771258852164237,2.0,2.0,0.0,253.5,253.00297210801372,-0.49702789198627784
856,False,False,0.0269670090129548,0.026966721645876976,-2.873670778245907e-07,22.15864844119069,22.15211586061643,-0.006532580574258873,0.0,0.0,0.0,838.088673120353,837.8415030500586,-0.24717007029437355,0.6546304666972731,0.6545682591581435,-6.220753912955512e-05,0.6545632558555631,0.6545682591581435,5.0033025804641085e-06,0.0,0.0,0.0,,,
857,True,True,0.3575646742756705,0.35606176048803156,-0.0015029137876389487,204.62371623716285,204.7383827716921,0.11466653452924902,1.5,1.229446469055256,-0.270553530944744,725.0238309417664,725.3695187883486,0.34568784658222285,0.5783391221541053,0.5933478608861165,0.01500873873201114,0.6731672776069482,0.6731281512477335,-3.912635921465846e-05,1.0,1.0,0.0,1370.0,1369.824437463497,-0.17556253650309372
858,True,True,0.3020066344425873,0.3068059675847181,0.004799333142130824,154.44184620060224,156.42982835943647,1.9879821588342281,7.0,6.367620260268444,-0.6323797397315563,615.7388834112232,617.5599611619108,1.8210777506875502,0.445496451016568,0.45529743869304884,0.009800987676480855,0.5404923273303233,0.5403988161534654,-9.351117685785226e-05,2.0,2.0,0.0,645.5,645.3812515272231,-0.11874847277692879
859,True,True,0.1534016754013406,0.12154297623643974,-0.03185869916490085,44.828394179574985,43.98333045859336,-0.8450637209816279,2.0,1.3889039536472414,-0.6110960463527586,498.5555675169358,515.3092561910971,16.75368867416131,0.4902480747002237,0.5892771536713584,0.09902907897113467,0.6328646739912406,0.6327359514949386,-0.00012872249630202504,2.0,2.0,0.0,403.5,403.32517197658007,-0.1748280234199342
860,True,True,0.3227710141559091,0.2980039329339802,-0.02476708122192889,129.44658642103494,129.24726635515273,-0.19932006588220474,0.5,0.3321237868396566,-0.1678762131603434,524.8971998666324,537.1425051705522,12.24530530391985,0.4713490794943724,0.505250238180831,0.033901158686458654,0.5266264759566865,0.5265524498011314,-7.402615555518466e-05,1.0,1.0,0.0,807.5,807.0970484224163,-0.40295157758373534
861,True,True,0.3837115201780504,0.36204466746260366,-0.021666852715446716,183.47556979057148,185.4515296713486,1.9759598807771113,4.0,3.433138714890813,-0.5668612851091872,731.0921026278414,761.4304458591961,30.338343231354656,0.4666285769503789,0.5039449087824852,0.03731633183210631,0.5171850353092655,0.5171850353092654,-1.1102230246251565e-16,1.0,1.0,0.0,0.0,0.0,0.0
862,True,True,0.0775514781765811,0.0749881831395497,-0.002563295037031399,59.24599990698263,59.34595381004735,0.09995390306471563,1.0,0.8573166607238818,-0.1426833392761182,788.1730352750816,805.7819701962691,17.608934921187483,0.6886671989935336,0.710394867977312,0.021727668983778425,0.734797107113954,0.7347108137487349,-8.629336521903674e-05,1.0,1.0,0.0,550.0,549.6518849500641,-0.34811504993592735
863,True,True,0.8985235090625003,0.8295909469982542,-0.06893256206424614,290.43521552681386,284.74496611057384,-5.690249416240022,11.5,7.883882777945827,-3.6161172220541733,713.5608333058609,726.9538441131978,13.39301080733685,0.4585466641206943,0.5101107159256383,0.051564051804944,0.5160821992637289,0.5159172929261662,-0.00016490633756272022,5.0,5.0,0.0,119.0,118.79124865196107,-0.20875134803893047
864,True,True,0.1539012848789372,0.1451196048301208,-0.00878168004881641,93.02405725538324,93.20971421258788,0.18565695720464248,0.5,0.32760916170082055,-0.17239083829917945,610.5752933451621,618.0335917358433,7.458298390681193,0.549620947588161,0.5884024964308254,0.03878154884266438,0.62977352820583,0.6297636742751189,-9.853930711067882e-06,1.0,1.0,0.0,1065.5,1065.4636791273151,-0.03632087268488249
865,True,True,0.257032166207707,0.20917427210632877,-0.04785789410137825,81.02156693138248,77.8752427254118,-3.1463242059706857,1.5,1.0404449331806973,-0.4595550668193027,549.0909039804592,562.530096762213,13.439192781753832,0.5155275296268097,0.5690648445644652,0.053537314937655456,0.6660931191373811,0.6659735270117734,-0.00011959212560774812,1.0,1.0,0.0,744.0,743.5106062438907,-0.4893937561092798
866,True,True,0.4029004412998355,0.3490923928596474,-0.053808048440188105,209.82959098384933,209.59953238558546,-0.23005859826386654,1.0,0.5581245139590466,-0.4418754860409534,845.6446596959823,853.2350804119419,7.590420715959567,0.5505092004989959,0.6247731634435792,0.07426396294458337,0.741842771163637,0.7417802959726281,-6.247519100888166e-05,1.0,1.0,0.0,1356.5,1356.1934313465015,-0.30656865349851614
867,True,True,0.4170089497265246,0.429865512619439,0.012856562892914425,207.3699560261784,202.66666852498233,-4.703287501196058,1.5,1.5508051562181213,0.05080515621812132,817.5439217454757,835.1784289187169,17.634507173241218,0.6460923886409087,0.5989343924431199,-0.04715799619778882,0.6541889436429726,0.6541057639157554,-8.317972721727518e-05,3.0,5.0,2.0,441.0,440.7537226057841,-0.24627739421589467
868,True,True,0.8334788715416395,0.8314939444326662,-0.0019849271089732445,519.694659581006,524.9192572244004,5.224597643394418,16.0,14.960043179790919,-1.0399568202090812,954.662627581048,957.9858561146302,3.32322853358221,0.4902010999322604,0.5201310787428863,0.029929978810625923,0.6140101388319039,0.613870201799761,-0.00013993703214287834,4.0,4.0,0.0,361.0,360.66386147744385,-0.33613852255615484
869,True,True,0.096357923431929,0.13015337223349843,0.03379544880156943,41.27660198105883,41.064670167221436,-0.21193181383739557,1.5,2.160645224049223,0.6606452240492229,462.1277693565712,503.1726173396879,41.04484798311671,0.4991223600028941,0.32257254432978677,-0.17654981567310735,0.5337710569428468,0.5336463237775515,-0.00012473316529526546,1.0,2.0,1.0,87.0,86.50412894768169,-0.4958710523183072
870,False,False,0.2896560894139044,0.28965442426397536,-1.6651499290532001e-06,216.23041168571217,216.22170279166346,-0.008708894048709226,0.0,0.0,0.0,769.4117728303073,769.3755401075147,-0.03623272279264711,0.6124248942660604,0.6123973097257194,-2.7584540341019093e-05,0.6123433598815107,0.6123973097257194,5.3949844208700526e-05,0.0,0.0,0.0,,,
871,True,True,0.089178835651084,0.07030131800400226,-0.018877517647081746,49.913258552577325,49.46193452315176,-0.4513240294255638,2.0,1.375778679409996,-0.624221320590004,986.4425354658206,1007.499481139982,21.056945674161398,0.4434024597020601,0.574163380663427,0.13076092096136688,0.6981348513628495,0.6980987128684696,-3.613849437988925e-05,2.0,2.0,0.0,581.0,580.8684728370363,-0.1315271629637209
872,True,True,0.0658606127551764,0.06288335916535452,-0.002977253589821885,41.579143021960384,41.53648344874519,-0.042659573215196644,2.5,2.2915678677672995,-0.20843213223270052,850.4139602806567,853.6141151076552,3.200154826998414,0.5459588308948558,0.5727507374329174,0.026791906538061627,0.5946811119114578,0.5945635264377691,-0.000117585473688675,5.0,5.0,0.0,343.0,342.53573836915956,-0.4642616308404399
873,True,True,0.3077939287642446,0.2875428865092953,-0.02025104225494928,172.08243105653133,170.0483144710596,-2.034116585471736,2.0,1.7087924879509961,-0.29120751204900386,885.9486620517463,899.1302585357932,13.181596484046963,0.5027582862826404,0.5256765193275399,0.022918233044899483,0.5276778551179065,0.5276196165929117,-5.8238524994869145e-05,2.0,2.0,0.0,709.5,709.3139868308,-0.18601316920000954
874,True,True,0.2666818889116644,0.35281376960973565,0.08613188069807126,95.74942178910908,86.64922012300077,-9.100201666108305,1.0,1.487981370510534,0.48798137051053403,700.3435518510443,713.2505566907244,12.907004839680098,0.6145070117656483,0.47773671818853886,-0.1367702935771094,0.6157334728324901,0.6156587091943442,-7.476363814595821e-05,1.0,2.0,1.0,647.5,647.2199934665114,-0.28000653348863125
875,True,True,0.4723151083773708,0.45061192086310703,-0.021703187514263755,147.3866380765326,147.61478280216554,0.2281447256329443,1.0,0.7389559933508282,-0.2610440066491718,477.06874614362783,478.6308198018413,1.5620736582134782,0.4941494303677369,0.5262138173879032,0.032064387020166285,0.6202783672976919,0.6202610122036091,-1.73550940828493e-05,1.0,1.0,0.0,925.0,924.9417492397238,-0.058250760276223446
876,True,True,0.5682292458359767,0.5591626581013902,-0.009066587734586462,174.9548303821453,173.7743123842087,-1.1805179979365903,3.5,3.334635721298402,-0.1653642787015981,491.3980121244673,494.2555328398272,2.8575207153598967,0.583414508475673,0.5880316357951407,0.004617127319467729,0.6564008706356523,0.6563519483480557,-4.8922287596675496e-05,1.0,1.0,0.0,294.5,294.141023970286,-0.3589760297139719
877,True,True,0.203056959837469,0.18080806522879414,-0.022248894608674852,133.51797014306382,135.19515047230328,1.6771803292394623,1.0,0.6303925406362397,-0.36960745936376027,730.476150547056,770.0963399331049,39.62018938604888,0.579822721507071,0.6602647388348676,0.08044201732779654,0.6877296962357151,0.687580160775602,-0.0001495354601130927,1.0,1.0,0.0,955.0,954.5368371984805,-0.46316280151950195
878,True,True,0.1095839757188461,0.11908254841128317,0.009498572692437077,95.05378183448748,94.33605418063925,-0.7177276538482289,2.0,2.236772388278042,0.23677238827804192,1064.4653680201188,1093.5937075862737,29.128339566154864,0.6714129275426957,0.6023517142263506,-0.06906121331634507,0.7278316019660804,0.727760400501922,-7.120146415839912e-05,2.0,3.0,1.0,616.5,616.3535475639615,-0.14645243603854396
879,True,True,0.1325984639383349,0.12951802809178353,-0.003080435846551377,71.72812197125286,72.16096079393377,0.4328388226809068,1.5,1.3894443565688566,-0.11055564343114344,681.4936699274731,692.6418102812671,11.14814035379402,0.4105183409973588,0.42291778921765466,0.012399448220295872,0.5168713967637191,0.5168180843762532,-5.331238746586475e-05,1.0,1.0,0.0,775.0,774.693826511537,-0.3061734884629459
880,True,True,0.2456938442239975,0.24001687919690506,-0.0056769650270924454,107.1161409467836,106.74763387209683,-0.3685070746867751,10.0,9.662502022524114,-0.33749797747588595,904.0083497065864,905.1420026191065,1.1336529125201196,0.6076390894956283,0.6182114498161446,0.010572360320516339,0.6628515085652901,0.6627515594167832,-9.994914850686154e-05,4.0,4.0,0.0,690.0,689.7028392463728,-0.29716075362716765
881,True,True,0.1859281684595071,0.1808153078572572,-0.0051128606022499135,41.03486579546345,41.18574474510356,0.15087894964010928,3.5,3.12607794312935,-0.37392205687064983,360.6944160621354,362.14561580889443,1.4511997467590163,0.3567221929673433,0.3774830064959359,0.020760813528592603,0.5786201434907187,0.5786201434907186,-1.1102230246251565e-16,1.0,1.0,0.0,0.0,0.0,0.0
882,True,True,0.1853246127489475,0.1711265054606266,-0.014198107288320883,85.39286907947103,85.84721302413867,0.4543439446676416,1.5,1.0914433298865334,-0.40855667011346664,639.1855161713416,645.6434380553968,6.4579218840551675,0.387630852964398,0.4411976489759498,0.05356679601155184,0.5986275982328793,0.5985729301947608,-5.4668038118488305e-05,1.0,1.0,0.0,1289.0,1288.7420274234105,-0.2579725765895091
883,True,True,0.1261901608597387,0.1178397905505586,-0.008350370309180094,53.97686194307969,53.5778461725295,-0.3990157705501929,1.0,0.8472780127834995,-0.15272198721650054,578.9298098205102,593.6864879319834,14.756678111473207,0.5715389704495463,0.597497097521806,0.02595812707225975,0.6097444380106183,0.609728399380462,-1.6038630156312017e-05,1.0,1.0,0.0,637.5,637.453817980257,-0.04618201974301428
884,False,False,0.4466453828997319,0.4465545547397469,-9.082815998495697e-05,131.62239053007042,131.56941695813197,-0.05297357193845187,0.0,0.0,0.0,385.9791206216578,385.8227667232335,-0.1563538984242996,0.5545460341994314,0.5544065573720338,-0.00013947682739756662,0.554376304702368,0.5544065573720338,3.0252669665831178e-05,0.0,0.0,0.0,,,
885,True,True,0.1042210223583546,0.0956082623776399,-0.008612759980714702,55.24861108431856,55.26242005430534,0.013808969986776276,1.0,0.8065452774579172,-0.19345472254208285,653.0489596419226,683.3932929251124,30.344333283189826,0.4655969139541627,0.5006953735519168,0.03509845959775415,0.522556653582973,0.5225164631242469,-4.019045872605265e-05,2.0,4.0,2.0,961.5,961.4822995398908,-0.017700460109153937
886,True,True,0.1044583882963071,0.10467803124556124,0.00021964294925413963,39.79195153481295,39.83980571860255,0.04785418378959605,9.0,8.87980556634719,-0.12019443365280935,429.4723010076173,429.70906160579625,0.23676059817893247,0.4926589890192642,0.49435710906050945,0.0016981200412452546,0.637205762927901,0.6371902943226424,-1.5468605258583956e-05,1.0,1.0,0.0,576.5,576.4112906152803,-0.08870938471966383
887,True,True,0.2233615707359637,0.2148762088363698,-0.008485361899593896,192.15527376430893,192.1455421693344,-0.009731594974539348,0.5,0.33332037137006415,-0.16667962862993585,978.0517611475916,981.6231230090972,3.5713618615055793,0.6405036717302782,0.6643771551687345,0.0238734834384563,0.6997484373178218,0.6996797359873828,-6.870133043901383e-05,1.0,1.0,0.0,1580.5,1580.0704462356623,-0.42955376433769743
888,True,True,0.680255264567685,0.6684286660940276,-0.011826598473657413,205.25742584501512,205.1643249687889,-0.09310087622623087,5.5,4.929533630236983,-0.5704663697630172,606.8406497701644,607.0124267280835,0.17177695791906444,0.4235684183813316,0.43639241828503417,0.012823999903702588,0.548201012506758,0.5481139527672718,-8.705973948619494e-05,2.0,2.0,0.0,527.5,527.0550231974124,-0.44497680258757555
889,True,True,0.2038056750403695,0.2175691854222831,0.01376351038191359,69.13273912177264,69.00060872847313,-0.13213039329951926,1.5,2.531430971325609,1.0314309713256091,512.5684767522705,516.8188177240648,4.250340971794344,0.5530513746286178,0.4651127895776277,-0.08793858505099006,0.567847182163823,0.5677224022611981,-0.00012477990262493854,1.0,2.0,1.0,927.0,926.6578652992316,-0.3421347007683835
890,False,False,0.0259605259401573,0.025959059337361548,-1.4666027957528638e-06,7.485156728996253,7.4835939459403,-0.0015627830559523659,0.0,0.0,0.0,319.4193646030308,319.3458718304499,-0.0734927725808916,0.3764755788847959,0.37644071369554677,-3.486518924911142e-05,0.3764118458381451,0.37644071369554677,2.8867857401693175e-05,0.0,0.0,0.0,,,
891,True,True,0.4238819592312491,0.4159466052709601,-0.007935353960288993,129.70862694796563,129.13816744045113,-0.5704595075144994,4.5,3.8920236364181644,-0.6079763635818356,816.1578882792412,818.1528953820156,1.995007102774366,0.5703848481862013,0.5863044423019599,0.015919594115758606,0.6481626232288689,0.6481155836704594,-4.7039558409456284e-05,2.0,2.0,0.0,847.5,847.2061550773436,-0.2938449226563762
892,False,False,0.2264910594781621,0.22649232178840598,1.2623102438880096e-06,104.69146940707304,104.65829738701171,-0.03317202006132902,0.0,0.0,0.0,458.3035002353682,458.1587516362819,-0.14474859908625604,0.5265766531515371,0.5265150942506921,-6.15589008450268e-05,0.5264907653315912,0.5265150942506921,2.4328919100868873e-05,0.0,0.0,0.0,,,
893,True,True,0.1994871258461173,0.1961968916240389,-0.003290234222078414,93.72742079401456,93.92624182490766,0.19882103089310021,1.5,1.342982862092322,-0.1570171379076779,761.9540157622099,765.8414168243728,3.887401062162894,0.5535937659218076,0.5638606169638463,0.010266851042038616,0.6176796613288615,0.6175916916653108,-8.796966355073543e-05,1.0,1.0,0.0,1109.0,1108.5313653394376,-0.4686346605624294
894,False,False,0.2594727978586258,0.2594708480851614,-1.949773464404725e-06,165.63147104848883,165.6364519186876,0.004980870198778575,0.0,0.0,0.0,686.5205314955185,686.521885878365,0.0013543828464435137,0.641994059913014,0.6419838635512989,-1.0196361715064661e-05,0.6419224785193914,0.6419838635512989,6.138503190744604e-05,0.0,0.0,0.0,,,
895,True,True,0.5592222398560399,0.5282728576782859,-0.030949382177754003,226.7548818932493,228.6556422681341,1.9007603748848112,20.0,17.521553267829567,-2.4784467321704327,680.361983148045,682.1759618844281,1.813978736383092,0.5046947251823724,0.5286000882063453,0.023905363023972948,0.5508438380033798,0.5506458445840287,-0.0001979934193511168,7.0,7.0,0.0,165.0,164.93758360591383,-0.06241639408617061
896,True,True,0.4752931470386062,0.47561260056334315,0.00031945352473694566,298.09262536571407,290.48152401473203,-7.6111013509820395,2.0,2.067971249122639,0.06797124912263897,1112.960253869771,1135.0492447170893,22.088990847318428,0.6223130467535359,0.5921233839028529,-0.03018966285068303,0.6257195464934024,0.6256034639133911,-0.0001160825800113896,4.0,6.0,2.0,437.5,437.3862285648229,-0.11377143517711374
897,True,True,0.2865159422957551,0.29151186074456353,0.004995918448808423,280.8789537076873,281.73198035243,0.8530266447427266,3.0,3.4120242495380824,0.41202424953808237,1113.0021201802565,1115.0493753766268,2.0472551963703154,0.7413730067836293,0.7014889530957363,-0.03988405368789294,0.7488159614025536,0.7486773001984348,-0.00013866120411876182,3.0,4.0,1.0,1161.5,1161.0722800251697,-0.42771997483032465
898,True,True,0.2458575420035988,0.22717470735412773,-0.01868283464947107,187.8039993357121,187.82216387354072,0.018164537828624816,1.0,0.7274735541781412,-0.2725264458218588,901.2850561881272,928.2379845229225,26.952928334795274,0.6436714331823616,0.6893097433797126,0.045638310197350984,0.7491713087931622,0.7491344788150764,-3.682997808573951e-05,1.0,1.0,0.0,965.5,965.3500987800154,-0.14990121998459927
899,True,True,0.3441380440659448,0.3212807875918216,-0.022857256474123178,207.2630256959996,206.19437160888404,-1.0686540871155614,1.5,1.3077107963850725,-0.19228920361492752,913.6793609923144,917.182436245858,3.5030752535435568,0.4817292395176092,0.5192171474282871,0.03748790791067785,0.6112697834621005,0.6111701038159041,-9.967964619639336e-05,3.0,3.0,0.0,492.5,492.4758362580729,-0.02416374192711146
900,True,True,0.3516586724070141,0.33721962263485544,-0.014439049772158652,151.39414069135145,151.9764592294401,0.5823185380886571,5.5,4.912367050285684,-0.5876329497143162,707.424413800593,711.3156998670569,3.891286066463863,0.4183181145287388,0.4489492075411444,0.03063109301240563,0.6499724960236329,0.6499374543526276,-3.5041671005320296e-05,2.0,2.0,0.0,317.0,316.97660075237576,-0.023399247624240616
901,True,True,0.0377504945208353,0.04183115800810823,0.004080663487272929,19.36045997900153,19.32154150539424,-0.03891847360728917,2.0,2.2324709031381653,0.23247090313816532,718.8483100389637,730.5897808724197,11.741470833455992,0.6330012443323467,0.5411305134604304,-0.09187073087191633,0.6437929868986982,0.6436905537098289,-0.00010243318886937747,2.0,3.0,1.0,356.5,356.34394292250886,-0.15605707749114117
902,True,True,0.0698080775550166,0.06946525056062235,-0.0003428269943942519,61.39978250958775,61.45866558062419,0.058883071036440526,2.0,1.894894943665714,-0.1051050563342859,986.7182735119106,987.6574758945626,0.9392023826519562,0.564517011214888,0.5715186232412086,0.007001612026320658,0.6252418101858784,0.6251993055302817,-4.2504655596742325e-05,2.0,2.0,0.0,1293.0,1292.851312390294,-0.14868760970603034
903,True,True,0.0763123769193662,0.07645708486488302,0.00014470794551682542,75.08120956824649,75.11119170084866,0.02998213260217142,10.0,9.952378127042884,-0.04762187295711584,739.9615822201811,740.1623243594869,0.20074213930581664,0.5560701571392828,0.5567941235475131,0.0007239664082303587,0.6691730604016772,0.6690747625159146,-9.829788576265486e-05,1.0,1.0,0.0,1262.5,1262.184707745441,-0.3152922545589263
904,True,True,0.1054613765656827,0.10312922264306876,-0.002332153922613947,56.69692520269417,56.972965445458115,0.2760402427639477,2.0,1.822586558788317,-0.177413441211683,759.9666591165577,767.5697861182006,7.603127001642861,0.4092679799554087,0.4223111557740188,0.013043175818610087,0.5516957129117892,0.5516833806553023,-1.2332256486891069e-05,1.0,1.0,0.0,1196.5,1196.428115281601,-0.07188471839890553
905,True,True,0.1003743464799459,0.09967333168657698,-0.0007010147933689259,60.24915524895849,60.324304460585,0.07514921162650978,8.0,7.533677515597073,-0.46632248440292656,651.8949556766675,653.1139348474132,1.218979170745797,0.5213466658836243,0.5307836889943478,0.009437023110723475,0.5695618690262878,0.5694113008212693,-0.00015056820501846424,2.0,2.0,0.0,1099.0,1098.7904016848888,-0.20959831511117955
906,True,True,0.3733776723151485,0.34421485312870015,-0.029162819186448363,190.0620892400227,187.2042632246964,-2.8578260153262818,1.5,1.1874416150210894,-0.31255838497891064,850.8741921314643,862.7719654969053,11.897773365441026,0.5936409318018081,0.6191204832239388,0.025479551422130653,0.667739084372007,0.667609881556545,-0.00012920281546202617,1.0,1.0,0.0,1241.5,1241.0183643449668,-0.4816356550331875
907,True,True,0.3282718687448877,0.32934258119651716,0.0010707124516294853,263.75572768105746,264.36889495222294,0.6131672711654801,47.0,46.58123561934956,-0.41876438065043686,992.846122347327,993.5389154639366,0.6927931166096641,0.5523809893308053,0.5543269220011642,0.0019459326703589186,0.6313221656810023,0.631235000437494,-8.716524350826926e-05,2.0,2.0,0.0,618.5,618.1900444358929,-0.30995556410709924
908,True,True,0.2098947758675783,0.21289763018855468,0.0030028543209763836,134.05323474595053,134.21827983556625,0.16504508961571673,12.0,13.306074321857858,1.3060743218578583,793.045663271246,794.1889875676691,1.1433242964230885,0.59487652205554,0.5435509873830289,-0.05132553467251111,0.6013998766304494,0.6012432280060023,-0.0001566486244470866,6.0,7.0,1.0,350.0,349.98209196249604,-0.01790803750395753
909,True,True,0.1795014361209418,0.17872420136668957,-0.0007772347542522318,104.14932330660262,104.141926908533,-0.00739639806963055,0.5,0.49196031033061455,-0.008039689669385452,626.7775865726451,627.1935571823916,0.4159706097465232,0.5888266918949914,0.5909504525303418,0.002123760635350469,0.6928224010530462,0.6927886901833592,-3.371086968695369e-05,1.0,1.0,0.0,1079.0,1078.9040439269222,-0.09595607307778664
910,True,True,0.1563259538267107,0.19075100001101236,0.03442504618430167,89.07043780269765,80.94602206952295,-8.1244157331747,1.5,2.1640776647953324,0.6640776647953324,1014.2240266920804,1060.4156220684308,46.19159537635039,0.6899180354032841,0.5124813151460521,-0.177436720257232,0.7220174628488643,0.722016263767608,-1.1990812562867603e-06,1.0,2.0,1.0,706.5,706.4942904140877,-0.005709585912313742
911,True,True,0.3122593337756921,0.2700394611982158,-0.04221987257747628,77.18336610395738,83.04608581661962,5.862719712662241,1.0,0.502868820342701,-0.497131179657299,351.33428887009626,442.24515732590436,90.9108684558081,0.4419965508495821,0.5596426118103812,0.1176460609607991,0.566574050824573,0.56655110201975,-2.294880482300865e-05,1.0,1.0,0.0,107.0,106.87600406120293,-0.12399593879706572
912,True,True,0.1592286963669473,0.15974664995138427,0.0005179535844369587,91.01608371586124,93.74403331047492,2.7279495946136763,2.0,1.5935654027387502,-0.40643459726124975,600.4354764757204,642.518492168892,42.083015693171546,0.5577528825456464,0.5705731451542548,0.012820262608608468,0.599374719612832,0.5992494778411003,-0.00012524177173167672,2.0,3.0,1.0,192.5,192.15850626531383,-0.3414937346861677
913,True,True,0.3267278665477062,0.30706118078636435,-0.01966668576134184,229.87041078738,230.8043787964393,0.9339680090592992,1.5,1.0370097575010733,-0.46299024249892673,819.702208215693,829.8684828258231,10.166274610130131,0.556420809299888,0.6048600718384303,0.04843926253854225,0.7141390633000252,0.7141140808739432,-2.4982426081954223e-05,1.0,1.0,0.0,1400.0,1399.9041353070002,-0.09586469299983946
914,False,False,0.3562158259991305,0.35617306548456745,-4.276051456303387e-05,134.0600653670012,134.03265124261523,-0.02741412438595603,0.0,0.0,0.0,478.22380256921525,478.1103720394145,-0.11343052980078028,0.5234747332843783,0.5234109232364683,-6.381004791000677e-05,0.5233742224385242,0.5234109232364683,3.6700797944155816e-05,0.0,0.0,0.0,,,
915,True,True,0.3140490308040525,0.30965369669393294,-0.004395334110119553,82.10220781452153,82.3046397898782,0.20243197535666013,4.0,3.7945851837343096,-0.20541481626569036,318.6807468164125,321.74562880741973,3.064881991007212,0.4915865306664496,0.4988923521959635,0.007305821529513923,0.5422874514354978,0.5420746605110216,-0.00021279092447623604,1.0,1.0,0.0,286.5,286.0320834618347,-0.4679165381652979
916,False,False,0.0326060907167703,0.03260595853932183,-1.3217744847249246e-07,13.550070988782329,13.551782386273189,0.0017113974908600227,0.0,0.0,0.0,481.0884142708821,481.12217913892744,0.033764868045352614,0.4232941955608066,0.4232916686542335,-2.5269065730970652e-06,0.4232291732727034,0.4232916686542335,6.249538153013656e-05,0.0,0.0,0.0,,,
917,True,True,0.1151255929418695,0.11429295052048703,-0.0008326424213824651,47.94123498725054,48.022386104803935,0.08115111755339655,3.0,2.8077847445325474,-0.19221525546745255,565.9865390839111,567.8456382585816,1.8590991746705186,0.4880906696359064,0.493084617443143,0.0049939478072366095,0.5611418869984777,0.5610650127342431,-7.68742642345277e-05,1.0,1.0,0.0,781.0,780.5449865592307,-0.4550134407693349
918,True,True,0.2783316385189759,0.23742009269144013,-0.040911545827535784,155.6222030214432,155.16854632641056,-0.4536566950326346,3.0,2.4186697668017594,-0.5813302331982406,678.300093668909,703.7857774684046,25.485683799495632,0.5308077470006367,0.6161961160378187,0.08538836903718194,0.6629695695346316,0.6629695695346316,0.0,2.0,2.0,0.0,0.0,0.0,0.0
919,False,False,0.0507061626534407,0.05070538867976812,-7.739736725825841e-07,15.79046859908313,15.794252327247317,0.003783728164187039,0.0,0.0,0.0,392.0079879180572,392.04113138935475,0.03314347129753514,0.5831833391147944,0.5831765954317595,-6.743683034882153e-06,0.5830618170197206,0.5831765954317595,0.00011477841203888506,0.0,0.0,0.0,,,
920,True,True,0.5281074889255425,0.4953626068421222,-0.0327448820834203,340.8989236944772,341.63158060462,0.7326569101427935,1.0,0.5658919625449926,-0.43410803745500737,966.7592218650868,973.9869721160084,7.227750250921531,0.6165250242519114,0.6760203208223428,0.0594952965704314,0.6826953729490861,0.6825879643304101,-0.00010740861867597484,2.0,2.0,0.0,1460.0,1459.560888118394,-0.43911188160609527
921,False,False,0.0859662629089725,0.08596785363259445,1.5907236219497856e-06,73.30258175424213,73.28358693477283,-0.018994819469298818,0.0,0.0,0.0,819.5291731096189,819.3187306176478,-0.21044249197109366,0.6914295344340854,0.6913619390014829,-6.759543260248524e-05,0.6913460105883422,0.6913619390014829,1.5928413140686715e-05,0.0,0.0,0.0,,,
922,True,True,0.2640174317450591,0.25270960710363827,-0.011307824641420827,205.44405719170587,194.13877092639845,-11.305286265307416,1.5,1.341897022293415,-0.158102977706585,969.7430175502916,1057.4298498853336,87.68683233504203,0.6673216456496807,0.6393714171126603,-0.02795022853702034,0.6709386281460206,0.6708506462803684,-8.79818656521758e-05,3.0,10.0,7.0,183.5,183.40480061856474,-0.09519938143526474
923,True,True,0.1391106993491825,0.1393070090036218,0.00019630965443931392,60.28517251292551,60.259299970508415,-0.025872542417097577,12.0,11.816645598304147,-0.18335440169585304,402.04910225819776,401.8821077837698,-0.1669944744279519,0.5046556176767354,0.5053334956975235,0.0006778780207881141,0.6309156994348873,0.6308621969466026,-5.350248828472903e-05,1.0,1.0,0.0,790.5,790.3311943985731,-0.16880560142692502
924,True,True,0.1164418104217867,0.19159627250893954,0.07515446208715285,36.7752963793324,36.214069280701295,-0.5612270986311074,2.5,4.35228636164684,1.85228636164684,452.23519606745975,453.37039891747514,1.1352028500153892,0.5572398828522125,0.4161480287622115,-0.14109185409000097,0.5589054160459476,0.558815688524796,-8.972752115155025e-05,1.0,2.0,1.0,494.0,493.7614900494752,-0.23850995052481494
925,True,True,0.379085022176566,0.3240648801412891,-0.05502014203527689,230.6997880846484,232.22712212182572,1.5273340371773259,2.0,1.2530475503299388,-0.7469524496700612,858.1271659614573,891.0165558053059,32.88938984384856,0.4653739425813383,0.564198000469325,0.0988240578879867,0.5753901293659547,0.5753026027946124,-8.752657134225572e-05,2.0,2.0,0.0,823.5,823.246382999111,-0.25361700088899397
926,True,True,0.6910974648155819,0.6800713682470899,-0.011026096568491961,299.8039477246788,299.4331176062029,-0.3708301184758511,2.5,2.2861921939242174,-0.21380780607578265,719.9303397207593,722.7449851996264,2.814645478867078,0.6013185168920514,0.6072984995912555,0.005979982699204078,0.6496972090882274,0.6495471301772171,-0.00015007891101026516,1.0,1.0,0.0,1031.0,1030.5050583302898,-0.49494166971021514
927,True,True,0.62992940870493,0.62152619488297,-0.008403213821959965,248.2430128182842,247.264097678285,-0.9789151399992022,25.0,24.161426884730542,-0.8385731152694582,783.5434328193345,784.6759259270907,1.1324931077562042,0.3910563380700586,0.40362600831849216,0.012569670248433584,0.6372092989215836,0.6372092989215836,0.0,2.0,2.0,0.0,0.0,0.0,0.0
928,True,True,0.2712268984718464,0.23715292787170122,-0.034073970600145165,100.15388964114904,97.71442956579693,-2.439460075352102,2.0,1.506529053859413,-0.49347094614058706,525.849616376328,542.5644611221752,16.714844745847245,0.611032973857728,0.6569061134859415,0.04587313962821349,0.7048977846419554,0.7048329664802937,-6.481816166170606e-05,1.0,1.0,0.0,585.5,585.3368343875719,-0.16316561242808802
929,True,True,0.6285807169532599,0.5562159050229538,-0.07236481193030608,316.5743417351035,314.6730304014364,-1.9013113336670813,3.0,2.0946662253409167,-0.9053337746590833,904.804622952518,914.4597566572628,9.655133704744799,0.5780556184201607,0.6443472533006817,0.06629163488052092,0.6538818595806162,0.6537725288935331,-0.0001093306870830757,4.0,4.0,0.0,630.5,630.1056907869429,-0.3943092130571131
930,True,True,0.3388740897444375,0.3492618098750039,0.01038772013056638,124.85500875411358,118.12142903073672,-6.733579723376863,2.0,1.9972952221345628,-0.0027047778654372134,872.4589545934551,881.8879472965901,9.428992703135009,0.6597988518423357,0.6519116369985423,-0.0078872148437934,0.6973557073621781,0.6972521501415134,-0.00010355722066468509,3.0,4.0,1.0,602.5,602.4411811579499,-0.05881884205007282
931,True,True,0.671473554781452,0.6316050683682475,-0.03986848641320451,222.7225984723145,222.09516388734744,-0.6274345849670624,3.0,2.4903221387590757,-0.5096778612409243,821.17766436954,832.1980875191111,11.020423149571116,0.4303278701165129,0.45838635553281326,0.02805848541630035,0.5548493369896113,0.5548064496218039,-4.28873678073316e-05,2.0,2.0,0.0,590.5,590.4422752470522,-0.05772475294781998
932,True,True,0.2369880703351536,0.23560265731237484,-0.0013854130227787531,133.75719706634106,133.93252138000955,0.175324313668483,4.0,3.890018468565543,-0.10998153143445721,700.1071310847358,701.5443182336143,1.437187148878479,0.6053170558327505,0.6112903694311265,0.00597331359837594,0.6751895798608124,0.6750480562447569,-0.00014152361605546115,2.0,2.0,0.0,540.5,540.1170978294442,-0.3829021705557807
933,True,True,0.2150825436065074,0.2080916518877984,-0.00699089171870898,192.5158759858597,194.6294701522737,2.1135941664140034,3.0,2.2213967044197496,-0.7786032955802504,1150.9124690380766,1184.1072840532074,33.19481501513087,0.6412081377235515,0.6761895713861034,0.03498143366255191,0.7390477101198447,0.7389611357790469,-8.657434079784032e-05,3.0,4.0,1.0,512.5,512.2855414155739,-0.21445858442609733
934,True,True,0.5247224371465432,0.5275918129062649,0.002869375759721682,308.05138803732933,300.73232645496836,-7.319061582360973,5.5,5.54054164959816,0.04054164959816031,1083.258551718702,1100.1516153186574,16.89306359995544,0.5960820377629917,0.57928799358164,-0.016794044181351775,0.6699286174835564,0.6698340303690128,-9.458711454357616e-05,5.0,6.0,1.0,197.0,196.8613771348046,-0.13862286519540135
935,True,True,0.0355602859821188,0.04051991007415103,0.004959624092032232,19.467497599472267,19.487881073017544,0.020383473545276587,4.5,4.406761077878765,-0.09323892212123486,819.8371520317579,831.386991258826,11.549839227068105,0.5692668031369331,0.5276678756993367,-0.04159892743759641,0.5760470180998338,0.5758844873862334,-0.00016253071360039506,3.0,4.0,1.0,484.5,484.3837382756794,-0.11626172432062276
936,False,False,0.3655218048581303,0.36549754187298394,-2.4262985146350502e-05,143.7661183997356,143.73821244931742,-0.02790595041818733,0.0,0.0,0.0,445.2726642360544,445.1750633649135,-0.0976008711409122,0.57176553519725,0.57169223036048,-7.33048367700384e-05,0.5716354957950964,0.57169223036048,5.673456538357602e-05,0.0,0.0,0.0,,,
937,True,True,0.3529991339966532,0.3642345071080987,0.011235373111445457,216.3395508959193,205.59425763107535,-10.745293264843951,1.5,1.700133070274024,0.20013307027402405,938.101689698688,959.6879383282443,21.58624862955628,0.6047415598229617,0.5650191714102303,-0.03972238841273146,0.6199042532968535,0.6198283871073224,-7.586618953114854e-05,3.0,5.0,2.0,176.0,175.79288010784379,-0.2071198921562143
938,True,True,0.4314137385799874,0.5180241476946219,0.08661040911463452,119.5604019493772,118.52303051758577,-1.0373714317914278,2.0,2.793794187047753,0.793794187047753,395.0299141518552,402.02898569856757,6.999071546712344,0.4882297034216565,0.3698715757038875,-0.11835812771776899,0.5028843571038935,0.5027971629676882,-8.719413620528194e-05,2.0,3.0,1.0,145.5,145.27983828259644,-0.22016171740355617
939,True,True,0.2822726330907357,0.2746349017129914,-0.007637731377744317,150.9718077066677,150.8228601629952,-0.14894754367250584,2.5,2.33561156608339,-0.16438843391660996,682.0147542486415,694.6445308354948,12.629776586853382,0.5155639883401347,0.5292552915709493,0.013691303230814578,0.6095225267588047,0.6095225267588047,0.0,3.0,4.0,1.0,0.0,0.0,0.0
940,True,True,0.1911363898624991,0.16799734642904068,-0.023139043433458406,81.428573961567,81.98360522360258,0.555031262035584,1.0,0.6804701921297238,-0.3195298078702762,476.69377138384857,493.9684459629286,17.274674579080056,0.5022875435027281,0.587981208253904,0.0856936647511759,0.6129159244245278,0.6127824712362884,-0.00013345318823942964,2.0,2.0,0.0,278.5,278.38657398897107,-0.11342601102893468
941,True,True,0.3451793945723773,0.34751706048446607,0.002337665912088782,322.4568488383318,325.32386323499816,2.8670143966663773,2.5,2.2377072699717253,-0.2622927300282747,1163.70830314513,1169.3012220393232,5.59291889419319,0.6976554721436409,0.7072879902136858,0.009632518070044949,0.7142952939807921,0.7142125363954428,-8.275758534925792e-05,1.0,1.0,0.0,1432.5,1432.0741070577524,-0.4258929422476285
942,True,True,0.1282811332121012,0.12060372743665108,-0.007677405775450105,43.855668386970926,43.69639651069304,-0.15927187627788442,1.5,1.39333835344296,-0.10666164655704002,549.993812947406,556.0683928885923,6.074579941186244,0.4772856349448942,0.5036434439783807,0.0263578090334865,0.5396095741078564,0.539464563061044,-0.0001450110468124155,3.0,3.0,0.0,257.5,257.1690442163833,-0.3309557836166732
943,True,True,0.1407642642598957,0.1387599727475875,-0.0020042915123081873,128.6416327514698,128.6687727730017,0.02714002153189199,1.5,1.3989220676827245,-0.10107793231727547,1073.2669844019351,1094.0673797143008,20.80039531236571,0.6439603735414214,0.6478781518816237,0.003917778340202238,0.6784100948336149,0.6783159443293649,-9.415050424999016e-05,3.0,4.0,1.0,372.0,371.52102128257536,-0.4789787174246385
944,True,True,0.2602758933484553,0.23925133657753123,-0.021024556770924074,89.8228032346517,90.08903484974941,0.2662316150977091,2.0,1.4284352395567117,-0.5715647604432883,489.3169019318099,499.2855073395891,9.968605407779194,0.4848214323944244,0.5341317392886502,0.04931030689422583,0.5620024221391192,0.5618543062906083,-0.0001481158485109324,2.0,2.0,0.0,410.0,409.605190074873,-0.3948099251269923
945,True,True,0.815274781475746,0.7630125870276425,-0.05226219444810343,299.94976489102163,301.3679810547194,1.418216163697764,3.0,2.307996072235984,-0.692003927764016,700.3835422760116,712.3312784975176,11.947736221506034,0.4892545510530628,0.5325985339079663,0.043343982854903484,0.5860611003463906,0.5859226749498804,-0.00013842539651021113,2.0,2.0,0.0,782.0,781.5854393782516,-0.4145606217483646
946,True,True,0.3019281513000892,0.2594254032356356,-0.04250274806445359,110.37945766734413,107.24531921594827,-3.134138451395856,2.0,1.3988727709918751,-0.6011272290081249,692.692113461006,707.8326806050386,15.140567144032616,0.4677471820967697,0.5530289802883082,0.08528179819153847,0.6632976899198944,0.6632050095577977,-9.26803620966421e-05,2.0,2.0,0.0,358.0,357.68643686427794,-0.3135631357220632
947,False,False,0.2125009292497076,0.21250121935131744,2.9010160984555e-07,98.87825038371508,98.86271309187406,-0.015537291841027923,0.0,0.0,0.0,462.8250243136559,462.7534582331569,-0.0715660804989966,0.5555115103529833,0.5554830578763817,-2.845247660154815e-05,0.5554376585041786,0.5554830578763817,4.5399372203158705e-05,0.0,0.0,0.0,,,
948,True,True,0.0867104874056811,0.08668965668765043,-2.0830718030676043e-05,37.40098118868708,37.45507043214591,0.05408924345882582,8.0,7.892032173016912,-0.10796782698308771,402.9644758417957,403.66132909882276,0.696853257027044,0.5679882019237342,0.5688922608564041,0.0009040589326698711,0.5906318321271203,0.5906318321271203,0.0,0.0,0.0,0.0,0.0,0.0,0.0
949,True,True,0.9752476926717724,0.9718614115912464,-0.0033862810805259658,570.7046055689653,571.355710374757,0.6511048057916469,30.5,29.351362754093284,-1.1486372459067162,788.4828898117288,790.8051158262904,2.322226014561579,0.3919658001462336,0.4021609334070056,0.010195133260771982,0.5490581408126524,0.5490581408126524,0.0,2.0,2.0,0.0,0.0,0.0,0.0
950,False,False,0.1449018461565702,0.14488647053898854,-1.537561758166439e-05,76.1158067248799,76.10161173374112,-0.014194991138779756,0.0,0.0,0.0,683.0117279071145,682.883103189512,-0.12862471760251992,0.5061102995978696,0.5060457324858402,-6.456711202940113e-05,0.5060282594404054,0.5060457324858402,1.747304543475714e-05,0.0,0.0,0.0,,,
951,True,True,0.2671107486207535,0.3382365428522065,0.07112579423145299,194.04682249209145,190.70962773459692,-3.3371947574945295,2.0,2.510561412048993,0.5105614120489932,852.935674889816,866.8051028017528,13.869427911936782,0.5918612630549555,0.43065912319937544,-0.16120213985558002,0.593835837298441,0.5937189591745389,-0.00011687812390215324,2.0,3.0,1.0,166.5,166.32770524429864,-0.17229475570135833
952,True,True,0.3577757359476095,0.45978367998889946,0.10200794404128999,218.5818969673652,218.2462641843915,-0.335632782973704,4.5,5.514274552511049,1.0142745525110488,744.3500416890258,748.3585161838449,4.008474494819097,0.5949760052749905,0.48351020449954085,-0.11146580077544965,0.5964646703341026,0.5963262011589596,-0.0001384691751429301,3.0,4.0,1.0,2.5,2.1868444924504735,-0.3131555075495265
953,True,True,0.4782494841297885,0.4767937905843579,-0.0014556935454306252,244.03998765846316,244.2838802670126,0.24389260854943018,2.0,1.9590516686381314,-0.040948331361868595,694.209964464515,695.1677025503768,0.9577380858618199,0.5698092085048834,0.5729732295107208,0.0031640210058374585,0.6530924890430225,0.6529558863824318,-0.00013660266059067894,1.0,1.0,0.0,1083.0,1082.5765668184936,-0.42343318150642517
954,True,True,0.4728030579774496,0.5342509594042109,0.061447901426761264,240.5881681754272,240.4057215765167,-0.1824465989105022,1.5,2.4204214904631964,0.9204214904631964,661.4417327368321,668.344719632332,6.902986895499907,0.5518524292308362,0.4569104233441823,-0.09494200588665391,0.5614343596727395,0.5613896733149942,-4.4686357745238325e-05,1.0,2.0,1.0,993.5,993.3405188665523,-0.15948113344768444
955,True,True,0.172958759854822,0.18867541646961733,0.01571665661479532,132.47676897598924,129.03421421857811,-3.4425547574111306,1.0,1.0871695628447924,0.08716956284479238,1037.0541155960905,1052.226525930605,15.172410334514552,0.6234826486033973,0.58451507666435,-0.03896757193904732,0.6269042114141389,0.6268445764196086,-5.963499453032206e-05,2.0,3.0,1.0,288.5,288.10547864868414,-0.3945213513158592
956,True,True,0.1856667957465852,0.1839000821356661,-0.0017667136109190962,80.21400320158025,80.04934407617989,-0.16465912540036243,11.0,10.824956940603421,-0.17504305939657883,715.3756937298772,717.5893729300718,2.2136792001946333,0.6013229093295627,0.6040348265400568,0.0027119172104941303,0.6119966518012829,0.6119365922912882,-6.005950999476983e-05,1.0,1.0,0.0,628.0,627.7746816331826,-0.2253183668174188
957,True,True,0.048959694572965,0.05227858659876902,0.0033188920258040225,18.730138643340915,18.603981169180976,-0.12615747415993894,1.0,1.0843739389034455,0.08437393890344547,503.0476646520141,512.4603677737111,9.412703121697064,0.5328004865075718,0.49510183465079105,-0.037698651856780785,0.5771376142563514,0.576949257570156,-0.00018835668619532342,2.0,3.0,1.0,643.0,642.8638939454793,-0.13610605452072377
958,True,True,0.3069783397088245,0.3071981070038921,0.00021976729506761883,142.67673388673427,142.77888565430786,0.1021517675735879,43.5,43.34322394592489,-0.15677605407510953,588.5095659661557,588.3874063476763,-0.12215961847937251,0.3757324850841087,0.37712310946706595,0.0013906243829572285,0.5160430833713916,0.5158703810266134,-0.00017270234477817503,3.0,3.0,0.0,155.5,155.1224459977688,-0.37755400223119295
959,True,True,0.144778052319817,0.11237403309604695,-0.03240401922377005,39.62106179372263,39.88629236194864,0.2652305682260092,1.0,0.5155035974050407,-0.4844964025949593,359.72923939533825,397.47969403491646,37.75045463957821,0.3962625408188545,0.5103901254006976,0.11412758458184313,0.584289036714498,0.5841973321155766,-9.170459892138272e-05,1.0,1.0,0.0,460.0,459.67263058261415,-0.327369417385853
960,False,False,0.1064832084547358,0.10648535144110365,2.1429863678451566e-06,49.83515221686729,49.82792864099056,-0.007223575876736277,0.0,0.0,0.0,442.0669216685927,442.0089940831454,-0.05792758544731669,0.4782969234870146,0.47825467798964777,-4.2245497366810714e-05,0.4782039710050507,0.47825467798964777,5.0706984597082005e-05,0.0,0.0,0.0,,,
961,False,False,0.1294394041683339,0.12943866866024217,-7.355080917370582e-07,89.43611129643693,89.41328592872803,-0.02282536770890431,0.0,0.0,0.0,698.8625083411306,698.6841512012537,-0.17835713987687996,0.5348835156133971,0.5348189601116147,-6.455550178241509e-05,0.5348107096413067,0.5348189601116147,8.250470307946678e-06,0.0,0.0,0.0,,,
962,True,True,0.0731585048294264,0.07219092034868771,-0.0009675844807386924,43.2450617724822,43.21287764646079,-0.03218412602141285,0.5,0.4806116045569071,-0.0193883954430929,944.8320052804416,947.4553320577355,2.623326777293869,0.6288164551040755,0.6346621279961588,0.005845672892083376,0.723050008501139,0.7229652020001374,-8.48065010016219e-05,1.0,1.0,0.0,1107.0,1106.5331095616207,-0.4668904383793233
963,True,True,0.3433819661948295,0.38474118982783173,0.04135922363300221,193.6755644751799,193.3543230405908,-0.3212414345890977,0.5,0.9281970311130863,0.42819703111308627,939.6854554831862,940.8203887436657,1.1349332604795563,0.6488442870423881,0.5634293044339849,-0.08541498260840319,0.6502425691203153,0.6501816681292076,-6.090099110767078e-05,1.0,2.0,1.0,1404.5,1404.2272600952901,-0.27273990470985154
964,True,True,0.1503444952798331,0.14923321206510212,-0.0011112832147309737,70.5914450800338,70.54548920019835,-0.04595587983544647,0.5,0.46994250106508856,-0.030057498934911442,519.9162829245236,520.3358529994217,0.4195700748981608,0.6848277445360407,0.6892591743810211,0.004431429844980461,0.7284544752403713,0.7284143083399466,-4.016690042474291e-05,1.0,1.0,0.0,666.0,665.8534841540719,-0.14651584592809286
965,True,True,0.3650494806415818,0.3471460875369656,-0.01790339310461625,240.4096898358585,238.41982084424535,-1.9898689916131502,1.0,0.8782543764042203,-0.12174562359577967,1142.6137820752897,1147.6793740623314,5.065591987041671,0.5994143358985385,0.6227069545148234,0.023292618616284844,0.7007660057702705,0.7006887332020257,-7.727256824474615e-05,2.0,2.0,0.0,998.0,997.8265429470671,-0.17345705293291758
966,True,True,0.6417267161049985,0.626223197816961,-0.015503518288037532,262.4563997732481,262.80952866236765,0.3531288891195459,3.5,2.9937641171040026,-0.5062358828959974,685.4502253743461,693.7662194311374,8.315994056791283,0.4918907114808011,0.5073488697006396,0.015458158219838536,0.5094243669147209,0.5092999602209805,-0.0001244066937404753,5.0,6.0,1.0,495.0,494.86285383211833,-0.13714616788166722
967,True,True,0.2039379599885048,0.20509711045615256,0.0011591504676477515,126.0265220299366,126.63071577093734,0.6041937410007421,3.5,3.2645216612319947,-0.23547833876800528,588.6667891589323,590.86540597783,2.19861681889779,0.4619980091632787,0.46961507640626643,0.007617067242987718,0.5547157492590828,0.5547022367688207,-1.3512490262157506e-05,1.0,1.0,0.0,987.0,986.929213038298,-0.07078696170196963
968,True,True,0.2056194847267034,0.19914158187273373,-0.00647790285396968,157.88451288670916,157.96496637584298,0.08045348913381645,1.5,1.3960019209713213,-0.10399807902867875,948.4412962349808,956.5026324567252,8.061336221744455,0.5513597908989812,0.5707656034122045,0.019405812513223264,0.5850625038541677,0.5849720311645638,-9.047268960393762e-05,3.0,3.0,0.0,342.5,342.09796716110486,-0.4020328388951384
969,True,True,0.5960945173574091,0.6407223972635583,0.04462787990614914,433.0178098817328,433.41474593457053,0.39693605283775923,4.0,5.580261406674977,1.5802614066749774,1143.5186706000643,1152.475040756881,8.956370156816774,0.7196785124817608,0.5796452653677451,-0.14003324711401577,0.734912017757186,0.7347884452718636,-0.0001235724853223541,2.0,3.0,1.0,724.5,724.3478710543249,-0.15212894567514468
970,True,True,0.5633874641796358,0.44194447937937925,-0.12144298480025656,198.39608181738495,187.49614041135808,-10.89994140602687,2.5,1.6939908623346132,-0.8060091376653868,825.4687807347229,847.4675890989699,21.998808364246997,0.3131985625002984,0.40484493628678686,0.09164637378648843,0.5675294624932826,0.5674887831129408,-4.067938034180152e-05,2.0,2.0,0.0,292.0,291.7310213503901,-0.2689786496098918
971,True,True,0.6935473306877326,0.6394138605147193,-0.05413347017301329,296.94643754998424,297.6025416863451,0.6561041363608524,4.5,3.779108305135744,-0.7208916948642559,663.1193319374939,678.8583842842131,15.739052346719177,0.3885966772593423,0.4334696078580841,0.044872930598741756,0.5381303100999555,0.5380021074613578,-0.00012820263859769643,2.0,2.0,0.0,264.0,263.5094744424395,-0.4905255575604883
972,True,True,0.4310447268704369,0.44019915956424405,0.009154432693807169,279.4255328522152,279.9515686464765,0.5260357942613041,7.5,7.0338354451756375,-0.4661645548243625,1077.9734250143538,1078.1257804339043,0.15235541955053122,0.5928839327462158,0.61110876723245,0.018224834486234243,0.7491382680855716,0.7490261926231816,-0.00011207546239000443,3.0,3.0,0.0,422.0,421.5844337274215,-0.41556627257847367
973,False,False,0.1508067503998726,0.1507847669865027,-2.1983413369897065e-05,83.39992256036837,83.37901240201937,-0.020910158348996788,0.0,0.0,0.0,753.267304954769,753.090334430206,-0.17697052456298934,0.5358848917286828,0.5358129493248354,-7.194240384744699e-05,0.5358058103063847,0.5358129493248354,7.139018450619261e-06,0.0,0.0,0.0,,,
974,False,False,0.0990268358266803,0.09902630877596702,-5.270507132809632e-07,59.30940245679722,59.31064240381333,0.0012399470161099657,0.0,0.0,0.0,619.6764159913437,619.6844963608165,0.00808036947285018,0.5090868058884189,0.509064631255721,-2.2174632697935515e-05,0.5089957388482593,0.509064631255721,6.889240746166259e-05,0.0,0.0,0.0,,,
975,False,False,0.1957467261815334,0.19574221542944253,-4.5107520908749255e-06,99.15287695568092,99.13230469807782,-0.020572257603106436,0.0,0.0,0.0,531.5419330461422,531.4233433065208,-0.11858973962137043,0.6761462408577839,0.676108096021762,-3.814483602182506e-05,0.6760645167793247,0.676108096021762,4.3579242437363774e-05,0.0,0.0,0.0,,,
976,True,True,0.3914074744414004,0.38745994374724924,-0.003947530694151158,151.38505373280495,151.49468893501992,0.10963520221497447,3.0,2.790450702077943,-0.2095492979220568,636.7207193090817,637.8623418409525,1.1416225318707802,0.4422051853082926,0.4563208187093436,0.014115633401050987,0.5573989918240878,0.5573118003877483,-8.719143633950655e-05,2.0,2.0,0.0,993.5,993.3946089762352,-0.10539102376480969
977,False,False,0.2161564878748357,0.2161532791617352,-3.2087131004998604e-06,60.52220154687721,60.5285966783827,0.006395131505485097,0.0,0.0,0.0,317.38522679634565,317.3974209015708,0.012194105225148633,0.4159900871011457,0.41598081831889233,-9.268782253379904e-06,0.4159059509773227,0.41598081831889233,7.486734156963992e-05,0.0,0.0,0.0,,,
978,True,True,0.364001666664709,0.3628976510187734,-0.0011040156459355965,118.19773725414214,118.23363369133457,0.035896437192434405,1.0,0.9745146917004605,-0.025485308299539544,424.1989963227706,424.3947486681554,0.1957523453847898,0.5731231300814952,0.5749143179515988,0.0017911878701035722,0.6471873417563865,0.6471130896002621,-7.425215612433256e-05,1.0,1.0,0.0,793.5,793.3230125151267,-0.17698748487327975
979,True,True,0.0180764956524393,0.018347521225492804,0.0002710255730535051,11.690735544825888,11.71993850002748,0.029202955201592218,9.0,8.671802088973331,-0.3281979110266686,507.9926570401326,508.25298532723434,0.2603282871017427,0.5774803345084065,0.5805006161555675,0.0030202816471609495,0.6864031156777554,0.6864000288803941,-3.0867973612735966e-06,1.0,1.0,0.0,660.0,659.9830451209127,-0.01695487908727955
980,True,True,0.2206984487271852,0.21829591428664075,-0.002402534440544446,101.02676394721296,102.45908266850994,1.43231872129698,6.0,5.332311534145263,-0.6676884658547371,531.9541986586543,537.9565873196627,6.002388661008467,0.4212170379174808,0.445433537662466,0.024216499744985243,0.5404811689302645,0.5404811689302644,-1.1102230246251565e-16,1.0,1.0,0.0,0.0,0.0,0.0
981,True,True,0.3134945490792083,0.29879947679101304,-0.014695072288195277,143.17311281944555,138.81147953165606,-4.361633287789488,3.0,2.8480526104569446,-0.15194738954305542,771.8320563670246,809.2207698273035,37.38871346027884,0.4763902672263215,0.47601832773808095,-0.0003719394882405469,0.5562866219254029,0.5561741290528993,-0.00011249287250358897,3.0,4.0,1.0,94.0,93.54309530519718,-0.4569046948028159
982,True,True,0.4241215449738692,0.3706140856935434,-0.0535074592803258,196.81376376446104,192.4329044519524,-4.3808593125086475,1.0,0.6665321120759472,-0.3334678879240528,825.3177184170511,849.0811269110941,23.763408494043006,0.576614953968372,0.6263154139586341,0.04970045999026207,0.6744368228751505,0.6742969229687208,-0.00013989990642970795,2.0,3.0,1.0,928.5,928.3997765556268,-0.10022344437322772
983,True,True,0.9935628413300348,0.993025693318443,-0.0005371480115917704,582.9595029383572,591.5146962394397,8.555193301082454,15.5,14.249221267108775,-1.2507787328912254,803.8243942773674,812.2112315638042,8.38683728643673,0.4444329959979675,0.4838119852308644,0.0393789892328969,0.5157080070415445,0.5155883231069625,-0.00011968393458205995,4.0,4.0,0.0,626.0,625.9014745342672,-0.09852546573279142
984,True,True,0.4362550502982101,0.4227241126351012,-0.013530937663108922,202.35456949699253,202.77566200353783,0.42109250654530683,4.0,3.647567665379031,-0.352432334620969,708.8536916378015,713.2378538437996,4.384162205998109,0.4556705325330639,0.481778247973518,0.026107715440454093,0.6460783800020568,0.6460002113693112,-7.816863274556773e-05,2.0,2.0,0.0,767.5,767.3248375478241,-0.17516245217586857
985,True,True,0.2429048675702175,0.20865608094263777,-0.03424878662757974,68.83305912216042,68.03946023165636,-0.7935988905040574,4.0,3.018173084274169,-0.981826915725831,729.5850818501752,740.6763854000618,11.091303549886561,0.3265447228209381,0.4081889437934898,0.0816442209725517,0.5403473644617115,0.540233061577216,-0.00011430288449554293,3.0,3.0,0.0,221.5,221.15468745442385,-0.34531254557614943
986,True,True,0.9970592268304116,0.9984844302426585,0.0014252034122469448,646.8326139171978,650.5961595797381,3.7635456625403094,34.0,38.300963492028224,4.300963492028224,765.6600571566547,768.7814561206887,3.1213989640340287,0.5400164297791462,0.44731972368016587,-0.09269670609898034,0.5535592684452153,0.5533289452377229,-0.00023032320749238888,6.0,7.0,1.0,71.0,70.59016202948723,-0.4098379705127684
987,True,True,0.3829746322059362,0.400255530013527,0.01728089780759079,186.7874891486727,189.95594616468154,3.16845701600883,4.5,4.5055456628731925,0.0055456628731924695,804.8716432631642,821.7195187587585,16.84787549559428,0.5183142272180964,0.4792195632154002,-0.03909466400269618,0.5191960985134059,0.5191119017645194,-8.41967488864892e-05,3.0,4.0,1.0,103.0,102.71675366366533,-0.28324633633467045
988,True,True,0.2354419272207692,0.21881550715926273,-0.01662642006150647,151.54203901966864,151.55293423450905,0.010895214840417111,2.0,1.6582996857760015,-0.3417003142239985,904.0856365472838,918.2210623966424,14.135425849358626,0.5137730446615416,0.5539210133829203,0.04014796872137871,0.6017169955804911,0.601644354650694,-7.264092979708536e-05,2.0,2.0,0.0,848.5,848.2165341990002,-0.28346580099980656
989,True,True,0.5934636952989091,0.5558605822938042,-0.03760311300510488,273.2256263416692,280.52407534010314,7.298448998433912,7.0,5.746140212833413,-1.2538597871665873,795.3417243106934,816.4479639173785,21.106239606685108,0.4117239354657925,0.49733123768209253,0.08560730221630003,0.5031856859111742,0.5030169511955187,-0.00016873471565548304,5.0,5.0,0.0,141.5,141.06039619061548,-0.43960380938452204
990,True,True,0.2889417756946578,0.26455969920106376,-0.02438207649359403,120.43336886367535,122.08841208533869,1.655043221663334,4.0,3.470054306605018,-0.529945693394982,554.690587598173,579.9518198375305,25.26123223935747,0.4128559341030323,0.4585702902205423,0.04571435611751001,0.5956521556011624,0.5956521556011622,-1.1102230246251565e-16,1.0,1.0,0.0,0.0,0.0,0.0
991,True,True,0.9449799196256704,0.9511076322619257,0.006127712636255334,450.4722859742253,440.065830113231,-10.4064558609943,7.5,7.852635635522883,0.3526356355228826,944.8287552555356,967.2430356381255,22.414280382589936,0.513379646069144,0.4799846941289804,-0.033394951940163564,0.5688587521372214,0.5686723567360237,-0.00018639540119769205,5.0,6.0,1.0,282.5,282.4037904564801,-0.0962095435198762
992,False,False,0.0983396149019851,0.09834074114367697,1.1262416918650375e-06,74.21122103042852,74.2091789178171,-0.002042112611420066,0.0,0.0,0.0,699.6974008446291,699.6908222549833,-0.006578589645755528,0.5668384240785339,0.5668137486248648,-2.467545366913182e-05,0.566749081799,0.5668137486248648,6.466682586481198e-05,0.0,0.0,0.0,,,
993,True,True,0.3910117407070085,0.39258983871226394,0.001578098005255435,270.8624197325477,271.71265317588296,0.8502334433352416,9.5,9.35695723659008,-0.14304276340991962,843.0007445579109,843.9954903377122,0.994745779801292,0.5073477090176197,0.5090738795989379,0.0017261705813181871,0.592361252230066,0.5923269829597277,-3.4269270338227464e-05,1.0,1.0,0.0,1112.0,1111.8044677810801,-0.1955322189198796
994,True,True,0.1358184851709117,0.11960911673693776,-0.016209368433973928,41.59611292079813,42.11813812734111,0.5220252065429847,1.0,0.532133777748095,-0.467866222251905,349.9758207915397,367.75635135149525,17.780530559955537,0.4361161651532724,0.5089890047216404,0.07287283956836804,0.5368388084114439,0.5367203814138849,-0.00011842699755904018,1.0,1.0,0.0,602.5,602.2035134436868,-0.296486556313198
995,True,True,0.044453153901283,0.042273578042945285,-0.0021795758583377164,14.698617804074392,14.547103145979282,-0.15151465809510967,1.5,1.3775842581992042,-0.12241574180079584,443.3288477978383,452.59079892738197,9.261951129543661,0.4162208427506986,0.43075197095927203,0.01453112820857344,0.5228017541743325,0.5227967255590393,-5.028615293167782e-06,1.0,1.0,0.0,436.5,436.4789974832138,-0.021002516786211345
996,True,True,0.0998766922228318,0.0736941917581539,-0.02618250046467789,45.872910463488935,44.829940800811926,-1.0429696626770095,1.0,0.5680594822624699,-0.43194051773753006,845.5107338995003,913.1346685845366,67.62393468503626,0.4356120072557362,0.5456736157931276,0.11006160853739139,0.6831267231641122,0.6831140043347287,-1.2718829383473462e-05,1.0,1.0,0.0,959.0,958.887101610623,-0.11289838937705099
997,True,True,0.9991433260353716,0.9990500456184767,-9.328041689493638e-05,793.7242438697992,799.7485410702018,6.024297200402543,10.0,9.447863887972183,-0.5521361120278172,1026.108583967451,1032.2936822284958,6.185098261044686,0.7034578619438887,0.7188578868585451,0.015400024914656418,0.7467861759102941,0.7466117442950209,-0.00017443161527319617,2.0,2.0,0.0,1011.0,1010.5606790091563,-0.43932099084372567
998,True,True,0.0764322634621009,0.06135986270603275,-0.015072400756068152,39.35652521582413,37.984435747596685,-1.3720894682274434,1.0,0.6145161607186311,-0.38548383928136887,877.6775489106441,907.5653018837493,29.887752973105194,0.58149893247897,0.6633840879232407,0.08188515544427066,0.6965818760039496,0.6964673378571361,-0.00011453814681350316,2.0,3.0,1.0,776.5,776.2617144033956,-0.2382855966044417
999,True,True,0.0739838694403141,0.07152254887804994,-0.002461320562264155,54.93169010297677,54.92181424867605,-0.009875854300723574,3.0,2.590577184560244,-0.4094228154397559,953.5427528237254,955.7373035514221,2.194550727696651,0.5258978871257919,0.5441610396553732,0.018263152529581328,0.6059970476504996,0.6059344598065217,-6.25878439778349e-05,2.0,2.0,0.0,1222.0,1221.7206335063024,-0.27936649369758015
1000,True,True,0.1315604668850571,0.13112610430777077,-0.00043436257728632355,103.08947456163732,103.05724050190796,-0.032234059729361775,4.5,4.420026660576697,-0.07997333942330265,994.5592684430038,995.2963959584827,0.7371275154788464,0.6749277181029887,0.6764189184992901,0.001491200396301462,0.7257355475123369,0.7257136686179644,-2.1878894372551194e-05,1.0,1.0,0.0,976.0,975.7937789297595,-0.20622107024053093
1001,False,False,0.1490935156286267,0.1490838471385958,-9.668490030895205e-06,63.54047965501574,63.52109277739053,-0.019386877625208854,0.0,0.0,0.0,471.0550129778977,470.9078399634282,-0.1471730144695016,0.4888523751221448,0.4887980987793284,-5.427634281640614e-05,0.4887811095083078,0.4887980987793284,1.6989271020617647e-05,0.0,0.0,0.0,,,
1002,True,True,0.0731936375987619,0.07268073590426212,-0.0005129016944997733,61.44142069560876,61.54986383966503,0.10844314405626676,8.0,7.540509331086641,-0.4594906689133591,926.09320078012,929.3788508984994,3.285650118379408,0.6363726637508391,0.6435518214235005,0.007179157672661418,0.686022896083875,0.6859780969703856,-4.4799113489424336e-05,1.0,1.0,0.0,1308.5,1308.3154832462737,-0.18451675372625687
1003,True,True,0.0770124418330513,0.06931194376098433,-0.007700498072066964,25.732849912341678,25.751320179107612,0.01847026676593444,1.0,0.6507729002740235,-0.34922709972597654,405.053548138696,409.69628237580605,4.642734237110062,0.4418766479025193,0.4930437916223157,0.051167143719796415,0.588193928286785,0.5881791500000932,-1.477828669171899e-05,1.0,1.0,0.0,780.0,779.9510344219289,-0.04896557807114732
1004,True,True,0.2013259289782958,0.20018668009295598,-0.0011392488853398108,171.38237445530737,172.36331851160642,0.9809440562990517,2.5,2.052825609373395,-0.4471743906266048,989.25610210775,995.137359997971,5.8812578902209225,0.6181473748854247,0.6366473362740008,0.018499961388576125,0.7479272402246923,0.7479132690755077,-1.397114918455511e-05,1.0,1.0,0.0,1466.0,1465.9372288174268,-0.0627711825732149
1005,True,True,0.6610964419262755,0.680518813663894,0.019422371737618516,296.99308195164207,299.95808826244826,2.9650063108061886,2.5,2.4368271800689407,-0.06317281993105928,887.7858762272148,906.706921198606,18.92104497139121,0.5096414626958461,0.4769496476174,-0.032691815078446096,0.5774286770144492,0.5772369272975852,-0.0001917497168639759,3.0,4.0,1.0,847.5,847.0646938505746,-0.4353061494254007
1006,True,True,0.9999901744205482,0.9999674974966469,-2.267692390123255e-05,652.7340955063883,642.6617083567614,-10.07238714962682,30.5,26.848712985115824,-3.6512870148841756,898.4116777434499,911.2410303146992,12.829352571249274,0.3860226883880545,0.43251172107962776,0.046489032691573284,0.6714888872929012,0.6714888872929011,-1.1102230246251565e-16,3.0,3.0,0.0,0.0,0.0,0.0
1007,True,True,0.4497379221299457,0.3957374078616268,-0.05400051426831887,272.66436278216185,270.4994941091453,-2.1648686730165423,1.5,1.0047616284165997,-0.49523837158340034,1023.6120191820416,1057.1523333688035,33.54031418676186,0.5470110854508574,0.6206307348567475,0.07361964940589005,0.623756214584576,0.6237132239706955,-4.299061388046699e-05,3.0,4.0,1.0,762.5,762.4652485335915,-0.0347514664084656
1008,True,True,0.6885210348254884,0.5752649839910403,-0.11325605083444812,440.83997642977977,405.6351704917861,-35.20480593799368,2.0,1.4265242114197465,-0.5734757885802535,1236.2231302790583,1272.8829144972162,36.65978421815794,0.6788275336303351,0.7316686974673091,0.052841163836974014,0.7453408019894106,0.7452378003546294,-0.00010300163478116353,4.0,5.0,1.0,486.0,485.5982749074447,-0.40172509255529576
1009,True,True,0.7503846241949478,0.7284827219954613,-0.02190190219948651,452.5121862973023,446.85612034612467,-5.656065951177652,3.5,3.183281175931917,-0.31671882406808294,1202.250507473729,1212.4343820770773,10.183874603348386,0.7283494879809214,0.7426185222822904,0.014269034301369055,0.7464568346506729,0.7463130715265265,-0.00014376312414643433,2.0,2.0,0.0,741.5,741.2815755191299,-0.21842448087011235
1010,True,True,0.102090997089685,0.10343508605060259,0.0013440889609175888,105.98203702393604,107.12902525699634,1.1469882330602985,5.5,5.194017495115984,-0.3059825048840157,1043.3826363236367,1049.5085547403937,6.125918416757031,0.5386937180308227,0.5463962315828435,0.007702513552020784,0.6446751630746336,0.6446223377895591,-5.282528507444262e-05,1.0,1.0,0.0,1146.0,1145.6166428632378,-0.3833571367622426
1011,True,True,0.3135987113373801,0.28970336280663433,-0.023895348530745764,191.804352730617,190.7405753146724,-1.0637774159445996,4.0,3.4954339249350617,-0.5045660750649383,1039.6279091347508,1044.8960021232192,5.268092988468425,0.4726931922493412,0.5123179861142779,0.039624793864936725,0.6679763502626508,0.6678657716226633,-0.00011057863998753525,2.0,2.0,0.0,1122.5,1122.1299440583643,-0.37005594163565547
1012,False,False,0.1534874677184278,0.15349122486470426,3.7571462764562913e-06,64.68408640116878,64.67345974463505,-0.010626656533730738,0.0,0.0,0.0,397.3565587332653,397.30231149263454,-0.05424724063072972,0.6462764931669094,0.646223594605682,-5.2898561227365803e-05,0.646126937421968,0.646223594605682,9.665718371398846e-05,0.0,0.0,0.0,,,
1013,True,True,0.1880357478064629,0.17010518655999385,-0.01793056124646905,74.00144087419673,72.92030733977548,-1.0811335344212551,1.5,1.3791878284479029,-0.12081217155209711,572.7176905539817,582.2107120151996,9.49302146121795,0.5199779934444908,0.5527823672679386,0.03280437382344781,0.5763699812424509,0.5762535889398939,-0.00011639230255700017,3.0,3.0,0.0,80.0,79.73154681184361,-0.26845318815638564
1014,True,True,0.5764720866330167,0.5604434631492831,-0.016028623483733684,212.65700899768345,213.52091078291554,0.8639017852320876,5.5,5.014736962452297,-0.4852630375477034,565.2740367073739,570.1142310311865,4.840194323812625,0.4164640653682624,0.4360369158665105,0.019572850498248084,0.5494171028553188,0.5492206085750451,-0.00019649428027368465,2.0,2.0,0.0,469.5,469.00367316910445,-0.49632683089555485
1015,True,True,0.1429274067587203,0.15432443421830497,0.01139702745958468,66.22062694695897,65.64880852107606,-0.5718184258829098,0.5,0.638386942271609,0.13838694227160897,582.2938546137448,595.3849743121433,13.09111969839853,0.6930368371671672,0.6212191984897695,-0.07181763867739777,0.7244380706803615,0.72434478125585,-9.328942451147793e-05,1.0,2.0,1.0,597.0,596.7350362692554,-0.26496373074462554
1016,False,False,0.0496412554084048,0.04964126066553392,5.257129120916915e-09,18.47240957055386,18.473961935438524,0.0015523648846631488,0.0,0.0,0.0,320.6173743397205,320.67516348510054,0.05778914538001345,0.4896175251289542,0.48961742895207466,-9.617687951601894e-08,0.4894709667554798,0.48961742895207466,0.00014646219659486537,0.0,0.0,0.0,,,
1017,True,True,0.6284786688051511,0.54869062483979,-0.0797880439653611,213.09266516624092,208.97903959331282,-4.1136255729281,3.5,2.4447663490485874,-1.0552336509514126,604.9393019735265,618.2480664067792,13.30876443325269,0.478978981291153,0.5445591450067453,0.06558016371559228,0.5912219180026507,0.5911548727933559,-6.704520929479152e-05,3.0,3.0,0.0,106.5,106.35571070850825,-0.14428929149174508
1018,False,False,0.0923007380425052,0.09230059282020545,-1.45222299754999e-07,27.07788126981976,27.07240144887951,-0.005479820940248459,0.0,0.0,0.0,293.2026608592181,293.14388498212253,-0.058775877095570195,0.436256866060625,0.4362080807458689,-4.87853147561057e-05,0.4361501148311413,0.4362080807458689,5.796591472762014e-05,0.0,0.0,0.0,,,
1019,True,True,0.1713153952524255,0.17587398829856368,0.004558593046138176,98.1804179313966,99.05643084559748,0.8760129142008708,7.5,7.021769234264495,-0.47823076573550516,499.3744898725668,501.7397967045386,2.365306831971793,0.4860631283602543,0.49784358584485744,0.011780457484603157,0.5506525516712555,0.550539675954883,-0.00011287571637252913,2.0,2.0,0.0,413.5,413.11511585518525,-0.3848841448147482
1020,True,True,0.120043864019897,0.1055092360162147,-0.014534628003682298,38.63680714104995,39.22464160703021,0.5878344659802579,1.0,0.6605544692254627,-0.3394455307745373,335.028729854758,372.83153538149753,37.80280552673952,0.4488678377540809,0.5144424728503914,0.06557463509631045,0.5263819016819354,0.5262734649429668,-0.00010843673896865358,1.0,1.0,0.0,218.5,218.10510118466982,-0.3948988153301798
1021,True,True,0.4133449236633199,0.3926765198155887,-0.020668403847731165,224.4305447209564,224.15276019445957,-0.2777845264968164,5.0,4.452474512968912,-0.5475254870310877,789.4603805585056,800.7230309548274,11.262650396321874,0.4569347431139664,0.48398276330062534,0.027048020186658916,0.5354829890422098,0.5354458757695328,-3.711327267696962e-05,2.0,2.0,0.0,594.5,594.3145755351576,-0.18542446484241282
1022,False,False,0.0871491149898014,0.08714435083854227,-4.764151259120664e-06,35.16161435849562,35.159062744726945,-0.002551613768673633,0.0,0.0,0.0,473.8782579075625,473.8210584388958,-0.05719946866668124,0.5164723732902763,0.5164436435426134,-2.8729747662881167e-05,0.516396031700172,0.5164436435426134,4.761184244139738e-05,0.0,0.0,0.0,,,
1023,True,True,0.2284422176749113,0.2206229452429216,-0.00781927243198971,172.21634056629597,168.8518889148588,-3.3644516514371787,1.5,1.3060684323601894,-0.19393156763981056,962.5309752070756,1015.2459783348468,52.71500312777118,0.5847627415141845,0.5937661296586666,0.009003388144482094,0.620470643295448,0.6203783914707559,-9.225182469208004e-05,3.0,6.0,3.0,100.5,100.01235535590244,-0.48764464409755703
1024,False,False,0.3657839257830433,0.36577623505955087,-7.690723492437268e-06,232.90054637201845,232.92031197676275,0.01976560474429334,0.0,0.0,0.0,782.2993119795816,782.3155007493987,0.016188769817063076,0.6591837732088508,0.6591642517645426,-1.9521444308168157e-05,0.6590816362507614,0.6591642517645426,8.261551378119236e-05,0.0,0.0,0.0,,,
1025,True,True,0.105951369692957,0.11114462389991005,0.005193254206953046,120.72300749463012,125.73575406000998,5.012746565379857,5.0,3.9541865411913046,-1.0458134588086954,1178.274290992053,1201.7481080104928,23.47381701843983,0.608663024654173,0.6338828992510163,0.025219874596843272,0.6946529721159134,0.6945412295748256,-0.00011174254108781145,5.0,7.0,2.0,417.5,417.21958194573546,-0.280418054264544
1026,False,False,0.0902235066188978,0.09021953397314544,-3.972645752359227e-06,21.71209377981804,21.709126769597184,-0.0029670102208569915,0.0,0.0,0.0,261.3563331275749,261.31363273352815,-0.04270039404673298,0.41256486022173,0.4125057286536003,-5.9131568129699996e-05,0.4124315574003504,0.4125057286536003,7.417125324987728e-05,0.0,0.0,0.0,,,
1027,True,True,0.3156547868514406,0.26984609771635987,-0.04580868913508074,112.79133491245562,113.26057365625404,0.4692387437984138,1.0,0.5202628995582929,-0.47973710044170714,504.6305983581255,516.4722216171871,11.841623259061578,0.410936101131288,0.5039683185407511,0.0930322174094631,0.5055833677867695,0.5055197193439567,-6.364844281281368e-05,2.0,2.0,0.0,792.5,792.2742348322975,-0.22576516770254784
1028,True,True,0.1114317229240239,0.11431955115332562,0.0028878282293017254,47.551223490961696,45.146049066051575,-2.405174424910122,1.0,0.9791425551404246,-0.020857444859575414,695.296550950994,723.9454156707382,28.64886471974421,0.4700192426169263,0.4586105420392842,-0.011408700577642095,0.5117834623261479,0.5117581639509998,-2.5298375148086194e-05,2.0,3.0,1.0,545.0,544.9532360794722,-0.0467639205278374
1029,False,False,0.0938264111112519,0.09382683979134669,4.286800947966851e-07,50.59167471341768,50.595884901897016,0.004210188479333965,0.0,0.0,0.0,461.97261358156857,462.048016750557,0.07540316898843002,0.6037330324009273,0.6037270060566944,-6.026344232967773e-06,0.6035692048391946,0.6037270060566944,0.0001578012174997534,0.0,0.0,0.0,,,
1030,False,False,0.2426266215340639,0.24262375321356214,-2.86832050175323e-06,121.66100872680369,121.6752145769424,0.014205850138708342,0.0,0.0,0.0,544.1528966624741,544.1967532619593,0.043856599485252445,0.7329784591107964,0.7329417281685693,-3.673094222711448e-05,0.7327950236354088,0.7329417281685693,0.00014670453316045773,0.0,0.0,0.0,,,
1031,True,True,0.273852869998261,0.27435441836943,0.0005015483711690027,152.61018821507838,155.2548427552529,2.644654540174514,10.0,9.1779790568631,-0.8220209431369003,718.4388689185639,722.3492115370925,3.9103426185286025,0.2945261656752102,0.316862640666123,0.02233647499091279,0.5219746274318385,0.5218954985805528,-7.912885128569247e-05,2.0,2.0,0.0,503.5,503.18124307028125,-0.31875692971874514
1032,True,True,0.0507227982527061,0.046944765229791977,-0.003778033022914122,21.871127411083208,22.373677886064925,0.5025504749817173,1.5,1.0348464183043689,-0.46515358169563115,429.1210020106107,455.7371105623554,26.616108551744674,0.5255604912543065,0.5929828270722072,0.06742233581790069,0.6338120602650874,0.6337141273202392,-9.793294484816695e-05,1.0,1.0,0.0,456.0,455.72770200139803,-0.2722979986019709
1033,True,True,0.2773234057176395,0.27106863184865193,-0.006254773868987595,108.41999404940816,108.30399389892938,-0.11600015047878287,2.5,2.114733738108772,-0.3852662618912279,544.5452585977638,547.8092270562453,3.263968458481486,0.584415308181237,0.5948686084860086,0.010453300304771651,0.7218791768114988,0.7218617972699988,-1.7379541500051054e-05,1.0,1.0,0.0,612.5,612.44382439298,-0.05617560702000901
1034,True,True,0.263642199446411,0.2554373875369991,-0.008204811909411858,169.20881446234748,168.24726693816666,-0.9615475241808156,7.0,6.538602124789025,-0.46139787521097464,814.8911601173269,828.0068262956399,13.115666178313063,0.5046236127599946,0.5146946163389469,0.010071003578952298,0.5246771356549285,0.5246466848131736,-3.0450841754903202e-05,1.0,1.0,0.0,574.0,573.8116156597513,-0.1883843402487173
1035,False,False,0.2336828639065518,0.23363749930715283,-4.536459939896709e-05,53.8816439573558,53.86387812319812,-0.01776583415767874,0.0,0.0,0.0,293.8119996238914,293.70204243544305,-0.10995718844833391,0.4895707363144089,0.4894743176604822,-9.641865392667759e-05,0.4894254808385551,0.4894743176604822,4.883682192713401e-05,0.0,0.0,0.0,,,
1036,True,True,0.4590680280501389,0.43895388216954906,-0.02011414588058985,214.09029702033467,213.4918821723445,-0.5984148479901705,3.0,2.566411186906045,-0.43358881309395514,694.1254213657354,701.5231651075624,7.397743741826957,0.5863567661176999,0.605532850789187,0.019176084671487015,0.698456209170372,0.6983912238926724,-6.498527769960294e-05,1.0,1.0,0.0,929.0,928.7920439530805,-0.2079560469195485
1037,True,True,0.1398370971393858,0.13952027135607614,-0.00031682578330965994,28.77018223670077,28.74353114997469,-0.026651086726079853,6.5,6.473927879525575,-0.026072120474425198,360.9006964358053,360.95529386626646,0.054597430461171825,0.490262664306373,0.4906686386661985,0.00040597435982547836,0.510554223055967,0.5104834827199035,-7.074033606346841e-05,1.0,1.0,0.0,438.0,437.8465518161703,-0.1534481838297097
1038,False,False,0.2505744496122585,0.25055191212948685,-2.2537482771645134e-05,119.44024869449032,119.40329973797161,-0.03694895651871377,0.0,0.0,0.0,547.7937197829124,547.6186218772465,-0.17509790566589345,0.5740177701326399,0.5739572934456251,-6.0476687014809904e-05,0.5739387486544227,0.5739572934456251,1.8544791202335098e-05,0.0,0.0,0.0,,,
1039,True,True,0.5566261165640765,0.5804910148328318,0.023864898268755375,230.35554632191307,226.79164809474702,-3.5638982271660495,2.5,2.342501271481161,-0.15749872851883895,832.8269169275468,843.9068969634026,11.079980035855783,0.6166010052089016,0.5929927885744811,-0.023608216634420476,0.6185224267634581,0.6183451675416884,-0.00017725922176969888,3.0,4.0,1.0,780.5,780.2647671429452,-0.23523285705482522
1040,True,True,0.1012150254809137,0.10554351873504729,0.004328493254133592,117.72594030401147,118.54590424673515,0.8199639427236747,2.0,1.9400014556944378,-0.059998544305562174,1280.131725455064,1294.0736843406373,13.941958885573285,0.7096561253164965,0.6844353143100983,-0.02522081100639817,0.7362874162845909,0.7362493253120822,-3.8090972508730836e-05,2.0,3.0,1.0,890.0,889.8180263860121,-0.1819736139879069
1041,True,True,0.2175676426746316,0.19940872300217818,-0.018158919672453422,63.75080329332171,62.226049060567895,-1.5247542327538142,1.5,1.3113514978846073,-0.18864850211539275,449.04098893391296,461.1318044209087,12.090815486995723,0.4601092240921286,0.48369520479908723,0.02358598070695861,0.6271161997114262,0.6270814787545808,-3.472095684542431e-05,1.0,1.0,0.0,389.0,388.8200207449724,-0.1799792550276038
1042,True,True,0.5667325026615356,0.5610224168302285,-0.005710085831307166,237.97471432794916,239.16735523385333,1.1926409059041703,5.5,5.000369002710793,-0.49963099728920657,639.6024731124224,643.3138942064837,3.7114210940612793,0.5505586211180346,0.5613893721534935,0.010830751035458941,0.597624841927209,0.597580232011166,-4.460991604304798e-05,1.0,1.0,0.0,1128.5,1128.3673317407515,-0.1326682592484758
1043,True,True,0.3960552232122328,0.39749468070464516,0.001439457492412366,100.91216306772164,100.91407434801171,0.0019112802900735915,8.5,8.650442322153967,0.15044232215396747,449.4667591195942,449.37908150258505,-0.08767761700914889,0.4080014528952668,0.4057853390821351,-0.0022161138131316926,0.5785138929686975,0.578439957405303,-7.393556339452267e-05,1.0,1.0,0.0,967.5,967.2220334137877,-0.2779665862123011
1044,True,True,0.9615714088627556,0.8984946562120786,-0.06307675265067703,362.83197802370177,355.83415068026926,-6.997827343432505,6.5,4.363945742830402,-2.136054257169598,736.4076854526564,752.0932646592927,15.685579206636248,0.4234563146492608,0.4922653926220656,0.06880907797280478,0.5343452529545913,0.5342244634241418,-0.00012078953044958318,4.0,4.0,0.0,490.0,489.57205580060753,-0.42794419939247064
1045,True,True,0.3751215876960845,0.3885917370973632,0.01347014940127872,115.55469657850824,106.05428350060896,-9.500413077899282,2.0,1.7939792306191524,-0.20602076938084757,502.059348362908,531.7309795325255,29.671631169617456,0.4532308167052628,0.42271109038094884,-0.030519726324313934,0.5575589381035495,0.5575589381035494,-1.1102230246251565e-16,1.0,2.0,1.0,0.0,0.0,0.0
1046,True,True,0.1773790002492934,0.16066804328919387,-0.016710956960099527,105.07926594238376,104.26243979744835,-0.8168261449354048,1.0,0.5060872304602527,-0.4939127695397473,841.120992022568,852.5468500030623,11.425857980494357,0.5823444046508576,0.6207436751644015,0.03839927051354397,0.6466144438428107,0.6465474199907246,-6.702385208612327e-05,1.0,1.0,0.0,1203.0,1202.5112106841339,-0.4887893158661427
1047,True,True,0.1872262879486853,0.1883615721837024,0.0011352842350171033,85.87813713180634,86.49909860079512,0.6209614689887815,3.0,2.536558826349211,-0.46344117365078885,519.2150624579643,521.691837691712,2.4767752337476168,0.6225233447057085,0.6342812709347371,0.011757926229028604,0.6679956868987766,0.6679598447214591,-3.584217731755768e-05,1.0,1.0,0.0,679.5,679.3587040896368,-0.14129591036316924
1048,True,True,0.5051567405854043,0.5055430121470953,0.0003862715616910206,151.74176040206714,153.2580419373936,1.5162815353264705,3.0,2.8695105195423833,-0.13048948045761666,443.8287324142288,445.7285021900983,1.8997697758695153,0.5246178618918785,0.5296955166944599,0.005077654802581377,0.6537092436769912,0.6537092436769912,0.0,1.0,1.0,0.0,0.0,0.0,0.0
1049,True,True,0.1707153794992416,0.14798311784919746,-0.022732261650044133,112.22953821694846,112.91968593078602,0.6901477138375611,3.0,2.5935206762718748,-0.40647932372812523,792.9274899411229,864.2748237565695,71.34733381544663,0.4002507545228396,0.46858280575966116,0.06833205123682157,0.6300930613254326,0.6300930613254325,-1.1102230246251565e-16,4.0,7.0,3.0,0.0,0.0,0.0
1050,False,False,0.31323093985453,0.3131853513479467,-4.5588506583260635e-05,124.7527169365244,124.71929569176585,-0.03342124475854291,0.0,0.0,0.0,512.1386959563685,511.99141024928537,-0.14728570708308553,0.5904735011330751,0.5903813870031355,-9.211412993959112e-05,0.5903460803652963,0.5903813870031355,3.5306637839127575e-05,0.0,0.0,0.0,,,
1051,True,True,0.3639078233433027,0.3326072362478635,-0.0313005870954392,135.9405512000899,135.7100236041781,-0.23052759591180916,2.5,2.062101527463529,-0.43789847253647096,553.0483719131107,571.493353909643,18.444981996532306,0.4143520748331784,0.4559547213574159,0.04160264652423751,0.617012775000747,0.617012775000747,0.0,1.0,1.0,0.0,0.0,0.0,0.0
1052,True,True,0.6830340972850851,0.6683260885040798,-0.01470800878100531,369.6358680585574,360.56977670514124,-9.066091353416141,3.5,3.106942615812297,-0.3930573841877032,837.3111323769406,869.64581779397,32.33468541702939,0.4927349851054462,0.5020019080308299,0.00926692292538367,0.6349981403280549,0.6349981403280548,-1.1102230246251565e-16,4.0,6.0,2.0,0.0,0.0,0.0
1053,True,True,0.238981010831586,0.23755179309354527,-0.0014292177380407223,69.46736931089185,69.45168369383637,-0.01568561705548177,0.5,0.47472109411028224,-0.025278905889717762,357.5069697179576,357.41957666763557,-0.08739305032202083,0.4300566781329267,0.43369624965825504,0.0036395715253283445,0.5526436678869865,0.5524974329030348,-0.00014623498395172074,1.0,1.0,0.0,804.0,803.5065796665039,-0.49342033349614667
1054,True,True,0.2232508270166072,0.21722030694751293,-0.0060305200690942695,83.30728794930278,83.77510359853363,0.4678156492308574,2.5,2.213605166116032,-0.28639483388396814,385.69088667378526,395.35105238119803,9.660165707412773,0.4951118311768363,0.511245685349998,0.01613385417316171,0.5400888727264737,0.5400788677199845,-1.0005006489177681e-05,1.0,1.0,0.0,231.0,230.95810041578943,-0.04189958421056872
1055,True,True,0.2825770414576126,0.26028078113286623,-0.022296260324746353,78.48898199146349,78.46047142770492,-0.02851056375857297,1.5,1.1862615253776314,-0.3137384746223686,409.4059490158629,420.21234703366054,10.806398017797619,0.3973937813927078,0.4283388107672439,0.03094502937453608,0.5531037439397588,0.553074038232843,-2.9705706915850172e-05,1.0,1.0,0.0,581.5,581.3790182871362,-0.12098171286379511
1056,True,True,0.7805110738088773,0.7618381240217916,-0.01867294978708567,189.08964341102984,186.66875178879133,-2.420891622238514,1.5,1.3476412733551117,-0.15235872664488825,498.14388943413246,499.8588778315909,1.7149883974584554,0.5702927157208708,0.5733151526651122,0.0030224369442414245,0.6150524192662898,0.615034899335167,-1.7519931122866872e-05,1.0,1.0,0.0,546.5,546.4142643740055,-0.08573562599451634
1057,True,True,0.0302175033586112,0.03015158623003848,-6.591712857272058e-05,15.910378311756997,15.903701697247461,-0.0066766145095353835,0.5,0.4903376953443513,-0.009662304655648712,539.5011043902749,539.7688601445082,0.26775575423323517,0.6114837054709943,0.6126821423886226,0.0011984369176283316,0.6285105014778565,0.6284801988455867,-3.0302632269774143e-05,1.0,1.0,0.0,593.0,592.8794721528881,-0.12052784711192999
1058,True,True,0.0837943082861278,0.08080337789831808,-0.0029909303878097176,31.62634335536096,31.336133199780914,-0.2902101555800449,1.5,1.32799368390115,-0.1720063160988501,542.8689956977632,562.1532681054307,19.28427240766746,0.5057418401959287,0.5134156676592696,0.007673827463340888,0.5552165563431454,0.5550739845897789,-0.00014257175336651606,3.0,4.0,1.0,271.0,270.9001319745225,-0.0998680254775195
1059,True,True,0.2391434257537924,0.23541339390084023,-0.003730031852952176,73.2737900909564,73.34008035176784,0.06629026081144218,1.0,0.9068870648392477,-0.09311293516075225,344.08542365892475,347.04391145121224,2.9584877922874853,0.4751184148461131,0.4830485067128903,0.007930091866777178,0.5053872154938487,0.5052855953289362,-0.00010162016491244152,1.0,1.0,0.0,369.5,369.08094963493727,-0.41905036506273063
1060,True,True,0.4926576379737732,0.548173329452792,0.05551569147901875,307.9682092157842,305.45870109293134,-2.5095081228528784,2.0,2.2783940759574772,0.2783940759574772,979.7391900914052,987.1686048224982,7.4294147310929475,0.5549604371589156,0.4888747368396186,-0.06608570031929706,0.5984404668300471,0.598440466830047,-1.1102230246251565e-16,3.0,4.0,1.0,0.0,0.0,0.0
1061,True,True,0.2429834485230823,0.22881535584703291,-0.014168092676049376,61.84841951145162,61.81274523870551,-0.035674272746106794,3.0,2.5113410953490543,-0.48865890465094575,320.23407426321165,326.18139237452357,5.947318111311915,0.4076172032978938,0.43130079572528035,0.023683592427386546,0.5151615185316644,0.5150880443284568,-7.347420320757969e-05,1.0,1.0,0.0,517.5,517.2925623743848,-0.20743762561517087
1062,False,False,0.220114863345529,0.22011149393439844,-3.369411130549338e-06,58.26594536144934,58.23909727351514,-0.026848087934197906,0.0,0.0,0.0,268.9348020921564,268.8105316304099,-0.12427046174650513,0.3967563260195257,0.3966862019147388,-7.012410478690612e-05,0.3966679510944383,0.3966862019147388,1.8250820300491633e-05,0.0,0.0,0.0,,,
1063,True,True,0.0592950236411314,0.06623353270026937,0.006938509059137968,31.265486807962937,31.16771014305523,-0.09777666490770542,0.5,0.7630282585683744,0.2630282585683744,640.5163435253105,647.7921490019228,7.275805476612277,0.5836243657927527,0.5158798478702218,-0.06774451792253089,0.5994303898654841,0.5993515376288894,-7.885223659476193e-05,1.0,2.0,1.0,820.0,819.6600480582899,-0.33995194171006915
1064,True,True,0.0623753796740898,0.06154390199940434,-0.0008314776746854574,34.247023327880385,34.384810069872415,0.13778674199203067,4.0,3.7312489972042404,-0.2687510027957596,758.0806278691005,760.4329199592272,2.3522920901267526,0.5671677715813944,0.5876747091310226,0.02050693754962818,0.6314917353992381,0.6312852631570546,-0.00020647224218350857,4.0,4.0,0.0,550.5,550.0532896383096,-0.4467103616904069
1065,True,True,0.3467476381950885,0.3288501569571127,-0.0178974812379758,188.9327938360013,188.81513240999067,-0.11766142601064189,4.0,3.367486325005304,-0.632513674994696,792.8153471269852,800.4765556980079,7.661208571022712,0.5343021426268364,0.5687936012723418,0.0344914586455054,0.6682396274160619,0.6681285643164147,-0.00011106309964725725,2.0,2.0,0.0,542.5,542.2918329480855,-0.2081670519145291
1066,False,False,0.1545416020462707,0.15454275157215996,1.1495258892546545e-06,102.315220554137,102.30692081023133,-0.008299743905666901,0.0,0.0,0.0,642.2473060515428,642.199995240391,-0.04731081115176039,0.6010699038871842,0.6010331360353691,-3.676785181505604e-05,0.6009735239123513,0.6010331360353691,5.961212301786034e-05,0.0,0.0,0.0,,,
1067,True,True,0.4104621553028114,0.3822953566982619,-0.02816679860454946,160.84369212912162,154.65999099444937,-6.183701134672248,1.5,1.2585637561569458,-0.24143624384305418,960.3346325037496,964.936852950674,4.602220446924434,0.6976117525453285,0.7083764471458129,0.010764694600484459,0.7148321887879281,0.7148071729612385,-2.5015826689567255e-05,1.0,1.0,0.0,1402.0,1401.912021805053,-0.08797819494702708
1068,True,True,0.2576593557792747,0.2580163712694336,0.0003570154901589295,135.6148065938465,135.89179369104457,0.2769870971980595,6.0,5.537382328259989,-0.462617671740011,507.37500496589433,508.3983898421234,1.023384876229045,0.3788000098545522,0.39035469599799344,0.01155468614344124,0.5555504075888148,0.5554723068329687,-7.81007558461333e-05,1.0,1.0,0.0,1070.5,1070.1515445835976,-0.3484554164024303
1069,True,True,0.2907977290086321,0.28289076702233307,-0.007906961986299033,59.97538039700448,59.836498679599416,-0.13888171740506294,0.5,0.4192960449727253,-0.08070395502727468,357.69491380792005,358.7398431753045,1.0449293673844409,0.5242299937157134,0.5345460559300643,0.010316062214350885,0.5520913945164662,0.5520491654481512,-4.222906831496953e-05,1.0,1.0,0.0,696.0,695.8844344124076,-0.11556558759241398
1070,True,True,0.6730632041602629,0.7215797521359821,0.04851654797571925,289.01339614747604,286.9698653202069,-2.0435308272691373,3.0,2.0894177254871473,-0.9105822745128527,957.6463012448864,960.437052039149,2.7907507942625216,0.4718951980004328,0.5333164013745092,0.061421203374076416,0.7239514128792309,0.7238190066834705,-0.0001324061957603817,2.0,2.0,0.0,864.5,864.1123345194645,-0.38766548053547467
1071,True,True,0.2343313047935559,0.3708815415520512,0.1365502367584953,123.45756446878958,125.90223621796284,2.444671749173253,5.0,6.966754979948738,1.966754979948738,555.1716149081282,559.0159960758193,3.8443811676911537,0.5111186233186644,0.29885442809834084,-0.21226419522032358,0.5173285090999857,0.5171329193981568,-0.00019558970182897983,2.0,3.0,1.0,160.5,160.44900386579494,-0.050996134205064436
1072,True,True,0.4293693225781491,0.3770593827470366,-0.052309939831112484,222.5258199839459,222.53268897393556,0.0068689899896696716,1.0,0.660089826543117,-0.339910173456883,783.876264271666,786.0523079899293,2.1760437182633723,0.4120424574624471,0.47190067385006673,0.05985821638761962,0.6250324680571866,0.6249676606059071,-6.48074512794583e-05,1.0,1.0,0.0,1691.5,1691.168162727347,-0.33183727265304697
1073,False,False,0.0501924774228427,0.05018902361221061,-3.4538106320897155e-06,10.80580671445907,10.803867371381282,-0.0019393430777885357,0.0,0.0,0.0,243.39082359678545,243.33704405500882,-0.05377954177663469,0.3487330947831251,0.3487047476519676,-2.8347131157513417e-05,0.3486693229575108,0.3487047476519676,3.5424694456775985e-05,0.0,0.0,0.0,,,
1074,True,True,0.0778845770678001,0.08942208304147371,0.011537505973673617,41.4640707054296,42.012118630778495,0.5480479253488966,1.0,1.0602003249921834,0.06020032499218342,574.6292849640574,617.2747562353132,42.645471271255815,0.5547310069380276,0.4683907675698362,-0.08634023936819135,0.6324206232786875,0.6322729988283842,-0.00014762445030336302,1.0,2.0,1.0,647.0,646.5837960640025,-0.41620393599748695
1075,False,False,0.0882988740320837,0.08829845992610394,-4.141059797568847e-07,58.398971388954266,58.38375804828913,-0.015213340665134467,0.0,0.0,0.0,667.5338191423125,667.3598586327463,-0.17396050956620002,0.5854132034956704,0.5853302210181729,-8.298247749749521e-05,0.5853152537305419,0.5853302210181729,1.4967287630951454e-05,0.0,0.0,0.0,,,
1076,False,False,0.0963792598161424,0.096374840508396,-4.4193077464033115e-06,42.26920448582787,42.273712444429506,0.004507958601635664,0.0,0.0,0.0,625.5821348095502,625.5839727757195,0.001837966169318861,0.5065687833366048,0.5065505761088098,-1.8207227794997394e-05,0.506489543408479,0.5065505761088098,6.1032700330865275e-05,0.0,0.0,0.0,,,
1077,True,True,0.1937257180714009,0.16581981525082085,-0.02790590282058006,116.050309864213,115.1989074715757,-0.8514023926373113,2.0,1.5188188439991794,-0.48118115600082056,991.34728337751,1028.5219515832373,37.174668205727244,0.5767246324226951,0.6560775009000115,0.07935286847731637,0.6676756226774344,0.6676644087402748,-1.1213937159637588e-05,2.0,2.0,0.0,846.5,846.4663460618048,-0.03365393819524343
1078,True,True,0.1153421378527808,0.09773637121895054,-0.01760576663383026,37.64756636557989,37.415734010408606,-0.2318323551712851,2.0,1.606933941371972,-0.3930660586280279,492.073646514032,498.4775688617568,6.4039223477248015,0.435815971891133,0.515157964747075,0.07934199285594196,0.6928024096967087,0.692625144554407,-0.00017726514230165247,2.0,2.0,0.0,202.5,202.06441745145284,-0.43558254854715983
1079,True,True,0.2573786696494365,0.24953539990830428,-0.007843269741132225,163.3159851810434,167.6427117969281,4.326726615884695,9.0,8.143396135797946,-0.8566038642020537,840.4099647182376,852.5626428789732,12.152678160735604,0.4038190266244765,0.4466411147218746,0.042822088097398125,0.5621450087800831,0.5619745546131231,-0.00017045416696004345,3.0,3.0,0.0,413.5,413.4717769732925,-0.02822302670750787
1080,False,False,0.1582082188475404,0.15820242595347755,-5.792894062855991e-06,44.66591838603887,44.6742449020132,0.008326515974331983,0.0,0.0,0.0,376.6977422137623,376.70509539409494,0.0073531803326432055,0.5010064529215168,0.5009958732904558,-1.0579631060991801e-05,0.5009156968490305,0.5009958732904558,8.01764414253281e-05,0.0,0.0,0.0,,,
1081,True,True,0.6225495450765196,0.6220318115761558,-0.0005177335003637706,322.38834319454804,323.3389909853069,0.9506477907588646,56.5,54.696752973547476,-1.8032470264525244,867.4933082474182,868.4084911416635,0.9151828942452767,0.5366501938544004,0.5445490122869168,0.007898818432516386,0.5649479704409128,0.5648357158232011,-0.00011225461771169343,5.0,5.0,0.0,733.0,732.8435400069711,-0.15645999302887503
1082,False,False,0.3632278731966072,0.3631665913044212,-6.128189218601587e-05,132.84744575118805,132.78660061316253,-0.06084513802551328,0.0,0.0,0.0,447.02573725508427,446.81936141322905,-0.20637584185521973,0.6104836465425342,0.6103678459724305,-0.00011580057010363021,0.6103492820818163,0.6103678459724305,1.856389061427599e-05,0.0,0.0,0.0,,,
1083,True,True,0.3299552727655383,0.2962561340629982,-0.0336991387025401,131.2181147157787,130.68276343487108,-0.5353512809076335,1.0,0.711454091127962,-0.288545908872038,669.3790479841272,687.8712309327466,18.492182948619416,0.4940402485072732,0.5364714585844809,0.04243121007720768,0.5802599036412381,0.5802102643897796,-4.963925145851089e-05,1.0,1.0,0.0,1114.0,1113.811887223912,-0.18811277608801902
1084,True,True,0.2893779274090444,0.27659170269090405,-0.012786224718140338,52.2163871601126,52.205845691455835,-0.010541468656768416,1.0,0.8711940038250761,-0.12880599617492394,454.0766166673377,453.92665628552953,-0.14996038180817095,0.4036440382185097,0.4209491669907369,0.01730512877222723,0.6239395004358543,0.6238665658115535,-7.293462430080222e-05,1.0,1.0,0.0,864.0,863.6705905359148,-0.3294094640851881
1085,True,True,0.0764128132705279,0.05708257307013024,-0.019330240200397662,22.03234867052726,21.662729387879263,-0.3696192826479958,1.0,0.5134963957301808,-0.4865036042698192,587.4012182070339,606.2018515215004,18.800633314466495,0.3951577481756456,0.5157567372021304,0.12059898902648486,0.53344585879208,0.5333374723034428,-0.00010838648863720213,2.0,2.0,0.0,689.5,689.0755405608951,-0.4244594391049077
1086,True,True,0.7714163365377232,0.706356047475221,-0.06506028906250227,304.64978145466387,296.093988846357,-8.555792608306888,5.0,3.9860127040505198,-1.0139872959494802,730.7930050460059,750.995944948663,20.202939902657135,0.5216268327338015,0.5519874541405092,0.0303606214067077,0.6394508305311665,0.6394508305311665,0.0,4.0,5.0,1.0,0.0,0.0,0.0
1087,True,True,0.5577760900081887,0.5564652845798767,-0.0013108054283120785,315.6467447830272,313.0867519038105,-2.5599928792166793,5.5,5.361250026189371,-0.13874997381062926,937.7230640116206,951.7712069168718,14.048142905251211,0.5094153788065255,0.5075065013655732,-0.0019088774409523612,0.5601100953901211,0.560110095390121,-1.1102230246251565e-16,10.0,13.0,3.0,0.0,0.0,0.0
1088,True,True,0.0214381492549752,0.024893350039886332,0.003455200784911131,11.181427086540634,10.925280525395694,-0.2561465611449396,0.5,0.669507301633712,0.16950730163371197,581.103916158438,595.6852849846987,14.5813688262607,0.6070133643754697,0.5322871606661774,-0.07472620370929228,0.6137241950106895,0.613632001401623,-9.219360906653762e-05,1.0,2.0,1.0,253.5,253.02935596456382,-0.4706440354361803
1089,False,False,0.2055500797415736,0.20556187071411866,1.1790972545056011e-05,78.28224091032065,78.24699742089179,-0.035243489428864905,0.0,0.0,0.0,357.20002741593174,357.0418906368578,-0.1581367790739705,0.5336972681268501,0.5336050585806745,-9.22095461756145e-05,0.5335776028764736,0.5336050585806745,2.7455704200929354e-05,0.0,0.0,0.0,,,
1090,False,False,0.0689812414811171,0.06896544681515969,-1.5794665957413745e-05,19.29104944522224,19.286012498677284,-0.005036946544954901,0.0,0.0,0.0,393.2853316705462,393.16942789368244,-0.11590377686377451,0.4520150221880269,0.45196183346547236,-5.3188722554553536e-05,0.4519364288109518,0.45196183346547236,2.5404654520555514e-05,0.0,0.0,0.0,,,
1091,False,False,0.1993470443882059,0.19934778098422004,7.365960141281214e-07,92.33351231898769,92.3344068114026,0.0008944924149147937,0.0,0.0,0.0,449.3304930343367,449.3426804369714,0.012187402634708633,0.6215899449056517,0.621577893999966,-1.2050905685678792e-05,0.6214835203661282,0.621577893999966,9.437363383779651e-05,0.0,0.0,0.0,,,
1092,True,True,0.2170114676042187,0.21498560331482927,-0.0020258642893894174,59.3181397059148,59.95060339191257,0.6324636859977701,3.5,3.1999001343763687,-0.30009986562363133,305.96067404387423,311.6606754983377,5.700001454463461,0.4819061523068542,0.4896998164234503,0.0077936641165961,0.6059117190618218,0.6059117190618217,-1.1102230246251565e-16,0.0,0.0,0.0,0.0,0.0,0.0
1093,True,True,0.0158039761035442,0.014162774391121605,-0.0016412017124225933,14.559088952058394,14.581140993892568,0.022052041834173863,1.0,0.6066271028888878,-0.39337289711111223,1118.1327906233842,1135.8966242884537,17.76383366506957,0.6191936509882898,0.7129065289726405,0.09371287798435068,0.7397437919996533,0.7397331960201793,-1.0595979474059547e-05,2.0,2.0,0.0,945.5,945.4439236124317,-0.05607638756828237
1094,True,True,0.1569214918234252,0.1535901747356321,-0.0033313170877931064,78.35306602055033,78.04883842320032,-0.3042275973500068,5.5,5.1878663255251,-0.31213367447490015,708.8799264102116,712.6746521715689,3.794725761357313,0.610014195035772,0.6178013851425519,0.007787190106779862,0.6463144517139013,0.6462298171605321,-8.463455336926717e-05,1.0,1.0,0.0,860.0,859.7126879977313,-0.2873120022686635
1095,True,True,0.1936768786827394,0.19251368049254278,-0.0011631981901966126,63.73414753788877,63.76401003409681,0.029862496208046707,3.0,2.9156609664205475,-0.0843390335794525,386.9978120755184,388.56991973787746,1.5721076623590307,0.5517634275256781,0.5550020437197877,0.0032386161941095892,0.6034637558500773,0.6033627022936096,-0.00010105355646772285,1.0,1.0,0.0,209.0,208.565707903374,-0.4342920966259953
1096,False,False,0.1799422262860983,0.17994383809298226,1.611806883961009e-06,107.68340050892655,107.68846366053802,0.00506315161146631,0.0,0.0,0.0,515.7874129816536,515.8486656187002,0.06125263704666395,0.6433677124222096,0.6433559709125769,-1.1741509632678948e-05,0.6432149222920586,0.6433559709125769,0.0001410486205183359,0.0,0.0,0.0,,,
1097,True,True,0.1596600549927327,0.1516464631144152,-0.008013591878317489,45.24994385211979,44.22146561782175,-1.028478234298042,3.0,2.5906928612675997,-0.4093071387324003,448.6903152211869,458.2924178709379,9.602102649751032,0.5752931535397355,0.5906797874138944,0.01538663387415884,0.6078262872482503,0.6077670227582932,-5.9264489957078226e-05,1.0,1.0,0.0,242.5,242.22428186290708,-0.27571813709292314
1098,True,True,0.0581745864917107,0.06498414435917495,0.006809557867464247,97.34405681535696,98.75907828378978,1.415021468432812,11.5,9.968840449588587,-1.531159550411413,876.1597323673878,881.9228178563324,5.763085488944512,0.5728720626075402,0.6310099241116055,0.0581378615040653,0.6643582983355382,0.6642667526403627,-9.154569517544342e-05,5.0,5.0,0.0,244.0,243.72362504316177,-0.2763749568382252
1099,True,True,0.1888329256277444,0.17999902458919326,-0.00883390103855114,125.11673238637398,126.69020546385524,1.5734730774812533,3.0,2.6571057119086627,-0.34289428809133726,790.7039577084113,815.1222454277657,24.418287719354453,0.4635467542147711,0.49283655109358104,0.02928979687880995,0.5566890313588613,0.5566890313588612,-1.1102230246251565e-16,1.0,1.0,0.0,0.0,0.0,0.0
1100,True,True,0.1941214032169677,0.18095023343793168,-0.013171169779036013,163.35344519085874,165.0671340685498,1.7136888776910553,3.0,2.4586299929127575,-0.5413700070872425,961.2731734307208,990.9559217759063,29.682748345185473,0.5861582729734534,0.6411931275535235,0.05503485458007018,0.6905409398617983,0.6905158939378476,-2.5045923950695048e-05,2.0,2.0,0.0,422.0,421.9172970478028,-0.08270295219722357
1101,True,True,0.2249085780176149,0.21376568281770858,-0.011142895199906327,138.6463497744939,138.48834116534954,-0.15800860914436043,0.5,0.37421738468110566,-0.12578261531889434,709.7048529966786,716.3751696468129,6.670316650134282,0.6281401322989649,0.6564090272018152,0.028268894902850228,0.7023643406356282,0.7023381038073325,-2.6236828295722603e-05,1.0,1.0,0.0,980.5,980.3844360869961,-0.11556391300393898
1102,True,True,0.3362739467772167,0.2764939552754953,-0.05977999150172142,175.2529656637875,162.82270090071395,-12.430264763073552,1.0,0.6207812424981968,-0.3792187575018032,844.7945438959066,876.7892348873977,31.994690991491098,0.5694129856242501,0.6431572519492669,0.07374426632501674,0.6917368880633419,0.6916833260550812,-5.356200826067692e-05,2.0,3.0,1.0,480.0,479.6500072876193,-0.34999271238069696
1103,False,False,0.2912732409424998,0.2912273066655252,-4.5934276974579635e-05,95.48776854475024,95.43569085068148,-0.05207769406875684,0.0,0.0,0.0,382.8479665310844,382.6421040917752,-0.20586243930921455,0.5974926877892591,0.5973405288976672,-0.00015215889159192475,0.597326547572155,0.5973405288976672,1.398132551222453e-05,0.0,0.0,0.0,,,
1104,True,True,0.3381395023646703,0.33264895525731786,-0.005490547107352417,233.64562665976732,234.26014734010892,0.6145206803415988,1.0,0.8745870772399941,-0.12541292276000593,935.2837781213868,942.3628962876464,7.0791181662596045,0.7171597386469111,0.7282124415496236,0.011052702902712541,0.7366367821371037,0.7366327526521134,-4.029484990342169e-06,1.0,1.0,0.0,851.0,850.9769880513309,-0.023011948669136473
1105,True,True,0.2143750654294063,0.21345458732244865,-0.0009204781069576395,142.10594974747207,142.08551164662833,-0.020438100843733764,0.5,0.48479204737232073,-0.015207952627679266,797.2708673095292,798.2127392189698,0.9418719094405787,0.6492888479542923,0.6515624569473599,0.0022736089930676107,0.7180815932060121,0.7180630522020327,-1.854100397935543e-05,1.0,1.0,0.0,846.0,845.8935287032903,-0.10647129670974209
1106,True,True,0.7009539762357088,0.6872383109006852,-0.013715665335023552,300.9642320138242,301.3477549948819,0.3835229810576948,15.5,14.529162112806775,-0.9708378871932251,756.0421786495718,757.2424526144597,1.200273964887856,0.3057855430458582,0.340993042123974,0.03520749907811582,0.5834906223892884,0.5834906223892883,-1.1102230246251565e-16,3.0,3.0,0.0,0.0,0.0,0.0
1107,True,True,0.9909293732774158,0.9910920808553584,0.00016270757794256685,561.9745764011001,562.67745717967,0.70288077856992,13.0,13.259121968713561,0.2591219687135613,898.4527209256265,904.9629415152808,6.5102205896542955,0.5998425566420498,0.5861067706921366,-0.013735785949913204,0.6595782481357246,0.6593965919147435,-0.0001816562209810968,6.0,7.0,1.0,701.5,701.1523446603277,-0.34765533967231477
1108,True,True,0.0817472187409056,0.07598740060343923,-0.0057598181374663715,30.036728148324137,30.46013428154801,0.42340613322387455,3.0,2.5187118641857533,-0.4812881358142467,409.24116103570384,423.26336813853095,14.02220710282711,0.4437830341108732,0.4917448095801914,0.04796177546931818,0.5765469234667241,0.5763840009973434,-0.00016292246938065524,2.0,2.0,0.0,24.0,23.568597339370235,-0.4314026606297645
1109,True,True,0.0279015415208973,0.027885985197774105,-1.555632312319477e-05,9.298774656855864,9.297698830162984,-0.0010758266928796445,1.0,0.9982425523019629,-0.0017574476980370957,344.08507233823383,344.1817887316415,0.09671639340768934,0.4698594470530072,0.4700662934917524,0.0002068464387451896,0.5348742401763266,0.5348742401763266,0.0,0.0,0.0,0.0,0.0,0.0,0.0
1110,True,True,0.3706143965775982,0.38051420636580957,0.009899809788211367,116.8254693912734,116.10899677188152,-0.7164726193918796,1.5,1.547410034789937,0.047410034789937106,459.9042266828354,466.1191423287222,6.214915645886833,0.4850547823979461,0.466486799809958,-0.018567982587988086,0.5037365644518654,0.5035792643216789,-0.0001573001301865551,3.0,4.0,1.0,352.5,352.2210151466453,-0.27898485335470014
1111,True,True,0.5372481126259396,0.47749080101297225,-0.05975731161296738,299.1106023044193,296.05078539175935,-3.059816912659926,2.0,1.4283089021395428,-0.5716910978604572,1162.0845024982978,1187.1350141927667,25.050511694468923,0.6275255209882963,0.6942276729991729,0.06670215201087659,0.7478947037377076,0.7478710222579288,-2.36814797788254e-05,2.0,2.0,0.0,776.5,776.4005257552609,-0.09947424473909905
1112,True,True,0.0738560093076223,0.07334804079457953,-0.0005079685130427725,27.42780449214711,27.428108802776624,0.00030431062951308263,2.0,1.9628441862470942,-0.037155813752905775,526.793451046136,528.1164639916265,1.3230129454904045,0.5470524074813513,0.5502528038995725,0.0032003964182212297,0.6681031750833504,0.6680379436897539,-6.523139359648766e-05,1.0,1.0,0.0,468.0,467.62780392165297,-0.37219607834703083
1113,True,True,0.4230645343813117,0.3687243899286052,-0.05434014445270652,233.9356748692148,232.17935220033974,-1.7563226688750717,1.5,0.9702375030785334,-0.5297624969214666,1193.4132921073522,1198.679320840619,5.266028733266921,0.5338458223932061,0.606156676173574,0.07231085378036795,0.7335479427411198,0.7334972189384402,-5.072380267956422e-05,2.0,2.0,0.0,965.0,964.9603035660601,-0.03969643393986644
1114,True,True,0.2273260596503415,0.24574754398677562,0.01842148433643412,112.70921313397842,112.95541803434315,0.24620490036473086,3.0,3.0626488021691345,0.06264880216913449,647.5567721481768,657.2502150403724,9.693442892195549,0.5697736673073907,0.5262269558673509,-0.04354671144003974,0.6088702583830622,0.6086629815822499,-0.00020727680081233935,3.0,4.0,1.0,427.0,426.863095708316,-0.13690429168400442
1115,True,True,0.3872530048923258,0.36629739404744555,-0.020955610844880235,122.90287282844749,122.640073453516,-0.26279937493148964,3.0,2.5848443524620976,-0.41515564753790235,567.9734151302547,572.4364625489898,4.463047418735073,0.4607696894472726,0.48193421222804406,0.021164522780771466,0.6640669981246466,0.6639864571564671,-8.054096817955436e-05,1.0,1.0,0.0,812.5,812.0937748233115,-0.4062251766885083
1116,True,True,0.2997268558158285,0.2855958724002436,-0.014130983415584886,105.93800997401536,107.44220113996602,1.5041911659506582,2.5,2.0132760231092113,-0.4867239768907887,447.0949623407311,464.1703525018414,17.075390161110306,0.5373335331916562,0.568893035960075,0.03155950276841879,0.6401959959042356,0.6401077058942723,-8.829000996324332e-05,1.0,1.0,0.0,324.0,323.59487928019587,-0.4051207198041311
1117,False,False,0.2265734113790343,0.22655732535674167,-1.6086022292638447e-05,58.419407702635134,58.40942596214971,-0.009981740485422108,0.0,0.0,0.0,294.2585707717624,294.1962121204275,-0.0623586513348755,0.410833721497317,0.4107938376806417,-3.9883816675301276e-05,0.4107479626102977,0.4107938376806417,4.587507034398142e-05,0.0,0.0,0.0,,,
1118,True,True,0.597780473288009,0.5790478700521473,-0.018732603235861678,151.11701378625372,151.01858086343415,-0.09843292281956906,1.5,1.33913172360044,-0.16086827639955992,742.8246798577113,744.2572225627003,1.4325427049890322,0.385718472635147,0.3958211775473518,0.010102704912204774,0.5369994090445515,0.5369194606690258,-7.994837552560696e-05,1.0,1.0,0.0,1690.5,1690.0094358710028,-0.4905641289972209
1119,True,True,0.0825946231976656,0.08558882192656277,0.0029941987288971683,39.27425033485066,38.40009115058569,-0.8741591842649754,5.0,4.774920150061371,-0.22507984993862884,720.4899434227545,743.0972940591702,22.607350636415617,0.5837380882661964,0.5526115962852001,-0.031126491980996374,0.598071128003996,0.5979439704266459,-0.00012715757735004551,5.0,8.0,3.0,91.0,90.81852441898285,-0.18147558101715333
1120,True,True,0.6965207006902142,0.7728474659920765,0.07632676530186233,313.7932161424941,312.5893179127269,-1.2038982297671623,3.5,4.467129652097356,0.9671296520973556,749.6348373180172,760.6112011750333,10.976363857016167,0.5614620049165616,0.45792431677275247,-0.10353768814380915,0.593891600304306,0.5937571876298279,-0.00013441267447811267,3.0,4.0,1.0,557.5,557.1957226864498,-0.3042773135501875
1121,True,True,0.1978598263657494,0.2567458959261479,0.05888606956039849,61.229954994050296,61.57354867906556,0.3435936850152643,3.5,3.990973892997138,0.4909738929971379,353.4598993078167,373.93922481619836,20.479325508381635,0.4744218538774526,0.35019058564350125,-0.12423126823395136,0.5944253735484768,0.5944253735484767,-1.1102230246251565e-16,1.0,2.0,1.0,0.0,0.0,0.0
1122,True,True,0.4126101264595124,0.4007502709997742,-0.011859855459738167,105.20851024989354,105.1681778863943,-0.04033236349923186,1.0,0.8410935927415267,-0.15890640725847327,393.1302578307948,393.6803479305159,0.5500900997211033,0.4703363401406217,0.48251551353451944,0.012179173393897735,0.5854947938354238,0.5854659240897415,-2.8869745682280623e-05,1.0,1.0,0.0,707.5,707.3510520686591,-0.14894793134089923
1123,False,False,0.08651079035763,0.08650910087904554,-1.689478584462889e-06,33.88852778788978,33.89821325239481,0.009685464505032826,0.0,0.0,0.0,587.3439422514168,587.3997937024806,0.05585145106374512,0.6206701385911011,0.6206623464396618,-7.792151439312e-06,0.6205485604232782,0.6206623464396618,0.00011378601638356578,0.0,0.0,0.0,,,
1124,True,True,0.3560585351933851,0.3003243683647606,-0.055734166828624476,245.00883668205944,245.20216965728906,0.19333297522962312,6.0,4.9722756042261596,-1.0277243957738404,926.9957460910296,953.8012274242087,26.80548133317916,0.4295986364259594,0.5222232364125016,0.09262459998654216,0.586736022725728,0.5866019586522476,-0.00013406407348037774,3.0,3.0,0.0,466.0,465.9579669455819,-0.04203305441808425
1125,True,True,0.1137367389119169,0.11728115313072665,0.0035444142188097577,81.22945814307148,79.08184054592391,-2.1476175971475726,2.0,1.833542440022575,-0.16645755997742495,1067.7245252092882,1088.6431995393148,20.918674330026533,0.6846471492125745,0.6658648346045423,-0.018782314608032258,0.7313254279698638,0.7312698517114402,-5.557625842356195e-05,2.0,3.0,1.0,650.5,650.1754163163255,-0.3245836836745184
1126,True,True,0.108310383520291,0.10566768581674685,-0.002642697703544153,38.19196137827426,38.244820951738085,0.0528595734638273,2.0,1.6951455563772475,-0.3048544436227525,481.2216723849454,485.64449506832955,4.42282268338414,0.6098118380907764,0.623670435378693,0.013858597287916607,0.6645376571359606,0.6644438430278402,-9.381410812037139e-05,1.0,1.0,0.0,487.5,487.0125426565632,-0.4874573434368017
1127,False,False,0.3590286802153426,0.35901560544766675,-1.3074767675869126e-05,122.41456025590014,122.42589207965044,0.011331823750296621,0.0,0.0,0.0,408.7199562297938,408.7137830815373,-0.006173148256493732,0.6096988442909503,0.6096764340682768,-2.241022267357451e-05,0.6095731517512393,0.6096764340682768,0.00010328231703748969,0.0,0.0,0.0,,,
1128,True,True,0.0800669758880385,0.07962038144528706,-0.0004465944427514412,37.13904661449335,37.12998025882412,-0.009066355669233417,1.0,0.9504416988231241,-0.049558301176875874,531.6989425501772,532.1559984326645,0.45705588248733875,0.5247177600548417,0.5278071847307108,0.0030894246758690347,0.562650516426376,0.5626494022748858,-1.114151490178017e-06,1.0,1.0,0.0,863.0,862.9931738242241,-0.006826175775927368
1129,True,True,0.4271198706315599,0.3543743113695586,-0.07274555926200127,234.98065726139947,233.65353805696628,-1.3271192044331883,3.0,2.311734761702247,-0.688265238297753,684.1357989634029,734.6065440308054,50.470745067402504,0.4529950344308595,0.5312011056803017,0.07820607124944218,0.626164195135552,0.626164195135552,0.0,1.0,1.0,0.0,0.0,0.0,0.0
1130,True,True,0.1167384527410144,0.10835358695482077,-0.00838486578619363,65.28948710249153,65.14282686206725,-0.14666024042428205,0.5,0.35896071872557517,-0.14103928127442483,691.670460659268,708.7291099050784,17.058649245810443,0.6469837941138558,0.6853479084738473,0.03836411435999154,0.6943998907681194,0.6942792198077264,-0.00012067096039292124,1.0,1.0,0.0,758.5,758.0345989574814,-0.46540104251857883
1131,True,True,0.0182131045469429,0.01830557203738744,9.2467490444538e-05,24.232995714774404,24.27433783463847,0.04134211986406555,9.0,8.841912232898162,-0.15808776710183814,1209.3448752044144,1209.5511917393376,0.20631653492318947,0.6509697458941476,0.6534838313486739,0.0025140854545263602,0.7409623635203242,0.740894649108743,-6.771441158115454e-05,2.0,2.0,0.0,892.0,891.8797604124153,-0.12023958758470599
1132,True,True,0.3287592890454526,0.3087196475439123,-0.020039641501540306,168.94846745997754,168.24355179643803,-0.7049156635395093,4.0,3.601857945555823,-0.39814205444417716,825.5315831354302,831.3766869807775,5.845103845347353,0.3656786715860758,0.3934454149825815,0.0277667433965057,0.5508880293875642,0.5508446447238143,-4.3384663749868047e-05,2.0,2.0,0.0,356.5,356.2414232876946,-0.25857671230539836
1133,False,False,0.1760708034329432,0.1760542282271386,-1.6575205804614246e-05,100.23843285850212,100.2101690082873,-0.028263850214827357,0.0,0.0,0.0,670.0955975413953,669.9013154484883,-0.19428209290697396,0.61553108035145,0.6154707770504271,-6.030330102291259e-05,0.6154552659794098,0.6154707770504271,1.5511071017271227e-05,0.0,0.0,0.0,,,
1134,False,False,0.2469646127208708,0.2469394899303388,-2.512279053201727e-05,131.11265896587162,131.1035846593795,-0.009074306492124151,0.0,0.0,0.0,745.605877976914,745.5157505136054,-0.09012746330859045,0.6402388891529446,0.6401849878998229,-5.390125312165761e-05,0.6401342675044727,0.6401849878998229,5.072039535025663e-05,0.0,0.0,0.0,,,
1135,True,True,0.4355660942643963,0.42651147194945094,-0.00905462231494536,153.3278591891613,153.33702678506341,0.009167595902113135,1.0,0.8921516835223884,-0.10784831647761162,542.6654454785158,543.2598633355256,0.5944178570097165,0.5536466295073583,0.5656515999531828,0.012004970445824492,0.7216664613622834,0.7216351195375761,-3.13418247073205e-05,1.0,1.0,0.0,870.5,870.3895260930976,-0.1104739069023708
1136,True,True,0.5093491557145565,0.5391131757038845,0.029764019989327983,225.71430662257168,225.7894185792729,0.07511195670122106,2.0,3.189668911608171,1.189668911608171,627.829657404052,631.1477053809224,3.318047976870389,0.5784107434072954,0.5310428280477635,-0.04736791535953189,0.5928600032067831,0.5928517386433538,-8.264563429283278e-06,1.0,2.0,1.0,1123.0,1122.9688886681238,-0.031111331876218173
1137,False,False,0.4331603038520804,0.433127404138154,-3.2899713926393126e-05,173.7845329603113,173.76166506649747,-0.02286789381383869,0.0,0.0,0.0,484.7767665126081,484.6964430623146,-0.08032345029351973,0.5386621047197112,0.5385929929461737,-6.91117735375224e-05,0.5385354205645918,0.5385929929461737,5.7572381581882937e-05,0.0,0.0,0.0,,,
1138,True,True,0.0563926135857362,0.05235331291314688,-0.00403930067258932,30.59192472043954,29.96491966311492,-0.6270050573246202,2.0,1.7234338303969714,-0.2765661696030286,639.4976964992404,664.7248482436,25.227151744359617,0.5124529564089089,0.5349003221606912,0.0224473657517823,0.5782844074294837,0.5782131867939668,-7.122063551689983e-05,1.0,1.0,0.0,266.5,266.0469118563873,-0.45308814361271743
1139,True,True,0.1964780325767164,0.19042933626184713,-0.006048696314869262,171.1920307312508,170.2791724551519,-0.9128582760989161,1.0,0.8798264546494465,-0.12017354535055347,1009.5066637217748,1015.0571010778847,5.55043735610991,0.6841891881105544,0.694827957173472,0.010638769062917608,0.7058919945867644,0.7058856334776159,-6.361109148533828e-06,1.0,1.0,0.0,1207.5,1207.468735445687,-0.03126455431311115
1140,True,True,0.5481693735945825,0.534841562644358,-0.013327810950224506,257.368647720366,260.4402243809606,3.0715766605945873,5.0,4.537658173474484,-0.4623418265255159,717.4770615839228,726.3538736176032,8.87681203368038,0.439800946512163,0.46028257072814227,0.020481624215979266,0.5140125011364111,0.5139791927454793,-3.3308390931741094e-05,2.0,2.0,0.0,551.0,550.9616327494455,-0.038367250554529164
1141,True,True,0.8731713366482349,0.8384559553046357,-0.034715381343599194,421.004904502467,410.1270703254624,-10.877834177004615,3.5,3.062279100285379,-0.43772089971462114,866.3345719815497,912.5556159938675,46.22104401231775,0.4973752784021979,0.49930120850169274,0.0019259300994948214,0.5304259940703159,0.5303025267003525,-0.00012346736996338148,3.0,4.0,1.0,514.5,514.0670741214697,-0.4329258785303409
1142,True,True,0.145963149320467,0.13465441093745503,-0.011308738383011968,73.81468395721252,73.32512244934657,-0.4895615078659574,1.5,1.1704619584663307,-0.3295380415336693,715.655688805325,732.0173843556901,16.361695550365084,0.6354111179092093,0.6686469895373901,0.03323587162818076,0.7059612848493201,0.7058349680036844,-0.0001263168456356878,1.0,1.0,0.0,935.0,934.6696997169303,-0.33030028306973236
1143,True,True,0.4620426916170043,0.4580546475585344,-0.003988044058469864,94.41888525446622,94.44084158247612,0.021956328009906656,1.5,1.418446418893291,-0.08155358110670896,351.71377521130063,351.67580160807415,-0.037973603226475916,0.3706749989860823,0.3751988654159323,0.0045238664298499764,0.5532470188138447,0.5531479727615543,-9.904605229049679e-05,1.0,1.0,0.0,839.5,839.2114717481978,-0.2885282518021768
1144,True,True,0.2977270449805219,0.2947794226678927,-0.0029476223126291834,149.76767104209944,149.8238053424335,0.0561343003340653,11.0,10.419989721203436,-0.5800102787965642,676.7735386407169,677.6886651964121,0.9151265556952239,0.5843153089024813,0.5923965333059311,0.008081224403449827,0.6535119700626575,0.6533588008363185,-0.00015316922633901164,2.0,2.0,0.0,842.0,841.6482381880551,-0.3517618119449253
1145,True,True,0.78920897268035,0.8055804951601566,0.016371522479806666,354.5523621498237,345.03660511777326,-9.51575703205043,3.5,3.6773277994187104,0.17732779941871035,774.7112856868522,790.3994496832797,15.688163996427534,0.5472862932840233,0.5107325501722197,-0.036553743111803594,0.5751870954004238,0.575061797467464,-0.0001252979329597892,3.0,4.0,1.0,501.5,501.13130431753996,-0.3686956824600429
1146,True,True,0.6094096457926236,0.5864815404900667,-0.022928105302556845,337.7848044945967,339.4694313850795,1.6846268904827753,1.0,0.6860897161182948,-0.31391028388170517,789.8309474884328,795.6011589111858,5.77021142275305,0.5955954739345075,0.6377855188637859,0.04219004492927836,0.7298107524379012,0.7297258795166286,-8.487292127257184e-05,1.0,1.0,0.0,1329.0,1328.687362023077,-0.3126379769230425
1147,True,True,0.5513991565985338,0.48548236301768394,-0.06591679358084984,332.9990036423383,305.2541377839119,-27.744865858426408,2.0,1.6498659255041275,-0.3501340744958725,1015.3679512523285,1097.7394461697593,82.37149491743082,0.6395866943744144,0.6264391194242234,-0.013147574950191032,0.6652165268949581,0.6651231570138519,-9.336988110619782e-05,4.0,10.0,6.0,88.5,88.18547884258078,-0.3145211574192217
1148,True,True,0.3327842838639231,0.3180836602723097,-0.014700623591613393,198.4390438749482,197.94389967697825,-0.4951441979699496,2.0,1.7100203180161777,-0.2899796819838223,876.7630731730413,878.5193432074465,1.7562700344051336,0.5750675114814121,0.6050530888705599,0.029985577389147755,0.7241597708523695,0.7241232660823658,-3.650477000372021e-05,2.0,2.0,0.0,854.5,854.4657680526498,-0.034231947350235714
1149,True,True,0.0197971473635111,0.019841217868938162,4.4070505427061535e-05,19.642323360972597,19.64654081482288,0.0042174538502841585,18.5,18.437342261261065,-0.06265773873893465,485.5584094561221,485.65170660773714,0.09329715161504737,0.548855040011495,0.549259362496654,0.00040432248515898106,0.6092108642445914,0.609167593701452,-4.327054313935097e-05,1.0,1.0,0.0,798.5,798.4051226743376,-0.09487732566242357
1150,True,True,0.3546098291527381,0.3425639792454015,-0.012045849907336592,207.8976523897839,209.54796939147255,1.6503170016886486,5.5,4.786067586930585,-0.7139324130694149,751.5244471309209,767.1759985090036,15.651551378082786,0.5426070319631224,0.5682100436268926,0.025603011663770214,0.6264525986551355,0.6264525986551355,0.0,4.0,5.0,1.0,0.0,0.0,0.0
1151,False,False,0.1841028595530837,0.1841033694328689,5.098797851987857e-07,101.25864697725304,101.25485791997508,-0.003789057277955976,0.0,0.0,0.0,542.0269943341046,542.009219803449,-0.01777453065562895,0.5233553517420155,0.5233353273222368,-2.002441977877467e-05,0.5232765087300273,0.5233353273222368,5.881859220946417e-05,0.0,0.0,0.0,,,
1152,True,True,0.2169407251073401,0.2674497715943885,0.050509046487048376,119.59989695967889,119.5706242797646,-0.029272679914285504,2.0,3.2458487503114175,1.2458487503114175,691.4638614574076,695.3016216273961,3.8377601699885417,0.5538090173847965,0.4158580121290463,-0.13795100525575021,0.5541039179128697,0.5540177997929863,-8.611811988346041e-05,1.0,2.0,1.0,451.0,450.5215266191478,-0.4784733808522219
1153,True,True,0.1637819637273031,0.14182800193542433,-0.02195396179187878,116.30137773232624,116.60744051042235,0.3060627780961056,0.5,0.1632717370754108,-0.33672826292458924,857.4841798158985,877.3396136239304,19.855433808031876,0.5965606500969073,0.6956887579962372,0.09912810789932991,0.7274626798328885,0.7273928477027523,-6.983213013622702e-05,1.0,1.0,0.0,1204.5,1204.0732466542195,-0.4267533457805257
1154,True,True,0.4089232836326489,0.35933074633115136,-0.04959253730149754,208.90257735101645,208.2347680146188,-0.6678093363976529,1.0,0.5192386550304947,-0.4807613449695053,746.7679753760947,765.7484613516007,18.980485975505985,0.4881723746942874,0.543804141728135,0.055631767033847535,0.5659699052912148,0.5658939523206242,-7.595297059059813e-05,1.0,1.0,0.0,1301.5,1301.0589354817955,-0.44106451820448456
1155,True,True,0.4295191902689028,0.4643391843688971,0.03481999409999431,186.9904701285485,182.24357369486617,-4.746896433682338,1.0,1.1294886627350935,0.12948866273509352,663.6587857847513,685.3161391802527,21.65735339550133,0.558532054169299,0.5016535178557548,-0.056878536313544115,0.5629793599455655,0.5628637719963158,-0.00011558794924970694,1.0,2.0,1.0,727.0,726.5301553953619,-0.46984460463806954
1156,True,True,0.2077116066662433,0.1870290235383308,-0.02068258312791249,133.8217844509994,133.44725410075318,-0.3745303502462036,4.0,3.4529400913976143,-0.5470599086023857,833.7341668338769,873.0335973594061,39.29943052552926,0.5088449852573971,0.5669346428215163,0.05808965756411921,0.659333641786614,0.6592417174789567,-9.192430765736503e-05,4.0,5.0,1.0,20.0,19.777121199967233,-0.22287880003276683
1157,True,True,0.2099314651554567,0.2089899690711464,-0.0009414960843102949,82.78811636199974,82.79605489692713,0.007938534927390606,1.5,1.450485068012495,-0.049514931987505006,709.9797588152579,710.1305238279512,0.15076501269322762,0.49289795372165,0.49553994372240684,0.002641990000756822,0.682883207068691,0.6828830965669748,-1.1050171622173366e-07,1.0,1.0,0.0,1351.5,1351.4995723994946,-0.0004276005054180132
1158,True,True,0.9092384861857874,0.9308727098216875,0.021634223635900063,492.6111842658546,492.6256389167877,0.014454650933089397,45.0,54.689442344505146,9.689442344505146,855.2063771759765,855.7274905342407,0.5211133582641878,0.4900946168372612,0.3494456353568548,-0.1406489814804064,0.5439167717095735,0.5437315939771415,-0.00018517773243198477,4.0,4.0,0.0,422.0,421.7790210059332,-0.22097899406679744
1159,False,False,0.1196483834769115,0.11964974936688418,1.365889972682055e-06,58.40370893199008,58.38600322989616,-0.017705702093920195,0.0,0.0,0.0,479.1429800222237,478.99989395389355,-0.14308606833014892,0.6532425740547402,0.6531762641661373,-6.63098886029001e-05,0.6531315360779408,0.6531762641661373,4.472808819644403e-05,0.0,0.0,0.0,,,
1160,True,True,0.1652746659129297,0.1086024034328814,-0.056672262480048294,41.42539310623378,39.045201315088086,-2.380191791145691,1.0,0.5304654297709932,-0.4695345702290068,526.0826593806637,564.6960071572036,38.613347776539854,0.3412430428357088,0.44976635731407344,0.10852331447836466,0.586054726609478,0.5860473270222013,-7.399587276690767e-06,1.0,1.0,0.0,764.0,763.94333114441,-0.05666885559003276
1161,True,True,0.2126796103935235,0.22169963501456957,0.009020024621046063,85.87457179856467,82.37671296180343,-3.497858836761239,0.5,0.600352374825161,0.10035237482516102,466.0535455316934,498.6681197911845,32.61457425949112,0.6464526828089748,0.5869911381409407,-0.059461544668034105,0.6491363749337755,0.6491061391135768,-3.0235820198676322e-05,1.0,3.0,2.0,59.5,59.33101285096257,-0.1689871490374273
1162,False,False,0.1527311073829101,0.15273058371606169,-5.236668484120965e-07,100.40226441658515,100.40062004996156,-0.001644366623594351,0.0,0.0,0.0,669.2856514019056,669.2715465486725,-0.014104853233106951,0.6319016553357157,0.6318657233969898,-3.593193872597489e-05,0.6317875619669372,0.6318657233969898,7.816143005257015e-05,0.0,0.0,0.0,,,
1163,True,True,0.2176314961155547,0.21489396756090695,-0.0027375285546477612,146.33915310316956,149.41974405908718,3.0805909559176143,15.5,14.579770915448865,-0.920229084551135,818.9467552684523,829.2930225628347,10.346267294382415,0.4396841815362582,0.46432385975828055,0.024639678222022343,0.5360935549315097,0.5359628744776807,-0.00013068045382902405,3.0,3.0,0.0,5.0,4.563398449172382,-0.43660155082761776
1164,True,True,0.2891267190938082,0.2649697099065874,-0.0241570091872208,121.70524038265144,121.7388479370105,0.03360755435906526,1.5,1.1918195547768846,-0.3081804452231154,483.395123560052,507.1171449563998,23.72202139634777,0.4702509093524136,0.5114366190144987,0.04118570966208507,0.5145249665223506,0.5143777016173396,-0.00014726490501093537,3.0,5.0,2.0,312.5,312.23980153336845,-0.2601984666315502
1165,True,True,0.3150706485296107,0.23002702450554033,-0.08504362402407037,162.8954883050326,151.86088481314712,-11.034603491885463,1.0,0.5746366137347652,-0.42536338626523484,851.6683518230755,889.850074035028,38.18172221195255,0.5244589083419988,0.6128812538798032,0.08842234553780437,0.6257302951819755,0.6256802736466489,-5.0021535326627564e-05,2.0,2.0,0.0,283.5,283.1306438208487,-0.36935617915128205
1166,True,True,0.4570340285144006,0.43156042045342563,-0.025473608060974984,125.52313129074862,126.30616823498065,0.7830369442320233,1.0,0.7743302733695601,-0.22566972663043994,373.40817797902713,380.32897676723576,6.920798788208629,0.4906582316253479,0.5256854609842242,0.03502722935887631,0.6119919902792602,0.6118164578192801,-0.00017553245998014333,1.0,1.0,0.0,608.0,607.61784693411,-0.3821530658899519
1167,True,True,0.2578679072402201,0.21042361179134925,-0.04744429544887083,123.67186193736867,123.33374073868336,-0.33812119868531454,1.0,0.5351666368253064,-0.4648333631746936,680.1113174637262,694.7245001491515,14.613182685425272,0.469865424517005,0.5847217761293844,0.11485635161237934,0.6018137696801132,0.6018010131648783,-1.2756515234912946e-05,2.0,2.0,0.0,818.0,817.9912512692022,-0.00874873079783356
1168,True,True,0.207875080159803,0.20364333531325965,-0.004231744846543345,161.1681098312243,160.30272421934745,-0.8653856118768601,1.0,0.9423955404607114,-0.05760445953928861,972.8917668058086,977.8159325895928,4.924165783784133,0.6844764011560144,0.6909809964473632,0.006504595291348836,0.705460359867806,0.705427077571125,-3.328229668098093e-05,1.0,1.0,0.0,933.0,932.8582852536298,-0.1417147463702122
1169,True,True,0.0623421158584293,0.0636402135780613,0.001298097719631991,36.39967661038576,36.669311999246055,0.26963538886029426,11.0,10.591202843293994,-0.40879715670600625,634.4449759536305,634.4979156227117,0.05293966908118364,0.2820073653511982,0.2872325077150446,0.005225142363846413,0.5091701345872931,0.5090480156652134,-0.00012211892207969477,2.0,2.0,0.0,599.0,598.5518232057459,-0.4481767942540955
1170,True,True,0.1185460104967919,0.11085840971204822,-0.0076876007847436895,40.03774448883744,40.170748732035904,0.1330042431984637,1.5,1.264669008884812,-0.23533099111518796,487.5657630407126,501.1482412697458,13.5824782290332,0.4376378563623303,0.4678700615520835,0.03023220518975317,0.6039763902918529,0.6038936896928493,-8.27005990036156e-05,1.0,1.0,0.0,572.0,571.6467131456363,-0.3532868543636596
1171,True,True,0.9402969724443976,0.9217910683146749,-0.01850590412972264,361.8040493386349,361.0917342881962,-0.7123150504386899,5.0,4.3581731264654096,-0.6418268735345904,810.1764830893441,818.320126821711,8.143643732366968,0.4695291987885889,0.4939621688688117,0.024432970080222827,0.5117062343525518,0.5115399262827527,-0.00016630806979911483,3.0,3.0,0.0,936.0,935.9247058674127,-0.07529413258725981
1172,True,True,0.5106360554120806,0.609305289164666,0.0986692337525854,276.9636387219027,275.72084315273145,-1.2427955691712782,2.5,5.313790995586895,2.8137909955868947,750.0072725719323,777.6395636840824,27.632291112150142,0.4993848994062346,0.35617412116870684,-0.14321077823752776,0.521279931838906,0.5212487192634436,-3.1212575462347125e-05,1.0,2.0,1.0,417.5,417.2646709520546,-0.2353290479454131
1173,True,True,0.4954370160549231,0.4984225097894212,0.0029854937344981347,201.8599367169525,203.12793523626155,1.2679985193090602,9.0,8.513120174070341,-0.48687982592965895,618.8235650424533,619.9805828281435,1.1570177856901864,0.4165648784222481,0.42550495013393436,0.00894007171168626,0.5973994668970777,0.597249230136649,-0.00015023676042869027,2.0,2.0,0.0,522.5,522.3809419709323,-0.11905802906767349
1174,True,True,0.1448751763080534,0.14030105986738553,-0.00457411644066788,131.56715025619854,130.17370032366446,-1.3934499325340823,1.0,0.7750094398506917,-0.2249905601493083,1006.5248578349192,1045.0206970688064,38.49583923388718,0.7309015316935228,0.729944767146845,-0.000956764546677813,0.7337510713905405,0.7336521925219045,-9.887886863602091e-05,2.0,5.0,3.0,844.0,843.7149112761467,-0.28508872385327777
1175,True,True,0.0974122539742523,0.08931003391404731,-0.008102220060204987,19.26546881868111,18.554932912035426,-0.7105359066456849,2.5,2.235968398838305,-0.2640316011616952,678.821281762161,680.8187651490839,1.9974833869229087,0.6434764370920537,0.6552699517175148,0.011793514625461077,0.7312451326100446,0.7311480339155336,-9.709869451102193e-05,1.0,1.0,0.0,1034.5,1034.1820625339526,-0.3179374660473968
1176,False,False,0.2780156894448072,0.2779917206870144,-2.3968757792813822e-05,106.55669200254412,106.53863162755688,-0.018060374987243222,0.0,0.0,0.0,454.9146408896627,454.81959227185774,-0.09504861780493457,0.5596514470690324,0.5595949725252918,-5.647454374058114e-05,0.5595447404740567,0.5595949725252918,5.023205123511065e-05,0.0,0.0,0.0,,,
1177,False,False,0.3194198999600039,0.31940951801105566,-1.0381948948257058e-05,140.26525734458332,140.24405243286694,-0.021204911716381503,0.0,0.0,0.0,473.7025419532,473.62183487652055,-0.08070707667945953,0.5692699436852384,0.5692152133980526,-5.4730287185833504e-05,0.5691574676749563,0.5692152133980526,5.774572309624748e-05,0.0,0.0,0.0,,,
1178,False,False,0.3716965705246184,0.3716861755304371,-1.0394994181317507e-05,89.41493455605196,89.41964365338984,0.004709097337880053,0.0,0.0,0.0,270.7107487909596,270.7062607218508,-0.004488069108788295,0.4259670232141664,0.4259473616423453,-1.9661571821094626e-05,0.425862699260478,0.4259473616423453,8.466238186732866e-05,0.0,0.0,0.0,,,
1179,True,True,0.0612805751293422,0.06084572888565377,-0.00043484624368843316,21.503674107711145,21.55658247286526,0.05290836515411357,21.0,20.38363146465565,-0.6163685353443498,453.2678691122122,455.52881820022395,2.260949088011728,0.4674014638509851,0.47378111807039375,0.00637965421940867,0.5614617733908502,0.5614617733908501,-1.1102230246251565e-16,1.0,1.0,0.0,0.0,0.0,0.0
1180,True,True,0.3050980758870147,0.3490032380406648,0.04390516215365009,95.28458012454765,95.71769664236537,0.433116517817723,1.0,1.3225163220718972,0.3225163220718972,472.1567283348603,488.60653410094426,16.449805766083955,0.4920366283866391,0.39904590191715056,-0.09299072646948853,0.5170715463243967,0.5170291224121616,-4.242391223507891e-05,1.0,2.0,1.0,521.0,520.8287688957938,-0.1712311042061856
1181,True,True,0.2383595688039413,0.23558975542502333,-0.0027698133789179624,177.10383544903794,177.1596385985362,0.05580314949824583,0.5,0.42700047809630637,-0.07299952190369363,775.7675640501363,776.5490526885194,0.7814886383830526,0.5758771018469409,0.5864248776392215,0.010547775792280611,0.647939050944697,0.647909640466253,-2.941047844395861e-05,1.0,1.0,0.0,1407.0,1406.8316497347778,-0.16835026522221597
1182,True,True,0.4671992526951726,0.4513438255157786,-0.015855427179393977,294.1682709390434,293.37109416212013,-0.7971767769232656,2.5,2.203792451642222,-0.2962075483577782,975.1104006607502,988.5695717695136,13.459171108763371,0.5771334639495043,0.5901189283644545,0.012985464414950187,0.6181244687855143,0.6180366380371296,-8.783074838469851e-05,1.0,1.0,0.0,1023.5,1023.0364862151658,-0.46351378483416283
1183,True,True,0.0954724023300494,0.08417208199909122,-0.01130032033095818,25.74239096024543,25.77836470802873,0.03597374778329865,3.0,2.232124818075682,-0.7678751819243179,444.4742462361198,457.5974614107542,13.123215174634367,0.4905772415518051,0.5556814058395964,0.06510416428779126,0.6227105900158557,0.622579722251633,-0.0001308677642226641,2.0,2.0,0.0,196.0,195.80040213046203,-0.19959786953796765
1184,True,True,0.0361804106414216,0.03604465737210482,-0.00013575326931677956,21.57160429456035,21.635801259119294,0.06419696455894552,12.0,11.78964842248822,-0.2103515775117799,641.7025663936239,643.8033980049624,2.100831611338549,0.4275759979844709,0.43393235423633014,0.006356356251859263,0.5616081023895335,0.5615214060656597,-8.669632387381387e-05,2.0,2.0,0.0,243.0,242.7054826944593,-0.294517305540694
1185,False,False,0.2514517187811537,0.2514513304316258,-3.883495278689253e-07,167.67882711850896,167.68627103231773,0.007443913808771185,0.0,0.0,0.0,675.3282286399439,675.3548883832284,0.026659743284540127,0.7313314399972136,0.7313069057443141,-2.453425289949962e-05,0.7312022125461088,0.7313069057443141,0.00010469319820527456,0.0,0.0,0.0,,,
1186,True,True,0.2253341647990568,0.23093539492724183,0.005601230128185031,151.68108562403523,148.9558247753848,-2.7252608486504357,5.0,4.757714714593022,-0.2422852854069779,1043.808724450244,1083.5890408191754,39.78031636893138,0.5796426300381884,0.5466596117513356,-0.032983018286852794,0.6056909543947802,0.6055419282784928,-0.00014902611628730966,5.0,8.0,3.0,59.0,58.651827456386506,-0.3481725436134937
1187,True,True,0.0655553492674142,0.06569956895858914,0.00014421969117493771,21.5986849775154,22.296589872967107,0.6979048954517069,7.0,6.071182344853873,-0.9288176551461271,329.75432864297545,336.31818704865896,6.563858405683504,0.3432991803655174,0.3869170125044734,0.043617832138956036,0.5381064743293269,0.5378909938810504,-0.00021548044827646162,2.0,2.0,0.0,90.5,90.02677792304519,-0.4732220769548121
1188,True,True,0.1700786831711505,0.1701831487799139,0.00010446560876339883,73.41831540323646,73.91308104179744,0.49476563856097755,3.5,3.4310201009182513,-0.06897989908174873,468.0865219658363,470.74327247721703,2.6567505113807215,0.5129809794915987,0.5156681122161244,0.002687132724525698,0.5283359279093263,0.5283359279093262,-1.1102230246251565e-16,0.0,0.0,0.0,0.0,0.0,0.0
1189,True,True,0.2358893036042294,0.20851657718589897,-0.02737272641833044,73.3790822516923,73.4194676720033,0.04038542031099723,1.0,0.6897326508769767,-0.31026734912302334,437.258990665539,455.73959591402087,18.48060524848188,0.5223163126813253,0.5799898346942723,0.057673522012947065,0.614064836477498,0.6139952879699137,-6.954850758433828e-05,1.0,1.0,0.0,623.5,623.3419891121976,-0.15801088780244754
1190,True,True,0.6268714606159588,0.6135958122860262,-0.013275648329932555,300.0400034646381,300.1657368846698,0.1257334200316791,4.0,3.643730500835229,-0.356269499164771,816.650525714247,821.4581326468544,4.8076069326074276,0.5364125835671945,0.5544375488352395,0.01802496526804509,0.6167623955672481,0.6166408677807357,-0.00012152778651242091,2.0,2.0,0.0,914.0,913.5743327781989,-0.42566722180106353
1191,True,True,0.2119628729150539,0.1985034788654404,-0.013459394049613493,99.58467773932296,99.97643723462038,0.39175949529742127,2.0,1.6592405618052004,-0.3407594381947996,588.4604027382429,598.5015408849573,10.041138146714388,0.5383063848229701,0.5846414075520913,0.046335022729121156,0.6296224636509077,0.6294990811287038,-0.00012338252220389645,2.0,2.0,0.0,548.5,548.215610473499,-0.28438952650094507
1192,False,False,0.0190554971450719,0.019055204123681273,-2.9302139062728494e-07,14.912395501065218,14.910618466543468,-0.0017770345217495986,0.0,0.0,0.0,824.4104942476927,824.3075877781846,-0.10290646950807059,0.5974034283597971,0.5973585057629415,-4.4922596855623276e-05,0.5973260235563127,0.5973585057629415,3.2482206628769994e-05,0.0,0.0,0.0,,,
1193,True,True,0.387046030644241,0.3251988435928435,-0.06184718705139747,132.95366082207104,131.45740741331974,-1.4962534087513006,2.0,1.4101625855051683,-0.5898374144948317,445.2129366321175,467.69213679072163,22.479200158604158,0.4457209811620771,0.5139221163458856,0.06820113518380849,0.5859577066117315,0.5859577066117315,0.0,1.0,1.0,0.0,0.0,0.0,0.0
1194,True,True,0.432041929004875,0.4227929124741398,-0.009249016530735177,237.9404302150209,238.60789336667463,0.6674631516537204,1.0,0.8655435480410234,-0.1344564519589766,855.6295067065349,863.7209471813266,8.091440474791625,0.5305496953378763,0.5421373814809692,0.011587686143092912,0.5559400746391273,0.5559018474130998,-3.822722602753181e-05,1.0,1.0,0.0,1247.5,1247.3006708731573,-0.19932912684271287
1195,True,True,0.2848174391551837,0.25849661179904904,-0.02632082735613467,149.18344997810215,147.28773602597846,-1.8957139521236854,3.0,2.5219237059412998,-0.4780762940587002,919.955083970069,938.6364238190168,18.6813398489478,0.4775996005532386,0.5217232313160356,0.04412363076279702,0.6311329205548264,0.6310367226901435,-9.619786468284541e-05,2.0,2.0,0.0,381.0,380.718155602346,-0.2818443976540266
1196,True,True,0.1923475983622976,0.19105743332248318,-0.0012901650398144116,57.02962203121496,57.247427027154444,0.21780499593948122,2.5,2.321748264168856,-0.17825173583114395,406.1365899875444,408.9352572838771,2.798667296332667,0.5717107789219333,0.576128210641219,0.004417431719285658,0.588501657088961,0.5884068451157578,-9.481197320315715e-05,1.0,1.0,0.0,160.5,160.0412034231743,-0.45879657682570496
1197,True,True,0.5379815499866368,0.5250526744764756,-0.012928875510161197,113.4007712580777,114.24589405747041,0.845122799392712,6.5,5.826193908072306,-0.6738060919276938,378.6710610078736,381.6986070931384,3.0275460852647598,0.3441526798912858,0.3631343568557777,0.018981676964491934,0.52313876170989,0.5230485907312541,-9.017097863595058e-05,2.0,2.0,0.0,141.5,141.48177183274444,-0.018228167255557537
1198,True,True,0.7463318294537982,0.7421632065625411,-0.004168622891257079,300.6576686970264,301.1642225243007,0.5065538272743311,4.5,4.156137214903722,-0.3438627850962783,721.3156449730349,722.3898623015272,1.0742173284922956,0.4097397497788895,0.4281024339754154,0.018362684196525925,0.5755641785558621,0.5754372557569492,-0.00012692279891290958,3.0,3.0,0.0,473.5,473.0628848293983,-0.43711517060171445
1199,True,True,0.9997342933517122,0.999805212468611,7.091911689882657e-05,710.8069345023501,714.6410869336878,3.8341524313376567,14.5,14.586078294491715,0.08607829449171511,749.8201662826924,754.476315764488,4.656149481795637,0.4875982199079334,0.4670136956462862,-0.020584524261647197,0.5535312320573921,0.553531232057392,-1.1102230246251565e-16,7.0,8.0,1.0,0.0,0.0,0.0
1200,False,False,0.1519929917743044,0.15198955254065052,-3.4392336538680013e-06,71.97939787930005,71.96697449379593,-0.012423385504121143,0.0,0.0,0.0,498.37978976262576,498.28412419543287,-0.09566556719289565,0.6828329741664546,0.6827910977194103,-4.1876447044342235e-05,0.6827323955381094,0.6827910977194103,5.870218130088478e-05,0.0,0.0,0.0,,,
1201,True,True,0.2172797856003399,0.2111100513056175,-0.006169734294722395,98.62979129036916,99.97298316024009,1.3431918698709353,7.0,6.279140659279069,-0.7208593407209314,546.4117144316875,549.9716489024294,3.5599344707418368,0.3372695913989416,0.37233415431027805,0.03506456291133647,0.6756933894888444,0.6756933894888444,0.0,1.0,1.0,0.0,0.0,0.0,0.0
1202,True,True,0.6851076579654017,0.6780786487064226,-0.007029009258979091,248.40156119557,252.1174525160562,3.7158913204862074,9.5,9.012707463907995,-0.4872925360920046,484.2793218501549,492.47059313655774,8.191271286402866,0.4585136255553294,0.46928461145566425,0.010770985900334873,0.5004154515967468,0.5003365882460039,-7.886335074291928e-05,1.0,1.0,0.0,381.5,381.30276558656846,-0.1972344134315449
1203,True,True,0.4783456618832895,0.4541625397772465,-0.024183122106042954,135.66938067116192,133.8291801063745,-1.8402005647874091,9.0,8.105510104616394,-0.8944898953836056,655.7697846058305,659.902505789715,4.132721183884428,0.2876548842538412,0.3248952054859341,0.037240321232092866,0.5206389375955034,0.5205205209754333,-0.00011841662007006093,3.0,3.0,0.0,25.5,25.140616611126546,-0.35938338887345367
1204,True,True,0.2191033785764994,0.22084334638979325,0.0017399678132938579,95.3943590635844,95.52913846349263,0.13477939990822563,6.0,5.949190981750141,-0.05080901824985862,692.3293436787008,696.1419169649498,3.812573286249062,0.4987803622444765,0.49214389829620053,-0.006636463948275995,0.5086132238452745,0.5084254396758953,-0.00018778416937925702,6.0,7.0,1.0,538.0,537.8125038233861,-0.18749617661387674
1205,True,True,0.2305755730518032,0.2283804235361205,-0.0021951495156826983,81.62440543380498,81.69982501998994,0.0754195861849638,9.0,8.545552378945272,-0.4544476210547277,509.7234445404675,510.6746398384265,0.9511952979590319,0.4220265126628795,0.4284714200599634,0.006444907397083921,0.6262592422269,0.6262511896089613,-8.05261793868084e-06,1.0,1.0,0.0,877.5,877.4713937550783,-0.028606244921661528
1206,True,True,0.0725453359966553,0.07297575317471126,0.00043041717805596125,64.40747552061286,64.60726884721858,0.19979332660571458,2.0,1.7501005318888936,-0.24989946811110642,859.3456175583414,861.1340295812705,1.7884120229291511,0.71619256215864,0.7231909386889696,0.006998376530329531,0.729433337085145,0.7293735276760452,-5.9809409099775834e-05,1.0,1.0,0.0,1166.0,1165.7139795983942,-0.28602040160581055
1207,True,True,0.5888569401825763,0.5885963922724797,-0.00026054791009655354,353.06633948379925,345.8344228727884,-7.231916611010831,4.5,4.341241127511604,-0.15875887248839593,1069.089894738273,1090.565745744257,21.47585100598394,0.5583705596861599,0.5394630989933777,-0.018907460692782152,0.6408822346454386,0.6408822346454385,-1.1102230246251565e-16,6.0,8.0,2.0,0.0,0.0,0.0
1208,True,True,0.2188980734831815,0.19154498030028758,-0.027353093182893917,91.0758403766108,91.38767397762366,0.3118336010128644,1.0,0.6431441646243912,-0.35685583537560883,803.0422695344218,809.6006692591117,6.558399724689821,0.4313276379521978,0.5095860012009764,0.0782583632487786,0.7231464509114549,0.723141363016686,-5.0878947689403375e-06,1.0,1.0,0.0,1275.5,1275.4707845727762,-0.029215427223789447
1209,True,True,0.3815182497159471,0.39253541081447424,0.011017161098527128,239.85251181568523,248.53165530378948,8.679143488104245,7.5,6.51014037607237,-0.9898596239276296,797.7498751062666,806.7943620437139,9.044486937447346,0.4648467921614723,0.5002243681434109,0.03537757598193858,0.5599972503785593,0.5599394259884005,-5.782439015877827e-05,3.0,3.0,0.0,426.0,425.83343075660156,-0.1665692433984418
1210,False,False,0.1617058791769794,0.16171021745501651,4.33827803711373e-06,65.48974122950337,65.46944326574751,-0.020297963755851356,0.0,0.0,0.0,389.0205784854065,388.9029329056472,-0.11764557975925527,0.5903026709370345,0.5901969388011057,-0.00010573213592879327,0.59013776274589,0.5901969388011057,5.9176055215659495e-05,0.0,0.0,0.0,,,
1211,True,True,0.3380094952080927,0.2558479778601063,-0.08216151734798638,170.55677423728568,149.3265272441385,-21.230246993147176,2.0,1.376070258789696,-0.623929741210304,1126.3113709050651,1173.185238360771,46.87386745570598,0.62310733956993,0.7059937824129285,0.08288644284299851,0.7202115486274715,0.7200742762140934,-0.00013727241337813112,4.0,7.0,3.0,473.5,473.0383138532355,-0.4616861467645208
1212,True,True,0.0881288900234449,0.08813322037791102,4.330354466119957e-06,55.346279294854256,55.400622852068295,0.054343557214039606,2.0,1.9648535751213794,-0.03514642487862063,775.4679744424285,775.9546404635329,0.4866660211043836,0.7186859363532523,0.7195748700145581,0.0008889336613058241,0.7248747746975986,0.724841538757297,-3.323594030169019e-05,1.0,1.0,0.0,615.5,615.3010638065098,-0.1989361934902263
1213,True,True,0.2510689884095644,0.25104582402707676,-2.3164382487617097e-05,199.5780524725804,200.4561004666438,0.8780479940633938,15.0,14.237708782369705,-0.7622912176302954,816.2935680660271,818.8350290512332,2.541460985206072,0.4790471005454091,0.4990983491167099,0.020051248571300806,0.5284562422513555,0.5282741653906375,-0.00018207686071791684,5.0,5.0,0.0,716.0,715.534083041279,-0.4659169587209817
1214,True,True,0.5674287400612401,0.3924578021419371,-0.17497093791930302,42.91343752313569,39.323843535073074,-3.5895939880626173,1.0,0.5226673819706776,-0.47733261802932236,385.7616758911666,392.9745215007488,7.212845609582189,0.3383600451755125,0.40250335787680647,0.06414331270129398,0.5081423878064092,0.508074006602637,-6.838120377217205e-05,1.0,1.0,0.0,807.0,806.6514643287707,-0.34853567122934237
1215,True,True,0.1398366786275685,0.14470577845654398,0.004869099828975487,68.96675366190887,68.89872953317018,-0.06802412873868491,2.5,2.5385872604034385,0.03858726040343852,826.6510812497922,842.5701497612989,15.91906851150668,0.4953864718956874,0.4781156536026534,-0.017270818293034007,0.5163450823215601,0.5162505884205922,-9.449390096782917e-05,5.0,7.0,2.0,367.5,367.3426737912935,-0.15732620870647906
1216,False,False,0.2469619877363818,0.24690038308963816,-6.160464674365151e-05,63.40105080025837,63.37316715819459,-0.02788364206377736,0.0,0.0,0.0,342.02192675993706,341.8753000839541,-0.1466266759829864,0.4452084529000386,0.4451084697878834,-9.998311215519973e-05,0.4450933190907342,0.4451084697878834,1.515069714919104e-05,0.0,0.0,0.0,,,
1217,True,True,0.1110040485912574,0.10803467590896867,-0.0029693726822887234,39.95333708678583,39.28491944966201,-0.6684176371238166,2.0,1.922989523509751,-0.07701047649024906,495.0375547128722,549.0685632624053,54.03100854953311,0.4109956014836471,0.39933418917317126,-0.01166141231047585,0.5092494526985838,0.5091694605254842,-7.999217309961892e-05,2.0,3.0,1.0,5.0,4.7845058795792275,-0.21549412042077254
1218,True,True,0.249706482428083,0.18526128776021208,-0.06444519466787091,60.73063121995412,59.01022163469172,-1.7204095852624022,2.0,1.385408077196917,-0.614591922803083,449.6090584600692,478.91417506644956,29.305116606380352,0.3191332904235691,0.42706936122389816,0.10793607080032908,0.5193497106389218,0.519245496655905,-0.00010421398301674323,2.0,2.0,0.0,64.5,64.11221321414696,-0.38778678585303794
1219,True,True,0.1168955214895949,0.11329713870926843,-0.0035983827803264673,60.94990933530992,60.92781834813733,-0.022090987172589394,2.5,2.2277653862372984,-0.27223461376270164,746.7521844778677,752.1763263474289,5.424141869561254,0.5763443609236634,0.5921364056959519,0.01579204477228857,0.7105295906162402,0.7104003574043295,-0.00012923321191071757,1.0,1.0,0.0,1093.5,1093.0815488563321,-0.4184511436678804
1220,True,True,0.6610014987206432,0.5950508443639286,-0.06595065435671454,356.28872288870167,352.8151086590557,-3.473614229645989,5.0,4.335106483384153,-0.6648935166158472,865.2533886322221,902.3877977118603,37.1344090796382,0.3982558271282108,0.45499470468319475,0.05673887755498397,0.6434053987094049,0.6434053987094049,0.0,4.0,5.0,1.0,0.0,0.0,0.0
1221,True,True,0.064268052606781,0.06573411841822967,0.0014660658114486608,50.94575594171991,51.297662635276666,0.3519066935567565,8.0,7.4936975783435535,-0.5063024216564465,537.5332767650145,539.0909402207171,1.5576634557025955,0.5972770839135163,0.6053040546766069,0.008026970763090557,0.6099780598004689,0.6097773038692056,-0.00020075593126334113,2.0,2.0,0.0,607.0,606.5024855404708,-0.49751445952915674
1222,True,True,0.186120420249922,0.12617724099898428,-0.05994317925093773,54.24158002447464,50.423924174961364,-3.8176558495132795,2.0,1.2417484703648372,-0.7582515296351628,646.0361112881862,701.0139437853453,54.977832497159056,0.4512150043225854,0.5798039875405983,0.12858898321801288,0.5849765347387429,0.5848520615900836,-0.0001244731486592654,2.0,2.0,0.0,281.0,280.6194764692784,-0.3805235307215753
1223,True,True,0.7203832452382267,0.6415736142676912,-0.0788096309705355,404.92844442767176,404.282575033929,-0.6458693937427711,4.5,3.645785077306211,-0.8542149226937892,957.15868986323,980.0458511109938,22.887161247763743,0.5247021506729872,0.5878663281260106,0.06316417745302338,0.6133806428511204,0.6131897672514811,-0.00019087559963926193,3.0,3.0,0.0,628.0,627.8668954534878,-0.13310454651218606
1224,True,True,0.3562373846233841,0.501236950276688,0.1449995656533039,146.767573732478,143.23216918509286,-3.5354045473851556,7.5,11.480593340028985,3.9805933400289852,874.1664384324084,877.6752283830614,3.508789950652954,0.5869104606675828,0.4962316972350572,-0.09067876343252557,0.5924794855879809,0.5924215823120865,-5.7903275894388706e-05,2.0,3.0,1.0,603.0,602.7944471048847,-0.20555289511526098
1225,True,True,0.2971192100314456,0.3156337540662378,0.01851454403479219,163.0449296479796,160.65416342039194,-2.3907662275876476,2.0,2.1463719452032826,0.14637194520328256,799.89691895047,805.2778508973211,5.380931946851092,0.5359732021456626,0.5105011479999862,-0.025472054145676326,0.5415454841712368,0.5414499235792938,-9.556059194304467e-05,4.0,5.0,1.0,80.5,80.00713380905482,-0.49286619094517903
1226,True,True,0.549821414053859,0.5804642026259745,0.030642788572115554,130.6784796580112,127.79396602763475,-2.8845136303764605,1.5,1.7956647560524295,0.2956647560524295,472.0101619336352,477.39324375750755,5.383081823872374,0.4814213333110519,0.44925335846737485,-0.03216797484367706,0.5050361840066022,0.5049839528228597,-5.223118374253488e-05,2.0,3.0,1.0,562.5,562.2359103814739,-0.2640896185260999
1227,True,True,0.2503504228981128,0.2661994180448731,0.015848995146760303,171.27665736165198,176.032071987351,4.755414625699018,5.5,5.657806693276504,0.15780669327650365,795.5186334631185,802.8439045802097,7.3252711170912335,0.5127516051769587,0.4831400768726275,-0.029611528304331225,0.595567226179144,0.595567226179144,0.0,3.0,4.0,1.0,0.0,0.0,0.0
1228,True,True,0.6172494179982646,0.6386809551215924,0.021431537123327793,344.98292286471906,349.85962000078774,4.876697136068685,9.0,9.090811686537913,0.09081168653791316,753.0091521141354,770.7430129897443,17.73386087560891,0.4704820907898059,0.44726395675593184,-0.02321813403387407,0.5489510065408044,0.5487496997372482,-0.00020130680355623376,5.0,6.0,1.0,81.0,80.54351337856758,-0.45648662143241836
1229,True,True,0.0323568306325775,0.032433332966288295,7.650233371079423e-05,31.263230003465363,31.345101586117167,0.08187158265180372,37.5,37.2498861869334,-0.25011381306659786,894.0921038005553,894.4149942141815,0.3228904136262827,0.6466300874331885,0.6477235961330235,0.001093508699835044,0.6693906640193815,0.6693154494767382,-7.52145426433648e-05,3.0,3.0,0.0,377.0,376.93560053148803,-0.0643994685119651
1230,True,True,0.5556471887251888,0.513628768665582,-0.042018420059606765,123.14523738942908,120.4532678335956,-2.691969555833481,2.5,2.079837645147928,-0.4201623548520721,394.67590582882974,404.1616590588126,9.485753229982834,0.4719416983481318,0.49616189874419125,0.024220200396059433,0.5720463929478603,0.5719772948382467,-6.909810961364116e-05,1.0,1.0,0.0,421.0,420.8251831246841,-0.17481687531591206
1231,True,True,0.2849050833132563,0.2822225538078616,-0.002682529505394715,153.51433450252495,155.6583563244638,2.14402182193885,2.5,2.096074061671971,-0.40392593832802914,852.8920297935763,862.4826462375667,9.59061644399037,0.5949724135998705,0.6157877734137223,0.02081535981385174,0.7038084399126611,0.7037328644170366,-7.557549562442478e-05,1.0,1.0,0.0,1030.5,1030.1370089529069,-0.36299104709314634
1232,True,True,0.1416663331252505,0.15196866982850726,0.010302336703256754,114.72553724971834,115.11279930509548,0.38726205537713554,5.5,7.608640801208083,2.1086408012080833,1182.299828207215,1191.1680392851124,8.868211077897513,0.68893995974068,0.5719208232788067,-0.11701913646187334,0.7046316724980144,0.7045307693708854,-0.00010090312712895955,2.0,3.0,1.0,873.0,872.9442015948404,-0.05579840515963497
1233,True,True,0.054935550965032,0.05707431967651263,0.0021387687114806306,33.98694846324854,34.0417414674104,0.054793004161858505,0.5,0.6367744119488634,0.13677441194886342,647.9365739075058,652.8732956211816,4.936721713675752,0.6454000229118589,0.6154918749630932,-0.02990814794876573,0.6576827711298465,0.6576711125137723,-1.1658616074217143e-05,1.0,2.0,1.0,730.5,730.432449057071,-0.06755094292896047
1234,True,True,0.4330932987632269,0.3794614000319028,-0.05363189873132407,226.0063377240411,226.42553013622984,0.4191924121887496,4.0,3.0253119269444158,-0.9746880730555842,768.2750937537088,801.6917971237873,33.416703370078494,0.4967596551373051,0.5702856853963276,0.07352603025902255,0.5704498284672002,0.570373599220172,-7.622924702821443e-05,4.0,5.0,1.0,58.0,57.89204548076724,-0.10795451923276289
1235,True,True,0.4454957008002548,0.4124671529208944,-0.03302854787936038,272.10469486556883,270.37623644303756,-1.7284584225312756,1.0,0.7364439160388428,-0.26355608396115715,1085.86238917317,1106.194232955634,20.331843782464148,0.6570447100147964,0.6896976796806382,0.03265296966584186,0.7411921209328447,0.7411882995544266,-3.821378418145116e-06,1.0,1.0,0.0,1247.5,1247.479159729199,-0.020840270801045335
1236,True,True,0.339158008539336,0.3491834572094483,0.010025448670112347,117.95747164687944,115.16909016946346,-2.7883814774159816,4.0,4.106211460716443,0.10621146071644283,498.5127823307325,508.57809009826946,10.065307767536979,0.5969146213847498,0.5697252269873755,-0.027189394397374334,0.6220682948668276,0.6220682948668275,-1.1102230246251565e-16,3.0,5.0,2.0,0.0,0.0,0.0
1237,True,True,0.1195755323499079,0.1037265110500256,-0.015849021299882304,69.0329157451725,69.09337325707844,0.06045751190593762,1.5,1.1504942384897732,-0.34950576151022683,710.2079997308678,728.0130029503352,17.805003219467494,0.538714180641002,0.6272779067092485,0.08856372606824658,0.6400400195249201,0.6398705992137493,-0.00016942031117073153,3.0,3.0,0.0,446.0,445.72679592339637,-0.27320407660363344
1238,True,True,0.1772918656621711,0.1765742018261554,-0.0007176638360156806,96.83375295726178,97.20945020707978,0.37569724981800334,7.0,6.807048185434535,-0.19295181456546473,592.877095822568,594.3645699479115,1.4874741253435104,0.5032555307248493,0.5153441872879991,0.012088656563149835,0.6529678979509804,0.6529678979509803,-1.1102230246251565e-16,3.0,3.0,0.0,0.0,0.0,0.0
1239,True,True,0.3625497548009011,0.28759921555142987,-0.07495053924947126,252.2142218598757,245.70212576124283,-6.512096098632867,1.0,0.5044636854087003,-0.49553631459129965,1124.3479997606776,1187.3510578365072,63.003058075829586,0.5827887632813988,0.7026003678724921,0.1198116045910933,0.7207057667871989,0.7206327451619182,-7.302162528066702e-05,2.0,3.0,1.0,601.0,600.7397903029527,-0.260209697047344
1240,True,True,0.1869373034045864,0.16546260736493337,-0.02147469603965302,74.55817612537918,74.96938845752005,0.4112123321408774,0.5,0.1881954122334719,-0.3118045877665281,504.9896645981877,525.185318856114,20.19565425792632,0.5757484064388375,0.6625811582419652,0.08683275180312766,0.6647250280727037,0.6646350845706257,-8.994350207802704e-05,1.0,1.0,0.0,668.0,667.6599888916581,-0.3400111083418551
1241,True,True,0.2116115711881603,0.18457163671461238,-0.02703993447354791,126.12481864167157,129.42398946195604,3.2991708202844734,2.0,1.2874922729621179,-0.7125077270378821,717.237465879488,760.1689257594445,42.93145987995649,0.4483193650739306,0.5487171129245882,0.10039774785065764,0.5607324897885668,0.5606109389689369,-0.0001215508196299453,2.0,2.0,0.0,469.0,468.80252064993283,-0.19747935006716943
1242,True,True,0.4069957179620073,0.5397379895015288,0.13274227153952156,154.3292111813087,148.5815420751027,-5.74766910620599,2.5,3.099725212022897,0.5997252120228969,706.7349813687838,741.9670094048513,35.232028036067504,0.4522887244532302,0.3520432166812123,-0.1002455077720179,0.5315866618986659,0.5314692949802938,-0.00011736691837205271,2.0,3.0,1.0,771.0,770.7187597883623,-0.28124021163773705
1243,True,True,0.4008292935821145,0.365752660103385,-0.035076633478729524,205.09921426354683,205.81903903612232,0.7198247725754925,4.5,3.5852763972565325,-0.9147236027434675,840.9161903750991,865.2470414195143,24.330851044415226,0.4840937619953697,0.5636304432550665,0.07953668125969682,0.6525553705584672,0.6525111348783974,-4.423568006983736e-05,2.0,2.0,0.0,0.0,0.0,0.0
1244,True,True,0.1865714236878085,0.1795729162091075,-0.006998507478700983,89.82510518277478,90.11872135114596,0.2936161683711873,1.5,1.2537983985734173,-0.24620160142658265,502.43601131453534,518.9023029395408,16.46629162500551,0.6520838935554923,0.675918368015993,0.023834474460500688,0.6894945267928589,0.6894180257208085,-7.650107205048329e-05,1.0,1.0,0.0,189.5,189.14720871964465,-0.3527912803553477
1245,True,True,0.4447729978087066,0.42407280287509397,-0.020700194933612637,162.22686675320102,161.69932923358223,-0.5275375196187895,1.5,1.3095495066256264,-0.1904504933743736,506.3327920130624,514.2389766394897,7.906184626427319,0.5870077431183411,0.6066186045061086,0.019610861387767464,0.6406589610599959,0.6404455077929766,-0.00021345326701927014,1.0,1.0,0.0,630.0,629.5038957224712,-0.49610427752884334
1246,True,True,0.0253408474274862,0.025664741907588266,0.0003238944801020674,11.511888142569823,11.55316147711722,0.041273334547396345,23.5,22.89201245655719,-0.6079875434428104,391.2269239195902,391.4159686964253,0.18904477683508958,0.319560422897402,0.3277479525038153,0.00818752960641328,0.5437036113344499,0.5437036113344499,0.0,1.0,1.0,0.0,0.0,0.0,0.0
1247,True,True,0.1751316209555677,0.16703134152236607,-0.00810027943320163,126.08167016852548,126.99197337430353,0.9103032057780496,4.0,3.424650086171461,-0.5753499138285392,819.1373824108286,831.624151015939,12.486768605110342,0.4176790570104632,0.45794346564870936,0.04026440863824615,0.5047666826492608,0.5046440336469481,-0.0001226490023127358,4.0,5.0,1.0,855.5,855.0504979285477,-0.44950207145234344
1248,True,True,0.1166260327474988,0.09222751483563406,-0.024398517911864745,39.03966982437037,38.85756574416942,-0.1821040802009506,2.5,1.927718758845004,-0.572281241154996,1000.592206985595,1005.3615359905931,4.769329004998099,0.4437943902030807,0.5538307407668651,0.11003635056378441,0.6524021725481186,0.6522956938863664,-0.00010647866175217402,4.0,4.0,0.0,706.5,706.3486739576463,-0.15132604235373037
1249,False,False,0.2022151331569753,0.20221088568523551,-4.2474717397988915e-06,57.99803451047841,57.98982393961344,-0.008210570864974898,0.0,0.0,0.0,299.9870566278464,299.9400518466944,-0.04700478115199758,0.4257398275362661,0.42569661630253,-4.321123373612901e-05,0.4256359852435046,0.42569661630253,6.063105902537336e-05,0.0,0.0,0.0,,,
1250,True,True,0.1124047988161158,0.11196558481263376,-0.0004392140034820413,48.215818500405376,48.46493387479879,0.24911537439341203,2.0,1.8388743047602483,-0.16112569523975173,447.60235561226455,451.059264680058,3.456909067793447,0.5980379517733719,0.6038683848340346,0.005830433060662665,0.637117383067995,0.637058897586051,-5.848548194398173e-05,1.0,1.0,0.0,175.0,174.5645248531977,-0.4354751468023039
1251,True,True,0.3743927112168105,0.32599154737065145,-0.04840116384615906,129.05121185429064,123.42424237386331,-5.626969480427334,1.0,0.7399451835721267,-0.2600548164278733,789.1012020794464,801.9412000834374,12.839998003991013,0.5537099774276599,0.5842115699662307,0.030501592538570765,0.6568856975020716,0.6568577853065373,-2.7912195534329776e-05,1.0,1.0,0.0,1055.0,1054.8570834240404,-0.14291657595958895
1252,False,False,0.2477469826933294,0.2477020410339167,-4.4941659412711665e-05,103.11232423572362,103.07749935579423,-0.03482487992938843,0.0,0.0,0.0,549.7895360460278,549.6030501815222,-0.1864858645055847,0.6011447134681385,0.6010474657280933,-9.724774004515879e-05,0.6010275286078182,0.6010474657280933,1.99371202751486e-05,0.0,0.0,0.0,,,
1253,True,True,0.2821995246109969,0.2941159427843671,0.011916418173370191,172.7217231233589,174.8808191194874,2.1590959961284852,3.5,3.1613805366796455,-0.33861946332035453,769.94886084355,818.5299911512449,48.58113030769482,0.5057646526272237,0.4769384195208659,-0.02882623310635779,0.5835039482297395,0.5833365947023023,-0.00016735352743724174,4.0,6.0,2.0,58.5,58.206068898886414,-0.29393110111358567
1254,False,False,0.2751198018533002,0.2751168983174263,-2.9035358738993544e-06,90.0854239825124,90.0333488264305,-0.052075156081897944,0.0,0.0,0.0,330.48161620746845,330.2905864459132,-0.1910297615552281,0.4840489719582519,0.48396613715056763,-8.283480768428442e-05,0.4839599871803164,0.48396613715056763,6.1499702512235466e-06,0.0,0.0,0.0,,,
1255,True,True,0.0956015138032597,0.07702523293569229,-0.018576280867567407,21.740369836769947,21.496762518385925,-0.24360731838402216,1.0,0.5379209334263579,-0.46207906657364206,342.4154083809995,388.88923623673617,46.47382785573666,0.4305134348036263,0.5055943815835471,0.07508094677992078,0.5456420029885835,0.5455900035450685,-5.1999443514971766e-05,1.0,1.0,0.0,197.5,197.16764240222582,-0.33235759777417684
1256,True,True,0.1955538846128016,0.19802145622520495,0.002467571612403352,168.41345501333274,168.29387911034775,-0.11957590298499099,1.5,1.4291302461817397,-0.07086975381826033,992.8803054385056,1022.343529151824,29.46322371331837,0.6297227066675457,0.6106210429936624,-0.01910166367388333,0.6940807930958987,0.6938995963623437,-0.0001811967335549891,3.0,5.0,2.0,860.5,860.0198554234656,-0.4801445765343715
1257,True,True,0.3110659473578006,0.29793453789128255,-0.01313140946651803,155.73802636939456,154.5780292814519,-1.1599970879426564,1.0,0.8934729758009781,-0.10652702419902194,657.3408834117471,667.2481462606099,9.907262848862842,0.5680906300860085,0.5833163703925501,0.015225740306541669,0.5964707419132074,0.5964318593463473,-3.888256686002123e-05,1.0,1.0,0.0,713.5,713.3749354836798,-0.12506451632020799
1258,True,True,0.4809872760387996,0.47974379330092404,-0.0012434827378755564,158.15924696089635,158.1776435613635,0.018396600467156077,3.0,2.95298687372124,-0.04701312627876009,681.4487559180993,681.4340447392972,-0.014711178802144786,0.4487214192201587,0.45028951262117733,0.0015680934010186554,0.6815032942227459,0.6814939336838794,-9.360538866465262e-06,1.0,1.0,0.0,1331.5,1331.4641431050823,-0.035856894917742466
1259,True,True,0.1540573459075184,0.14328080149150074,-0.010776544416017664,83.19741762399221,83.18632287341134,-0.01109475058086673,0.5,0.23163445113750641,-0.2683655488624936,818.8550887860531,818.7351200002549,-0.11996878579816439,0.5046761555339938,0.5591497600815034,0.0544736045475096,0.6122833547708837,0.6122683200418697,-1.503472901398517e-05,1.0,1.0,0.0,1998.0,1997.9266640485412,-0.0733359514588301
1260,True,True,0.743738853048521,0.7299113394814718,-0.013827513567049254,248.7269112285316,248.94513689545505,0.2182256669234448,6.5,6.044074913044456,-0.4559250869555438,578.7708006869348,581.9857566137891,3.2149559268543726,0.4589429557074226,0.46737336506590854,0.008430409358485935,0.5708152523286727,0.5708006864116428,-1.4565917029862874e-05,1.0,1.0,0.0,971.5,971.4475766914062,-0.052423308593802176
1261,True,True,0.1208287941074529,0.1714350785924321,0.0506062844849792,62.58977712246187,61.685035190691906,-0.9047419317699621,2.5,3.08355755278608,0.5835575527860799,825.4606519428137,842.0389739948033,16.57832205198963,0.6058851242006823,0.4495811751056832,-0.15630394909499912,0.632557065338326,0.63239661254722,-0.00016045279110599164,2.0,3.0,1.0,590.5,590.120427355652,-0.37957264434794524
1262,True,True,0.3701939963210278,0.3347934454059335,-0.03540055091509431,155.17796551939432,155.81761847056734,0.6396529511730193,1.0,0.6996150039543865,-0.30038499604561353,576.2708934503636,589.1354636551637,12.864570204800089,0.4305909703749708,0.4812615615912388,0.05067059121626799,0.5962872930813434,0.5961837269510564,-0.0001035661302870583,1.0,1.0,0.0,963.5,963.0262616624784,-0.47373833752158134
1263,True,True,0.6700043956551611,0.662794241680471,-0.007210153974690159,118.9550763090822,119.08246461327565,0.12738830419344538,6.0,5.638722719921494,-0.36127728007850557,549.6897127893226,550.4603373150381,0.7706245257155615,0.5801280648480596,0.5863721755906606,0.006244110742601006,0.7004835901956078,0.7003548631430409,-0.00012872705256694594,1.0,1.0,0.0,818.5,818.079956596954,-0.4200434030459519
1264,True,True,0.2213967976775393,0.19248526079279887,-0.028911536884740435,72.7327387051937,72.49670697444493,-0.23603173074876338,1.0,0.6233802711009049,-0.3766197288990951,408.7766873597226,434.75963740345145,25.982950043728863,0.4327763652356277,0.48896757281290965,0.056191207577281965,0.5102801067147964,0.5102254305494732,-5.467616532317532e-05,1.0,1.0,0.0,506.5,506.2810792443663,-0.21892075563368962
1265,True,True,0.0880280147526664,0.08771878553899336,-0.0003092292136730457,32.5944408639228,32.80386456275525,0.2094236988324525,7.0,6.4918700480251506,-0.5081299519748494,436.00705568201874,437.80419302333917,1.797137341320422,0.4266974346991324,0.441340273155797,0.014642838456664586,0.5529656085179696,0.5528763475389806,-8.926097898898089e-05,2.0,2.0,0.0,226.5,226.1873972686417,-0.31260273135831085
1266,True,True,0.085890354322486,0.08067870737255159,-0.005211646949934409,77.63090848623106,76.59449068450226,-1.0364178017288026,1.5,1.098510965466267,-0.40148903453373297,1119.3682161361762,1187.2034733791918,67.83525724301558,0.6467114271016438,0.6601419554335443,0.013430528331900504,0.6984081143784944,0.6982620841749995,-0.0001460302034949068,3.0,7.0,4.0,679.5,679.3247853366964,-0.1752146633035636
1267,True,True,0.2980414161538657,0.31062407897177885,0.012582662817913148,166.62548571670715,164.56750637858377,-2.057979338123374,1.5,1.5404284172051124,0.040428417205112366,948.156455403473,954.8854740265732,6.72901862310016,0.5827240842881143,0.5621421566323554,-0.020581927655758836,0.5920743781297236,0.5919539673598544,-0.00012041076986923915,3.0,4.0,1.0,957.5,957.1353347309289,-0.36466526907111074
1268,True,True,0.1125013947350444,0.11395497527361612,0.001453580538571711,50.11076864855059,50.85985399227392,0.7490853437233298,14.0,13.202614393894299,-0.797385606105701,395.84644940272,398.9600095392782,3.113560136558192,0.4176511329695413,0.43114821054817054,0.013497077578629224,0.5228380789211969,0.5227122522008544,-0.00012582672034255893,2.0,2.0,0.0,138.0,137.65029269193704,-0.34970730806296046
1269,True,True,0.4684653869558599,0.4463769609352121,-0.022088426020647756,183.15930893309692,183.155983620933,-0.0033253121639233996,1.5,1.3147671882994476,-0.1852328117005524,742.05947144029,746.4012092999671,4.341737859677096,0.4973758178938188,0.5192048412546366,0.021829023360817823,0.695759230945111,0.6957383877548164,-2.0843190294606018e-05,1.0,1.0,0.0,1247.0,1246.9189906521751,-0.08100934782487457
1270,True,True,0.0407072464435769,0.037745209939056466,-0.0029620365045204336,23.828800291818716,24.018342175174034,0.18954188335531796,2.0,1.2159551877935886,-0.7840448122064114,800.1991238233194,815.4349464198293,15.235822596509934,0.5395322618554065,0.6068277607724999,0.06729549891709341,0.6182267373386492,0.6181588500574179,-6.788728123130472e-05,2.0,2.0,0.0,765.5,765.227389442703,-0.27261055729695727
1271,True,True,0.8876353568576015,0.8876609155067956,2.5558649194068472e-05,319.524597749033,322.22838261071524,2.7037848616822657,17.5,17.009684519690904,-0.49031548030909633,425.48698693783473,427.8775222793927,2.3905353415579498,0.4194726773814117,0.42957251526267237,0.010099837881260676,0.5396926460938215,0.5396714576757857,-2.118841803577798e-05,2.0,2.0,0.0,9.0,8.92020724198954,-0.07979275801045915
1272,False,False,0.1946735800532763,0.19467726668186267,3.6866285863523807e-06,141.90446855453357,141.8881943405651,-0.016274213968472395,0.0,0.0,0.0,682.2330864686929,682.1622539409462,-0.07083252774668836,0.6034270354222646,0.6033745853777239,-5.2450044540686136e-05,0.6033224373235482,0.6033745853777239,5.214805417574908e-05,0.0,0.0,0.0,,,
1273,False,False,0.1059760332928975,0.1059724114612639,-3.621831633590644e-06,54.08593109262274,54.078945860171025,-0.006985232451711454,0.0,0.0,0.0,560.0729530807927,559.9887758011396,-0.08417727965309041,0.5515192943046555,0.5514852758014506,-3.4018503204946704e-05,0.5514460113078431,0.5514852758014506,3.926449360747153e-05,0.0,0.0,0.0,,,
1274,True,True,0.3298943406301582,0.33199192863242094,0.002097588002262729,154.32915022729728,145.34732837226895,-8.981821855028329,2.0,1.6573276625364093,-0.3426723374635907,1053.0279044086255,1084.756975207081,31.729070798455496,0.6758752526362664,0.6805460076947407,0.004670755058474363,0.703702365802011,0.703542930459761,-0.00015943534224993616,2.0,3.0,1.0,1036.0,1035.5728091123276,-0.42719088767239555
1275,False,False,0.3089598616992169,0.30891709616011803,-4.2765539098876815e-05,93.96427943001234,93.92953622867574,-0.03474320133659603,0.0,0.0,0.0,363.7956894740578,363.65833117035254,-0.13735830370524127,0.4930655180018142,0.4929626664415495,-0.0001028515602646829,0.4929341419435731,0.4929626664415495,2.85244979764121e-05,0.0,0.0,0.0,,,
1276,True,True,0.1884365590282478,0.1868515441426191,-0.001585014885628705,58.67114938517716,58.69145314158812,0.020303756410960716,2.0,1.9262084409710958,-0.07379155902890422,336.6513641944835,337.7510434146868,1.0996792202033134,0.4404649951204024,0.4443682114254379,0.0039032163050355395,0.5129547476258189,0.5128846218223033,-7.012580351561937e-05,1.0,1.0,0.0,538.5,538.3294200446733,-0.17057995532672976
1277,True,True,0.0305780470513998,0.038033775991760915,0.007455728940361114,17.62164011557884,17.97125232362602,0.3496122080471835,3.0,3.29795816325932,0.2979581632593198,679.8247015563048,702.2881271103832,22.463425554078412,0.5320346593900961,0.4289272445130232,-0.10310741487707287,0.5705334755872061,0.5704275107484647,-0.0001059648387414791,2.0,3.0,1.0,206.0,205.74981106988986,-0.2501889301101414
1278,True,True,0.7736233780429904,0.7570864166843463,-0.01653696135864413,336.3571704117072,336.26052667790907,-0.09664373379814606,65.0,62.889073516635726,-2.110926483364274,797.1633648026196,797.9031458361192,0.7397810334995256,0.383365309734997,0.39366049338178394,0.010295183646786943,0.6182754637508848,0.6182754637508848,0.0,3.0,3.0,0.0,0.0,0.0,0.0
1279,True,True,0.7671669988746462,0.7535989502147489,-0.013568048659897358,451.9318190499472,456.2304706593826,4.29865160943541,5.5,4.4428253276564655,-1.0571746723435345,964.0582564636964,976.603413814435,12.545157350738691,0.5507218768450063,0.5779922483523903,0.027270371507383984,0.6072456747319586,0.6071826687094531,-6.300602250541854e-05,2.0,2.0,0.0,914.0,913.7438072861487,-0.2561927138513056
1280,False,False,0.1929155518503653,0.1928953128705566,-2.0238979808684388e-05,72.8596782443594,72.84293077567496,-0.01674746868444288,0.0,0.0,0.0,455.1625065574256,455.04687623224504,-0.11563032518057526,0.506903433355423,0.5068426804333644,-6.0752922058537884e-05,0.5068094601800265,0.5068426804333644,3.322025333796219e-05,0.0,0.0,0.0,,,
1281,True,True,0.8488569767415038,0.8407989979667528,-0.008057978774751007,407.0684185191208,409.36784558674486,2.2994270676240376,7.0,6.711398944715612,-0.2886010552843876,799.1863075017224,805.8673772719578,6.681069770235467,0.4753735566869564,0.4906506942669371,0.01527713757998067,0.6442273394436735,0.6442273394436735,0.0,2.0,2.0,0.0,0.0,0.0,0.0
1282,True,True,0.4537233735168853,0.4438443535452512,-0.009879019971634095,242.72365636552613,243.77209621913912,1.0484398536129902,3.0,2.54069719410618,-0.4593028058938202,769.7184615606493,779.2502434986532,9.53178193800386,0.471257160397988,0.48297690184973063,0.011719741451742649,0.5268891110413118,0.5268703779330752,-1.8733108236523854e-05,1.0,1.0,0.0,1080.0,1079.9123414853993,-0.08765851460066187
1283,True,True,0.0541317844443342,0.05239835969810775,-0.001733424746226446,29.81319334636837,29.789148405420555,-0.024044940947813842,1.5,1.2976962706423367,-0.20230372935766328,733.9339868632877,736.1676454533813,2.233658590093569,0.6167091873387905,0.631203616193996,0.014494428855205466,0.7402130140994788,0.7401845527686711,-2.8461330807694196e-05,1.0,1.0,0.0,1286.5,1286.4091794035148,-0.09082059648517316
1284,True,True,0.6107942677400614,0.5965622879596306,-0.014231979780430781,350.4688952500568,344.40746922461403,-6.061426025442756,2.0,1.9091640212631322,-0.09083597873686777,1008.3039575890534,1025.2454390644464,16.941481475392948,0.6188305283414466,0.6113622889209276,-0.007468239420518996,0.6572631458905901,0.6571128499508052,-0.00015029593978488354,4.0,6.0,2.0,705.5,705.2126293020223,-0.2873706979777353
1285,True,True,0.2630214962345655,0.2339505779826351,-0.029070918251930394,140.02849492274083,139.95839189464778,-0.07010302809305813,1.0,0.703346738847904,-0.296653261152096,719.3083425993119,732.8374851853943,13.529142586082344,0.5036788473655679,0.5626434955156703,0.05896464815010238,0.7133820600731551,0.7132750781366317,-0.00010698193652336485,1.0,1.0,0.0,1052.0,1051.534054545886,-0.4659454541140349
1286,True,True,0.5029248340185276,0.49495587798796553,-0.00796895603056208,156.47858860936273,157.4347813849962,0.9561927756334683,1.5,1.3236185765126725,-0.17638142348732755,438.2583231846427,441.7830123815347,3.524689196892041,0.4117961912142277,0.42538233481843396,0.013586143604206236,0.503802813260211,0.5037725720811879,-3.0241179023171583e-05,1.0,1.0,0.0,865.5,865.3928583094531,-0.10714169054688227
1287,True,True,0.3194334558907302,0.27184517476857883,-0.047588281122151355,107.10396659329749,106.51392171909202,-0.5900448742054607,1.0,0.657997894723667,-0.342002105276333,550.6039430450982,563.9143732521147,13.310430207016566,0.4246335789909911,0.4857184350931991,0.06108485610220804,0.6186848162758823,0.6186725197516227,-1.2296524259602926e-05,1.0,1.0,0.0,846.0,845.9277770806905,-0.07222291930952451
1288,True,True,0.2191660612919089,0.21064050592590805,-0.008525555366000859,130.69580512259293,130.5513723837202,-0.14443273887272312,2.0,1.7461049530655153,-0.2538950469344847,757.0358351713656,758.0616313610328,1.025796189667176,0.6022003381967317,0.6223086722288649,0.02010833403213319,0.6960791135517499,0.6959926074160687,-8.650613568117471e-05,2.0,2.0,0.0,702.0,701.9842369314699,-0.015763068530077362
1289,False,False,0.176608033345657,0.17660971122293254,1.6778772755354776e-06,77.03209491431322,77.02877726519057,-0.0033176491226498683,0.0,0.0,0.0,418.5390342359932,418.52781837671535,-0.011215859277854179,0.5181884782019619,0.5181588844980601,-2.9593703901764634e-05,0.5180744083320403,0.5181588844980601,8.447616601980901e-05,0.0,0.0,0.0,,,
1290,False,False,0.1393611937650392,0.13936236506063227,1.1712955930720526e-06,84.74167607047053,84.74099945464417,-0.0006766158263644684,0.0,0.0,0.0,570.7383278137902,570.7499850946784,0.011657280888243804,0.6681805224551319,0.6681617455403276,-1.8776914804341516e-05,0.6680659324769012,0.6681617455403276,9.581306342643092e-05,0.0,0.0,0.0,,,
1291,True,True,0.6170150017783448,0.5588798480506145,-0.05813515372773026,313.8975124334805,302.23183982551427,-11.6656726079662,4.0,3.331662714036067,-0.6683372859639332,908.9408867212784,955.7220897392565,46.7812030179781,0.4474475418703038,0.4831036534346276,0.0356561115643238,0.5632583228837508,0.5632583228837507,-1.1102230246251565e-16,3.0,4.0,1.0,0.0,0.0,0.0
1292,True,True,0.2561179268657664,0.21093543058973863,-0.04518249627602777,123.1352232513264,122.48900058520191,-0.646222666124487,3.5,2.806600687804168,-0.6933993121958322,1009.9550734003888,1018.6042235934616,8.649150193072842,0.4211355904085246,0.5043416402783941,0.08320604986986951,0.649265488827176,0.6491388327076266,-0.00012665611954942868,3.0,3.0,0.0,434.0,433.5893883616761,-0.4106116383239282
1293,True,True,0.3855660760167465,0.35534385940575663,-0.030222216610989838,152.2569174190136,149.23121398809997,-3.0257034309136372,3.0,2.5232235970965133,-0.47677640290348666,613.5568115847326,645.4110009155345,31.854189330801887,0.4008579871695721,0.4240740396649113,0.0232160524953392,0.5015771865255434,0.5015118252039816,-6.536132156176322e-05,3.0,4.0,1.0,133.0,132.79603945737438,-0.20396054262562302
1294,True,True,0.0777443809628936,0.07240109016917434,-0.0053432907937192575,48.99835241746801,49.036417641758646,0.03806522429063364,1.0,0.8274736226594541,-0.17252637734054588,747.4446550266848,758.0912549138071,10.646599887122306,0.4963493810221312,0.534020556420399,0.03767117539826781,0.5571070257502724,0.5570181240052089,-8.890174506348547e-05,2.0,2.0,0.0,1073.5,1073.3682320218825,-0.13176797811752294
1295,True,True,0.8531104707566461,0.8406687924845749,-0.01244167827207121,324.6566850981708,320.2532997553511,-4.403385342819661,3.5,3.2743817419570425,-0.22561825804295754,682.6915186617988,685.2125127769812,2.5209941151823614,0.5351524419609914,0.5483469168139566,0.01319447485296521,0.6867197544817807,0.6866664912809252,-5.3263200855524495e-05,2.0,2.0,0.0,381.0,380.98773060547893,-0.012269394521069898
1296,False,False,0.0875381555249502,0.08752962620669169,-8.529318258509999e-06,30.900870966649933,30.894545419779813,-0.006325546870119325,0.0,0.0,0.0,427.7409611255976,427.6477883352067,-0.09317279039089499,0.3949307710384335,0.3948822125283541,-4.8558510079399486e-05,0.3948602693122564,0.3948822125283541,2.1943216097719542e-05,0.0,0.0,0.0,,,
1297,True,True,0.1910002348326583,0.17694483029150485,-0.014055404541153449,139.63875362510964,131.4779406805089,-8.160812944600735,1.0,0.8730323710420634,-0.12696762895793656,1050.638402900135,1115.23132172167,64.59291882153502,0.6127575807250302,0.6121704928116609,-0.0005870879133692553,0.6329910272015509,0.6329043057744462,-8.672142710464126e-05,2.0,4.0,2.0,346.0,345.5034634449998,-0.49653655500020477
1298,True,True,0.5384245529154741,0.5157411542992593,-0.022683398616214823,333.0825990259541,340.0496187152112,6.967019689257086,10.0,8.864775988575989,-1.135224011424011,889.8362565886109,897.0533482830326,7.217091694421697,0.4887565978271584,0.5335128257030302,0.044756227875871746,0.5656979795250846,0.5655173612699335,-0.00018061825515114371,5.0,5.0,0.0,330.0,329.56167646751624,-0.4383235324837642
1299,True,True,0.1586834778088318,0.12449208768290973,-0.034191390125922067,66.43515795230807,66.81308574272312,0.3779277904150433,1.0,0.5017068095097785,-0.49829319049022147,625.6253049243796,648.6444346796827,23.019129755303084,0.4421454465452209,0.5777007962531748,0.1355553497079539,0.7475034146277166,0.7474325337229485,-7.088090476814468e-05,1.0,1.0,0.0,829.5,829.0965895453882,-0.4034104546118442
1300,True,True,0.8842965706217523,0.8816844193135907,-0.0026121513081616143,296.314560640411,296.334949365541,0.020388725129976137,28.5,28.03767064686994,-0.46232935313005896,618.886249168306,619.2777032816533,0.39145411334732216,0.4237689100252001,0.4288730417398545,0.005104131714654403,0.5956420506675513,0.5954739206388551,-0.00016813002869620064,2.0,2.0,0.0,550.5,550.2002596772346,-0.29974032276538765
1301,True,True,0.2724798146617874,0.2540990592060308,-0.01838075545575657,150.57819981724208,154.24507965510136,3.666879837859284,3.0,2.1105929513811144,-0.8894070486188856,676.73514934985,698.3203101878091,21.585160837959165,0.496290044226621,0.57000304656817,0.07371300234154904,0.6251319738765,0.6251006457276689,-3.1328148831111235e-05,2.0,2.0,0.0,381.5,381.3911227102544,-0.10887728974557831
1302,False,False,0.1664289874543507,0.16643462330035863,5.635846007934209e-06,70.71680504669638,70.70986219866,-0.006942848036374016,0.0,0.0,0.0,381.82050125127455,381.79937101075376,-0.021130240520790267,0.5470321823252393,0.546985738572161,-4.644375307827353e-05,0.5468842056546501,0.546985738572161,0.00010153291751091587,0.0,0.0,0.0,,,
1303,True,True,0.4468080420925734,0.6726922395345513,0.22588419744197785,221.1408443595761,220.2655580361382,-0.8752863234379049,2.5,5.340999235265188,2.840999235265188,588.1521097599299,603.4548981703222,15.302788410392282,0.554365111455071,0.33686111595577983,-0.21750399549929111,0.569363494365822,0.5692981513489864,-6.534301683558397e-05,1.0,2.0,1.0,247.0,246.732724523846,-0.2672754761539977
1304,True,True,0.9256101364944908,0.9274264482099713,0.0018163117154805786,290.92142990755343,290.92976763706054,0.008337729507104541,222.5,224.6936912502839,2.193691250283905,467.0357371285685,467.2695361040299,0.23379897546141137,0.3877620032697558,0.3827719457936714,-0.004990057476084386,0.6200705398538008,0.6200705398538007,-1.1102230246251565e-16,2.0,2.0,0.0,0.0,0.0,0.0
1305,True,True,0.6223264053124296,0.6025030730378443,-0.019823332274585215,236.3074745437868,233.31609805360893,-2.9913764901778848,13.0,11.973942704606428,-1.0260572953935725,670.0288007372507,673.127362326785,3.09856158953437,0.4070019193397601,0.4358202175643644,0.0288182982246043,0.6524446575952136,0.6524446575952136,0.0,2.0,2.0,0.0,0.0,0.0,0.0
1306,True,True,0.3191583764030822,0.31648769224003953,-0.002670684163042669,150.81883246086488,150.6583908145992,-0.16044164626569568,1.0,0.969212215335574,-0.030787784664426,763.4890761341854,763.6982943973288,0.20921826314338432,0.6706912051935234,0.6734479913845725,0.002756786191049021,0.7030533979444183,0.7029608537447275,-9.254419969084715e-05,2.0,2.0,0.0,851.5,851.0257982002453,-0.47420179975472365
1307,True,True,0.0650048377055625,0.06481624538074274,-0.00018859232481975574,59.83582619213193,60.093725167837434,0.25789897570550124,1.5,1.2515473428473345,-0.2484526571526655,952.668371998766,970.2986000331916,17.630228034425613,0.704680454408777,0.710556098288466,0.005875643879688974,0.7212570326511852,0.7210842024194309,-0.00017283023175429513,3.0,5.0,2.0,845.0,844.9906230780571,-0.009376921942930494
1308,True,True,0.0910990507513319,0.11431541342199768,0.023216362670665777,38.10301722998887,37.311550568865655,-0.7914666611232164,1.0,1.3903477623767688,0.3903477623767688,654.7007020548385,673.1942081907052,18.49350613586671,0.6018106881342665,0.4643675903774688,-0.13744309775679775,0.6418354559264695,0.6417519206601305,-8.353526633897435e-05,1.0,2.0,1.0,1008.5,1008.2942523495533,-0.2057476504467104
1309,False,False,0.1348856699451535,0.13488567004559143,1.0043793574610049e-10,51.93536575698844,51.94033197018097,0.004966213192531654,0.0,0.0,0.0,383.18720642083457,383.2251221220251,0.03791570119051357,0.5603251509096489,0.560325138542274,-1.2367374901955941e-08,0.5602298105843436,0.560325138542274,9.532795793032456e-05,0.0,0.0,0.0,,,
1310,True,True,0.4990287995055832,0.47725117174548554,-0.021777627760097673,163.16621612834965,162.91334276058947,-0.25287336776017355,1.0,0.8192146138055251,-0.18078538619447493,547.2104031191635,550.8632761911789,3.6528730720153817,0.4554320007628171,0.4723316907423045,0.01689968997948743,0.537432422169388,0.5374305514098981,-1.870759489874807e-06,1.0,1.0,0.0,1052.5,1052.4912804520297,-0.008719547970258645
1311,True,True,0.2696461756958804,0.26058061497492635,-0.009065560720954047,118.73013968008648,118.2309200569857,-0.49921962310078527,1.0,0.8262842992087827,-0.17371570079121734,574.1569285320903,580.5353236314302,6.378395099339855,0.5731724530135167,0.5862234471216714,0.01305099410815469,0.5978299371966689,0.597818481165162,-1.1456031506873465e-05,1.0,1.0,0.0,597.5,597.4389913074559,-0.06100869254407826
1312,True,True,0.7671190075101798,0.7456078192631818,-0.021511188246998048,219.5630396195462,220.87290763426682,1.309868014720621,5.0,4.276427840522959,-0.7235721594770412,511.2163230753219,519.7699813705575,8.553658295235607,0.4958294820110603,0.5285407148541125,0.03271123284305216,0.5313976719053417,0.5312170028133153,-0.00018066909202640868,3.0,3.0,0.0,250.5,250.01457284274392,-0.4854271572560833
1313,False,False,0.0659404260998068,0.06593985891109569,-5.671887111091678e-07,30.070146380001056,30.075510195102584,0.005363815101528502,0.0,0.0,0.0,607.1509192571114,607.1829151192663,0.031995862154985844,0.5591741685221476,0.5591714252596844,-2.7432624631895663e-06,0.5591056122260096,0.5591714252596844,6.581303367481084e-05,0.0,0.0,0.0,,,
1314,True,True,0.1596287460450323,0.1349880751040327,-0.024640670940999587,41.94735953268025,41.93382838413921,-0.013531148541041205,0.5,0.1733353494782932,-0.3266646505217068,321.6440646014212,330.2654869237199,8.621422322298713,0.4489933228037145,0.5269371817800352,0.07794385897632072,0.5290803809282207,0.5289536375470538,-0.00012674338116691608,1.0,1.0,0.0,733.5,733.2149082732699,-0.2850917267301156
1315,False,False,0.1913350604812518,0.19133108635565696,-3.974125594830014e-06,68.88574826510481,68.8787150190985,-0.007033246006315608,0.0,0.0,0.0,379.9923194883828,379.94373082253463,-0.048588665848171786,0.574366136209802,0.5743332239200155,-3.291228978652416e-05,0.574260722448925,0.5743332239200155,7.250147109050253e-05,0.0,0.0,0.0,,,
1316,True,True,0.3033415798261928,0.29408312449587587,-0.00925845533031694,134.62519410186417,134.47901774545417,-0.14617635640999538,2.5,2.152608776523267,-0.3473912234767331,690.0545035620625,690.7026964767296,0.6481929146671064,0.6152911204807289,0.6254541470360782,0.010163026555349286,0.7072763110807614,0.707250729752384,-2.5581328377377588e-05,1.0,1.0,0.0,1074.0,1073.861164068465,-0.13883593153491347
1317,True,True,0.3047649714338148,0.3037489358446751,-0.0010160355891397077,102.30604018898444,102.31648415536738,0.010443966382936765,13.0,12.898721363089836,-0.10127863691016437,422.7459588231715,422.77706136148043,0.031102538308914518,0.3270648445941819,0.32945041709619816,0.0023855725020162644,0.6165571293590502,0.6165571293590502,0.0,1.0,1.0,0.0,0.0,0.0,0.0
1318,True,True,0.247728185333083,0.22353567824660006,-0.024192507086482934,62.74914515780935,62.55274599203024,-0.19639916577911265,1.5,1.1414616832393223,-0.3585383167606777,638.5264999391919,646.6683326281379,8.14183268894601,0.4345907290735716,0.47355837961289404,0.03896765053932244,0.6616993801308058,0.6616106899904545,-8.869014035128853e-05,1.0,1.0,0.0,1000.5,1000.0793212027917,-0.4206787972083248
1319,False,False,0.1599488661774463,0.15994647577719454,-2.3904002517671774e-06,110.06565609303672,110.0740522687891,0.008396175752380941,0.0,0.0,0.0,796.1134782906068,796.1380116482584,0.02453335765153497,0.6901782914692787,0.6901589847689179,-1.9306700360766094e-05,0.690074393023721,0.6901589847689179,8.459174519692692e-05,0.0,0.0,0.0,,,
1320,True,True,0.5811514960752675,0.724128009243411,0.14297651316814353,306.6623272144006,305.5621613580578,-1.1001658563428123,1.0,2.107965747569689,1.107965747569689,820.5738654157878,831.7911098898621,11.217244474074278,0.5785205418316847,0.4679387821235705,-0.11058175970811418,0.5898913999900552,0.589871517684598,-1.9882305457241678e-05,1.0,2.0,1.0,663.5,663.3747369547877,-0.1252630452122503
1321,True,True,0.4689359059901478,0.4798054730602383,0.010869567070090513,161.1566630164198,160.81928645174202,-0.33737656467778265,2.5,2.4867748882592435,-0.013225111740756468,538.623199210687,551.1870795456781,12.563880334991154,0.4483056190468382,0.4309196816759713,-0.01738593737086691,0.5936607437735936,0.5936607437735935,-1.1102230246251565e-16,3.0,4.0,1.0,0.0,0.0,0.0
1322,True,True,0.3135232136408614,0.3136415455793344,0.00011833193847299306,135.57422402452863,135.61163160595893,0.03740758143030121,18.5,18.358723651204485,-0.14127634879551465,583.971684394263,584.0008345304165,0.029150136153475614,0.3623300000183981,0.36359766121069786,0.0012676611922997627,0.5819464034573743,0.5818305297539716,-0.0001158737034026025,1.0,1.0,0.0,1298.5,1298.06742237542,-0.43257762458006255
1323,True,True,0.0518656511713866,0.05132721976885776,-0.0005384314025288356,18.15068713934885,18.261385515395123,0.11069837604627253,7.0,6.671031380846391,-0.328968619153609,496.6697103119931,502.41436459446146,5.744654282468389,0.4877805235611011,0.4942237511089237,0.006443227547822616,0.5443874473061797,0.5443543396102812,-3.310769589848217e-05,1.0,1.0,0.0,189.5,189.25878239652602,-0.24121760347398435
1324,True,True,0.0935831227229675,0.0946519121872573,0.0010687894642898016,52.48359804509936,53.42868704915253,0.9450890040531661,13.5,12.974095820382326,-0.5259041796176742,608.4088823453822,612.5112899679016,4.102407622519422,0.5167668976626505,0.5245688030017285,0.007801905339077986,0.6011817249143535,0.6011817249143535,0.0,1.0,1.0,0.0,0.0,0.0,0.0
1325,True,True,0.5973995043102236,0.5937045770666796,-0.003694927243544033,310.31942570868404,310.2785105152162,-0.040915193467810695,5.5,5.393299560679586,-0.10670043932041384,850.8136133067936,851.4387910044503,0.6251776976566816,0.5961567006261852,0.6006117176425845,0.004455017016399276,0.7124877232843384,0.7123993605649805,-8.836271935785955e-05,2.0,2.0,0.0,1075.0,1074.76161969744,-0.2383803025600173
1326,True,True,0.2402773050889976,0.22456615043148312,-0.015711154657514492,90.2790212893374,90.4829364490676,0.2039151597302009,0.5,0.3254963174986188,-0.1745036825013812,627.565021350087,632.5006774915992,4.9356561415121405,0.4426989306505947,0.4779440683263245,0.03524513767572984,0.5369045076623216,0.5368642694670991,-4.023819522247507e-05,1.0,1.0,0.0,1337.5,1337.2778428908075,-0.22215710919249432
1327,True,True,0.1181956672520274,0.11476510876468125,-0.0034305584873461498,47.29068909716691,47.41172883805156,0.12103974088464753,1.5,1.2861721181194299,-0.21382788188057011,578.6714581478834,586.2012012412771,7.529743093393677,0.5003481956430521,0.5196344792992608,0.019286283656208658,0.5637760089089835,0.5636332868201329,-0.00014272208885057758,3.0,4.0,1.0,614.0,613.5355135822592,-0.4644864177407726
1328,True,True,0.602200146838035,0.5916338942702537,-0.01056625256778132,368.7624078165797,370.28860499796315,1.526197181383452,3.0,2.8506298747030097,-0.14937012529699034,972.5496199789638,981.6848431769639,9.135223198000062,0.5469925683690495,0.5546377483083254,0.007645179939275826,0.618621470230988,0.6184782653721967,-0.0001432048587912682,5.0,6.0,1.0,1055.0,1054.9639033744686,-0.036096625531399695
1329,True,True,0.1455761543861242,0.14972826383297397,0.004152109446849767,87.68986359049624,87.62461369020984,-0.06524990028640332,3.0,3.0954056818620312,0.09540568186203124,743.0327357816833,748.2582218133892,5.225486031705941,0.6325423826321241,0.6101733939475685,-0.022368988684555613,0.6736996025430856,0.6735276615135927,-0.0001719410294929169,6.0,7.0,1.0,136.0,135.55000539476117,-0.44999460523882817
1330,True,True,0.0213963910271542,0.023226678427497698,0.0018302874003434978,8.41859677667531,8.407051153701765,-0.011545622973544667,0.5,0.8649212295538746,0.3649212295538746,453.0169409408296,453.16130130350825,0.14436036267863983,0.6500662744459215,0.5980902912603153,-0.051975983185606145,0.6507995464599978,0.6507700786311275,-2.9467828870366475e-05,1.0,2.0,1.0,503.5,503.38166367488674,-0.11833632511326186
1331,True,True,0.27380758195338,0.3559804748948022,0.08217289294142222,179.79198638301844,176.14016788186726,-3.6518185011511832,1.0,1.5731882670545023,0.5731882670545023,852.4770896861479,867.2143453511724,14.737255665024463,0.7130654517229107,0.532541982021841,-0.1805234697010697,0.7235230730038636,0.7234574125214962,-6.56604823674467e-05,1.0,2.0,1.0,643.0,642.7781024646761,-0.22189753532393297
1332,True,True,0.2824034076761483,0.24630264763551202,-0.03610076004063628,95.1360713360634,92.04683292423327,-3.0892384118301237,1.0,0.7107433702971322,-0.2892566297028678,662.1543817231358,679.2971692917278,17.142787568591984,0.526319384237516,0.5710449838103002,0.044725599572784214,0.5733099808185793,0.5732202436896601,-8.973712891924279e-05,2.0,2.0,0.0,426.0,425.53742486268374,-0.4625751373162643
1333,True,True,0.1363625854725357,0.1316314767585909,-0.004731108713944804,39.79046946546529,39.23771189107386,-0.5527575743914355,1.0,0.9463726960471831,-0.053627303952816896,601.7768360837149,604.3914778001395,2.6146417164245577,0.5409334473780366,0.5478716981053185,0.006938250727281936,0.6014846694183327,0.6014347000156438,-4.9969402688865294e-05,1.0,1.0,0.0,820.5,820.294868561042,-0.20513143895800567
1334,True,True,0.257657722405222,0.2486460925709125,-0.009011629834309504,106.78611910842024,105.86168140680044,-0.9244377016197944,6.0,5.5794830853061255,-0.42051691469387453,854.8465099580386,858.8769780358186,4.030468077780029,0.5149025445268985,0.5350090761345847,0.020106531607686162,0.6486854741685757,0.6486153632444691,-7.011092410658115e-05,2.0,2.0,0.0,726.5,726.2147862980206,-0.2852137019793872
1335,True,True,0.3942225022619355,0.5777257497127494,0.18350324745081387,291.31169089040367,283.96688053638644,-7.344810354017227,1.5,2.513478454365396,1.013478454365396,867.6134480384618,919.2262798116682,51.61283177320638,0.5874221152013973,0.38875381024757094,-0.19866830495382637,0.6179832450948671,0.6179655855540355,-1.7659540831660436e-05,1.0,2.0,1.0,282.5,282.389469081715,-0.11053091828500783
1336,True,True,0.1376715623969856,0.13792401173905786,0.00025244934207224734,79.6182557860196,79.8006739161284,0.18241813010880037,5.0,4.911460329516557,-0.08853967048344291,622.2911981941039,622.6789860937579,0.3877878996539721,0.5380185073883381,0.5413181390846313,0.003299631696293215,0.7041024143563699,0.7040529022681123,-4.951208825754172e-05,2.0,2.0,0.0,336.5,336.3661544652066,-0.13384553479340866
1337,True,True,0.3875024545809393,0.39125661621170554,0.0037541616307662506,277.5872181839191,277.7001213949136,0.11290321099448875,4.5,4.24521364849643,-0.25478635150357043,849.6973136454882,849.8477191200327,0.15040547454452735,0.5195827293309045,0.5291049118719999,0.009522182541095381,0.7498437992744926,0.7497445287480881,-9.927052640457124e-05,1.0,1.0,0.0,1506.5,1506.0890896916762,-0.4109103083237642
1338,True,True,0.8170456842344692,0.8070740662591419,-0.009971617975327307,329.36936929588296,331.51299079277936,2.143621496896401,9.5,8.430650792160293,-1.069349207839707,703.3658625066638,705.2123679333175,1.8465054266537209,0.51546499728228,0.5391671138260258,0.023702116543745766,0.5640932893929784,0.5639946486630132,-9.86407299652381e-05,5.0,5.0,0.0,482.0,481.7063443299706,-0.29365567002940907
1339,True,True,0.2227255808004727,0.21708415222727181,-0.0056414285732008795,102.54725742408152,102.54399220182442,-0.0032652222570987988,0.5,0.397435755917104,-0.102564244082896,629.229265470726,631.5500280197969,2.320762549070878,0.64201904414617,0.6564137218218848,0.014394677675714895,0.6777492581653116,0.6776833184720447,-6.59396932669587e-05,1.0,1.0,0.0,1107.0,1106.7994330386502,-0.20056696134975027
1340,True,True,0.1299087430967029,0.12849671532734844,-0.0014120277693544514,97.08164404712689,97.24973330608829,0.1680892589614018,8.0,7.850734975637158,-0.14926502436284217,942.4453421195516,945.408017833558,2.962675714006423,0.5702762351950705,0.5809477569100814,0.010671521715010845,0.6382228139342678,0.6380725650084402,-0.00015024892582760074,4.0,4.0,0.0,71.5,71.2532168981185,-0.24678310188150476
1341,True,True,0.0222911303095758,0.02094122066203342,-0.0013499096475423772,6.746280166911136,6.728087857259522,-0.01819230965161367,1.5,1.2167201115167703,-0.2832798884832297,393.7241911608476,400.0611276858907,6.336936525043086,0.4225741130544747,0.44553270712490217,0.022958594070427496,0.5361404867331006,0.5360242673318647,-0.00011621940123585084,1.0,1.0,0.0,639.5,639.1145137857104,-0.3854862142895854
1342,True,True,0.3101171131439229,0.25830464235002676,-0.051812470793896115,104.62417995333485,99.7188845669073,-4.9052953864275395,1.0,0.6643743589287625,-0.3356256410712375,515.940549574372,565.8432483898056,49.90269881543361,0.4870442023064808,0.5383292958459865,0.05128509353950572,0.5499695264924724,0.5499105803056243,-5.8946186848096715e-05,2.0,4.0,2.0,118.5,118.32680587042752,-0.17319412957247948
1343,True,True,0.1363148484065556,0.13347161092524723,-0.0028432374813083805,87.50046794601207,87.49272306669589,-0.007744879316177844,0.5,0.45389164282823924,-0.04610835717176076,877.2311280276172,878.3010951630067,1.069967135389561,0.4887597772786144,0.499470213574046,0.010710436295431558,0.613295426480416,0.613262561507591,-3.2864972825064065e-05,1.0,1.0,0.0,1799.0,1798.8059608229241,-0.19403917707586515
1344,True,True,0.3822792961442368,0.3289382398003372,-0.05334105634389957,175.52296384043584,173.41405199290148,-2.1089118475343582,3.0,2.2931681260000922,-0.7068318739999078,1010.115950685856,1013.2228316143287,3.1068809284727195,0.4703749596618725,0.5848215604761509,0.11444660081427838,0.6542800480225344,0.6541377943928984,-0.00014225362963593557,5.0,5.0,0.0,319.5,319.2921054023155,-0.2078945976845148
1345,True,True,0.1451818395408162,0.14652311018134523,0.0013412706405290242,96.02243257787386,101.77054999904958,5.748117421175721,10.0,10.439156508626166,0.43915650862616573,888.0702340709435,904.8475493657622,16.777315294818777,0.5089224044419974,0.45508983633370964,-0.05383256810828779,0.5597139484110264,0.5595866498945372,-0.00012729851648918267,4.0,5.0,1.0,110.5,110.00152276348766,-0.4984772365123433
1346,True,True,0.1823442224714218,0.16563379546519388,-0.016710427006227907,65.61045303515083,64.59136052294973,-1.019092512201098,2.0,1.681589302461362,-0.31841069753863804,707.5846529478839,725.57985465759,17.995201709706066,0.4774987333821758,0.5062236572048797,0.02872492382270392,0.6488656904568059,0.6488569589956072,-8.731461198618895e-06,1.0,1.0,0.0,740.0,739.9328808655824,-0.06711913441756678
1347,True,True,0.1726941066966433,0.16938823170439377,-0.0033058749922495467,93.85151001398422,94.40034118675625,0.5488311727720259,4.5,3.648835595027778,-0.8511644049722218,923.4333827197884,958.3836847682836,34.950302048495246,0.5038886466242293,0.5320547514786952,0.028166104854465912,0.5905869662395444,0.590451854386687,-0.0001351118528574169,5.0,7.0,2.0,455.0,454.97142172236636,-0.028578277633641846
1348,False,False,0.3240742126678254,0.3240627855784965,-1.142708932888592e-05,263.8805241130232,263.82576336989274,-0.054760743130486844,0.0,0.0,0.0,888.5350118803447,888.347577942587,-0.18743393775764616,0.6520174511659328,0.6519566067594786,-6.0844406454152455e-05,0.6519405767266472,0.6519566067594786,1.6030032831459984e-05,0.0,0.0,0.0,,,
1349,True,True,0.4635107141304916,0.42304605708899157,-0.04046465704150004,282.49825449329234,285.1431354843171,2.6448809910247633,2.5,1.9261028485838332,-0.5738971514161668,924.4238799009088,947.6259711099698,23.202091209060995,0.6005205085794154,0.6716156163979465,0.07109510781853112,0.7431166869704022,0.7429652193425095,-0.00015146762789275403,2.0,2.0,0.0,724.0,723.9330124104279,-0.06698758957213613
1350,True,True,0.6768741164055486,0.669621924257619,-0.007252192147929604,284.5269617100008,285.8266880801201,1.2997263701192878,4.0,3.8037162514403486,-0.19628374855965136,691.5003290597939,695.5920679513887,4.091738891594787,0.4029885157799674,0.4108305112716308,0.007841995491663367,0.5390409708486193,0.5390145245087529,-2.6446339866481594e-05,1.0,1.0,0.0,1125.0,1124.8602167846866,-0.13978321531340043
1351,True,True,0.8523061952122646,0.8390991960362753,-0.013206999175989331,419.3987350537078,421.03969584676014,1.6409607930523293,6.0,5.4755503287888105,-0.5244496712111895,995.3467595213737,1002.1060603869489,6.759300865575256,0.6263500032892826,0.6412195426211911,0.014869539331908488,0.6607239838260506,0.6606391039021098,-8.487992394079491e-05,2.0,2.0,0.0,877.5,877.1704516750817,-0.329548324918278
1352,True,True,0.447015791468921,0.42501054929193954,-0.022005242176981465,220.84215064780335,218.16950608303063,-2.6726445647727246,2.5,2.2433756488491787,-0.2566243511508213,521.0658410949611,543.464402484237,22.39856138927587,0.5010183192094012,0.5198429255437703,0.01882460633436911,0.5558265269545264,0.5557839952088663,-4.253174566004603e-05,1.0,1.0,0.0,16.5,16.239490430787516,-0.26050956921248414
1353,True,True,0.0870813920199733,0.0824428588902327,-0.0046385331297405935,46.41499708523983,46.28065924393109,-0.13433784130874216,1.0,0.7986319623363671,-0.20136803766363287,727.7190161013976,731.4611521881727,3.7421360867750764,0.5380195789009361,0.5628260635816957,0.024806484680759633,0.6050454277915085,0.604994026105456,-5.140168605244355e-05,2.0,2.0,0.0,559.5,559.1693526937077,-0.33064730629234873
1354,True,True,0.1004373296480841,0.09992448383023678,-0.0005128458178473294,115.45155782403324,116.95384103986106,1.5022832158278163,30.0,28.98877844040412,-1.0112215595958816,1043.905511850574,1044.3505747945485,0.4450629439745626,0.5052005050570963,0.5250882208450803,0.019887715787983984,0.5864696356869392,0.5862779165916294,-0.0001917190953097947,10.0,10.0,0.0,32.5,32.14422182719882,-0.3557781728011804
1355,True,True,0.3108686707182754,0.3456574604867075,0.03478878976843208,197.37442219178527,197.5628794391388,0.18845724735353997,8.0,8.552596467864339,0.5525964678643387,821.3739525082532,841.5367922334866,20.162839725233425,0.4668260823838486,0.40419372948507987,-0.06263235289876873,0.6274313183916702,0.6274313183916702,0.0,3.0,4.0,1.0,0.0,0.0,0.0
1356,False,False,0.1541666925010356,0.15416711429605073,4.2179501513750495e-07,60.95774494557386,60.94139665422616,-0.016348291347696886,0.0,0.0,0.0,393.6394208508538,393.53417236485404,-0.10524848599976622,0.6149550381105771,0.6148343198698071,-0.00012071824076997917,0.6147617625089206,0.6148343198698071,7.255736088651599e-05,0.0,0.0,0.0,,,
1357,True,True,0.8487133996792455,0.8479911289860169,-0.0007222706932286105,497.280368320253,500.2953561101534,3.014987789900431,26.5,25.851227364860925,-0.6487726351390748,706.3124057206729,709.9521032434202,3.6396975227472694,0.5422880143765129,0.5484047488465111,0.006116734469998275,0.6340458708875074,0.6340458708875074,0.0,1.0,1.0,0.0,0.0,0.0,0.0
1358,True,True,0.0674492484450853,0.0688332855392268,0.001384037094141491,20.993824918107457,21.097343583896084,0.10351866578862712,7.0,6.582779156003374,-0.41722084399662585,408.8376657150265,409.1691844021725,0.3315186871460014,0.3394265633651095,0.35072857708261435,0.011302013717504833,0.5021079823635316,0.5020508718130385,-5.71105504930669e-05,2.0,2.0,0.0,519.0,518.9566548289731,-0.04334517102688551
1359,True,True,0.1736581697598548,0.15131478011872368,-0.02234338964113111,71.90331738802243,71.62243182562678,-0.2808855623956532,1.0,0.677402047783835,-0.32259795221616505,609.9664766636783,624.1883094667137,14.22183280303534,0.4968848401484991,0.5655671321946885,0.06868229204618936,0.5898452597980078,0.5897061554839248,-0.00013910431408303836,2.0,2.0,0.0,579.5,579.0774951176446,-0.4225048823553834
1360,True,True,0.0978331911971864,0.09862044128904948,0.0007872500918630759,121.28861092737196,123.92540151122888,2.6367905838569214,4.0,3.3977664543897865,-0.6022335456102135,1119.4789996691936,1136.5923298458908,17.113330176697218,0.6356059568994439,0.6745772672523547,0.03897131035291079,0.7394293108271454,0.7393315435713056,-9.776725583976464e-05,2.0,2.0,0.0,643.5,643.1072171709375,-0.3927828290625257
1361,True,True,0.1786310822386345,0.1482956545004561,-0.030335427738178405,57.31199807856922,57.05351320285993,-0.2584848757092857,1.0,0.6448686578078197,-0.35513134219218034,596.7263407473188,600.4243506508064,3.698009903487673,0.4472697700520378,0.5071124119614433,0.059842641909405525,0.6560183071830039,0.6560006946974494,-1.7612485554541202e-05,1.0,1.0,0.0,1047.0,1046.9131726170956,-0.08682738290440284
1362,True,True,0.2134877543488105,0.21259312561231733,-0.0008946287364931804,127.188107257751,129.0764229985005,1.8883157407495048,9.0,7.925193561456388,-1.0748064385436118,667.2620171400102,672.4306025432746,5.168585403264387,0.454539616050353,0.5098279866780226,0.05528837062766967,0.5374878990200407,0.5373043855803329,-0.0001835134397077942,6.0,6.0,0.0,9.5,9.37363517857446,-0.12636482142553973
1363,True,True,0.4836745206870582,0.47648984159459484,-0.007184679092463342,156.34298923349183,156.5099534872403,0.16696425374846058,3.5,3.2913223532144933,-0.2086776467855067,833.1388933000937,834.0771250978362,0.9382317977424464,0.4580513214173906,0.46731652808797397,0.009265206670583392,0.6755916215410679,0.6755185169903017,-7.310455076614542e-05,1.0,1.0,0.0,1554.5,1554.168773292662,-0.3312267073379189
1364,True,True,0.1151776674696441,0.11417704533254865,-0.0010006221370954527,27.47524301848376,27.464261024707753,-0.010981993776006505,3.5,3.3894148681079987,-0.11058513189200125,343.8095947007974,345.6229902263199,1.8133955255225374,0.4719125583640186,0.4749331010989105,0.00302054273489194,0.5780280097239806,0.5779820877758989,-4.592194808172856e-05,1.0,1.0,0.0,125.0,124.69918476162722,-0.30081523837277757
1365,True,True,0.4640673913331332,0.4119694908984313,-0.05209790043470186,199.792178001355,196.63272466510332,-3.159453336251687,7.5,6.688081462882104,-0.8119185371178963,728.1575402159752,752.7960821318919,24.638541915916676,0.4433123112185068,0.49721502385151484,0.053902712633008054,0.6512502737970034,0.6512502737970034,0.0,6.0,8.0,2.0,0.0,0.0,0.0
1366,True,True,0.9998100024840076,0.9997742544502822,-3.5748033725413464e-05,881.6146019474567,888.4886832587428,6.874081311286091,20.0,19.058288222682318,-0.941711777317682,955.0058352430584,965.6515466223334,10.645711379274985,0.5710563813120606,0.5951206066383112,0.024064225326250632,0.607829487084027,0.6078294870840268,-1.1102230246251565e-16,3.0,3.0,0.0,0.0,0.0,0.0
1367,True,True,0.4381166862649408,0.4269917523758836,-0.01112493388905722,218.4315952364348,215.71528117971044,-2.716314056724343,3.0,2.6587186701537586,-0.3412813298462414,849.8768816656534,865.3488650003718,15.471983334718402,0.5706878771436621,0.5745391346676151,0.003851257523952989,0.6390935010081453,0.6389615655013842,-0.0001319355067611605,4.0,5.0,1.0,348.0,347.54767572099405,-0.45232427900594985
1368,True,True,0.5179194745122844,0.48106571015640653,-0.03685376435587784,194.29643161598585,192.69460762419408,-1.6018239917917754,7.0,6.187975867034397,-0.812024132965603,676.919118038434,681.497640705778,4.578522667344032,0.4283360479341227,0.47442226545090793,0.04608621751678521,0.624957474554264,0.6248458415521813,-0.00011163300208272275,3.0,3.0,0.0,3.5,3.3724493310233825,-0.1275506689766175
1369,False,False,0.2253170420065756,0.2252941141276183,-2.292787895730175e-05,74.1535607125744,74.12728057132979,-0.02628014124461231,0.0,0.0,0.0,374.2440928392188,374.10093050555196,-0.14316233366685083,0.5493550772379044,0.5492991773928602,-5.589984504428269e-05,0.5492678931378624,0.5492991773928602,3.128425499776544e-05,0.0,0.0,0.0,,,
1370,True,True,0.7462444738437107,0.723560391166368,-0.022684082677342676,290.533670439403,286.40133060904816,-4.1323398303548515,16.0,13.659911145261109,-2.340088854738891,795.946871111313,804.1061770786686,8.159305967355522,0.4605072165930047,0.48274058246825396,0.022233365875249267,0.6299028185854691,0.6299028185854691,0.0,2.0,2.0,0.0,0.0,0.0,0.0
1371,True,True,0.1739936515010809,0.16815539774086502,-0.005838253760215878,144.15529192730267,144.07573864292343,-0.07955328437924436,0.5,0.4209557767433581,-0.0790442232566419,897.4256213578885,902.8314412821367,5.405819924248135,0.5909465055416155,0.6089253242545476,0.017978818712932054,0.6696417085243973,0.6696337712411189,-7.937283278414142e-06,1.0,1.0,0.0,1486.0,1485.9641799631443,-0.03582003685573909
1372,True,True,0.2627755789957048,0.2511905263302165,-0.011585052665488316,161.8376832656827,161.14178493272144,-0.6958983329612636,0.5,0.37029806050122727,-0.12970193949877273,664.6616583011211,680.0638381860008,15.402179884879729,0.6754579228169295,0.6934038375938192,0.01794591477688967,0.6995283210350425,0.6994906711862304,-3.7649848812049136e-05,1.0,2.0,1.0,937.0,936.8955099615113,-0.10449003848873417
1373,True,True,0.2492222562643345,0.24899852280201035,-0.00022373346232415492,58.655820966181366,58.87213115376092,0.2163101875795519,19.5,19.136761231784483,-0.3632387682155169,727.4878898816752,728.3096188875528,0.8217290058776143,0.4848858210571088,0.48684279234422634,0.001956971287117526,0.5930702612251717,0.5930136647437405,-5.659648143119256e-05,1.0,1.0,0.0,1188.0,1187.7838142406843,-0.21618575931574924
1374,True,True,0.8697816567946077,0.8650203776635911,-0.004761279131016649,526.6147037279068,528.8409782492924,2.226274521385676,26.0,25.24510115114107,-0.7548988488589288,797.6771302289993,799.7039210770894,2.0267908480900587,0.4744505415010902,0.48964954052125115,0.015198999020160975,0.6159227419899057,0.6159227419899057,0.0,6.0,6.0,0.0,0.0,0.0,0.0
1375,True,True,0.7024898678680919,0.7132499321711644,0.010760064303072525,284.2745474498765,288.16032285769336,3.8857754078168796,4.0,3.9568491518559794,-0.04315084814402059,752.1764418869632,767.7200904510763,15.543648564113141,0.5274095380297129,0.4956757244442366,-0.031733813585476334,0.5522790713264493,0.5521342097586724,-0.0001448615677768217,2.0,3.0,1.0,333.0,332.91050135200925,-0.08949864799075158
1376,True,True,0.6578816965005411,0.6124886398996937,-0.04539305660084736,456.5063605137015,417.79548003593516,-38.71088047776635,3.5,3.1549312547897,-0.34506874521030007,1205.4785568870543,1276.0360533079536,70.55749642089927,0.6557755108035481,0.6167864766686741,-0.03898903413487398,0.6772590010300242,0.6771119782191057,-0.00014702281091849567,7.0,14.0,7.0,27.5,27.39050402313308,-0.10949597686692059
1377,False,False,0.2226502160797351,0.22264403295822738,-6.183121507713496e-06,109.62116447635847,109.62350267494449,0.002338198586016915,0.0,0.0,0.0,570.2441599141515,570.2202970478739,-0.023862866277568173,0.6433574445818404,0.643339775757374,-1.766882446641027e-05,0.6432737453264097,0.643339775757374,6.603043096431449e-05,0.0,0.0,0.0,,,
1378,True,True,0.1424597428968929,0.16805097020830706,0.025591227311414166,101.5456653816825,101.48040234242575,-0.06526303925674881,2.0,1.9359147512645,-0.06408524873549992,846.7417169474109,869.9782987984548,23.23658185104398,0.6023293411962732,0.52772958205837,-0.07459975913790329,0.6144789154310445,0.6143168854355137,-0.00016202999553083242,2.0,3.0,1.0,496.5,496.07022032430456,-0.4297796756954426
1379,True,True,0.6839469946922935,0.6864705674710669,0.002523572778773464,300.9382438314952,300.907136810373,-0.031107021122181777,6.5,6.0182771234190975,-0.4817228765809025,936.4178045082156,936.7516647308624,0.33386022264687654,0.4050103509899074,0.4207453455936091,0.015734994603701702,0.6348621899672072,0.6347293106420981,-0.00013287932510908096,2.0,2.0,0.0,1343.0,1342.7548961526068,-0.24510384739323854
1380,True,True,0.2264953187654346,0.2245539552817086,-0.0019413634837260052,76.79693917033781,76.74173694332929,-0.05520222700852173,6.0,5.765962670976292,-0.23403732902370766,537.1746769018138,540.0229161030194,2.8482392012056152,0.5203620404143006,0.523011066068271,0.002649025653970405,0.5556590981126427,0.5556379887238765,-2.110938876620505e-05,1.0,1.0,0.0,211.5,211.37974350428658,-0.12025649571342001
1381,True,True,0.0781536767478859,0.07747842349635065,-0.0006752532515352516,31.09949876237632,30.660642101537277,-0.4388566608390434,0.5,0.45792363791842944,-0.04207636208157056,463.8060986332415,472.94592542011964,9.139826786878132,0.6634222251428236,0.6598340871432271,-0.0035881379995964524,0.6657541922435106,0.6656498360890764,-0.00010435615443427082,1.0,2.0,1.0,411.5,411.1325030250812,-0.36749697491882216
1382,True,True,0.2866965882017166,0.2822338611144673,-0.0044627270872493185,119.69327440187656,119.71227581999598,0.019001418119415803,2.0,1.747228520113277,-0.2527714798867231,695.1124375601855,695.2088515997667,0.09641403958119099,0.4844711588327248,0.49599186002852047,0.01152070119579568,0.7126187019985728,0.7125687970873462,-4.990491122658369e-05,1.0,1.0,0.0,1456.0,1455.8300168059488,-0.1699831940511558
1383,True,True,0.1503737164273007,0.14957556606185243,-0.0007981503654482802,57.4765634676488,58.48661436336664,1.0100508957178391,3.0,2.3627677100885203,-0.6372322899114797,455.7540278969855,464.873088052963,9.119060155977479,0.4749052536257333,0.5004064386848298,0.025501185059096487,0.5642165886793274,0.5641604267259462,-5.616195338120633e-05,3.0,4.0,1.0,374.0,373.97446951391953,-0.025530486080469927
1384,False,False,0.1469336342335697,0.14693723709397336,3.602860403656427e-06,64.50052051907625,64.49939123999025,-0.0011292790860011337,0.0,0.0,0.0,375.9139934724604,375.9396994439278,0.025705971467402833,0.5812652888720634,0.5812403141666163,-2.4974705447156076e-05,0.5810983109291867,0.5812403141666163,0.00014200323742952214,0.0,0.0,0.0,,,
1385,True,True,0.6656789196987629,0.6569190118085529,-0.008759907890209973,509.8134970304818,512.3062131587028,2.492716128220991,6.5,5.871927862754087,-0.6280721372459128,1077.164292770997,1083.7227221932599,6.558429422262861,0.6604286304755456,0.6812119195268365,0.0207832890512909,0.7095204049084153,0.7093967716947958,-0.00012363321361952284,2.0,2.0,0.0,1258.5,1258.486631048023,-0.013368951977099641
1386,True,True,0.1618654835098644,0.1605184206457612,-0.0013470628641032156,99.7360906849789,100.23214922725624,0.49605854227733914,1.0,0.906506198720308,-0.09349380127969198,667.1744336742979,673.5810912448576,6.406657570559673,0.7256608541797716,0.7343541120727077,0.00869325789293618,0.741693496864502,0.7416393262162406,-5.417064826140905e-05,1.0,1.0,0.0,412.0,411.82010916229814,-0.17989083770186198
1387,True,True,0.1340868096490752,0.1401139407642672,0.006027131115191986,106.39219285043632,104.71965048093281,-1.6725423695035033,1.5,1.5136254693963567,0.013625469396356671,1190.3679233006703,1205.276615338079,14.908692037408628,0.7051980258456005,0.6583810034817599,-0.046817022363840666,0.7086891409923368,0.708552846025131,-0.0001362949672057967,3.0,4.0,1.0,511.0,510.9938650031789,-0.006134996821117511
1388,True,True,0.4831610125888629,0.4614045479202681,-0.02175646466859482,99.34466761084708,98.53396159141609,-0.8107060194309952,8.0,7.340528835906289,-0.659471164093711,316.57528266647,321.30319356376015,4.727910897290144,0.3957881482054273,0.41693891016273843,0.021150761957311137,0.5288513519764019,0.5288513519764019,0.0,1.0,1.0,0.0,0.0,0.0,0.0
1389,True,True,0.6297864742825741,0.592027620437394,-0.037758853845180074,264.42970621471414,265.5675201357367,1.1378139210225413,2.5,1.8360985235194682,-0.6639014764805318,687.1278275428989,697.7328433100791,10.605015767180248,0.5808176142695318,0.6274722110700345,0.04665459680050266,0.6413295863335275,0.6412746527169321,-5.493361659547613e-05,2.0,2.0,0.0,657.0,656.870799177439,-0.12920082256096066
1390,False,False,0.1047921845875453,0.10479241156948911,2.269819438099896e-07,51.17215594707742,51.16414836297003,-0.00800758410738922,0.0,0.0,0.0,485.52229761380136,485.44722289959236,-0.07507471420899492,0.5605692023406458,0.5605416584377193,-2.7543902926474573e-05,0.5604990620153776,0.5605416584377193,4.2596422341723006e-05,0.0,0.0,0.0,,,
1391,False,False,0.4300190130178291,0.42998451361450446,-3.4499403324617095e-05,155.37295947776147,155.35588528010823,-0.017074197653244028,0.0,0.0,0.0,440.05598528258577,439.9860588538467,-0.06992642873905197,0.5389788052374388,0.5389149609399497,-6.38442974890685e-05,0.5388475214304622,0.5389149609399497,6.743950948751021e-05,0.0,0.0,0.0,,,
1392,True,True,0.1571310678800819,0.15458234208825425,-0.0025487257918276607,111.37545544004236,111.48743108095066,0.11197564090829815,2.0,1.894076454307652,-0.10592354569234796,739.6195959543622,744.8139091017348,5.194313147372554,0.6068832654512527,0.6179974006353721,0.011114135184119411,0.6211434785177942,0.6210695423068496,-7.393621094453628e-05,2.0,2.0,0.0,376.0,375.9100623554749,-0.08993764452509367
1393,True,True,0.4805374381136003,0.4835469176243726,0.003009479510772295,162.34696620206824,165.84414995097225,3.497183748904007,18.0,17.394991318279043,-0.6050086817209568,416.2916351285122,421.4357638767288,5.144128748216588,0.4464185822989648,0.4600665716756895,0.013647989376724678,0.6304466894784191,0.630446689478419,-1.1102230246251565e-16,1.0,1.0,0.0,0.0,0.0,0.0
1394,True,True,0.2417582120336697,0.226985343285838,-0.014772868747831708,183.4046014208575,181.279565500565,-2.1250359202924756,1.5,1.3369293807190847,-0.16307061928091526,1059.0664871834797,1092.2136012481647,33.147114064684956,0.5577119979963783,0.5786026226856394,0.020890624689261172,0.6397007923373909,0.6396437785352084,-5.7013802182481754e-05,3.0,4.0,1.0,555.5,555.4219985539991,-0.07800144600093972
1395,True,True,0.2228829843070976,0.2479727907757635,0.025089806468665904,69.4574258227449,69.49667035616805,0.039244533423158146,7.0,12.575228756837074,5.575228756837074,415.10630361599664,415.43234804785067,0.3260444318540294,0.5459975182677242,0.472620031108846,-0.07337748715887826,0.5462642476250976,0.5462228251461287,-4.142247896887774e-05,1.0,2.0,1.0,423.5,423.298632277579,-0.20136772242102552
1396,True,True,0.1593580168921791,0.15762852593750004,-0.0017294909546790582,44.65912891114301,45.07129309907456,0.41216418793155185,4.5,4.057542199740422,-0.4424578002595778,338.3154620972487,342.2908687914963,3.9754066942475674,0.4057171237815373,0.41703530250749077,0.011318178725953476,0.5475181953358144,0.5474490825069495,-6.911282886490344e-05,1.0,1.0,0.0,387.5,387.19427502271054,-0.3057249772894579
1397,True,True,0.6982911516817217,0.6003228541965956,-0.09796829748512614,310.00174956339265,307.2854288752499,-2.71632068814273,5.5,4.257809374298087,-1.2421906257019133,762.7024842508793,777.7499644718655,15.047480220986245,0.4459956353045009,0.525889963397236,0.07989432809273511,0.5960167453848068,0.5960167453848066,-1.1102230246251565e-16,4.0,4.0,0.0,0.0,0.0,0.0
1398,False,False,0.3348600844200652,0.3347689044654213,-9.117995464391626e-05,108.9385834593633,108.88374514218252,-0.05483831718078136,0.0,0.0,0.0,453.4103666611449,453.20195573306734,-0.20841092807756922,0.5588236548650102,0.5586751756162579,-0.0001484792487522757,0.5586729435237169,0.5586751756162579,2.232092541021302e-06,0.0,0.0,0.0,,,
1399,True,True,0.4777329706736687,0.4476628689498649,-0.03007010172380381,288.3694971607948,287.90833195850365,-0.46116520229116986,9.5,8.512294631783138,-0.9877053682168615,1003.2865857905102,1013.516086216288,10.229500425777815,0.5146993326469236,0.5640916566005457,0.04939232395362214,0.6672849880576163,0.6671626893256144,-0.0001222987320018687,3.0,3.0,0.0,506.5,506.1678437797673,-0.3321562202327186
1400,True,True,0.0480355171631678,0.04020900103527178,-0.007826516127896019,27.46015757819685,27.341073488246344,-0.11908408995050479,1.0,0.6469635616056623,-0.35303643839433774,781.8837244968282,810.9787823070118,29.09505781018356,0.4072606516761715,0.4795907968148716,0.07233014513870012,0.5129493930646454,0.5128587431934833,-9.06498711620296e-05,2.0,3.0,1.0,1164.5,1164.303587698353,-0.1964123016468875
1401,False,False,0.1794538301871803,0.17946304830275212,9.218115571807406e-06,77.424222077437,77.41175276895264,-0.012469308484355679,0.0,0.0,0.0,379.3058385500906,379.2589785550243,-0.04685999506625649,0.4921567594723777,0.4921043000890117,-5.2459383366010304e-05,0.4920326027041435,0.4921043000890117,7.169738486817456e-05,0.0,0.0,0.0,,,
1402,True,True,0.1997669611907594,0.2141935477067285,0.014426586515969092,92.06504303608531,92.30832322745101,0.24328019136569878,1.0,1.1184105227293912,0.11841052272939123,549.0545802676594,564.6377290142323,15.583148746572874,0.4810153811068339,0.43896711733954574,-0.04204826376728815,0.5272252804563379,0.52712847374127,-9.680671506784311e-05,2.0,3.0,1.0,397.5,397.11189465143974,-0.38810534856025924
1403,True,True,0.1231946905991897,0.09172691770293045,-0.03146777289625924,49.0318399902734,49.24500517303863,0.21316518276523055,3.0,1.8893100357730883,-1.1106899642269117,724.2344343036718,770.8879008270297,46.653466523357906,0.4041107605456854,0.5683702975532442,0.1642595370075588,0.576704021662295,0.5765958915952225,-0.00010813006707244277,3.0,3.0,0.0,211.0,210.71097158845038,-0.2890284115496229
1404,True,True,0.122206322626888,0.1164609658378473,-0.005745356789040701,88.46463757189528,88.61172645459467,0.1470888826993928,1.5,1.1646445099962877,-0.33535549000371234,939.2701687398747,949.3732964688757,10.103127729000903,0.5288775077657804,0.5564742042017953,0.027596696436014923,0.657628094470482,0.657585108372276,-4.2986098205965995e-05,1.0,1.0,0.0,1543.0,1542.7860214717375,-0.2139785282624871
1405,False,False,0.1005223907322861,0.10051652534199572,-5.865390290377137e-06,43.99694267974907,43.99106774912842,-0.005874930620649366,0.0,0.0,0.0,504.4280932573388,504.3438889612572,-0.0842042960815661,0.5381844459015408,0.5381462294727068,-3.821642883394816e-05,0.5381041473781812,0.5381462294727068,4.2082094525608404e-05,0.0,0.0,0.0,,,
1406,True,True,0.0384810701417668,0.03713132013465893,-0.0013497500071078666,30.20471320804123,30.106466219686673,-0.09824698835455692,0.5,0.40050567459306885,-0.09949432540693115,781.3499053101712,800.5164681082475,19.16656279807637,0.6291619761724038,0.6385252003769671,0.00936322420456337,0.6834068870939813,0.6832577937047691,-0.00014909338921220705,1.0,2.0,1.0,1249.0,1248.5192934572908,-0.48070654270918567
1407,True,True,0.2515678142373729,0.24314817293145705,-0.008419641305915854,95.88401439267074,96.17425822178086,0.2902438291101248,2.0,1.7642660829180394,-0.23573391708196056,577.3666910468235,584.6797339946248,7.313042947801364,0.5504035233771318,0.569228436592839,0.018824913215707118,0.6818295588260737,0.6818240424492815,-5.516376792136235e-06,1.0,1.0,0.0,631.5,631.4742011931922,-0.02579880680775659
1408,True,True,0.0505213044935526,0.04903468280100805,-0.00148662169254455,16.440008063744965,16.563928898468134,0.12392083472316884,4.5,4.015967998048294,-0.48403200195170637,477.8216506910945,481.9387299764226,4.1170792853281455,0.3456291275140624,0.3703077962197947,0.02467866870573232,0.5246152149724211,0.5245202452804962,-9.496969192490656e-05,2.0,2.0,0.0,298.5,298.2123805036441,-0.28761949635588735
1409,True,True,0.2542515210246836,0.2145386711561442,-0.03971284986853943,150.2000419820306,149.58453430294315,-0.6155076790874432,1.0,0.5136577206780203,-0.4863422793219797,950.2166221722102,991.5909792068193,41.374357034609034,0.5210813252008798,0.6223685511612573,0.10128722596037754,0.6289635291847597,0.6289017442197485,-6.178496501119124e-05,2.0,3.0,1.0,836.5,836.3909414128132,-0.10905858718683703
1410,True,True,0.1847221306619198,0.1553365933750027,-0.02938553728691712,83.50784295289968,83.5565875047504,0.048744551850717244,2.0,1.6082308508805006,-0.39176914911949945,645.3667761321637,662.2914827330428,16.924706600879063,0.4365401652441761,0.5323704591146635,0.09583029387048742,0.5326876408553943,0.5325029914542712,-0.0001846494011231714,4.0,4.0,0.0,372.0,371.927766356578,-0.07223364342200966
1411,True,True,0.3410253757340714,0.3847434740231837,0.04371809828911233,211.5142579028504,215.8667731596498,4.352515256799393,3.5,3.607977779439536,0.10797777943953601,741.7082059661113,761.3971016506309,19.688895684519593,0.5194919510299201,0.44686218731324034,-0.07262976371667973,0.6078300446966324,0.6078300446966323,-1.1102230246251565e-16,2.0,3.0,1.0,0.0,0.0,0.0
1412,True,True,0.3837386024129985,0.3329462303559937,-0.05079237205700482,168.411051610956,165.14841477759893,-3.262636833357078,0.5,0.34949260855210024,-0.15050739144789976,1070.757970551468,1074.9478889304812,4.1899183790133065,0.6342990242722741,0.6616771707746226,0.027378146502348488,0.7134566955757331,0.7134158945226019,-4.080105313120086e-05,1.0,1.0,0.0,1843.0,1842.7640585458125,-0.23594145418746848
1413,False,False,0.1818449118854255,0.18184285228600502,-2.0595994204841706e-06,119.98085734047446,119.93770304183778,-0.0431542986366793,0.0,0.0,0.0,669.3695674715758,669.1290526800649,-0.24051479151091826,0.6073642899581723,0.6073027302796387,-6.1559678533607e-05,0.6072985456063745,0.6073027302796387,4.184673264129302e-06,0.0,0.0,0.0,,,
1414,True,True,0.1674404964418633,0.1606809384564206,-0.006759557985442699,93.86103897555653,93.89586356709061,0.03482459153408968,3.0,2.5479993945336914,-0.4520006054663086,620.3744452982028,627.1907937032948,6.8163484050920715,0.5939849571169039,0.6185311484193634,0.024546191302459497,0.7318680160446689,0.7318357139626196,-3.2302082049295855e-05,1.0,1.0,0.0,790.5,790.3941997615655,-0.10580023843454
1415,True,True,0.5905264474201692,0.5878335534769477,-0.002692893943221586,377.8332037405051,377.9596683917332,0.12646465122810469,9.5,9.317912387667441,-0.182087612332559,882.1763686217458,883.8075629977786,1.631194376032795,0.6258362479379187,0.6282533721152685,0.0024171241773498497,0.6340069755727654,0.6338918348423346,-0.0001151407304308405,1.0,1.0,0.0,1200.0,1199.602649381578,-0.3973506184220241
1416,True,True,0.1930470958435844,0.15571728963517176,-0.03732980620841264,84.86556286044576,83.57080042858419,-1.294762431861571,3.0,2.085230895830319,-0.914769104169681,812.1836789093442,868.9236027030252,56.73992379368099,0.415896359349542,0.5070529092291942,0.09115654987965222,0.5658010084100967,0.565642583981389,-0.00015842442870772633,3.0,4.0,1.0,424.0,423.70437983811297,-0.29562016188702955
1417,True,True,0.4144248611777362,0.35779105311920445,-0.05663380805853174,196.38647062464105,197.3499079166699,0.963437292028857,3.0,2.1070687431230914,-0.8929312568769086,706.7641716494793,749.6811449776657,42.91697332818637,0.4275754935186986,0.5238110388138866,0.09623554529518796,0.6408444370426506,0.6408444370426505,-1.1102230246251565e-16,1.0,1.0,0.0,0.0,0.0,0.0
1418,True,True,0.3659188772706193,0.31888652469413903,-0.04703235257648025,106.17310389882093,106.70572354681275,0.5326196479918224,1.5,1.0576281777757686,-0.44237182222423144,508.6756744728261,518.7274882165664,10.051813743740297,0.295952197092518,0.34635376202756085,0.05040156493504283,0.513518548373589,0.5134176828424459,-0.0001008655311430795,1.0,1.0,0.0,1146.5,1146.036327393572,-0.4636726064279628
1419,True,True,0.5173317312361274,0.47774057433760614,-0.039591156898521274,297.08219408057107,297.6628537112359,0.5806596306648544,9.5,8.342501613002957,-1.1574983869970428,1029.9054198413148,1045.2279822576224,15.322562416307619,0.5319044193285181,0.5926384088382188,0.06073398950970077,0.6357922832425283,0.6355956285251539,-0.00019665471737440043,4.0,4.0,0.0,356.5,356.2483128873087,-0.2516871126912861
1420,True,True,0.5534553315257317,0.5551867310275603,0.0017313995018286565,247.5907302254349,250.24663143029795,2.6559012048630564,7.0,6.235897867538728,-0.7641021324612716,687.5165010363161,691.014897150394,3.4983961140778774,0.3768289892840282,0.39355469938819476,0.01672571010416657,0.5061236514438179,0.5060514066370561,-7.22448067618231e-05,2.0,2.0,0.0,639.5,639.2192679502808,-0.28073204971917676
1421,True,True,0.3410425265857006,0.44105669968790623,0.10001417310220562,127.28393164953772,128.50456065985875,1.2206290103210335,6.5,9.131733571086064,2.6317335710860643,550.7489959258704,553.4774218820199,2.728425956149522,0.5425868408774275,0.38896976236787273,-0.15361707850955475,0.5483436876625809,0.5482807912817959,-6.289638078504911e-05,2.0,3.0,1.0,328.5,328.36375362860014,-0.13624637139986362
1422,True,True,0.1299966014984743,0.1394210299899464,0.009424428491472098,84.05845444540525,83.40995623306108,-0.6484982123441654,1.0,1.1517276635509917,0.15172766355099165,879.8806013674614,889.2542039039962,9.373602536534804,0.6455226105326701,0.6014761752457163,-0.044046435286953844,0.6621832796889531,0.6621197850147225,-6.349467423061306e-05,2.0,3.0,1.0,478.5,478.34994688238027,-0.15005311761973417
1423,False,False,0.3448667281061019,0.3448540052486806,-1.2722857421321176e-05,102.56627694959178,102.56521468831937,-0.0010622612724091596,0.0,0.0,0.0,337.81418057373816,337.7925156481114,-0.021664925626737386,0.4466175975504606,0.4465901471554238,-2.7450395036821007e-05,0.446519560325564,0.4465901471554238,7.05868298597756e-05,0.0,0.0,0.0,,,
1424,False,False,0.1977384036212676,0.1976991550442661,-3.924857700149387e-05,56.67691675270774,56.64690831781672,-0.030008434891023228,0.0,0.0,0.0,347.78270998280374,347.60094686609403,-0.18176311670970335,0.5405505354441199,0.5404167219327218,-0.00013381351139807318,0.5403996314386732,0.5404167219327218,1.709049404863272e-05,0.0,0.0,0.0,,,
1425,True,True,0.4887207430145171,0.4457266096065551,-0.04299413340796204,217.2690393949697,216.1105859212724,-1.158453473697307,6.5,5.376123699016169,-1.1238763009838308,958.8553721487684,964.1177255866943,5.262353437925867,0.604658198248454,0.6484420312807906,0.04378383303233657,0.663379075301543,0.663267589542682,-0.00011148575886110734,4.0,4.0,0.0,1014.5,1014.3317948376547,-0.16820516234531624
1426,True,True,0.1659199775794118,0.16277629711615937,-0.0031436804632524185,94.68336443622069,94.98739013984085,0.30402570362016945,4.0,3.642099798860729,-0.3579002011392709,843.5657913591835,844.4337215357959,0.8679301766123899,0.4263211847410134,0.44510139027030715,0.01878020552929377,0.6688183235561423,0.6687797545919061,-3.856896423626299e-05,2.0,2.0,0.0,602.0,601.8655937413698,-0.13440625863017885
1427,True,True,0.2396400154956298,0.239957290700337,0.0003172752047072014,130.65408068522342,130.6948582831388,0.040777597915393926,2.0,1.9528951549145865,-0.04710484508541346,614.3691526786151,614.4155356046198,0.04638292600463956,0.547269216815826,0.5492036874779989,0.0019344706621728935,0.7189852751455785,0.7189535825711572,-3.169257442137141e-05,1.0,1.0,0.0,932.0,931.8768182587526,-0.12318174124743564
1428,True,True,0.9372135772802912,0.9304818529255244,-0.006731724354766766,325.0039363426813,328.29150328216446,3.287566939483156,5.0,4.427193116437412,-0.5728068835625884,588.1146679281542,595.734219835025,7.619551906870811,0.5301302990762576,0.556196394907415,0.026066095831157376,0.6093792650142189,0.6092796222284016,-9.964278581731101e-05,2.0,2.0,0.0,464.5,464.4435281421516,-0.05647185784840758
1429,True,True,0.0493954187459232,0.04690082876597998,-0.0024945899799432222,21.905670018668047,21.93032865155728,0.024658632889231313,1.0,0.6271237104549074,-0.37287628954509255,431.7811486944891,434.4027139102203,2.6215652157312093,0.5553624349946067,0.5913781062125628,0.036015671217956124,0.6397731040646271,0.639596595072667,-0.0001765089919600893,1.0,1.0,0.0,879.5,879.0810860575704,-0.41891394242964
1430,True,True,0.2461399278499539,0.23248685321814572,-0.013653074631808176,207.07286229685891,207.34277079226987,0.2699084954109594,3.0,2.531740147568054,-0.4682598524319461,869.7654793187282,889.8895150002265,20.1240356814983,0.5877425669803437,0.6203615093152764,0.03261894233493279,0.6673505253118095,0.6672647349683015,-8.579034350797432e-05,1.0,1.0,0.0,1198.0,1197.7194332867252,-0.2805667132747658
1431,True,True,0.7753699105121343,0.7588565303123833,-0.016513380199751015,290.20723444300944,292.21243269862777,2.0051982556183248,7.0,6.5718761219934025,-0.42812387800659746,755.4420467609896,762.4818811444867,7.039834383497123,0.4624168705197704,0.47679697813724,0.014380107617469606,0.5412357971903022,0.5412067972867359,-2.8999903566306884e-05,2.0,2.0,0.0,496.0,495.95032079278667,-0.0496792072133303
1432,True,True,0.3732452367196855,0.3581389030628409,-0.015106333656844606,225.5316762082782,227.76340275229083,2.2317265440126164,7.5,6.765392196277382,-0.7346078037226178,820.8485069219223,833.9601870666552,13.111680144732873,0.4918970475961914,0.5366583090805306,0.044761261484339177,0.5848901952346043,0.5847009154700152,-0.00018927976458904539,3.0,3.0,0.0,425.5,425.09185439690674,-0.40814560309326
1433,True,True,0.0519424094642598,0.05214338464666593,0.00020097518240613094,96.77492189509908,96.7668101231148,-0.008111771984289362,34.5,34.3824204947918,-0.11757950520819804,790.0626413421523,789.9102013177018,-0.15244002445058413,0.5559505694105897,0.556310250568907,0.0003596811583173043,0.7307308572657866,0.7307004520213628,-3.0405244423770128e-05,1.0,1.0,0.0,1017.5,1017.3060318273635,-0.1939681726364597
1434,True,True,0.361260550879815,0.33697746450919974,-0.02428308637061527,157.34044742710282,152.45428263380762,-4.886164793295194,2.0,1.6577290808083494,-0.34227091919165065,863.8547139250006,874.0782103022123,10.223496377211632,0.5736717977990957,0.5885480685564081,0.014876270757312349,0.612399328883799,0.61237530762112,-2.4021262678974864e-05,1.0,1.0,0.0,951.0,950.8363100119509,-0.16368998804910007
1435,True,True,0.0458407397925269,0.04773769979971626,0.0018969600071893633,24.037008794137822,24.896796147194582,0.8597873530567597,14.5,13.945156455851944,-0.5548435441480564,435.7906344093325,439.6529737851264,3.8623393757939084,0.5850404255864332,0.59420089669042,0.009160471103986767,0.6382690194264922,0.6382690194264921,-1.1102230246251565e-16,1.0,1.0,0.0,0.0,0.0,0.0
1436,False,False,0.0574650556600099,0.057465222678936154,1.6701892625176074e-07,38.17031331388533,38.16903423795283,-0.0012790759325014278,0.0,0.0,0.0,653.487868371382,653.4695055024689,-0.018362868913072816,0.6461963312138872,0.6461713136426698,-2.5017571217422763e-05,0.6460996621746621,0.6461713136426698,7.165146800769406e-05,0.0,0.0,0.0,,,
1437,True,True,0.2287738134150536,0.2083925098209385,-0.020381303594115108,131.3416345887551,129.68645119338206,-1.655183395373058,1.0,0.8389958918909542,-0.16100410810904575,1117.0109385404726,1149.4167273083515,32.4057887678789,0.5892042800579155,0.6121856819675601,0.022981401909644594,0.7022342629553927,0.7021994354204404,-3.4827534952319716e-05,2.0,3.0,1.0,1128.0,1127.836540117496,-0.1634598825039575
1438,True,True,0.1832363171200407,0.18224646326471416,-0.0009898538553265446,139.75480674257904,139.70514259798748,-0.04966414459155999,4.5,4.391312165232376,-0.10868783476762367,934.3453070892482,934.5773146413813,0.2320075521331546,0.5522379924418325,0.5613960557902649,0.009158063348432388,0.6832828699934504,0.6831444680756924,-0.00013840191775804644,3.0,3.0,0.0,771.5,771.0773555615907,-0.4226444384092929
1439,False,False,0.1639638144686476,0.16396300687478768,-8.075938599250154e-07,73.46358914525078,73.43393440130761,-0.029654743943169137,0.0,0.0,0.0,450.7896924931607,450.60770293648585,-0.18198955667486416,0.4756331353718848,0.475574642530465,-5.849284141978828e-05,0.4755688275208231,0.475574642530465,5.8150096419185004e-06,0.0,0.0,0.0,,,
1440,True,True,0.0682761963192956,0.05962234355474914,-0.008653852764546464,28.54849866496655,28.553436721426305,0.004938056459753426,0.5,0.232501993450569,-0.267498006549431,685.3062665525456,691.8613284758923,6.5550619233466705,0.5479631382001218,0.6237541386792907,0.07579100047916898,0.6977323096080008,0.6976785285846663,-5.37810233345315e-05,1.0,1.0,0.0,1035.5,1035.1368050536662,-0.363194946333806
1441,True,True,0.0447642615251914,0.04517591078362226,0.0004116492584308601,22.584263590025916,22.694164165868226,0.10990057584231039,22.0,21.555854882352325,-0.4441451176476754,413.7161757595367,414.5872485501547,0.8710727906179727,0.4467164325197767,0.44887087115627,0.0021544386364932833,0.5466952200407199,0.5466828162727062,-1.2403768013702354e-05,1.0,1.0,0.0,520.5,520.4658677492993,-0.03413225070073622
1442,True,True,0.1436914456071652,0.14748705692849673,0.0037956113213315212,93.6496875991904,96.01872732685071,2.369039727660308,6.0,5.376930546411311,-0.6230694535886894,580.7959297333352,590.5996481076759,9.803718374340633,0.4972945491198854,0.5135009432954586,0.01620639417557318,0.5744149622960646,0.5742255435562971,-0.00018941873976752177,4.0,5.0,1.0,361.5,361.4302432300165,-0.0697567699834849
1443,True,True,0.1493160922241754,0.1461442930605274,-0.0031717991636480147,90.58629066336071,91.37718571268043,0.7908950493197153,2.0,3.2676686591352353,1.2676686591352353,739.1291349752463,746.3139788854905,7.18484391024424,0.5897378128836436,0.5084373918433527,-0.0813004210402909,0.59830008923645,0.5982850057926979,-1.5083443752006431e-05,1.0,2.0,1.0,639.5,639.3974388937622,-0.10256110623777204
1444,True,True,0.3429795656888378,0.2740948596968671,-0.06888470599197072,170.33150560469,161.6294200431073,-8.702085561582692,2.0,1.2391458223049998,-0.7608541776950002,919.8907365376856,953.8528547099087,33.962118172223086,0.4899454879521487,0.5935796563454575,0.1036341683933088,0.6785608923462361,0.6785398079650091,-2.108438122694345e-05,2.0,2.0,0.0,289.0,288.9903073423485,-0.009692657651498848
1445,True,True,0.1238803859273724,0.12394959533991555,6.920941254315305e-05,53.17887957950045,51.56160707636342,-1.6172725031370305,2.0,1.943667196965544,-0.05633280303445609,914.4519949360454,927.7774904615607,13.325495525515294,0.5567664805090399,0.5512871424207543,-0.005479338088285601,0.6159502687541807,0.6158260170733568,-0.0001242516808238614,4.0,5.0,1.0,578.5,578.3440474045423,-0.15595259545773388
1446,False,False,0.2194609409248199,0.2194558053652401,-5.135559579816373e-06,116.84999263023234,116.85278502815409,0.002792397921751899,0.0,0.0,0.0,608.2875385800643,608.2759090880735,-0.011629491990788665,0.5895070877744537,0.5894831640131866,-2.3923761267141685e-05,0.5894112329049611,0.5894831640131866,7.193110822545368e-05,0.0,0.0,0.0,,,
1447,True,True,0.3550481030672802,0.3500207222934725,-0.00502738077380771,103.32281040352464,103.22896185885521,-0.09384854466942727,0.5,0.4509193221165334,-0.049080677883466595,336.3286858811136,336.88291486708187,0.5542289859682796,0.5187597776222324,0.5241947577614985,0.005434980139266132,0.5387253710895483,0.5385450020680097,-0.00018036902153861778,1.0,1.0,0.0,652.0,651.5166625066147,-0.4833374933853065
1448,True,True,0.2983163484217833,0.2741547731326357,-0.024161575289147585,141.53812141660876,134.1150811140691,-7.423040302539647,1.0,0.8165712187270403,-0.1834287812729597,578.7615572232044,605.8875469609982,27.125989737793816,0.6202633404700166,0.6419363599319798,0.021673019461963206,0.6508610001534787,0.6508610001534787,0.0,1.0,2.0,1.0,0.0,0.0,0.0
1449,True,True,0.5347288304192974,0.44342338518459046,-0.09130544523470696,253.6644112499525,251.84888330751252,-1.815527942439985,1.5,0.8971668394631707,-0.6028331605368293,859.3534539966774,885.4980272077598,26.14457321108239,0.5092264387021467,0.5907688489171785,0.08154241021503184,0.5974793523004918,0.5973782816938689,-0.00010107060662289946,2.0,2.0,0.0,1043.0,1042.7450824807327,-0.2549175192673374
1450,True,True,0.0934453771874537,0.11523502500688283,0.02178964781942913,52.01548490280936,52.53314423053721,0.5176593277278485,3.0,3.40201677332516,0.40201677332516006,657.5541685593297,679.0802403742249,21.526071814895204,0.4631096822042033,0.3571575285709631,-0.10595215363324018,0.5296463600685556,0.5294305788979294,-0.00021578117062615032,3.0,4.0,1.0,386.5,386.4698801648735,-0.03011983512652705
1451,False,False,0.1953102449356522,0.19531491987515395,4.67493950176423e-06,91.12301643136738,91.0997043354699,-0.023312095897480845,0.0,0.0,0.0,446.48422380230016,446.374484944559,-0.10973885774114933,0.5442171830046002,0.5441675673184645,-4.961568613570666e-05,0.5441285980844928,0.5441675673184645,3.896923397173069e-05,0.0,0.0,0.0,,,
1452,True,True,0.0744309101229797,0.07436439897221835,-6.651115076135306e-05,21.96775972252632,21.977972008354747,0.010212285828426815,1.0,0.9913009259558748,-0.008699074044125177,452.4999430256195,452.70989027853443,0.20994725291495797,0.4811465145132921,0.48168419582434213,0.0005376813110500311,0.6215608302319302,0.621541972462096,-1.885776983423515e-05,1.0,1.0,0.0,386.0,385.8938471401448,-0.10615285985517176
1453,True,True,0.7192158234254669,0.7030796176282612,-0.01613620579720565,383.5897250866992,383.7584891478299,0.16876406113067333,2.5,2.204130122653442,-0.2958698773465578,929.1537288562264,946.6264293188857,17.472700462659304,0.4567797548231771,0.46990022466908926,0.013120469845912142,0.5294207722845062,0.5293360716938788,-8.470059062748447e-05,4.0,5.0,1.0,630.5,630.4893516594506,-0.010648340549437307
1454,True,True,0.1055251336551251,0.0956998109222989,-0.0098253227328262,39.440446498089216,38.36890333470877,-1.071543163380447,0.5,0.3670210024167318,-0.1329789975832682,479.8356580709183,525.8293703915652,45.99371232064692,0.531715224938116,0.5537223644502489,0.022007139512132956,0.6070925532262673,0.6070394802939632,-5.3072932304165654e-05,1.0,2.0,1.0,351.5,351.1536517949684,-0.3463482050315747
1455,True,True,0.2550659218422347,0.24774764801527838,-0.007318273826956323,181.1847584284893,182.2632507784429,1.0784923499536205,6.0,5.55094453753554,-0.44905546246446004,941.7016772351752,944.5777394153675,2.8760621801923207,0.4379732511160802,0.4665399831796361,0.028566732063555866,0.5641692031238085,0.5640165337474109,-0.00015266937639757394,4.0,4.0,0.0,430.0,429.844605391854,-0.15539460814602535
1456,False,False,0.0709105901825126,0.07091059887811561,8.695603015418385e-09,27.24194932315121,27.244860842883664,0.002911519732453627,0.0,0.0,0.0,382.47486449579344,382.5165799746633,0.04171547886983262,0.4356658243328768,0.43566229750304397,-3.5268298328450243e-06,0.4355689333303493,0.43566229750304397,9.336417269467656e-05,0.0,0.0,0.0,,,
1457,True,True,0.3627492222095158,0.31333196246429657,-0.04941725974521921,159.2013617941215,157.4741913626789,-1.7271704314426017,2.5,1.9227382521843548,-0.5772617478156452,1132.7372984116917,1136.0208903045846,3.2835918928929004,0.4335376745906185,0.49544922651224044,0.061911551921621955,0.6841003291894024,0.6840690991709408,-3.123001846161433e-05,2.0,2.0,0.0,1001.5,1001.4669702672855,-0.03302973271445353
1458,True,True,0.0523169526594422,0.03629179612231598,-0.016025156537126224,21.08566655261828,20.32437498208736,-0.761291570530922,0.5,0.16249036819208418,-0.3375096318079158,655.6576167353572,685.7989539762904,30.141337240933126,0.4978876488760467,0.6195910124130422,0.12170336353699546,0.6512242701488277,0.6512188865026179,-5.383646209722315e-06,1.0,1.0,0.0,942.0,941.9664982306277,-0.03350176937226479
1459,True,True,0.1198293737137742,0.10073561235551266,-0.019093761358261532,53.970203369533245,53.87797910123428,-0.09222426829896335,2.0,1.5715883956057954,-0.42841160439420456,558.6819321427378,624.1275921296186,65.44565998688086,0.3977113754481563,0.4648723566609694,0.06716098121281305,0.5005764592351887,0.5004604161242082,-0.00011604311098045716,2.0,3.0,1.0,388.5,388.18322189964175,-0.31677810035824905
1460,False,False,0.163330964068121,0.1633248213314874,-6.142736633601986e-06,83.4328821291451,83.43103815816089,-0.0018439709842112961,0.0,0.0,0.0,601.3114755478716,601.2691260554554,-0.04234949241617869,0.5594860106666807,0.5594650126827794,-2.0997983901316353e-05,0.5594173050747657,0.5594650126827794,4.7707608013647373e-05,0.0,0.0,0.0,,,
1461,True,True,0.2336390682216255,0.22997980236279647,-0.0036592658588290305,90.73697307231804,90.56538616360199,-0.1715869087160513,3.5,3.2371710954816098,-0.26282890451839025,558.5508630386483,560.9683825875006,2.417519548852283,0.6096536048900432,0.6165597903076643,0.0069061854176211135,0.7184585691905314,0.7184524015675923,-6.167622939146078e-06,1.0,1.0,0.0,518.0,517.9614043921113,-0.038595607888737504
1462,False,False,0.1540794594353101,0.1540876028325603,8.143397250193196e-06,123.88333498955662,123.86098158751558,-0.022353402041034087,0.0,0.0,0.0,686.3489113276812,686.2470397021658,-0.10187162551540041,0.7345652546050172,0.7344944621104718,-7.079249454544634e-05,0.734434746292616,0.7344944621104718,5.9715817855798825e-05,0.0,0.0,0.0,,,
1463,False,False,0.0284796595695386,0.0284794186987058,-2.408708328002773e-07,20.24220946993135,20.2430386456107,0.0008291756793497029,0.0,0.0,0.0,771.7144912401558,771.7288358541749,0.014344614019137225,0.5967630621129115,0.5967474960356633,-1.5566077248174714e-05,0.5966803409301438,0.5967474960356633,6.715510551957848e-05,0.0,0.0,0.0,,,
1464,False,False,0.2960856214065379,0.29608298396517063,-2.6374413672480834e-06,124.06519288832912,124.07403980156799,0.008846913238869547,0.0,0.0,0.0,457.6227776781665,457.6361227068541,0.013345028687581362,0.5253716898547953,0.5253622618603084,-9.427994486888025e-06,0.5252867761737432,0.5253622618603084,7.548568656523535e-05,0.0,0.0,0.0,,,
1465,True,True,0.0242193919702872,0.021136584753004367,-0.003082807217282834,21.4119486878045,21.00972100800324,-0.4022276798012605,0.5,0.30179488361463885,-0.19820511638536115,1221.662324928728,1249.9895593080028,28.32723437927484,0.6279522893290963,0.6755505104546903,0.047598221125593976,0.704188045944634,0.7041826969808435,-5.348963790563488e-06,1.0,1.0,0.0,1426.5,1426.4514910303803,-0.048508969619661
1466,True,True,0.1361232998467752,0.11929043565772307,-0.016832864189052138,74.87786690509843,74.7183511422098,-0.15951576288863123,2.0,1.4681131625082346,-0.5318868374917654,694.5017746954562,724.6824077265725,30.18063303111626,0.5337647832903897,0.6012332605887739,0.06746847729838423,0.6107823933955241,0.6106590418620487,-0.00012335153347542427,2.0,2.0,0.0,345.0,344.91462288453596,-0.08537711546404125
1467,True,True,0.3349354486016515,0.37176757388714526,0.03683212528549379,174.80986900572836,168.97820597179154,-5.83166303393682,1.0,1.1514120478823318,0.15141204788233176,724.9821094327823,740.6660046235613,15.683895190779026,0.684562201318092,0.6077155581370205,-0.07684664318107148,0.6894216979467072,0.6893349128014343,-8.678514527282744e-05,1.0,2.0,1.0,648.5,648.2135275490177,-0.2864724509822736
1468,True,True,0.676133794978587,0.6457938993212491,-0.030339895657337967,350.9025947879166,349.9285791483489,-0.9740156395677104,7.5,6.615988870017458,-0.8840111299825422,1055.2148247253251,1056.698969947304,1.4841452219789062,0.6463683479285756,0.6766298414254958,0.0302614934969202,0.7030100953626477,0.7028735782597189,-0.0001365171029288348,5.0,5.0,0.0,684.5,684.0068952729252,-0.4931047270747513
1469,False,False,0.1507006897800626,0.15069256941504355,-8.120365019043119e-06,71.38631452496514,71.38863188252449,0.0023173575593489204,0.0,0.0,0.0,599.5956860328158,599.56335472388,-0.03233130893579528,0.6587947971085945,0.6587657399132107,-2.9057195383708212e-05,0.658690731591243,0.6587657399132107,7.500832196771778e-05,0.0,0.0,0.0,,,
1470,True,True,0.3480347049267084,0.33729466947440073,-0.010740035452307672,134.4084215865398,134.21523233322776,-0.19318925331202763,3.5,3.297897338145414,-0.2021026618545858,661.7860416544672,666.8645012197891,5.07845956532185,0.417511337431935,0.42835275971548414,0.010841422283549118,0.5090060640152287,0.5089871533534205,-1.8910661808257956e-05,2.0,2.0,0.0,178.5,178.39928153984653,-0.10071846015347319
1471,True,True,0.4880799566140079,0.4774669235859624,-0.010613033028045504,157.73344547938356,155.60185873876247,-2.1315867406210884,11.0,10.61642694279433,-0.3835730572056697,716.2737436231874,717.0524994039698,0.778755780782376,0.4951847813421801,0.5075289830395248,0.012344201697344681,0.7067798501021558,0.7066911033169989,-8.874678515691237e-05,2.0,2.0,0.0,384.5,384.3380679861395,-0.1619320138605076
1472,True,True,0.1657721827016775,0.10394317776477088,-0.06182900493690663,24.15772813349475,18.216967169697654,-5.940760963797096,1.0,0.5473426455690061,-0.45265735443099386,529.168618382205,538.4723336367215,9.303715254516533,0.6430193176449042,0.6905266467510996,0.047507329106195484,0.7144008376211435,0.7143368640840395,-6.397353710396736e-05,1.0,1.0,0.0,675.5,675.2723654724256,-0.22763452757442337
1473,True,True,0.0697522355317521,0.06659804853305103,-0.0031541869987010696,22.181134006586504,22.146701644017234,-0.034432362569269515,2.5,2.0555497944995302,-0.44445020550046976,556.9354934020286,560.4944839974613,3.5589905954327605,0.384991533708905,0.40080024090151284,0.01580870719260785,0.5278780100283457,0.527858645818611,-1.936420973469577e-05,1.0,1.0,0.0,1102.0,1101.8969682670404,-0.10303173295960733
1474,True,True,0.8092536257752919,0.8070098053965101,-0.002243820378781791,412.8359463196831,412.9640130256765,0.12806670599337622,48.0,47.37925950845278,-0.6207404915472168,832.0281093715635,832.3357544619821,0.30764509041864585,0.6118241480220001,0.6137233547595566,0.0018992067375565025,0.6822066550853811,0.6820103784228053,-0.00019627666257582277,2.0,2.0,0.0,916.0,915.651039688973,-0.34896031102698544
1475,True,True,0.1511633277939758,0.13772535335805447,-0.013437974435921318,68.2863277169891,68.39777924878831,0.11145153179920442,1.0,0.5545396197878292,-0.4454603802121708,539.3151663831418,553.4564033976017,14.141237014459875,0.4920339327003651,0.5392180305798645,0.0471840978794994,0.5528298108336218,0.552769432603985,-6.037822963678163e-05,1.0,1.0,0.0,860.5,860.2041126180634,-0.295887381936609
1476,True,True,0.1412260524145388,0.13916676204359474,-0.0020592903709440724,49.751643604134046,49.725085376859425,-0.026558227274620094,3.0,2.9190012088103696,-0.08099879118963038,419.0012719156721,420.61762585727274,1.6163539416006643,0.4515508756903434,0.45838990804453056,0.006839032354187147,0.5262851128604246,0.5261958457887055,-8.92670717190791e-05,2.0,2.0,0.0,174.0,173.73975480883698,-0.2602451911630226
1477,True,True,0.0389493234749507,0.04080869817381539,0.0018593746988646923,41.40186706931651,41.5238513246203,0.12198425530379353,25.5,25.159655409480997,-0.34034459051900257,1078.0261734404096,1077.9601621834577,-0.06601125695192422,0.5274651811197484,0.5314948624093565,0.0040296812896081224,0.690268838656352,0.6901851607432383,-8.367791311369999e-05,3.0,3.0,0.0,463.0,462.7260800231586,-0.27391997684139824
1478,True,True,0.2514729000958631,0.2420552541564316,-0.009417645939431507,146.57132875018848,146.22268223767185,-0.3486465125166376,0.5,0.419167649751762,-0.08083235024823798,957.5288973041276,963.1069114612579,5.578014157130383,0.5781230998881249,0.5935383287991582,0.015415228911033307,0.6417872316959419,0.6417296501858542,-5.7581510087723053e-05,1.0,1.0,0.0,1472.0,1471.6509385048457,-0.34906149515427387
1479,True,True,0.2117356898163495,0.16209738853448705,-0.049638301281862446,119.0556687589906,117.59079000807776,-1.4648787509128454,1.5,1.0075403171533253,-0.49245968284667474,1031.0055202647184,1066.203163452481,35.19764318776265,0.5019316128252836,0.613514710904471,0.11158309807918732,0.6988612720766573,0.6987779215507091,-8.335052594821146e-05,2.0,2.0,0.0,707.5,707.0956201089624,-0.40437989103759264
1480,True,True,0.174033052832605,0.17091798466570907,-0.00311506816689594,137.0115418505967,133.3928783606927,-3.6186634899040087,1.0,1.0198289311374538,0.019828931137453765,1064.3178495401276,1099.7471646884885,35.429315148360956,0.6766787429095742,0.6569398237667063,-0.01973891914286785,0.6776376780233829,0.6775736596809034,-6.401834247948823e-05,1.0,2.0,1.0,693.5,693.0248815823335,-0.47511841766652196
1481,True,True,0.1068682680969992,0.10808889693470687,0.0012206288377076685,143.40247478462808,144.63568427658592,1.2332094919578367,18.5,17.912438754521997,-0.5875612454780033,1035.629774503964,1037.3838646626602,1.7540901586962718,0.6396607075484433,0.6447646426761587,0.005103935127715453,0.6620555198828896,0.6619187098691532,-0.00013681001373633261,3.0,3.0,0.0,757.5,757.1758599617826,-0.32414003821736515
1482,False,False,0.0480297428115037,0.04802947576947344,-2.670420302594567e-07,23.00857165143476,23.001480734912146,-0.007090916522614066,0.0,0.0,0.0,483.1336454512101,482.9841084842893,-0.14953696692077756,0.610458001296264,0.6103839697057526,-7.403159051144748e-05,0.6103476017526324,0.6103839697057526,3.6367953120231e-05,0.0,0.0,0.0,,,
1483,True,True,0.3470432191411317,0.35224823337890226,0.005205014237770589,174.95128611138165,174.34054520141987,-0.6107409099617769,2.0,2.004065211996204,0.00406521199620391,704.9987968526543,727.5470811555006,22.54828430284624,0.5234048318739675,0.4988991214731185,-0.02450571040084898,0.5362419439221293,0.5361274593105493,-0.00011448461158003465,4.0,7.0,3.0,172.0,171.9024139505145,-0.09758604948549987
1484,True,True,0.4841344387542169,0.5263002279926676,0.04216578923845071,251.3224379406464,254.19491136915303,2.8724734285066233,3.5,4.195922347283342,0.695922347283342,781.490538820911,789.9083661481327,8.417827327221744,0.5188585621111246,0.4303392388293312,-0.08851932328179335,0.5417024483927045,0.5417024483927044,-1.1102230246251565e-16,2.0,3.0,1.0,0.0,0.0,0.0
1485,True,True,0.0341358764000354,0.03375753597014664,-0.0003783404298887613,23.20603786187332,23.34989894401703,0.14386108214371163,15.5,15.106324993239797,-0.39367500676020306,685.8309721074132,690.3975201008235,4.566547993410268,0.4684093273373486,0.4803277528177513,0.011918425480402728,0.5744869871089482,0.5744869871089481,-1.1102230246251565e-16,2.0,2.0,0.0,0.0,0.0,0.0
1486,True,True,0.1165122141230455,0.09420754002076798,-0.022304674102277516,79.10023913682875,76.19293235508506,-2.907306781743685,1.5,0.9621514300175478,-0.5378485699824522,965.5679232401108,1036.1112097392306,70.54328649911986,0.6159528868264549,0.7042358129936958,0.08828292616724087,0.7382120713368039,0.7381053948849811,-0.00010667645182282914,3.0,8.0,5.0,496.0,495.8843056205317,-0.11569437946832295
1487,True,True,0.5693344228932264,0.5594284747369352,-0.0099059481562912,247.0248295129005,242.68309000743025,-4.341739505470258,2.0,1.9203538023110023,-0.07964619768899772,726.4166872693326,747.7818638618887,21.365176592556168,0.6043405472602608,0.5953008071604613,-0.009039740099799465,0.6550288700690365,0.6548388227453703,-0.00019004732366623145,4.0,6.0,2.0,297.0,296.87834613770434,-0.12165386229565911
1488,True,True,0.0925932518973537,0.08785930312027317,-0.0047339487770805405,45.16789243812622,44.97710670629116,-0.19078573183506364,1.0,0.8669441094796639,-0.13305589052033606,632.6285859129372,645.0561863141274,12.427600401190261,0.5892218626984801,0.6122854786768931,0.023063615978413,0.7031362327005858,0.7031235447977794,-1.2687902806396423e-05,1.0,1.0,0.0,540.0,539.9310281683913,-0.06897183160867826
1489,True,True,0.1627361140810607,0.16182455311070068,-0.0009115609703600203,95.72570528763949,95.81824489963475,0.09253961199526373,0.5,0.4785519594675863,-0.021448040532413726,597.7914397816022,599.7519520320722,1.9605122504699466,0.6804190073454525,0.6854436513909923,0.005024644045539817,0.7269935272281681,0.7268906945531111,-0.00010283267505706295,1.0,1.0,0.0,542.0,541.5521976990327,-0.44780230096728246
1490,True,True,0.1913206808840375,0.18818285241107519,-0.0031378284729623174,116.82289109096116,118.36344837699981,1.5405572860386485,2.0,1.6247004822798776,-0.3752995177201224,656.7673828364783,720.0117161652473,63.24433332876902,0.568599839268938,0.5717539340247821,0.003154094755844161,0.6277348042035054,0.6277348042035054,0.0,1.0,2.0,1.0,0.0,0.0,0.0
1491,True,True,0.6504726864010464,0.5059730339869889,-0.1444996524140575,298.74838339598944,293.37465192841614,-5.373731467573293,2.0,1.1993722513900142,-0.8006277486099858,795.0774959694517,832.8429898624038,37.76549389295212,0.4636888984794193,0.5751776107078984,0.11148871222847911,0.5889703172801951,0.5888767943135123,-9.352296668285742e-05,2.0,2.0,0.0,940.5,940.440074654124,-0.05992534587596765
1492,True,True,0.1645547799277061,0.14830899180050677,-0.016245788127199318,58.53194661155222,58.264135137040455,-0.2678114745117668,1.5,1.1803604394895957,-0.3196395605104043,1039.0749367153717,1044.9487522503323,5.873815534960613,0.4835143166181993,0.5195189189164346,0.03600460229823532,0.7222723758362536,0.7222292528593292,-4.3122976924436784e-05,1.0,1.0,0.0,1526.5,1526.1110488811814,-0.3889511188185679
1493,True,True,0.8703254258660804,0.8534402336501442,-0.016885192215936207,592.8932098511083,586.6082119447658,-6.284997906342483,4.5,4.08170682374621,-0.4182931762537896,1220.6084962915022,1231.8657554430736,11.257259151571361,0.7179735313753203,0.7287530532354066,0.01077952186008635,0.7321460159017519,0.73200398103637,-0.00014203486538189036,7.0,9.0,2.0,721.5,721.2014745159184,-0.29852548408155144
1494,True,True,0.0422581660799951,0.03522539927719342,-0.007032766802801682,24.61089628067101,24.608607384475086,-0.00228889619592465,1.0,0.5568479318462779,-0.4431520681537221,706.7792125043861,719.8477294929834,13.068516988597253,0.5559740993466902,0.6742561786234604,0.11828207927677026,0.6963704524607615,0.6962160367847352,-0.00015441567602625383,2.0,2.0,0.0,834.0,833.6768428445869,-0.32315715541312784
1495,True,True,0.2610052831996206,0.3056315681652539,0.04462628496563331,112.28875247248472,101.38805610894116,-10.90069636354356,1.0,1.2873543612833604,0.28735436128336045,844.8853695199336,884.1284865924877,39.243117072554014,0.638265119985002,0.5088804779773288,-0.1293846420076732,0.6772309595397324,0.6771637671490487,-6.719239068375682e-05,1.0,2.0,1.0,740.5,740.1716523052346,-0.32834769476539805
1496,False,False,0.1343768416864914,0.13437849104930877,1.649362817379707e-06,70.58947139158727,70.59061848163086,0.0011470900435881504,0.0,0.0,0.0,485.4710707047716,485.49418454665806,0.023113841886470254,0.5953080537554063,0.5952776821909032,-3.0371564503139936e-05,0.5951582901422516,0.5952776821909032,0.0001193920486515232,0.0,0.0,0.0,,,
1497,True,True,0.0987497072034259,0.09516914669528612,-0.0035805605081397768,81.19614497187432,83.4971627375692,2.30101776569488,3.0,2.400623822695344,-0.5993761773046562,878.5527021389198,909.5168980298075,30.96419589088771,0.5472213060918552,0.5992047065381978,0.05198340044634264,0.6399300268579156,0.6399099857289209,-2.0041128994674473e-05,2.0,2.0,0.0,249.0,248.9887046946143,-0.011295305385687016
1498,True,True,0.7002406285622218,0.6769636484695873,-0.02327698009263446,250.0244790097531,250.14081389757942,0.1163348878263264,2.0,1.6367347880033782,-0.36326521199662176,677.2304478835381,677.4919892985719,0.2615414150337756,0.5947323089560979,0.6129464062807626,0.018214097324664724,0.7398572870350572,0.7397636858562406,-9.360117881651586e-05,1.0,1.0,0.0,1253.0,1252.6816675200416,-0.31833247995837155
1499,False,False,0.0544826761301374,0.054486179271343825,3.503141206423477e-06,18.644673944450563,18.63958768299799,-0.005086261452571961,0.0,0.0,0.0,307.21279264731345,307.1392614699337,-0.07353117737977755,0.4980901386657373,0.49801311830118067,-7.702036455664585e-05,0.4979412187466495,0.49801311830118067,7.189955453118513e-05,0.0,0.0,0.0,,,
1500,False,False,0.0444627687429956,0.0444595886276581,-3.1801153375018987e-06,21.57478366031649,21.56882080967559,-0.005962850640901962,0.0,0.0,0.0,548.2206443178886,548.0662892977288,-0.15435502015986913,0.5368430360910517,0.5367735785252864,-6.945756576526296e-05,0.5367541474228388,0.5367735785252864,1.943110244762014e-05,0.0,0.0,0.0,,,
1501,True,True,0.1131146759161781,0.10373269247565009,-0.009381983440528013,40.988537539383145,40.63764785247743,-0.35088968690571676,0.5,0.3763138641661499,-0.12368613583385007,468.7373734747969,471.0116671174427,2.274293642645773,0.65213253062848,0.6754460501606361,0.0233135195321561,0.7287455846452519,0.7285950949820948,-0.00015048966315700518,1.0,1.0,0.0,679.0,678.5758596374201,-0.4241403625799194
1502,True,True,0.1953819383956274,0.19299803024591772,-0.0023839081497096792,91.3856188218975,91.57529285532429,0.18967403342679745,1.0,0.7106607869092842,-0.28933921309071575,493.343156819228,494.8059700637768,1.4628132445487836,0.5388480909514693,0.5608244786417153,0.021976387690245902,0.6199255328317368,0.619875254214642,-5.027861709483439e-05,1.0,1.0,0.0,811.0,810.6605379365349,-0.33946206346513463
1503,True,True,0.334383423358248,0.260157932488587,-0.07422549086966101,277.4315496665374,259.9081390289349,-17.523410637602524,1.0,0.555779739690479,-0.444220260309521,1255.2230042751817,1335.5447553559236,80.32175108074193,0.6451826064003258,0.7328543183734587,0.08767171197313295,0.7414587813115873,0.7414172595241721,-4.1521787415121914e-05,2.0,4.0,2.0,819.0,818.7935040162859,-0.20649598371414868
1504,True,True,0.1941096838145432,0.1856627217081251,-0.008446962106418099,130.314705057946,130.82587618131333,0.5111711233673475,1.0,0.7759886890533381,-0.22401131094666193,838.4850965696597,852.2540855879623,13.768989018302591,0.5527540797334142,0.5810148298678172,0.02826075013440299,0.6593475833891256,0.659295867637163,-5.171575196261102e-05,1.0,1.0,0.0,1121.0,1120.7546933568758,-0.24530664312419503
1505,True,True,0.1086984618110461,0.10903619701093527,0.00033773519988916645,71.59238641347187,72.93161576249413,1.3392293490222613,5.0,4.462269953155193,-0.537730046844807,771.3756575214393,781.7980853578421,10.42242783640279,0.5586377975148386,0.5825687727461164,0.02393097523127785,0.6001145480824893,0.5999322935902482,-0.00018225449224107404,3.0,3.0,0.0,118.0,117.68831424359283,-0.3116857564071722
1506,True,True,0.2619086575436664,0.2538864444701698,-0.008022213073496598,102.57136828561045,103.10363626839091,0.5322679827804677,6.0,5.557337798588557,-0.4426622014114434,525.6568413315907,533.5894036723159,7.932562340725212,0.4579283058263813,0.474929833093521,0.017001527267139716,0.6004092484571172,0.6004092484571172,0.0,1.0,1.0,0.0,0.0,0.0,0.0
1507,False,False,0.2875787040895742,0.28757800098420716,-7.03105367039214e-07,133.87195701414862,133.88753944375193,0.01558242960331313,0.0,0.0,0.0,485.7545438031346,485.7997654039876,0.0452216008529831,0.6193564524710395,0.6193484351644599,-8.017306579621852e-06,0.6192299533414145,0.6193484351644599,0.00011848182304541321,0.0,0.0,0.0,,,
1508,True,True,0.2953800223762626,0.357768044529361,0.06238802215309841,176.9717124065446,174.4516169923812,-2.5200954141634213,1.0,1.3901863129460257,0.3901863129460257,902.9190104390324,915.2818267735025,12.362816334470153,0.5655142298945084,0.468565119678209,-0.09694911021629937,0.5840219921266471,0.5839757117919112,-4.6280334735859796e-05,2.0,3.0,1.0,410.0,409.8124200021367,-0.18757999786328128
1509,True,True,0.5143552775139176,0.4868033848512585,-0.027551892662659117,284.74135515633634,284.1919481275768,-0.5494070287595605,4.5,3.9892151519365173,-0.5107848480634827,961.5462075183536,976.4012795536804,14.85507203532677,0.4782475132147257,0.5096240566131932,0.031376543398467516,0.6314571303223067,0.6313905262821282,-6.660404017844179e-05,2.0,2.0,0.0,268.5,268.1275966161408,-0.3724033838591936
1510,True,True,0.2379731777735429,0.21149795903902266,-0.026475218734520245,177.56571063755348,175.7790588833093,-1.7866517542441898,2.0,1.6637175067968206,-0.3362824932031794,1058.0280724166137,1083.2825335570167,25.25446114040301,0.53441842083468,0.5857996915505449,0.051381270715864846,0.6540248509790106,0.6539876953529196,-3.715562609107881e-05,2.0,2.0,0.0,535.5,535.428290681987,-0.07170931801294955
1511,True,True,0.4918176143017981,0.45629404826111525,-0.03552356604068285,315.0305536929886,310.5011504436033,-4.529403249385268,5.0,4.289931838243503,-0.7100681617564968,1024.8564831645958,1039.3442832885296,14.487800123933766,0.6235551935268151,0.6499185086733982,0.026363315146583077,0.6703975484903045,0.6702935572641465,-0.00010399122615800671,2.0,2.0,0.0,584.0,583.695360177642,-0.3046398223580127
1512,True,True,0.3314030652426585,0.31022480073749414,-0.021178264505164357,92.47197244783244,89.95656443934581,-2.515408008486631,2.5,2.1369555731303995,-0.3630444268696005,584.4686867981297,586.8733011569268,2.404614358797062,0.5725313850196672,0.5813281152329548,0.00879673021328764,0.6000807434682113,0.600047831878722,-3.291158948925954e-05,1.0,1.0,0.0,854.0,853.8585113173937,-0.14148868260633662
1513,True,True,0.2201089177510935,0.26896268353803554,0.04885376578694203,140.8818692568451,138.0806774521327,-2.8011918047124027,3.0,3.479598002647983,0.4795980026479829,996.5043762453156,1010.3391482546973,13.834772009381709,0.6417474305619548,0.5668025907862595,-0.07494483977569533,0.6731379840450404,0.6730179746862606,-0.00012000935877987118,2.0,3.0,1.0,964.0,963.6303917176402,-0.3696082823597635
1514,False,False,0.0582390791910638,0.058239004604656516,-7.458640728652544e-08,17.8526269696664,17.85490038412001,0.002273414453611622,0.0,0.0,0.0,311.7254818799636,311.7621613816212,0.03667950165760203,0.462356738249266,0.462349087524085,-7.65072518099652e-06,0.4622294257082877,0.462349087524085,0.00011966181579731172,0.0,0.0,0.0,,,
1515,True,True,0.3098315252149122,0.2879161317330142,-0.02191539348189797,110.70299161032148,107.32320096057767,-3.3797906497438106,5.0,4.419812836759958,-0.5801871632400424,874.6195424841244,883.4280080882185,8.808465604094067,0.4095514846328948,0.4382613422904762,0.028709857657581384,0.6115563746270122,0.6114599100793957,-9.64645476164705e-05,2.0,2.0,0.0,538.5,538.4310512235141,-0.06894877648585407
1516,True,True,0.1091312341832466,0.0920679529367229,-0.017063281246523704,64.17206569301581,64.6512911398618,0.47922544684598734,3.0,2.200796936696862,-0.7992030633031382,881.972939647173,940.7551147393588,58.78217509218575,0.5183086380711743,0.6157737954094037,0.09746515733822936,0.6300700965808381,0.6299584329651865,-0.00011166361565162486,2.0,2.0,0.0,368.5,368.46529372435253,-0.034706275647465645
1517,False,False,0.0695132432422807,0.06951309742397364,-1.4581830705406862e-07,28.80216661588225,28.80436444733645,0.002197831454200383,0.0,0.0,0.0,432.2741351395399,432.2989209107335,0.024785771193592154,0.4502207981929211,0.45021674576828374,-4.0524246373574435e-06,0.4501510795820675,0.45021674576828374,6.566618621622888e-05,0.0,0.0,0.0,,,
1518,True,True,0.2844928355706686,0.25082245344789533,-0.03367038212277329,186.22694620026456,187.00657111644352,0.7796249161789603,3.0,2.4786150041618393,-0.5213849958381607,802.9510168151862,822.9265237131007,19.975506897914443,0.4570528484192461,0.5316283188914217,0.07457547047217561,0.5348622783220833,0.5347170994747065,-0.00014517884737685893,6.0,7.0,1.0,254.0,253.83114934047777,-0.168850659522235
1519,True,True,0.2259641029204161,0.2228741215571398,-0.0030899813632763173,71.84411311995248,72.11130994286047,0.26719682290799085,4.0,3.8754993986658546,-0.12450060133414542,326.55306032117824,332.1574233180037,5.604362996825444,0.3983932700861625,0.4048133366629972,0.006420066576834693,0.618242509874676,0.6182425098746759,-1.1102230246251565e-16,0.0,0.0,0.0,0.0,0.0,0.0
1520,True,True,0.8963611916797601,0.8948638119129524,-0.0014973797668077493,605.7445941278474,606.5644717186337,0.819877590786291,21.5,20.993694759800597,-0.5063052401994028,1109.9084077445502,1111.5269797749127,1.6185720303624294,0.4916518951638345,0.5014152164267459,0.009763321262911406,0.6696169444747238,0.6695001789266495,-0.00011676554807427131,3.0,3.0,0.0,254.5,254.45024724614197,-0.04975275385803002
1521,False,False,0.1106284300486478,0.11062812480495501,-3.052436927802882e-07,102.53033346901952,102.52884719868572,-0.0014862703337996663,0.0,0.0,0.0,941.4294530752408,941.4132979260918,-0.01615514914897176,0.6207130589717408,0.6206962110236561,-1.6847948084652842e-05,0.620648206960576,0.6206962110236561,4.80040630801426e-05,0.0,0.0,0.0,,,
1522,False,False,0.1135795428483518,0.11358018548958565,6.426412338528253e-07,56.50510917900568,56.477021176799276,-0.028088002206402507,0.0,0.0,0.0,494.41449601589926,494.16906249263485,-0.24543352326440981,0.6798427889121076,0.6797718465399188,-7.094237218874255e-05,0.6797576503376719,0.6797718465399188,1.4196202246963274e-05,0.0,0.0,0.0,,,
1523,True,True,0.4393633091915784,0.507605428047296,0.06824211885571763,180.70472384556405,172.77412045564134,-7.930603389922709,2.0,2.3647434250218806,0.3647434250218806,846.0500984773156,852.2172617230523,6.167163245736674,0.6166998615769219,0.5736627451991225,-0.04303711637779939,0.6272701639753463,0.6271918194960701,-7.834447927623778e-05,2.0,3.0,1.0,818.5,818.4037809766229,-0.09621902337710253
1524,True,True,0.2894378675354613,0.2886131012815676,-0.0008247662538937162,98.69649901482104,98.90379538147994,0.20729636665889473,14.5,14.243470664400924,-0.2565293355990761,497.6575545671611,498.3205170646576,0.662962497496494,0.4170869060766069,0.4209465368462992,0.003859630769692257,0.5929824047500611,0.5929824047500611,0.0,1.0,1.0,0.0,0.0,0.0,0.0
1525,False,False,0.1560014791398364,0.1560019928578029,5.137179664993496e-07,53.70013461337512,53.67694352100792,-0.023191092367198962,0.0,0.0,0.0,339.93363093331834,339.788453102874,-0.14517783044436783,0.5504931505379,0.5503969720055126,-9.617853238741425e-05,0.5503578971954617,0.5503969720055126,3.907481005094304e-05,0.0,0.0,0.0,,,
1526,True,True,0.2430044099838507,0.22479941080542365,-0.01820499917842705,100.867342718928,101.11738629310432,0.25004357417631695,1.0,0.7750127452134621,-0.22498725478653792,529.3878052279614,536.7387273847693,7.350922156807883,0.4155976820876298,0.45904908005533024,0.04345139796770042,0.5137152107884809,0.5136691181291373,-4.6092659343632825e-05,2.0,2.0,0.0,440.0,439.77202404278745,-0.22797595721254993
1527,True,True,0.2887420567914911,0.2866171412018952,-0.0021249155895959326,222.33485724668455,222.54977720937407,0.21491996268952107,1.5,1.3140770846919625,-0.1859229153080375,852.4714312948594,853.4809501878888,1.0095188930293943,0.4821981449983485,0.49696317480285723,0.014765029804508722,0.62250669374126,0.62245981751984,-4.6876221419966946e-05,1.0,1.0,0.0,1641.5,1641.186467251643,-0.3135327483569199
1528,True,True,0.4038783073540326,0.3914045799658428,-0.012473727388189748,227.8858790929565,230.8583598890416,2.972480796085108,8.0,7.492794411620698,-0.5072055883793016,632.7943010697223,652.6202118679037,19.825910798181326,0.4958622703586701,0.5273301221969376,0.03146785183826756,0.6528465197462137,0.6528465197462137,0.0,1.0,1.0,0.0,0.0,0.0,0.0
1529,True,True,0.436041885263359,0.38494035388422815,-0.05110153137913087,238.0832773358798,237.27409333361345,-0.8091840022663632,2.5,1.9063375463243581,-0.5936624536756419,1076.7059332927167,1086.5219149110387,9.815981618321985,0.4452671649690691,0.5188949709832993,0.07362780601423019,0.7087899187830142,0.7087301015746358,-5.9817208378443176e-05,2.0,2.0,0.0,617.5,617.252974618918,-0.24702538108203953
1530,True,True,0.4767641877055601,0.46445532067807205,-0.012308867027488068,163.6726886655194,164.34709172561284,0.6744030600934536,9.0,8.352761292277124,-0.6472387077228756,548.1475635345896,551.5049973389155,3.357433804325865,0.4699703560139603,0.49093266139269165,0.02096230537873134,0.5212886734441087,0.5210453546435707,-0.00024331880053796162,4.0,4.0,0.0,300.5,300.13052464907787,-0.36947535092213
1531,True,True,0.1501879447626687,0.14836806285002682,-0.0018198819126418742,107.19402742990002,108.15759241964628,0.9635649897462599,2.0,1.6051301079278353,-0.3948698920721647,804.252011972631,811.5668266825239,7.314814709892971,0.5254995260057674,0.5561588875245161,0.030659361518748707,0.583505577896452,0.5834351426102843,-7.043528616768047e-05,2.0,2.0,0.0,892.0,891.7235819678145,-0.276418032185461
1532,True,True,0.5017154557395694,0.48263894687744907,-0.019076508862120367,130.18192881588874,129.81511387664386,-0.3668149392448754,2.0,1.7795585446874618,-0.22044145531253823,479.03868297201205,487.23538795905625,8.1967049870442,0.3897024452851674,0.4041291783102768,0.014426733025109384,0.5567391740845978,0.556707142691061,-3.203139353680218e-05,1.0,1.0,0.0,522.0,521.7888639655262,-0.21113603447383866
1533,True,True,0.4736121385853936,0.4506693010849197,-0.022942837500473878,193.60881972876436,195.80829887829992,2.199479149535563,4.0,3.282704892312178,-0.7172951076878218,640.6189610163606,654.3536581005595,13.734697084198956,0.5357309219683914,0.5763068902386741,0.04057596827028265,0.5996085631580556,0.5995100329282728,-9.853022978278947e-05,2.0,2.0,0.0,584.5,584.276891383299,-0.22310861670098348
1534,False,False,0.0423270570453057,0.04232717144615817,1.1440085247171883e-07,17.085320418939,17.086623889226804,0.0013034702878051974,0.0,0.0,0.0,397.9521935111914,397.9851897316616,0.03299622047018147,0.6174801362836219,0.6174327901723401,-4.7346111281765246e-05,0.6172658933071163,0.6174327901723401,0.00016689686522375347,0.0,0.0,0.0,,,
1535,True,True,0.131723333087604,0.1239094745496774,-0.007813858537926599,80.17774452809138,79.32581018459045,-0.851934343500929,0.5,0.413904424419161,-0.08609557558083902,1014.691652505044,1059.8250394951538,45.133386990109784,0.5504504453727479,0.5504712134712315,2.0768098483614494e-05,0.6293413117285878,0.6293059961356662,-3.531559292158093e-05,1.0,2.0,1.0,1410.5,1410.2609132912205,-0.2390867087794959
1536,True,True,0.0568197301676972,0.045561870888008664,-0.011257859279688538,19.46288588169864,19.149469073583372,-0.3134168081152673,1.0,0.760268675943371,-0.239731324056629,656.353599716654,663.0020174408573,6.648417724203341,0.4288032801091566,0.4991830400320623,0.07037975992290574,0.5989993701332095,0.5989528988449558,-4.6471288253635556e-05,2.0,2.0,0.0,495.5,495.30031713254914,-0.1996828674508606
1537,True,True,0.1964779020937067,0.17775604769516257,-0.018721854398544124,94.0976144239125,94.00437149395555,-0.09324292995695771,3.0,2.5412561498291337,-0.4587438501708663,679.3954413788435,695.1817134115045,15.786272032660918,0.5001985018286766,0.5528569499145528,0.052658448085876164,0.6499554534312001,0.6498745989936812,-8.085443751892907e-05,2.0,2.0,0.0,406.5,406.49596794966845,-0.0040320503315456335
1538,True,True,0.2272158574042816,0.21642757298326004,-0.01078828442102156,106.32899084598196,106.24133477254462,-0.08765607343734416,0.5,0.37518878002883876,-0.12481121997116124,599.0079829025913,600.6607304815533,1.6527475789620212,0.6494790862390292,0.6737894185803636,0.024310332341334395,0.7433476513229169,0.7432731472702526,-7.450405266429261e-05,1.0,1.0,0.0,1100.0,1099.7962025403328,-0.20379745966715745
1539,True,True,0.1950788546397241,0.1922866566455164,-0.0027921979942077124,46.80323733598527,46.825106462536674,0.021869126551401052,5.5,5.177969044068594,-0.32203095593140585,585.1870879319996,586.0355731012659,0.8484851692662687,0.4873757663153293,0.49499571018096944,0.007619943865640133,0.6638912794732121,0.6638399557420795,-5.132373113259092e-05,1.0,1.0,0.0,900.0,899.7299743264964,-0.2700256735035964
1540,True,True,0.1356042923504333,0.13608085130561873,0.0004765589551854188,104.9702014393188,105.18116963843124,0.21096819911244324,3.5,3.430756588751685,-0.06924341124831512,729.3217926094226,730.0447892467612,0.7229966373386105,0.5216477909640689,0.523523089191911,0.0018752982278421593,0.6280269745428964,0.627944317734671,-8.265680822538979e-05,1.0,1.0,0.0,914.5,914.052752281757,-0.4472477182430339
1541,True,True,0.2397387415077136,0.20081770704020716,-0.03892103446750644,160.2209065547376,155.27750916689664,-4.9433973878409745,1.0,0.5705764998507221,-0.4294235001492779,970.923433794296,993.6851495626655,22.761715768369527,0.6523325970387086,0.7042816244298896,0.05194902739118101,0.717705641701726,0.7176895828309947,-1.6058870731305852e-05,1.0,1.0,0.0,1187.5,1187.405992715085,-0.09400728491505106
1542,True,True,0.2960096282271592,0.27960023145420837,-0.016409396772950835,147.6512228775891,147.01187409298115,-0.6393487846079609,2.0,1.4710875439341184,-0.5289124560658816,701.6706489841731,706.4189060885727,4.748257104399613,0.5723095347668881,0.6129509427670832,0.04064140800019511,0.6809170344943839,0.6808830266060552,-3.400788832874646e-05,2.0,2.0,0.0,389.5,389.2741279905833,-0.2258720094167188
1543,False,False,0.2710649082261699,0.27106029503387497,-4.6131922949443904e-06,203.5785056989763,203.5539078755632,-0.024597823413103015,0.0,0.0,0.0,794.7409552102704,794.6392219799295,-0.10173323034086934,0.6421829353633162,0.6421296742471546,-5.326111616155149e-05,0.6420893453287797,0.6421296742471546,4.032891837491004e-05,0.0,0.0,0.0,,,
1544,True,True,0.2165913599086592,0.21419967321836142,-0.0023916866902977674,99.9607223153296,99.92510339217968,-0.03561892314992576,6.5,6.167561119812303,-0.33243888018769674,686.2207357260397,686.1760693471527,-0.04466637888697278,0.4979703481703395,0.5043213741764132,0.006351026006073679,0.7252290108244378,0.7252194581423231,-9.552682114666311e-06,1.0,1.0,0.0,1002.0,1001.9167162531338,-0.08328374686618645
1545,True,True,0.2038201456984729,0.25030173700504765,0.046481591306574754,76.62150025042402,77.51926460607733,0.8977643556533081,1.5,2.471961845288753,0.9719618452887531,399.7700913977727,421.1873026746529,21.41721127688021,0.6006215652004239,0.4255500290320566,-0.1750715361683673,0.6369134783783209,0.6367760239738164,-0.0001374544045045223,1.0,2.0,1.0,192.5,192.1085600749727,-0.3914399250272993
1546,False,False,0.0954048767964141,0.09538835943649297,-1.651735992112824e-05,29.082978238393032,29.065052601806652,-0.017925636586380023,0.0,0.0,0.0,352.094448484331,351.8808967501994,-0.2135517341316131,0.4877467478283617,0.4876727229794364,-7.402484892526928e-05,0.4876724215481898,0.4876727229794364,3.0143124662984633e-07,0.0,0.0,0.0,,,
1547,True,True,0.1709315621035738,0.16857524269887048,-0.002356319404703322,65.52745204042473,66.55582920527944,1.028377164854703,1.5,1.008633904682938,-0.491366095317062,378.89002473228135,386.4907327994624,7.600708067181074,0.4681619939081827,0.4982715797795402,0.03010958587135748,0.5206402303642141,0.5204882981333501,-0.00015193223086407137,1.0,1.0,0.0,675.5,675.0987628088861,-0.40123719111386436
1548,True,True,0.2952750350723983,0.26733718364096626,-0.027937851431432015,168.63779515663808,167.31147908922102,-1.3263160674170535,1.0,0.704083174862899,-0.29591682513710105,885.7677060817126,889.5798877504669,3.812181668754306,0.6424776240950967,0.6945992383385868,0.052121614243490155,0.7457708325514909,0.7456928647077269,-7.796784376401522e-05,2.0,2.0,0.0,867.5,867.1296561114641,-0.37034388853589917
1549,True,True,0.1954655048834571,0.1894781300088295,-0.00598737487462761,110.29776963297589,114.05179269648778,3.7540230635118945,9.0,7.366048649928409,-1.633951350071591,780.3115430813506,805.7771343644711,25.46559128312049,0.4538381272520304,0.50510223046759,0.051264103215559575,0.6284308531100192,0.6284308531100192,0.0,7.0,10.0,3.0,0.0,0.0,0.0
1550,True,True,0.2135881775454656,0.20089381193494138,-0.012694365610524228,138.70279701503677,139.45864249877334,0.7558454837365787,2.0,1.6637214472284547,-0.3362785527715453,801.711931042026,813.1160887028898,11.404157660863802,0.4620327451569811,0.5019709794811007,0.03993823432411958,0.5647588672318826,0.56463534643428,-0.00012352079760258317,2.0,2.0,0.0,911.5,911.0729937122047,-0.4270062877952796
1551,True,True,0.0418705394824201,0.04189176186110967,2.1222378689567112e-05,26.761710359348783,26.87959364428728,0.11788328493849676,60.5,59.86529988292663,-0.6347001170733719,431.0784627717146,431.2689476083876,0.19048483667296523,0.3066893493789197,0.309473535241186,0.0027841858622663085,0.5099556982179825,0.5098502959824517,-0.00010540223553079375,2.0,2.0,0.0,177.5,177.1942385423958,-0.3057614576042056
1552,False,False,0.2513945393994697,0.251392982451509,-1.556947960723587e-06,90.50602734706143,90.49953216167005,-0.006495185391386826,0.0,0.0,0.0,367.9932031778509,367.96321609937115,-0.02998707847973492,0.478579292125796,0.47856024845289213,-1.9043672903840125e-05,0.4785054179085358,0.47856024845289213,5.483054435634349e-05,0.0,0.0,0.0,,,
1553,True,True,0.4957464918005703,0.4920317406236239,-0.0037147511769463626,342.9807242394085,338.317743122854,-4.662981116554533,4.0,3.793245553242743,-0.20675444675725707,1144.5965691090069,1182.471487904522,37.874918795515214,0.6163752424663651,0.5865421682506489,-0.029833074215716238,0.6334581789633505,0.6332656854012011,-0.0001924935621494539,8.0,14.0,6.0,120.5,120.31949651214562,-0.18050348785438075
1554,False,False,0.1725115925695162,0.17252379773896515,1.2205169448942232e-05,106.02071650929535,105.98788934180386,-0.03282716749149017,0.0,0.0,0.0,544.0624680279394,543.8964631861087,-0.16600484183072695,0.5746529401871703,0.574554139537294,-9.880064987632942e-05,0.5745341690629605,0.574554139537294,1.997047433344168e-05,0.0,0.0,0.0,,,
1555,True,True,0.0686716181639881,0.0716051407573726,0.002933522593384502,32.47435759294816,32.35643074791779,-0.1179268450303681,2.0,1.9343863764777787,-0.06561362352222133,1066.116974576064,1066.460056538797,0.34308196273309477,0.4778683674934643,0.4934870156336447,0.015618648140180436,0.6514294928940566,0.6513187500160619,-0.00011074287799472948,4.0,4.0,0.0,572.5,572.4486331897443,-0.051366810255672135
1556,True,True,0.0325445046304487,0.032443418280661884,-0.0001010863497868178,9.882086069637465,9.883262004488916,0.001175934851451288,1.0,0.9896717971423641,-0.010328202857635915,549.2340116867769,549.2504320949284,0.016420408151589072,0.549011569240162,0.550029501054706,0.0010179318145440153,0.6966556137305419,0.6966245931767993,-3.102055374260004e-05,1.0,1.0,0.0,842.5,842.337967355035,-0.162032644965052
1557,True,True,0.1662168183677353,0.1638528377073748,-0.002363980660360504,69.01777118459981,68.55601569638507,-0.46175548821473456,7.0,6.269741426332615,-0.7302585736673848,832.8426307232237,834.6342661526686,1.7916354294449093,0.5055870162043902,0.5275959324477835,0.022008916243393295,0.6453364920201623,0.645249923535314,-8.656848484833723e-05,2.0,2.0,0.0,709.5,709.0301005144337,-0.4698994855663159
1558,True,True,0.0858916473486981,0.0754796760911774,-0.010411971257520705,38.19679793374548,38.07005141852742,-0.12674651521805913,0.5,0.25084693084354515,-0.24915306915645485,541.5036655166474,554.7706424191692,13.266976902521833,0.4815557507268455,0.5382501158429562,0.056694365116110756,0.5584314149384153,0.5583915115720061,-3.990336640924408e-05,1.0,1.0,0.0,917.5,917.2877159347789,-0.2122840652210698
1559,True,True,0.4395817717607933,0.42000174661783224,-0.01958002514296109,248.3013428854057,246.19470553620872,-2.1066373491969728,1.5,1.2989325004571586,-0.20106749954284142,634.5646604733556,654.2590617341666,19.69440126081099,0.5264966474868705,0.5426120477664811,0.01611540027961056,0.5545748500117296,0.5545149487833095,-5.990122842003398e-05,1.0,1.0,0.0,183.0,182.634855592009,-0.36514440799101067
1560,True,True,0.3280781950361158,0.36942797644060216,0.04134978140448636,117.83982483604838,117.75950779458448,-0.08031704146389984,2.5,2.954344814512298,0.4543448145122979,421.94787111254857,436.7901977719686,14.842326659420053,0.5403358760711123,0.4714679455178987,-0.06886793055321361,0.6391467621882502,0.6391467621882501,-1.1102230246251565e-16,1.0,2.0,1.0,0.0,0.0,0.0
1561,True,True,0.3476462184048678,0.34668980478553546,-0.0009564136193323525,201.0360990043752,202.89383686785186,1.8577378634766717,6.0,5.686678661679613,-0.313321338320387,937.3375376106584,954.4278835317626,17.090345921104245,0.5562015642806054,0.5597447192268606,0.0035431549462552336,0.5905664596275771,0.5903485103116765,-0.00021794931590068956,6.0,7.0,1.0,96.5,96.4219311290263,-0.07806887097369497
1562,True,True,0.6402258615734306,0.6079117857309128,-0.032314075842517886,287.21262791309493,287.74817634291713,0.5355484298221995,1.0,0.745351865637349,-0.254648134362651,823.3869711924381,827.8751400670984,4.488168874660346,0.5236351060778779,0.55538427506529,0.03174916898741209,0.6612866157823929,0.6611704610360514,-0.00011615474634152356,1.0,1.0,0.0,1789.0,1788.5962813026345,-0.403718697365548
1563,True,True,0.0516546550961496,0.04236171941887854,-0.00929293567727106,15.688667337003668,15.388756742090845,-0.29991059491282357,1.0,0.7020439123210964,-0.2979560876789036,437.6939088996002,453.4483249395512,15.754416039950968,0.4397545567957583,0.5093615955318594,0.06960703873610113,0.5523780269459792,0.5523097335841588,-6.829336182034851e-05,2.0,2.0,0.0,115.0,114.6976438702382,-0.3023561297618045
1564,True,True,0.2689473364540387,0.25953645729368513,-0.009410879160353547,146.25705175012072,147.41464693395696,1.1575951838362357,2.0,1.7492931863234848,-0.25070681367651515,657.6221023333476,705.7317681214321,48.1096657880845,0.489480710467813,0.5051577034231274,0.015676992955314384,0.5970916492036135,0.5970639042481126,-2.774495550084133e-05,2.0,3.0,1.0,432.5,432.427269762467,-0.07273023753299412
1565,False,False,0.427891795682158,0.4278463096517835,-4.5486030374519704e-05,177.73646806933547,177.69071427490655,-0.04575379442891858,0.0,0.0,0.0,504.1113601317125,503.9717497609081,-0.1396103708044052,0.5344692109319107,0.5344041392315199,-6.507170039082855e-05,0.5343771776059896,0.5344041392315199,2.696162553028625e-05,0.0,0.0,0.0,,,
1566,True,True,0.1854002388917671,0.17482452260060602,-0.01057571629116108,64.03760424769598,64.93288098312026,0.8952767354242752,3.0,2.2686476864211733,-0.7313523135788267,395.3292657230025,406.836139371987,11.506873648984481,0.4977172937324634,0.5538430960682214,0.05612580233575798,0.5750160197158148,0.57488262558038,-0.00013339413543489442,2.0,2.0,0.0,210.5,210.1026645371119,-0.39733546288809407
1567,True,True,0.2011393730497692,0.19158660491285553,-0.009552768136913664,48.26771602385116,48.22707847118823,-0.04063755266292901,2.5,2.0119955354603016,-0.48800446453969837,325.86732639847764,333.52756003294564,7.660233634468,0.4303682996340471,0.4504679658365807,0.020099666202533617,0.527450354258833,0.5273512188689607,-9.913538987227355e-05,1.0,1.0,0.0,350.0,349.6009104791411,-0.39908952085892224
1568,True,True,0.1746605268923859,0.1718730580661065,-0.0027874688262793934,65.98585978781728,66.67703903911544,0.6911792512981663,1.0,0.7986696803825908,-0.20133031961740921,515.4702213900568,523.0975131267165,7.627291736659686,0.5873667147765105,0.6025256686889169,0.015158953912406403,0.6033267485794881,0.6032368952579761,-8.985332151201231e-05,1.0,1.0,0.0,440.5,440.02186443521015,-0.4781355647898522
1569,True,True,0.5386231134029895,0.5633647350443267,0.024741621641337197,277.8882127609721,278.7060803988267,0.8178676378545902,2.0,2.531637693650556,0.531637693650556,730.7836632616571,733.7860082497405,3.002344988083337,0.6167471235089135,0.5411081905085595,-0.07563893300035396,0.6197386332374342,0.6196195403658749,-0.00011909287155931203,2.0,3.0,1.0,758.0,757.6405728973001,-0.35942710269989675
1570,True,True,0.254853807374542,0.26160578725575745,0.006751979881215453,143.54110639474013,143.54879627261266,0.007689877872536499,2.5,2.4672132557869197,-0.032786744213080254,665.56122819296,687.5979269030607,22.036698710100723,0.493706029005376,0.47492371909301695,-0.018782309912359074,0.6263556629134335,0.6263556629134335,0.0,3.0,4.0,1.0,0.0,0.0,0.0
1571,False,False,0.3501134395135462,0.3501099966040823,-3.442909463857724e-06,275.1122309751644,275.1081280239997,-0.004102951164668411,0.0,0.0,0.0,836.8545362524733,836.831946148122,-0.022590104351252194,0.5877789933204076,0.5877525174766847,-2.6475843722950643e-05,0.587699263222033,0.5877525174766847,5.325425465163569e-05,0.0,0.0,0.0,,,
1572,True,True,0.3498251350092219,0.297861051771878,-0.05196408323734392,175.83153986673824,175.29845297022737,-0.5330868965108664,2.0,1.3609054068103434,-0.6390945931896566,719.1927413398389,754.8125812141327,35.6198398742938,0.4180905281160861,0.49256544648060824,0.07447491836452214,0.5334458749017096,0.5333847791946772,-6.109570703238809e-05,2.0,2.0,0.0,79.5,79.20489452849411,-0.2951054715058916
1573,True,True,0.2154856819326797,0.19711199689531134,-0.01837368503736836,54.77785077695742,54.95731738824606,0.17946661128863894,3.5,2.96160674794228,-0.5383932520577202,504.73168758523167,510.1014747116414,5.369787126409733,0.3662398112251603,0.4134249167946493,0.047185105569489016,0.5152968551127981,0.5152048195073367,-9.203560546144907e-05,3.0,3.0,0.0,116.5,116.3494126125652,-0.15058738743479694
1574,True,True,0.2557426252224452,0.1976141035094645,-0.05812852171298066,153.2562315618896,153.26469091832277,0.0084593564331783,1.0,0.4829200858133845,-0.5170799141866155,806.799922576219,831.9785256974633,25.178603121244237,0.4100210006154024,0.5441732590871785,0.1341522584717761,0.5512240663532051,0.5511455927002578,-7.847365294733066e-05,2.0,2.0,0.0,1002.0,1001.8558372921127,-0.1441627078872898
1575,True,True,0.6740690902655633,0.6284800773052811,-0.04558901296028217,219.26698501269072,218.88886488404307,-0.37812012864765165,3.5,2.9482359489484242,-0.5517640510515758,543.1243162378029,553.0372667903405,9.912950552537609,0.4507027923633344,0.4891000884084403,0.038397296045105944,0.534148161646318,0.534044608975683,-0.00010355267063499873,3.0,3.0,0.0,18.0,17.930665785502043,-0.06933421449795674
1576,True,True,0.3028382997659338,0.24696660095601008,-0.05587169880992371,188.71750205234997,188.67750578584457,-0.03999626650539767,1.5,1.0023841969610658,-0.49761580303893416,926.1061028767184,984.3051664273313,58.19906355061289,0.5300327337637378,0.6589029148319939,0.1288701810682561,0.6603228197290414,0.6602714644833221,-5.135524571930894e-05,3.0,4.0,1.0,321.0,320.8967186998475,-0.10328130015250281
1577,True,True,0.5678487044399317,0.5640163495732142,-0.0038323548667175134,273.22696728917253,274.3616186185453,1.1346513293727867,3.5,3.3836614861909786,-0.11633851380902138,688.5764195891876,693.1734845916097,4.597065002422141,0.4906154852505461,0.49540525562458215,0.004789770374036051,0.5058220601418084,0.5057427327131998,-7.932742860861097e-05,1.0,1.0,0.0,750.5,750.1276476210509,-0.372352378949131
1578,True,True,0.2169867953489846,0.20102721986688238,-0.015959575482102223,150.120173353868,149.81113684637447,-0.30903650749354483,0.5,0.3274072805885226,-0.1725927194114774,900.3475506315168,915.1931967859238,14.84564615440695,0.6460657468848664,0.6866409517308983,0.04057520484603194,0.7290439232258945,0.7289800469736419,-6.387625225257043e-05,1.0,1.0,0.0,1116.5,1116.150027244179,-0.34997275582099974
1579,True,True,0.3171664219519387,0.3108398600214672,-0.0063265619304715415,168.57155020274982,169.219006522735,0.6474563199851673,7.5,6.951019805611569,-0.5489801943884309,703.1377220689236,708.1865900357416,5.048867966817966,0.5652427657197429,0.581902800275817,0.01666003455607412,0.6557582369023383,0.6555835985906954,-0.0001746383116428829,2.0,2.0,0.0,513.5,513.1553363626576,-0.3446636373423644
1580,False,False,0.3228881370030745,0.32288527800047584,-2.859002598665228e-06,168.27688908650333,168.27972981727083,0.002840730767502464,0.0,0.0,0.0,555.0125779813975,555.0093783660903,-0.0031996153071531808,0.5375128967687887,0.5374983946606917,-1.450210809694763e-05,0.5374355344242949,0.5374983946606917,6.286023639678895e-05,0.0,0.0,0.0,,,
1581,False,False,0.0505987100651372,0.05059693010319482,-1.7799619423802815e-06,19.234988946874164,19.22740113052008,-0.007587816354085675,0.0,0.0,0.0,396.6767279154994,396.5167717377225,-0.1599561777769054,0.5780158547700516,0.5779597213795037,-5.6133390547885575e-05,0.5779318374358876,0.5779597213795037,2.7883943616080487e-05,0.0,0.0,0.0,,,
1582,True,True,0.8336766591112276,0.7205290973788674,-0.11314756173236018,327.451601878152,315.5806993350727,-11.870902543079296,4.5,2.679266691557133,-1.820733308442867,785.2990585077545,806.363245811408,21.06418730365351,0.5245408704366157,0.5856578268262177,0.06111695638960202,0.6367244971335437,0.6366070318513652,-0.00011746528217848606,3.0,3.0,0.0,335.5,335.40236938438517,-0.09763061561483255
1583,False,False,0.0615019631409213,0.061494749625616914,-7.213515304388407e-06,35.70664960031173,35.69687256527884,-0.009777035032890069,0.0,0.0,0.0,710.4731450413233,710.2638734496832,-0.20927159164011755,0.6854195022802417,0.685374950268204,-4.455201203767967e-05,0.6853578542407808,0.685374950268204,1.709602742328009e-05,0.0,0.0,0.0,,,
1584,True,True,0.834161109122053,0.8873978346917824,0.05323672556972936,515.9145249709586,517.5266974738714,1.6121725029128129,9.0,14.26045373943631,5.26045373943631,929.0924068258132,932.0025055787559,2.9100987529426448,0.6675883858522267,0.5314148718975016,-0.1361735139547251,0.6748757707955269,0.6747007732743132,-0.00017499752121363787,2.0,3.0,1.0,1134.0,1133.5025698040704,-0.4974301959296099
1585,False,False,0.3716491264527868,0.37164067350304764,-8.452949739168325e-06,129.17222384410005,129.17478714686823,0.0025633027681806198,0.0,0.0,0.0,373.4418079709655,373.43539105145305,-0.006416919512446384,0.6536040406782645,0.6535407266560123,-6.331402225223659e-05,0.6533874688254728,0.6535407266560123,0.00015325783053943276,0.0,0.0,0.0,,,
1586,True,True,0.0904279890064128,0.07845231833586133,-0.01197567067055147,49.359646265629465,45.92354150209169,-3.4361047635377773,2.0,1.6729216393519895,-0.32707836064801055,902.375783681579,969.1126185701941,66.73683488861502,0.545347736586628,0.5665426441815776,0.021194907594949575,0.5916114496196294,0.5916114496196294,0.0,1.0,2.0,1.0,0.0,0.0,0.0
1587,True,True,0.396512558355232,0.4749122641706632,0.07839970581543115,162.54383833042164,158.2133010456956,-4.330537284726034,3.5,3.781484518895742,0.2814845188957422,507.3284058640414,516.737918958703,9.409513094661577,0.541482515585986,0.49743688337420267,-0.04404563221178337,0.6076085760387243,0.6076085760387242,-1.1102230246251565e-16,1.0,2.0,1.0,0.0,0.0,0.0
1588,True,True,0.1356545246132765,0.13654539960335643,0.0008908749900799207,68.7011371263148,68.84146933541318,0.14033220909837496,3.5,3.348854066262722,-0.1511459337372778,515.1088746403905,515.5813713058974,0.4724966655069238,0.5164060508875619,0.5190640581427503,0.002658007255188388,0.5478734076020975,0.5478089681796012,-6.443942249623191e-05,1.0,1.0,0.0,1007.0,1006.7438293304938,-0.2561706695062185
1589,True,True,0.5085900802861348,0.5308690562520345,0.022278975965899672,227.34202844344293,223.88313220519956,-3.4588962382433692,1.5,1.5543258276942657,0.05432582769426575,695.7934882029479,719.1299629898685,23.33647478692069,0.5035785379830475,0.4649583001763187,-0.03862023780672885,0.5163152461308316,0.5162303887594897,-8.485737134189542e-05,2.0,3.0,1.0,309.0,308.7984860525047,-0.20151394749530027
1590,True,True,0.104425096587565,0.1083870472238837,0.003961950636318698,49.40649146865079,49.38675003195857,-0.019741436692221725,9.0,8.757630053558374,-0.24236994644162557,549.747450410065,549.941653361117,0.19420295105203422,0.4544050118129931,0.4618633980238972,0.007458386210904111,0.584167371675642,0.5840992112444544,-6.816043118762494e-05,3.0,3.0,0.0,241.5,241.30849778824415,-0.19150221175584647
1591,True,True,0.190883524673892,0.1337205123581643,-0.05716301231572771,81.79744680304516,79.33516723153248,-2.4622795715126813,1.0,0.5093154246977066,-0.49068457530229337,783.3502097942594,843.5768121669685,60.22660237270907,0.4940363999188022,0.6283085531112934,0.1342721531924912,0.7089398845034923,0.7088927865718854,-4.709793160695419e-05,1.0,1.0,0.0,1054.0,1053.8089044223716,-0.19109557762840268
1592,False,False,0.2596351292338788,0.25957355774310115,-6.157149077767876e-05,66.25327979583814,66.24051988969437,-0.01275990614377065,0.0,0.0,0.0,398.1482289847866,398.0574838576479,-0.09074512713868899,0.4405635531033753,0.4404872418601969,-7.631124317841742e-05,0.4404457258629625,0.4404872418601969,4.151599723439814e-05,0.0,0.0,0.0,,,
1593,True,True,0.0882362251306839,0.09254685220253617,0.0043106270718522716,58.31482771950709,58.03462349057843,-0.28020422892866037,1.0,1.058517021383159,0.05851702138315895,821.9489156802778,857.1372262627076,35.188310582429835,0.4749193888256763,0.44431516452107744,-0.03060422430459886,0.5447739344817393,0.5446993417466495,-7.45927350898068e-05,2.0,3.0,1.0,513.5,513.2163568530451,-0.283643146954887
1594,True,True,0.4604454983349671,0.5600082651525449,0.09956276681757775,251.11630694369444,254.4164043368835,3.3000973931890485,4.5,6.415466202466627,1.915466202466627,757.2097613712322,778.225396760594,21.01563538936182,0.4845725604995607,0.3310407325806898,-0.15353182791887093,0.5519960423151492,0.5519960423151491,-1.1102230246251565e-16,1.0,2.0,1.0,0.0,0.0,0.0
1595,True,True,0.2605678322343288,0.2601736414556101,-0.0003941907787186616,97.3916964285292,97.30337687746247,-0.08831955106673206,2.5,2.2661767286743273,-0.2338232713256727,508.5754184449326,523.3179633937027,14.742544948770103,0.478318906215396,0.48035537415177987,0.0020364679363838456,0.6344391933577119,0.6344391933577119,0.0,2.0,3.0,1.0,0.0,0.0,0.0
1596,True,True,0.347595034598592,0.343927222104346,-0.00366781249424597,97.97394848341774,98.00995745589466,0.03600897247692103,4.0,3.6622927419026405,-0.33770725809735946,557.484165255956,558.652847703436,1.1686824474800233,0.6630592947504186,0.6684751989957718,0.005415904245353209,0.7475643666069014,0.7475217942592101,-4.257234769133866e-05,1.0,1.0,0.0,660.0,659.8529101584601,-0.14708984153992333
1597,True,True,0.2783553954653371,0.38107348503300187,0.10271808956766476,204.832836566749,203.7962740404696,-1.036562526279397,1.5,2.496250364516164,0.9962503645161642,823.5384274810201,833.5160890754773,9.977661594457231,0.6015491093379127,0.4373448697313751,-0.16420423960653763,0.6081327289744798,0.6080551293032139,-7.759967126585998e-05,1.0,2.0,1.0,427.0,426.55511089859874,-0.4448891014012588
1598,True,True,0.1431983381553085,0.14395362593260141,0.0007552877772929179,56.31098457607432,56.75570300467855,0.44471842860423294,15.0,14.753644400398446,-0.24635559960155362,390.0893501005333,390.60930171378425,0.519951613250953,0.5384053727428847,0.5407579320466522,0.002352559303767543,0.605294878012677,0.6051919206368811,-0.00010295737579590902,2.0,2.0,0.0,35.5,35.22725945177103,-0.2727405482289669
1599,True,True,0.3586877301063828,0.3271832124076017,-0.0315045176987811,119.37128901847302,117.23765816285793,-2.1336308556150954,1.5,1.2321465044165962,-0.26785349558340377,561.6469796899617,573.5815177365425,11.934538046580883,0.5739861862356316,0.6042107704286727,0.030224584193041082,0.7016544163167348,0.7015397735798371,-0.00011464273689765214,1.0,1.0,0.0,580.5,580.0297207608725,-0.4702792391275352
1600,True,True,0.0631270649688922,0.06332798419795718,0.00020091922906498305,62.41763573970578,62.53340150440238,0.11576576469659727,6.0,5.926694766542638,-0.07330523345736228,932.6996443070218,933.1977133264088,0.4980690193870032,0.5527352854939469,0.5554658970411974,0.0027306115472505166,0.6939578691766809,0.6938725433441104,-8.532583257048199e-05,2.0,2.0,0.0,426.5,426.08925509872716,-0.41074490127283525
1601,False,False,0.1160792930545523,0.11605933518335287,-1.9957871199419164e-05,34.46725268136951,34.458431538236454,-0.008821143133054932,0.0,0.0,0.0,389.01240780071606,388.90577945188477,-0.10662834883129335,0.4634057989029976,0.4633267189025899,-7.908000040768304e-05,0.4632924687269983,0.4633267189025899,3.4250175591610255e-05,0.0,0.0,0.0,,,
1602,True,True,0.4090323952160352,0.35198332830561396,-0.05704906691042122,112.5903525993659,110.00176779321339,-2.588584806152511,2.5,1.9065859324618948,-0.5934140675381052,407.6370854033597,427.0080675757776,19.370982172417882,0.4965979812869966,0.5717311605872865,0.07513317930028984,0.6429714382442588,0.6429714382442588,0.0,3.0,4.0,1.0,0.0,0.0,0.0
1603,True,True,0.8919026814655175,0.8862435856164664,-0.00565909584905111,107.43501842758886,107.80978885117962,0.3747704235907605,3.5,3.098955305991696,-0.4010446940083039,317.6845754836064,318.196655354416,0.5120798708096004,0.3518405205746638,0.3600733978083208,0.00823287723365701,0.5067995828081012,0.5067569979443592,-4.2584863741979007e-05,1.0,1.0,0.0,720.0,719.8629825049187,-0.13701749508129524
1604,True,True,0.2089164169625623,0.20579987822519674,-0.0031165387373655595,124.53468825274857,124.62221944116519,0.08753118841661944,1.0,0.9341197466303128,-0.06588025336968717,667.8351974111654,670.7211312181015,2.885933806936123,0.5356252487784361,0.5451640508353732,0.009538802056937135,0.6391443230182701,0.6391372291214756,-7.093896794430066e-06,1.0,1.0,0.0,948.0,947.9662681422997,-0.0337318577003316
1605,True,True,0.4651174063735394,0.5104595479141824,0.04534214154064298,381.92526111108384,381.01415708104605,-0.9111040300377908,7.0,10.237267791292314,3.2372677912923145,1189.050446692405,1192.6093451133945,3.558898420989408,0.6840534360006617,0.5571295283719304,-0.1269239076287313,0.6882319082932108,0.6881806922375483,-5.121605566249521e-05,2.0,3.0,1.0,456.5,456.15423572111496,-0.34576427888504213
1606,True,True,0.4008365397746099,0.4571769432802384,0.05634040350562847,137.2328216218161,137.0066024097488,-0.22621921206729212,3.0,3.9674548027862357,0.9674548027862357,471.7095114111178,478.9732310086942,7.263719597576426,0.5007599737723576,0.4214647177190353,-0.07929525605332227,0.5131215660130213,0.5130870386645191,-3.452734850217798e-05,2.0,3.0,1.0,81.5,81.4250293487301,-0.07497065126989355
1607,False,False,0.1242648722390085,0.12425694719255098,-7.925046457524232e-06,32.811161997500825,32.79513581111027,-0.016026186390554642,0.0,0.0,0.0,280.9375986519472,280.7995272006916,-0.13807145125559828,0.4713923063417187,0.4712739734506295,-0.0001183328910892012,0.4712454147382526,0.4712739734506295,2.855871237689156e-05,0.0,0.0,0.0,,,
1608,True,True,0.154773585772698,0.12413657680449612,-0.030637008968201887,53.76046327820361,54.24712838730718,0.4866651091035692,3.0,2.0645804394735032,-0.9354195605264968,455.6538773353904,497.56725489997245,41.91337756458205,0.3974462880257106,0.5096168488160113,0.11217056079030074,0.5490190068206748,0.5489734031342226,-4.560368645223356e-05,2.0,2.0,0.0,10.5,10.449837776951588,-0.050162223048412
1609,False,False,0.1496394692883608,0.14962426711623666,-1.5202172124140212e-05,57.71423094588501,57.698646608814286,-0.015584337070720267,0.0,0.0,0.0,453.7561967053284,453.630631363636,-0.12556534169243605,0.490151606193085,0.49007320741597515,-7.839877710985599e-05,0.4900475232565382,0.49007320741597515,2.5684159436933918e-05,0.0,0.0,0.0,,,
1610,True,True,0.0390349176542555,0.04075194801513533,0.0017170303608798274,43.321057522860535,44.172515096417904,0.8514575735573686,17.0,16.470126294915065,-0.5298737050849347,678.7013086527322,683.0923792112064,4.391070558474212,0.652958632006501,0.6609488450422565,0.007990213035755533,0.663084234508361,0.6629114397716637,-0.0001727947366972904,2.0,2.0,0.0,111.5,111.06019321547443,-0.4398067845255724
1611,True,True,0.2000275003500146,0.2536126550243853,0.053585154674370694,107.02798114586771,104.00362382278033,-3.0243573230873864,2.0,2.460121536080261,0.4601215360802611,876.641441351936,890.5034106283696,13.86196927643357,0.6753805021458762,0.5866638022600472,-0.08871669988582898,0.7146238886290311,0.7145198969108525,-0.00010399171817865316,2.0,3.0,1.0,750.5,750.2052707181838,-0.2947292818162168
1612,True,True,0.2188186293732533,0.2418570548870877,0.023038425513834393,241.8774145987177,243.52598665671218,1.6485720579944712,2.5,3.021943625330461,0.521943625330461,1163.333691084715,1175.0678514277272,11.734160343012263,0.675289764979595,0.5857792316208853,-0.08951053335870973,0.6858771591387389,0.6857675774362217,-0.0001095817025171808,2.0,3.0,1.0,797.5,797.2173609608602,-0.28263903913978083
1613,False,False,0.0930634061554098,0.09306313863662616,-2.675187836392867e-07,70.84071120881481,70.84198671869571,0.0012755098808980847,0.0,0.0,0.0,781.8008102270448,781.8091595249646,0.008349297919721721,0.6080273256458867,0.6080116281464629,-1.5697499423761307e-05,0.6079471130976007,0.6080116281464629,6.451504886217929e-05,0.0,0.0,0.0,,,
1614,True,True,0.2537656760157124,0.24716003268423364,-0.006605643331478783,85.84165189469185,86.40559789969676,0.5639460050049081,9.5,8.484836186456947,-1.0151638135430527,511.2641244460104,514.9077284551813,3.6436040091709287,0.5302124359508944,0.5476296200745634,0.017417184123668994,0.5779165741547201,0.5777774951238374,-0.00013907903088272722,3.0,3.0,0.0,161.5,161.49301811269055,-0.006981887309450485
1615,True,True,0.0687522363963189,0.05751817733205593,-0.011234059064262975,30.4551909462963,29.280035211742355,-1.1751557345539467,3.0,2.4571186873159614,-0.5428813126840386,765.0135129336031,825.689730344575,60.676217410971844,0.4412786034371498,0.4956077150270605,0.05432911158991072,0.5473015484817654,0.5473015484817653,-1.1102230246251565e-16,2.0,3.0,1.0,0.0,0.0,0.0
1616,True,True,0.3795765765677641,0.5479371624102961,0.168360585842532,235.75152674812549,234.38444534589158,-1.3670814022339073,2.0,5.5149869032495165,3.5149869032495165,907.3316725553052,916.2684868393555,8.936814284050342,0.6441906624026379,0.4045587509663614,-0.2396319114362765,0.6495577394314431,0.649487907055331,-6.983237611213333e-05,1.0,2.0,1.0,331.0,330.5307552998632,-0.4692447001368123
1617,True,True,0.2932286905963028,0.3425278700611516,0.0492991794648488,119.9427997277744,118.93760353957782,-1.005196188196578,3.0,3.3694968005584105,0.3694968005584105,565.2486267724048,576.6387363510713,11.390109578666511,0.5590568414308794,0.46455112609646204,-0.09450571533441737,0.5691153898896185,0.5690426366062452,-7.275328337330578e-05,2.0,3.0,1.0,276.0,275.8463614574372,-0.15363854256281684
1618,True,True,0.1492528308628873,0.13846145106939983,-0.01079137979348746,55.35948660730018,54.93800272950597,-0.42148387779420915,1.0,0.7901627624465619,-0.20983723755343808,399.7044961955008,412.8239637604327,13.119467564931938,0.4930489930263175,0.5226205272930923,0.02957153426677478,0.5299209329956753,0.529898797526578,-2.2135469097350757e-05,1.0,1.0,0.0,428.0,427.9224960940916,-0.07750390590837242
1619,False,False,0.0458035521684428,0.045800135787471566,-3.4163809712328685e-06,19.80642621880929,19.803510401598633,-0.0029158172106562574,0.0,0.0,0.0,515.9586385104047,515.8671802006342,-0.09145830977058722,0.4952668558054808,0.4952294516823662,-3.7404123114592736e-05,0.4951973485406779,0.4952294516823662,3.210314168833328e-05,0.0,0.0,0.0,,,
1620,True,True,0.1846616199100169,0.18376575913439822,-0.0008958607756186787,73.82205654153212,74.26208177094483,0.4400252294127114,2.0,1.7305851588374943,-0.2694148411625057,467.04026157558695,469.80610856091766,2.765846985330711,0.5164413611891316,0.5321211695966601,0.015679808407528473,0.6558702787512092,0.6558177687862736,-5.2509964935554265e-05,1.0,1.0,0.0,647.0,646.7573661904432,-0.2426338095567644
1621,True,True,0.3620813130600019,0.32320195431268967,-0.03887935874731224,188.1866921361404,189.58060566603336,1.3939135298929557,1.0,0.5244622427155264,-0.47553775728447356,797.0627103949897,818.8029922041753,21.740281809185603,0.5884654750773604,0.6630527511595243,0.07458727608216398,0.7361214448490336,0.7361109239334334,-1.0520915600276126e-05,1.0,1.0,0.0,994.5,994.4385168052894,-0.06148319471060404
1622,True,True,0.1353442683755452,0.11971949424706904,-0.015624774128476154,40.0711382265059,40.29784443110855,0.22670620460264956,1.0,0.6975340162112844,-0.3024659837887156,586.6335594982614,602.5223392936535,15.88877979539211,0.4598127063890756,0.5183071103089093,0.05849440391983368,0.6794988850913597,0.6794810638713692,-1.7821219990499237e-05,1.0,1.0,0.0,751.0,750.8774099473029,-0.12259005269709178
1623,True,True,0.270208734687594,0.26275783456202584,-0.0074509001255681495,116.23738822285796,116.16434085532427,-0.07304736753368957,4.0,3.594442619959593,-0.4055573800404071,502.09965951544655,509.88444644346737,7.7847869280208215,0.500719451877582,0.5129622687404141,0.012242816862832018,0.534546730477135,0.5345051130758351,-4.16174012998205e-05,1.0,1.0,0.0,432.0,431.7909911332919,-0.20900886670807495
1624,True,True,0.5037359456556272,0.6402436356382812,0.13650768998265406,208.5173889235437,200.43196261200822,-8.085426311535485,1.5,4.054943206587816,2.554943206587816,691.0893458311216,706.775116427279,15.685770596157454,0.5917692349246209,0.435003990684127,-0.15676524424049387,0.6122676766883902,0.6121792949171045,-8.83817712856727e-05,1.0,2.0,1.0,707.5,707.1520379936517,-0.3479620063483253
1625,True,True,0.3390662599942593,0.32822030552556675,-0.010845954468692576,160.01034621010655,161.17937776877147,1.1690315586649263,1.5,1.2096314525173513,-0.29036854748264873,695.542663928818,703.4298655937927,7.887201664974668,0.5163761619039829,0.5444005040209611,0.02802434211697813,0.7188970284412144,0.7188613392963549,-3.5689144859518684e-05,1.0,1.0,0.0,878.0,877.7980732590368,-0.2019267409632448
1626,True,True,0.4041967314314468,0.33895769988129815,-0.06523903155014865,140.23232439255997,135.68346880929846,-4.548855583261513,3.5,2.5854615968564776,-0.9145384031435224,669.5811247801405,700.454772110468,30.873647330327458,0.4825860670174941,0.5628462978019444,0.08026023078445027,0.5829497798026275,0.5829497798026275,0.0,6.0,10.0,4.0,0.0,0.0,0.0
1627,True,True,0.25253580485709,0.22885796214827453,-0.023677842708815455,190.073360705926,191.37007721162288,1.2967165056968781,3.0,2.3713497473800103,-0.6286502526199897,971.6528711884268,995.5432878444445,23.890416656017692,0.5453788617756011,0.6247722716503697,0.07939340987476862,0.7063588329517376,0.7062629330280651,-9.589992367253775e-05,2.0,2.0,0.0,811.5,811.2275298529852,-0.27247014701481476
1628,True,True,0.1064132794010834,0.10657554083020633,0.0001622614291229285,80.49643605646048,80.52551081313861,0.029074756678127756,42.5,42.19982343526823,-0.3001765647317711,660.8836254486565,660.8634306809047,-0.020194767751831932,0.3622832362619074,0.3646709969961506,0.002387760734243183,0.5813761540225699,0.5812933554796247,-8.279854294523936e-05,2.0,2.0,0.0,350.5,350.1719845737063,-0.32801542629368896
1629,True,True,0.1947961495530531,0.19160303490113836,-0.0031931146519147413,84.65146284358842,84.69499530885436,0.043532465265940345,0.5,0.4026330204156694,-0.0973669795843306,505.1958338086606,506.07859174975266,0.8827579410920521,0.6589764371065094,0.67191416954993,0.012937732443420558,0.7249250519962257,0.724905379689329,-1.9672306896700853e-05,1.0,1.0,0.0,684.0,683.8698515984197,-0.13014840158029983
1630,True,True,0.3463252197085995,0.28926019907569983,-0.05706502063289964,75.63722537933134,75.64936499886488,0.012139619533542145,1.5,0.9820342360355426,-0.5179657639644574,439.9051045094691,442.78215399978876,2.8770494903196777,0.3837188282631324,0.4599406068586277,0.07622177859549528,0.5495929363150096,0.5493866055481261,-0.00020633076688347796,2.0,2.0,0.0,715.0,714.7786440881065,-0.2213559118935109
1631,True,True,0.2039217153765802,0.1842045331859018,-0.01971718219067839,72.67259358481301,68.45173822853675,-4.22085535627626,1.5,1.2784317150653808,-0.22156828493461922,635.4199083032196,650.475477851095,15.055569547875393,0.5450058445966479,0.5617306862738494,0.016724841677201452,0.6384181634269287,0.638358379052495,-5.9784374433657916e-05,1.0,1.0,0.0,404.0,403.6105118240259,-0.38948817597412244
1632,True,True,0.2586180660041368,0.23131297257213343,-0.027305093432003352,87.91540138484703,88.23784033611079,0.3224389512637629,3.0,2.260343529901003,-0.7396564700989972,535.621965161483,551.2249397003536,15.602974538870626,0.4195293079850153,0.4745329255066595,0.05500361752164418,0.5551191242608722,0.5549907806557954,-0.0001283436050767417,2.0,2.0,0.0,326.0,325.6498604952966,-0.3501395047034066
1633,False,False,0.3220268703966478,0.3219632376500089,-6.363274663889751e-05,115.17007558997042,115.12957269027771,-0.04050289969271148,0.0,0.0,0.0,486.4469328986064,486.2701830057827,-0.17674989282369324,0.509248343153037,0.5091863874255301,-6.195572750689049e-05,0.5091751798075397,0.5091863874255301,1.120761799044967e-05,0.0,0.0,0.0,,,
1634,True,True,0.117637800781664,0.11697304454664421,-0.0006647562350197839,117.79350411104468,117.8198860666706,0.02638195562592216,1.0,0.8590590788866395,-0.14094092111336054,1113.969971566706,1114.5263446995696,0.556373132863655,0.670237807929042,0.6763475342536784,0.006109726324636466,0.7165309208255713,0.7165209353843139,-9.985441257409633e-06,1.0,1.0,0.0,1801.5,1801.4239925499787,-0.07600745002127951
1635,True,True,0.2278725703136493,0.20381436830402214,-0.02405820200962716,120.151492936207,114.51745946365521,-5.634033472551792,0.5,0.36539361685281624,-0.13460638314718376,833.9238204991602,856.0537995826726,22.129979083512353,0.6829924013895574,0.6992157569163355,0.016223355526778116,0.7004905344155408,0.7004208997905981,-6.963462494269379e-05,1.0,2.0,1.0,940.5,940.1864570613569,-0.31354293864308147
1636,True,True,0.4233061855501828,0.3838660570434345,-0.03944012850674827,137.4112895685588,134.74604118365338,-2.665248384905425,3.0,2.662166601404898,-0.3378333985951021,482.8565558783091,513.4929165345596,30.63636065625053,0.4851831451375555,0.5121642742637368,0.02698112912618128,0.6430844851796877,0.6430844851796877,0.0,2.0,3.0,1.0,0.0,0.0,0.0
1637,True,True,0.1523943877482698,0.1429677715251248,-0.009426616223145001,145.753101601011,144.45859493699973,-1.2945066640112657,0.5,0.3884071968437639,-0.1115928031562361,1185.5510426352373,1199.5665429819392,14.015500346701856,0.6863252804584336,0.7100451922280426,0.02371991176960908,0.727227546258194,0.7271570842047496,-7.046205344440892e-05,1.0,1.0,0.0,1437.5,1437.100249541412,-0.39975045858795966
1638,True,True,0.2582101540836438,0.24904900489827908,-0.009161149185364703,83.12622410481978,83.07741576558963,-0.048808339230149045,1.0,0.8840480701182969,-0.11595192988170311,407.4001658260745,408.0914941908419,0.6913283647674007,0.4859726675343806,0.5066827314637256,0.020710063929344935,0.5923311960092986,0.5922243114927808,-0.0001068845165178578,2.0,2.0,0.0,407.0,406.675443669936,-0.32455633006401285
1639,True,True,0.1129343116526162,0.11097043184340499,-0.0019638798092112136,50.94094516171733,50.943530135962234,0.0025849742449040036,3.0,2.8874258436087996,-0.11257415639120039,667.8302938590138,671.972948338765,4.142654479751286,0.4974181570767655,0.505316206990475,0.00789804991370946,0.5067596157621023,0.506690285881081,-6.932988102126281e-05,2.0,2.0,0.0,380.0,379.73657044777974,-0.2634295522202592
1640,True,True,0.2503047983479633,0.251738772568885,0.0014339742209216744,134.43466822329933,137.38981650973182,2.9551482864324896,12.0,10.556684992022914,-1.4433150079770858,809.0655956992871,825.3459932322162,16.2803975329291,0.5171497712489481,0.553506578409527,0.036356807160578875,0.594253968327397,0.5942539683273969,-1.1102230246251565e-16,7.0,9.0,2.0,0.0,0.0,0.0
1641,True,True,0.2508765706556664,0.24653432787900761,-0.004342242776658761,107.49906692198483,107.76326735089548,0.264200428910641,0.5,0.3903953046537937,-0.10960469534620632,434.7571160312572,437.1551277579199,2.3980117266626735,0.5469792353842927,0.5640086998617149,0.01702946447742215,0.5796641807543796,0.5796163750112611,-4.780574311857855e-05,1.0,1.0,0.0,833.5,833.3650564523546,-0.1349435476454346
1642,True,True,0.1868040762932968,0.18709936093998647,0.0002952846466896808,51.84129912737336,52.25556691389276,0.414267786519396,15.5,15.083871221679109,-0.4161287783208909,408.7648433856547,410.3499421558437,1.5850987701890062,0.4276731657824431,0.4333186596067693,0.00564549382432622,0.5321329421698454,0.5321329421698454,0.0,1.0,1.0,0.0,0.0,0.0,0.0
1643,True,True,0.883050073274587,0.9206321233117091,0.03758205003712212,614.8860578747191,615.2628133804515,0.37675550573237615,18.0,23.26667390834779,5.266673908347791,1132.6878860973911,1133.037492311392,0.3496062140009144,0.723850192518728,0.630749341819506,-0.09310085069922192,0.7243950625456121,0.7242259473402588,-0.0001691152053533429,3.0,4.0,1.0,1247.5,1247.096391304081,-0.403608695919047
1644,True,True,0.2373439097790664,0.2506809164834255,0.013337006704359111,220.16100888109537,209.87703298191687,-10.2839758991785,1.0,1.0872856602538379,0.08728566025383788,1095.4003427572245,1148.6800475067803,53.279704749555776,0.7333506453054532,0.6559631462166143,-0.0773874990888389,0.7386145439633878,0.7385667250518784,-4.781891150940076e-05,1.0,2.0,1.0,510.0,509.74778351450595,-0.25221648549404563
1645,True,True,0.0427018404512293,0.04055021145988951,-0.0021516289913397907,24.803924274211735,24.843287642823544,0.039363368611809335,2.0,1.842444647318917,-0.1575553526810829,835.923909834037,851.4936015940858,15.56969176004884,0.4742476520047036,0.49962589641913135,0.025378244414427764,0.5139451359191608,0.5138555409595328,-8.959495962801434e-05,2.0,2.0,0.0,585.5,585.1398925217484,-0.3601074782516207
1646,True,True,0.3287247898318844,0.3084776152089688,-0.020247174622915587,122.38072314506611,121.65956059280782,-0.7211625522582921,9.0,8.247015539865235,-0.7529844601347655,802.2702792631586,813.8873170984361,11.617037835277529,0.4347987926879547,0.465457912680074,0.030659119992119344,0.5442629360724943,0.5440268099874119,-0.00023612608508238875,8.0,9.0,1.0,7.0,6.50485123927064,-0.49514876072935987
1647,True,True,0.38886720926944,0.3511080659449476,-0.03775914332449243,187.92201920978357,183.7748913595423,-4.147127850241276,3.5,2.9770178611215687,-0.5229821388784313,769.2934675724638,789.5017786157773,20.20831104331353,0.5362017483869341,0.5710127710193441,0.03481102263240998,0.6035184642962481,0.6034719497844353,-4.6514511812811854e-05,2.0,2.0,0.0,135.0,134.80668053721845,-0.19331946278154533
1648,True,True,0.1295277538400077,0.13388999895488055,0.004362245114872848,135.94492271395058,136.7336829065809,0.7887601926303205,5.0,4.620650577679044,-0.37934942232095636,788.7050877976209,789.7702796402012,1.0651918425803615,0.5360185621986002,0.5401351201785801,0.004116557979979896,0.5685697239323967,0.568541063255348,-2.866067704865305e-05,1.0,1.0,0.0,1558.5,1558.3615577389849,-0.13844226101514323
1649,True,True,0.4283126475993383,0.4279119874415025,-0.0004006601578357971,182.30670587831696,182.27482727015564,-0.031878608161321154,9.5,9.453501637326537,-0.04649836267346252,578.0938522056841,578.1171353705801,0.023283164895929076,0.4866068237945506,0.48695402706468605,0.0003472032701354322,0.5566275251723747,0.5566064512565273,-2.1073915847380498e-05,1.0,1.0,0.0,941.0,940.9159290787734,-0.08407092122661197
1650,True,True,0.2969168247302955,0.27933519941787954,-0.01758162531241597,128.02889024885133,127.75090187066321,-0.2779883781881125,1.5,1.2028844937391114,-0.29711550626088856,562.7231571972038,587.0954400242524,24.372282827048593,0.5599608438242389,0.5904885077529146,0.030527663928675675,0.6727246249346441,0.6727220026993588,-2.622235285354435e-06,1.0,1.0,0.0,274.0,273.98255664950955,-0.017443350490452758
1651,True,True,0.2038425188594122,0.20038512050331145,-0.0034573983561007604,163.92009080753107,164.63919575872492,0.7191049511938559,1.0,0.6222133345028853,-0.3777866654971147,901.160561621214,908.1769412927827,7.016379671568643,0.6531274780589111,0.6741964660252331,0.02106898796632195,0.6760115362352836,0.6759592516704804,-5.228456480321775e-05,1.0,1.0,0.0,1177.5,1177.1294527471634,-0.370547252836559
1652,True,True,0.1380452764670844,0.12517951093441831,-0.01286576553266608,66.52499864676678,65.83866950742244,-0.6863291393443376,3.0,2.285252172750189,-0.7147478272498109,913.6107915122076,936.1807871896535,22.569995677445945,0.5135774559350623,0.5595913772412618,0.04601392130619952,0.6597725877720894,0.6596307699501583,-0.00014181782193101178,3.0,4.0,1.0,788.0,787.7817371659708,-0.21826283402924673
1653,True,True,0.0685037938705908,0.06555475403139507,-0.0029490398391957273,29.013252245913453,28.74907364679522,-0.2641785991182317,1.0,0.878466731030494,-0.121533268969506,648.6946165466657,658.9504185811362,10.255802034470548,0.4850731702799652,0.4974153054622025,0.012342135182237257,0.5100767046483237,0.5100309149096512,-4.578973867241931e-05,1.0,1.0,0.0,617.5,617.1596943087284,-0.3403056912716238
1654,True,True,0.3217404288351725,0.2870580120241295,-0.034682416811043004,174.51510471695457,166.08393714899051,-8.431167567964053,1.0,0.7873652975773439,-0.21263470242265614,793.0112035664482,841.4588543067811,48.44765074033285,0.59465527844164,0.6183203598231694,0.02366508138152934,0.6689851153436911,0.6689816659680076,-3.449375683528544e-06,2.0,3.0,1.0,163.5,163.4863441854229,-0.013655814577106185
1655,False,False,0.0994468656679815,0.09942665293074672,-2.0212737234778788e-05,51.07650466689399,51.06163398060967,-0.014870686284318424,0.0,0.0,0.0,726.6867354168713,726.4722097511678,-0.21452566570349063,0.6466567650875772,0.6465932915712216,-6.34735163556055e-05,0.6465795785611012,0.6465932915712216,1.3713010120430802e-05,0.0,0.0,0.0,,,
1656,True,True,0.1324724153693512,0.12215262387678888,-0.010319791492562319,50.50207488658504,50.33380395912662,-0.16827092745842265,1.0,0.7532040021382274,-0.24679599786177264,490.9556354437269,510.3459654915286,19.390330047801683,0.5491965324409281,0.5863782488108354,0.0371817163699073,0.6942482606913376,0.6942036915405894,-4.4569150748241526e-05,1.0,1.0,0.0,360.0,359.7687760718678,-0.23122392813218084
1657,True,True,0.2734848648330976,0.24837734789716298,-0.025107516935934604,219.70736097921943,218.5244488009478,-1.1829121782716356,1.0,0.8010681886808015,-0.19893181131919846,1048.2669329415262,1064.8243381052666,16.55740516374044,0.6598184055970173,0.7107244245880231,0.050906018991005775,0.7343426380794877,0.7342496724661428,-9.296561334493081e-05,2.0,2.0,0.0,1086.0,1085.714326987346,-0.2856730126538878
1658,False,False,0.0285298969046457,0.028529413543068538,-4.833615771630828e-07,16.592083071892088,16.59159626872368,-0.00048680316840687965,0.0,0.0,0.0,624.4653955367717,624.4339534073398,-0.031442129431866306,0.6159661404623846,0.6159411022258193,-2.503823656530013e-05,0.6158784683317983,0.6159411022258193,6.263389402105801e-05,0.0,0.0,0.0,,,
1659,True,True,0.7799698239774712,0.8112542167497103,0.031284392772239156,365.7356008013896,359.258182839692,-6.477417961697597,3.5,4.227286143071253,0.7272861430712529,822.0117863651059,855.6322373461657,33.620450981059776,0.6022722876987102,0.4888462178407007,-0.11342606985800952,0.6723467817125337,0.6722171221200579,-0.00012965959247579484,2.0,3.0,1.0,568.5,568.0549693831354,-0.44503061686464207
1660,True,True,0.2362922905515344,0.23058746844915817,-0.005704822102376217,177.31542342952807,177.29716923773304,-0.01825419179502319,1.5,1.3529136735887735,-0.14708632641122654,1045.3997574306836,1056.4580972252666,11.058339794582935,0.6633717806475803,0.6747908012064963,0.011419020558915971,0.6780197346280344,0.6779786047899566,-4.112983807780246e-05,1.0,1.0,0.0,887.0,886.7465405503658,-0.2534594496341924
1661,True,True,0.3196629781101945,0.31122654620397544,-0.008436431906219066,188.40697191948743,190.13376218505272,1.7267902655652847,1.5,1.2011359868221918,-0.2988640131778082,674.0159924335895,685.0001157272875,10.984123293697962,0.5362204647634972,0.5627441193124851,0.026523654548987974,0.5977165577566591,0.5976592026903087,-5.7355066350406325e-05,1.0,1.0,0.0,1004.0,1003.7677802588961,-0.2322197411039042
1662,True,True,0.4197870785951123,0.4010616199006159,-0.018725458694496377,140.84551468772088,140.57733074345418,-0.26818394426669556,8.5,7.774287353269745,-0.7257126467302548,582.1024640984093,582.5194187090366,0.4169546106272719,0.3830276102622639,0.4078529421772459,0.024825331914981985,0.6231277978431068,0.6230443132531694,-8.348458993734376e-05,2.0,2.0,0.0,233.5,233.22135016556106,-0.2786498344389372
1663,True,True,0.1162785927846068,0.10838070884422019,-0.00789788394038661,75.09969323192412,75.07903017400952,-0.020663057914603655,0.5,0.35322850708616904,-0.14677149291383096,718.9782041225864,723.4963173541335,4.51811323154709,0.5730395609384755,0.612458173948704,0.03941861301022853,0.6924549051742709,0.6924440913897835,-1.0813784487417877e-05,1.0,1.0,0.0,1392.5,1392.4624902592282,-0.03750974077183855
1664,True,True,0.2878458791031233,0.23892397987658007,-0.04892189922654325,101.93699908588331,98.73601602877918,-3.200983057104139,1.5,1.0263377928349655,-0.4736622071650345,583.8566582397925,623.3663572069453,39.50969896715276,0.5076652351135751,0.5841485823460726,0.0764833472324975,0.6282571859370987,0.6281265219489403,-0.00013066398815841929,3.0,5.0,2.0,163.0,162.98709024188952,-0.012909758110481562
1665,True,True,0.5712958076268726,0.6786355934333423,0.10733978580646975,289.2224002615692,281.3562534268052,-7.866146834763981,3.5,4.650864832728986,1.1508648327289857,716.142079113206,736.9499283966848,20.80784928347873,0.5795124034179449,0.40724463733589716,-0.1722677660820477,0.6017642256174365,0.6017642256174365,0.0,1.0,2.0,1.0,0.0,0.0,0.0
1666,True,True,0.1656613515928081,0.16689330806187366,0.0012319564690655704,108.42268984902176,109.5234834340831,1.1007935850613393,5.0,4.715453344752314,-0.2845466552476861,703.7933378747387,707.1513873399367,3.3580494651980644,0.6442347063148852,0.6490247696612906,0.004790063346405415,0.6787807899753527,0.6787404643825888,-4.032559276390124e-05,1.0,1.0,0.0,416.5,416.2110295273305,-0.2889704726695186
1667,True,True,0.1893351468850673,0.18455246333113268,-0.00478268355393463,182.48559550470256,183.04526166986193,0.5596661651593706,1.0,0.8404025732888841,-0.15959742671111588,1036.272499077955,1049.2702372040458,12.99773812609078,0.6139335185205124,0.6329495240171202,0.01901600549660787,0.6560635229662717,0.6559888635049079,-7.465946136375745e-05,1.0,1.0,0.0,1182.5,1182.020879275445,-0.4791207245550595
1668,True,True,0.8172162198958074,0.7166868065816057,-0.10052941331420173,312.35291536627585,310.83605281406943,-1.516862552206419,2.0,1.1885296603490134,-0.8114703396509866,696.8270296089571,707.4167038467574,10.589674237800295,0.4916918350457979,0.55980146549255,0.06810963044675217,0.5679640639834695,0.5678196737989364,-0.00014439018453316077,3.0,3.0,0.0,703.5,703.1916705213673,-0.308329478632686
1669,True,True,0.2967848321976289,0.36244147437648705,0.06565664217885814,167.86273457769374,143.4850437812528,-24.37769079644093,1.0,1.091567916335771,0.091567916335771,852.6255803701027,925.8752419628536,73.24966159275084,0.6444421097800253,0.5627562819919415,-0.08168582778808375,0.7363891494322687,0.7363877709893738,-1.378442894939269e-06,1.0,2.0,1.0,728.0,727.9951368281045,-0.0048631718955221
1670,True,True,0.6356228757530067,0.6844462571786063,0.04882338142559961,384.97350244441606,370.9340138143204,-14.039488630095661,1.5,1.6355546313629024,0.13555463136290236,994.661687540202,1016.2359967786722,21.574309238470164,0.6637774142544105,0.6247322801342888,-0.03904513412012167,0.6717903325406044,0.6716250234584453,-0.0001653090821590597,3.0,5.0,2.0,705.0,704.9386460053925,-0.06135399460754343
1671,True,True,0.1026656371443962,0.11221253417145936,0.00954689702706317,47.78676035868201,47.68694676361269,-0.09981359506932108,0.5,0.7098576288786718,0.20985762887867176,491.9726046373219,497.12197595288615,5.149371315564224,0.6214214159120697,0.5624629085634061,-0.05895850734866359,0.6275008777667239,0.6273980561938117,-0.00010282157291219285,1.0,2.0,1.0,400.5,400.07106040867137,-0.42893959132862847
1672,True,True,0.0184909143761533,0.0192330410832725,0.0007421267071191992,20.90408456744789,21.726822541097313,0.8227379736494242,21.5,20.9803827793134,-0.5196172206866017,573.7611969626419,578.2067823913051,4.4455854286632075,0.5104214610390472,0.5125812067861814,0.0021597457471341786,0.6159971021355335,0.6159971021355334,-1.1102230246251565e-16,6.0,7.0,1.0,0.0,0.0,0.0
1673,True,True,0.304899541987204,0.3051736989170131,0.00027415692980914397,239.40038021230652,242.6022084431308,3.201828230824276,18.5,17.633366683591138,-0.866633316408862,1054.243452648882,1056.827703231064,2.584250582181994,0.5114054373671271,0.5276641722057163,0.016258734838589195,0.6601630807414057,0.660034273403551,-0.00012880733785469722,3.0,3.0,0.0,336.0,335.6497113932788,-0.35028860672122164
1674,True,True,0.3276671300935442,0.3016859189976398,-0.0259812110959044,87.22644868658315,85.93689248836635,-1.2895561982168005,3.5,3.060222960571993,-0.43977703942800694,642.6985754777193,648.9803773042082,6.281801826488959,0.312075816639084,0.34947601048078797,0.037400193841703955,0.56356745857499,0.563536069873439,-3.138870155106055e-05,2.0,2.0,0.0,78.5,78.30537987087429,-0.1946201291257097
1675,True,True,0.1217709421929073,0.11926910570858788,-0.0025018364843194113,54.99085280509265,54.6927719491415,-0.29808085595114875,3.0,2.643169001536445,-0.3568309984635549,846.2426517309365,848.687817924437,2.4451661935005404,0.4934808054202089,0.5169505055431276,0.023469700122918713,0.6705229396725622,0.6704228110541044,-0.00010012861845776211,2.0,2.0,0.0,490.5,490.2418776157713,-0.25812238422872724
1676,True,True,0.3428854861186355,0.3063246198261742,-0.0365608662924613,127.55930186771756,126.73595673955819,-0.8233451281593744,2.0,1.555086363246665,-0.44491363675333506,550.0233698820531,577.1620124015052,27.138642519452105,0.5230182855125038,0.5661246348392402,0.043106349326736404,0.5771498680553534,0.57707640628078,-7.34617745733468e-05,1.0,1.0,0.0,625.0,624.7843156194613,-0.2156843805387325
1677,True,True,0.6739620955271302,0.6373384905147977,-0.036623605012332416,193.58870426483125,195.0767789616695,1.4880746968382539,2.5,2.0993739669735088,-0.40062603302649125,560.8954270102392,569.6958279815276,8.800400971288354,0.3854846548481866,0.4130013784477502,0.027516723599563586,0.5426998912520183,0.5426773408767966,-2.2550375221697117e-05,1.0,1.0,0.0,1143.5,1143.421018500213,-0.0789814997870053
1678,True,True,0.8118437613147385,0.7793631306520986,-0.03248063066263984,396.58133132991344,394.3521473269534,-2.2291840029600394,4.5,3.962907691078729,-0.5370923089212711,979.6972321008208,981.5490866909498,1.8518545901290508,0.4810286459966713,0.5029009488672258,0.021872302870554527,0.5838212164831826,0.5837372934927453,-8.392299043735729e-05,3.0,3.0,0.0,878.5,878.2683471368161,-0.2316528631838537
1679,True,True,0.3262714503741714,0.29504971012661585,-0.03122174024755553,77.42122502839156,73.7408071986254,-3.6804178297661565,1.5,1.3206005588581322,-0.1793994411418678,502.25136586505687,520.5877999753831,18.336434110326195,0.4334969239393438,0.45464339509428353,0.021146471154939728,0.5150882539289887,0.514987061929942,-0.00010119199904667919,3.0,4.0,1.0,338.5,338.41757875528975,-0.08242124471024681
1680,True,True,0.203179929160732,0.18031256172792035,-0.022867367432811647,163.84110905644775,162.7532785237607,-1.0878305326870361,1.0,0.6498162105272058,-0.35018378947279416,1108.827440977465,1128.4627998477729,19.635358870307982,0.5791537508819052,0.6504821747415779,0.07132842385967264,0.7088799393356388,0.7087875760566729,-9.236327896589014e-05,2.0,3.0,1.0,1404.0,1403.8200648422082,-0.1799351577917605
1681,True,True,0.9957347104579214,0.9918944066779547,-0.0038403037799666917,545.6697872881315,547.7480191355826,2.078231847451093,17.0,14.267314808198684,-2.732685191801316,839.4318019329099,855.8377776281106,16.40597569520071,0.4161964533125147,0.48308590958298164,0.06688945627046694,0.5389111443032403,0.5386991569828429,-0.00021198732039739987,5.0,5.0,0.0,16.0,15.823932881784236,-0.17606711821576404
1682,False,False,0.060932725248267,0.06093197361212008,-7.516361469200872e-07,28.032812574544888,28.02944686891608,-0.0033657056288092235,0.0,0.0,0.0,471.8830851983609,471.82384742392566,-0.05923777443524614,0.6510989284294347,0.6510111661186335,-8.776231080120933e-05,0.6509174314404442,0.6510111661186335,9.373467818929448e-05,0.0,0.0,0.0,,,
1683,True,True,0.2461865170072852,0.2501514327573422,0.003964915750057002,180.52445899641756,180.45702658636077,-0.06743241005679579,7.5,7.533145506581051,0.03314550658105109,1009.502313014528,1017.1383952359122,7.636082221384186,0.6163489937610361,0.6021982262557837,-0.01415076750525246,0.6307158376483729,0.6306438916102419,-7.194603813098777e-05,5.0,6.0,1.0,209.5,209.4142976346204,-0.0857023653796034
1684,True,True,0.0825088433454635,0.09218253796434868,0.009673694618885176,37.79528987681719,37.63107665604026,-0.16421322077693645,2.0,2.2635877123277175,0.2635877123277175,667.3544977384078,693.7474221676798,26.392924429272057,0.5380464225689521,0.4497327798581341,-0.08831364271081799,0.6080675026804004,0.6079176115641747,-0.00014989111622576434,2.0,3.0,1.0,551.0,550.7211397254271,-0.27886027457293494
1685,True,True,0.4634348691135165,0.4626946877492561,-0.000740181364260406,199.41692918634092,199.63499219959772,0.21806301325679556,10.0,9.930361070367491,-0.06963892963250906,636.8580959892237,637.6430974561716,0.7850014669479606,0.479178477091586,0.48026518011665886,0.0010867030250728549,0.5544617108033877,0.5543872363960629,-7.447440732477606e-05,1.0,1.0,0.0,602.5,602.1526658808768,-0.34733411912316114
1686,True,True,0.2908446421028545,0.2915371308528476,0.0006924887499931143,136.71587745460806,137.64077804578557,0.9249005911775043,18.5,18.206256336552897,-0.2937436634471027,624.9653263080991,626.1954574800354,1.230131171936364,0.4024526138351324,0.4055432669546378,0.0030906531195054043,0.6154944970813996,0.6154944970813995,-1.1102230246251565e-16,1.0,1.0,0.0,0.0,0.0,0.0
1687,True,True,0.2271421752949478,0.21141187360137279,-0.015730301693575005,192.92139142649097,194.64155165642686,1.7201602299358854,6.0,5.398508292878976,-0.6014917071210242,969.8296502393124,994.4733151349867,24.643664895674306,0.5556851080078865,0.6034551152325943,0.04777000722470781,0.6220191349946271,0.6218377008775868,-0.0001814341170403022,3.0,3.0,0.0,168.5,168.45374839649648,-0.046251603503520755
1688,False,False,0.1842157581597679,0.1841991029424791,-1.665521728880237e-05,84.9924087956551,84.96603529841308,-0.02637349724201954,0.0,0.0,0.0,529.6158747852078,529.4536320578045,-0.1622427274032816,0.5259176816750744,0.5258261345165224,-9.154715855197448e-05,0.5258125323036152,0.5258261345165224,1.3602212907137812e-05,0.0,0.0,0.0,,,
1689,True,True,0.1664751479711599,0.16091493700689644,-0.005560210964263457,142.68906705707764,142.50842868067687,-0.18063837640076486,1.0,0.8658163704327309,-0.13418362956726915,1052.9352317215926,1063.791919050877,10.856687329284341,0.6613562588009053,0.6790569173487737,0.017700658547868398,0.7454765025474526,0.7454628581100832,-1.36444373693978e-05,1.0,1.0,0.0,1072.0,1071.910949125049,-0.08905087495099906
1690,True,True,0.2667319788542803,0.26416886879684065,-0.0025631100574396437,114.5270662208886,114.5227502162338,-0.004316004654796757,1.0,0.9673151452618186,-0.03268485473818139,578.1837353205444,578.7635821556273,0.5798468350828898,0.4402781488715918,0.4453586213017253,0.0050804724301335424,0.6189133309952637,0.6188633643552657,-4.996663999801143e-05,1.0,1.0,0.0,915.5,915.144896867257,-0.355103132743011
1691,True,True,0.1271693038515009,0.12609052488000433,-0.00107877897149658,127.11971095990718,126.55060107679222,-0.5691098831149617,0.5,0.42623329017078515,-0.07376670982921485,1074.46314926972,1113.6357860866083,39.17263681688837,0.6980733587399692,0.6910021776508151,-0.007071181089154166,0.7354940671126984,0.7354242456472769,-6.982146542144907e-05,1.0,2.0,1.0,965.0,964.5769548671227,-0.4230451328772915
1692,False,False,0.1444984027382759,0.14449146764172613,-6.935096549781639e-06,52.597866191003206,52.59300967878176,-0.00485651222144412,0.0,0.0,0.0,412.1203279963607,412.05772927266526,-0.06259872369543018,0.5963153074308721,0.5962912099959223,-2.40974349497991e-05,0.5962376645270497,0.5962912099959223,5.354546887259559e-05,0.0,0.0,0.0,,,
1693,True,True,0.3736927944106081,0.369645672751988,-0.00404712165862009,251.7442590426586,251.63037611549035,-0.11388292716824822,1.0,0.9645197844540235,-0.03548021554597647,831.011406973836,833.0410507385668,2.0296437647308494,0.5945236261280612,0.5997071383889323,0.005183512260871104,0.6733466114796774,0.6732694714436085,-7.71400360689567e-05,1.0,1.0,0.0,1212.0,1211.699410738065,-0.3005892619351016
1694,True,True,0.0907073806375591,0.09093493838308433,0.00022755774552522812,38.299044445316646,38.362817849541244,0.0637734042245981,5.0,4.975621523818699,-0.024378476181301068,387.3670139145111,387.4358236493727,0.06880973486158837,0.4825803218068596,0.4829167192737469,0.0003363974668872949,0.5305651167270689,0.5305467224439788,-1.839428309002855e-05,1.0,1.0,0.0,192.0,191.88277487758526,-0.11722512241473737
1695,True,True,0.1124327945617957,0.11212324453360993,-0.00030955002818576494,78.4098618868787,78.40092418311592,-0.00893770376278269,1.5,1.448937572469004,-0.0510624275309961,783.9862575544122,784.1694849999211,0.18322744550891912,0.6235804465095751,0.6254807114782382,0.0019002649686631345,0.6642430526646486,0.6642032133049592,-3.983935968931984e-05,1.0,1.0,0.0,1169.5,1169.2284770813947,-0.27152291860534206
1696,True,True,0.4624751321272221,0.46158763212642007,-0.0008875000008020106,200.2814493485345,201.09405442893288,0.8126050803983844,11.5,11.236581298784563,-0.2634187012154374,565.8742495587184,568.0017066856237,2.1274571269053695,0.3678134099870859,0.37200880657005836,0.004195396582972466,0.5087896930172453,0.5087889893544926,-7.036627527323702e-07,1.0,1.0,0.0,904.0,903.9963064297046,-0.0036935702953542204
1697,True,True,0.9608681380141308,0.9135719315781897,-0.047296206435941124,321.6431991605224,270.5926429089863,-51.05055625153608,3.5,2.2564686593774246,-1.2435313406225754,704.5697263997946,733.5093171814344,28.939590781639822,0.4974241372299047,0.5358954122063513,0.03847127497644659,0.5804995017891107,0.5803181620632744,-0.00018133972583633806,5.0,7.0,2.0,340.0,339.6170290258189,-0.3829709741810916
1698,True,True,0.2529945843231713,0.2379354636745374,-0.015059120648633878,121.29578395929444,121.13074841701587,-0.16503554227857364,2.0,1.761881461893791,-0.23811853810620898,525.9944443238622,538.9183279345971,12.923883610734833,0.5108393885686289,0.54063400521595,0.02979461664732108,0.5982507477255739,0.5982507477255737,-1.1102230246251565e-16,1.0,1.0,0.0,0.0,0.0,0.0
1699,True,True,0.148480469868043,0.13511201177223053,-0.013368458095812469,121.94406624872362,123.98044364295163,2.036377394228012,10.0,8.450071402051242,-1.5499285979487585,1053.942852533382,1070.1703794018108,16.227526868428868,0.5005180271390253,0.5730892524617882,0.07257122532276294,0.6451249610735166,0.6450410606724494,-8.390040106720509e-05,4.0,4.0,0.0,117.5,117.39592129554418,-0.1040787044558158
1700,True,True,0.4770588570732878,0.5031710070275501,0.02611214995426231,167.29513318883411,166.02656684500266,-1.268566343831452,1.0,1.162114486732753,0.16211448673275308,486.7246640367632,501.2419450572496,14.517281020486394,0.5625454367593732,0.5085689860645617,-0.053976450694811495,0.5679968309691342,0.5679132705804848,-8.35603886494285e-05,2.0,4.0,2.0,382.5,382.3949026634839,-0.10509733651610986
1701,True,True,0.2843457346630115,0.22938255788036557,-0.05496317678264592,206.156104500058,206.19181982086147,0.035715320803461736,2.0,1.01393336399924,-0.9860666360007599,911.2324404075866,931.6250569525492,20.392616544962607,0.5011291532547228,0.6285964921233624,0.1274673388686396,0.6584933438471507,0.6583604435323118,-0.00013290031483892406,2.0,2.0,0.0,1151.5,1151.0437302295518,-0.45626977044821615
1702,True,True,0.0706906023420418,0.07014070193609562,-0.0005499004059461854,24.139516511210942,24.14346398821633,0.003947477005386446,1.5,1.459960742015392,-0.040039257984608057,453.9906694453836,454.14241161822787,0.1517421728442514,0.3723306806929485,0.37673831308883377,0.004407632395885264,0.5728682434252391,0.5728385219408323,-2.9721484406830534e-05,1.0,1.0,0.0,892.5,892.3432353690649,-0.1567646309350721
1703,True,True,0.0836340080981478,0.08443009315026179,0.0007960850521139817,71.58065867544849,72.25155579499327,0.6708971195447759,2.5,2.2569686473812918,-0.24303135261870823,684.9604155950361,690.7384112553548,5.777995660318652,0.6179640171230757,0.6307367802490811,0.012772763126005393,0.6685596308518883,0.6684567028291629,-0.00010292802272537926,1.0,1.0,0.0,894.0,893.6954435814499,-0.304556418550078
1704,True,True,0.1039098463014085,0.09609006582486401,-0.007819780476544483,41.432573697382665,41.49105309132697,0.058479393944303126,5.0,4.130973731639099,-0.8690262683609014,596.7703634768134,598.5998653182071,1.8295018413937214,0.5192074435775681,0.5582577467882516,0.03905030321068348,0.6656578553088087,0.6655056801150191,-0.00015217519378962763,2.0,2.0,0.0,704.0,703.9426164147457,-0.057383585254342506
1705,True,True,0.3710861368837853,0.36200257427642885,-0.009083562607356432,194.30846444311777,194.3583415266528,0.04987708353502285,1.5,1.1129083769745194,-0.3870916230254806,686.6814418394118,686.8509898223625,0.1695479829506894,0.4945969244581274,0.5305219482965158,0.03592502383838836,0.657266890531745,0.6572395946373149,-2.7295894430179324e-05,1.0,1.0,0.0,1431.0,1430.887013961812,-0.11298603818795527
1706,True,True,0.3155790343354778,0.3149902961337457,-0.0005887382017321086,198.3799814654211,198.314408038161,-0.06557342726011939,3.0,2.928982474270744,-0.07101752572925601,976.3827530540384,976.6970078745384,0.31425482049996845,0.5550052458130468,0.559308020460249,0.00430277464720219,0.6121231723226852,0.6120745274555834,-4.8644867101765854e-05,3.0,3.0,0.0,638.5,638.4364087115197,-0.06359128848032469
1707,False,False,0.20581276526902,0.20579599425774026,-1.6771011279753667e-05,52.79632523583252,52.79678195863179,0.0004567227992708922,0.0,0.0,0.0,320.4847955346377,320.45894096542236,-0.025854569215368883,0.4651062965754795,0.4650627335374081,-4.3563038071403604e-05,0.464974719862719,0.4650627335374081,8.801367468913579e-05,0.0,0.0,0.0,,,
1708,False,False,0.0270229170376368,0.027021208724001204,-1.7083136355962314e-06,14.143316776748962,14.137584086741299,-0.005732690007663521,0.0,0.0,0.0,566.8368263743301,566.6052712945423,-0.23155507978788137,0.6125291498317093,0.6124734233464153,-5.572648529394986e-05,0.6124650399356595,0.6124734233464153,8.383410755818943e-06,0.0,0.0,0.0,,,
1709,True,True,0.0643100771345089,0.07418255570936179,0.009872478574852891,30.497546915117702,30.504131167918207,0.006584252800504231,3.0,3.6772184575966116,0.6772184575966116,498.531624845732,500.1917714775601,1.6601466318281268,0.536263200101667,0.4408647625893915,-0.09539843751227545,0.5392917542269512,0.5391521215073521,-0.00013963271959904766,3.0,4.0,1.0,86.0,85.82215157639816,-0.17784842360184427
1710,False,False,0.1778558875108954,0.17786902698251555,1.3139471620154941e-05,72.37887645116511,72.34734467760505,-0.03153177356006154,0.0,0.0,0.0,373.2162416687519,373.05739856301585,-0.15884310573602534,0.5423327699449013,0.5422391812629379,-9.358868196340797e-05,0.5422112464152039,0.5422391812629379,2.7934847734001345e-05,0.0,0.0,0.0,,,
1711,True,True,0.493612123613669,0.509955399204906,0.01634327559123694,235.8058825410404,237.39121397693967,1.5853314358992634,2.0,2.218006505421364,0.2180065054213638,690.4896339098851,708.2260090799053,17.73637517002021,0.4661479187891959,0.428577861726003,-0.03757005706319294,0.5083943345836796,0.5083232332287078,-7.110135497179204e-05,2.0,3.0,1.0,666.5,666.4423657752385,-0.05763422476150026
1712,True,True,0.1874732539722506,0.12601110678180458,-0.061462147190446015,33.35589170203508,27.345748723104595,-6.010142978930485,0.5,0.2978783516038675,-0.2021216483961325,505.4677754849616,514.4241683887138,8.95639290375226,0.5491365568657351,0.5864083308975305,0.03727177403179538,0.6103539657035705,0.6102867903663047,-6.717533726574576e-05,1.0,1.0,0.0,703.5,703.1371506304607,-0.36284936953927627
1713,True,True,0.2267825650166291,0.22681485591026446,3.229089363535054e-05,72.33632247376228,72.52960647912806,0.19328400536578272,1.5,1.3624195113137831,-0.13758048868621686,366.3591372521632,367.1660223135276,0.8068850613644258,0.544749530657891,0.5497276206456004,0.004978089987709433,0.5634290068152933,0.563332096046483,-9.69107688102433e-05,1.0,1.0,0.0,639.0,638.7532042653164,-0.2467957346835874
1714,True,True,0.2038438940508946,0.20438957572166103,0.0005456816707664347,117.07040888800744,119.05284696338805,1.982438075380614,2.5,2.2412761908170076,-0.2587238091829924,818.1052158180007,847.8171993960673,29.711983578066565,0.4908958007717949,0.5014233024892658,0.01052750171747091,0.6109096850358341,0.610909685035834,-1.1102230246251565e-16,3.0,4.0,1.0,0.0,0.0,0.0
1715,True,True,0.2002291653207715,0.19436092506999617,-0.005868240250775342,112.0113935875692,112.38944654372419,0.37805295615498835,3.0,2.7119606949447204,-0.28803930505527964,673.4121514098548,685.2709154328269,11.858764022972082,0.4835183663602307,0.49911754860970947,0.01559918224947876,0.5760753365921494,0.576066716014284,-8.620577865325885e-06,1.0,1.0,0.0,644.5,644.4421168439317,-0.05788315606832839
1716,True,True,0.154749022184112,0.1419322810318745,-0.012816741152237493,89.12111255219905,89.18799553090415,0.0668829787050953,2.5,1.9604433230590086,-0.5395566769409914,1025.26659836645,1036.5873656799945,11.320767313544593,0.5635593534916696,0.6120079359308559,0.04844858243918626,0.6793834533814316,0.6792654324450695,-0.00011802093636203992,2.0,2.0,0.0,1047.0,1046.6011274583764,-0.39887254162363206
1717,True,True,0.1846177397800454,0.15998382207036674,-0.024633917709678654,70.17990527631612,69.70738465693337,-0.4725206193827489,1.0,0.6479150554339868,-0.35208494456601325,535.8290440854014,545.0059568292088,9.176912743807407,0.5083240697873028,0.5665604271610067,0.05823635737370392,0.6797596849956047,0.6796630775267807,-9.660746882400595e-05,1.0,1.0,0.0,822.0,821.6529306831992,-0.34706931680079833
1718,True,True,0.3080656495662172,0.26456463865432217,-0.04350101091189501,95.32295044791256,96.18972033606889,0.8667698881563268,1.0,0.6110982055775823,-0.3889017944224177,441.7045872675016,465.3283988227479,23.623811555246277,0.4687865360347409,0.5500000460133683,0.08121350997862736,0.6724482439334305,0.672441012060606,-7.2318728244757935e-06,1.0,1.0,0.0,505.0,504.9611978783939,-0.03880212160612473
1719,True,True,0.178472963113616,0.17617204605018316,-0.002300917063432828,127.52375942003636,127.45904783088324,-0.06471158915312003,1.0,0.9571864801924677,-0.04281351980753234,952.5172008322946,954.7893121744554,2.2721113421607697,0.5620107406834247,0.5694448265362535,0.007434085852828787,0.6578456292758154,0.6577788290820862,-6.680019372917734e-05,2.0,2.0,0.0,536.5,536.4214309308194,-0.07856906918061668
1720,True,True,0.0513730121803441,0.07565162062487069,0.024278608444526582,20.532381286784386,21.10056356021848,0.5681822734340933,4.5,5.41989503111399,0.91989503111399,400.05937964835294,426.2978036541621,26.23842400580918,0.4503351982608981,0.2793879323599456,-0.1709472659009525,0.5506968991218867,0.5506968991218866,-1.1102230246251565e-16,1.0,2.0,1.0,0.0,0.0,0.0
1721,False,False,0.2825175426705761,0.28245872130420785,-5.8821366368255745e-05,123.05675295541816,123.00956770175996,-0.047185253658199144,0.0,0.0,0.0,620.0628458475571,619.8569048657274,-0.20594098182971265,0.5959399786914594,0.5958004457950447,-0.0001395328964147735,0.5958002186985983,0.5958004457950447,2.2709644631468962e-07,0.0,0.0,0.0,,,
1722,True,True,0.064509292565115,0.05301281595170641,-0.011496476613408593,37.11661233436115,37.570361307995185,0.45374897363403477,1.0,0.5070141747186427,-0.49298582528135726,668.0775828976047,727.3098025082821,59.232219610677475,0.554479649173764,0.6805100154861087,0.12603036631234465,0.7393037608150846,0.7392237453049884,-8.001551009628738e-05,1.0,1.0,0.0,736.0,735.7243760887677,-0.27562391123228736
1723,True,True,0.6387885674642653,0.7293441204046104,0.09055555294034512,204.00418833282976,203.8721520976707,-0.13203623515906315,3.5,4.49396078568534,0.9939607856853403,464.0536768535065,480.76931043707515,16.71563358356866,0.4533318633069904,0.37923288798461907,-0.07409897532237131,0.5125468956312047,0.5124168494149548,-0.00013004621624990165,2.0,3.0,1.0,475.5,475.2218667664524,-0.27813323354757813
1724,False,False,0.1523542143257867,0.15235431616160605,1.0183581936051844e-07,116.23024174055492,116.20437324171003,-0.02586849884488629,0.0,0.0,0.0,761.4428080987689,761.273433303084,-0.16937479568491653,0.5713927303871272,0.5713356940530478,-5.7036334079385576e-05,0.5713215790016205,0.5713356940530478,1.4115051427343595e-05,0.0,0.0,0.0,,,
1725,False,False,0.2745563294589248,0.2745502432939268,-6.086164997975985e-06,127.86822925054057,127.88790541266086,0.019676162120290996,0.0,0.0,0.0,600.3829729951556,600.4152453351163,0.03227233996074119,0.59534307095492,0.5953283371148852,-1.4733840034808487e-05,0.595228291893716,0.5953283371148852,0.00010004522116924264,0.0,0.0,0.0,,,
1726,True,True,0.0907175904298574,0.08617350038794604,-0.004544090041911364,79.05928901801641,79.3254796783353,0.26619066031888394,0.5,0.3615495188627393,-0.13845048113726072,950.7974781420522,976.0851969743668,25.287718832314567,0.6836016725738543,0.7186492765124124,0.0350476039385581,0.734320261112109,0.7342659876769534,-5.4273435155627325e-05,1.0,1.0,0.0,828.5,828.189812151442,-0.31018784855803005
1727,True,True,0.0866807092793304,0.07794322561494882,-0.008737483664381582,47.76278504993265,48.08003959803648,0.3172545481038256,1.0,0.6748981920885855,-0.3251018079114145,631.9427842496161,646.274430065165,14.331645815548882,0.4579524529218825,0.5271890199584083,0.06923656703652575,0.6740980634409093,0.6740660248926846,-3.203854822464436e-05,1.0,1.0,0.0,1080.0,1079.8907682244198,-0.10923177558015595
1728,False,False,0.0246399388532147,0.024640727664390204,7.888111755033345e-07,13.359527228989675,13.35515086698446,-0.004376362005215739,0.0,0.0,0.0,515.8188980017695,515.6510832223661,-0.16781477940344303,0.5247337434709971,0.5246626830514147,-7.106041958238052e-05,0.5246482967681904,0.5246626830514147,1.4386283224365748e-05,0.0,0.0,0.0,,,
1729,True,True,0.4123750224910136,0.4004200986242821,-0.011954923866731526,131.38535933660214,131.65716582803833,0.2718064914361946,4.5,4.156293036637364,-0.34370696336263595,467.957541295266,471.193088856169,3.235547560903001,0.4738665350575142,0.49236640234692286,0.018499867289408667,0.608660815435874,0.6086229652500963,-3.785018577773247e-05,2.0,2.0,0.0,55.0,54.85747312059153,-0.14252687940847153
1730,True,True,0.2398512316815125,0.2704137255570189,0.030562493875506413,125.49346232381036,121.76241380879355,-3.731048515016809,2.0,2.3905366164864983,0.3905366164864983,873.5959704506607,881.6220693278151,8.026098877154368,0.6916473849668442,0.6295436113023569,-0.06210377366448727,0.711567005832582,0.7114697480881997,-9.725774438229529e-05,2.0,3.0,1.0,815.0,814.717598810801,-0.28240118919904944
1731,True,True,0.0338860250031151,0.03408002783731775,0.00019400283420265008,23.18490072821808,23.30321963286418,0.1183189046461024,22.0,21.49677530803023,-0.5032246919697698,503.4456897318234,504.77459076706344,1.328901035240051,0.4807603649802214,0.4862378551311368,0.005477490150915421,0.5431033388246067,0.5429867121268318,-0.00011662669777490198,2.0,2.0,0.0,304.0,303.63181587991767,-0.3681841200823328
1732,True,True,0.0312770843899158,0.028541084635190204,-0.002735999754725594,21.543921692313152,21.370951548453643,-0.1729701438595086,1.5,1.2811123496503571,-0.21888765034964286,797.9452950330704,834.0151732824997,36.069878249429394,0.5719575192837166,0.6146999078545975,0.04274238857088086,0.6468137436446912,0.6466307186831212,-0.00018302496157007742,3.0,4.0,1.0,350.0,349.5430346562433,-0.4569653437566785
1733,True,True,0.1693015724729737,0.16846225012407237,-0.000839322348901328,148.411761205714,149.48859783928424,1.0768366335702524,3.0,2.793598608847243,-0.2064013911527569,988.5528323693344,995.8964893821209,7.34365701278648,0.5596351658451076,0.5761649805207658,0.016529814675658172,0.6650362918423682,0.6649715597046867,-6.473213768154462e-05,2.0,2.0,0.0,136.0,135.5184383501352,-0.4815616498648012
1734,True,True,0.2501981926649991,0.26140052726787,0.0112023346028709,134.77917870251625,130.14991017517448,-4.629268527341765,2.0,1.8905617338401506,-0.10943826615984942,579.1047726539662,618.5128232503948,39.408050596428666,0.5652490451150299,0.5342960368508916,-0.030953008264138382,0.6247982568171085,0.6247982568171085,0.0,1.0,2.0,1.0,0.0,0.0,0.0
1735,True,True,0.9994647808861244,0.9993123668275916,-0.00015241405853283485,446.8517734582909,447.0002346758895,0.14846121759859443,26.5,24.9483647915943,-1.551635208405699,692.7776314206909,695.9665468312795,3.1889154105886064,0.3854307302270148,0.4067527206100785,0.021321990383063705,0.5449772849574159,0.544812923440065,-0.0001643615173508861,3.0,3.0,0.0,563.0,562.8713164511004,-0.1286835488996303
1736,True,True,0.1917089098392443,0.2084543122691506,0.016745402429906298,81.84581898022512,81.63747433833555,-0.20834464188956758,2.0,2.2433772139804216,0.24337721398042156,608.9454916142151,614.0238005422029,5.078308927987791,0.5051418354041085,0.4538110246210921,-0.051330810783016434,0.5272350125357941,0.5272350125357941,0.0,3.0,4.0,1.0,0.0,0.0,0.0
1737,True,True,0.11398859768544,0.10231734188705434,-0.011671255798385655,77.60210265686632,79.19735337684344,1.5952507199771162,6.0,5.064944732311414,-0.9350552676885862,744.661126163214,758.1068390811353,13.445712917921242,0.3655116643129952,0.4536080984880965,0.08809643417510132,0.5367145733081214,0.5365173270475084,-0.00019724626061301542,4.0,4.0,0.0,160.0,159.83204917663053,-0.1679508233694662
1738,True,True,0.5398778326932708,0.5417824504928601,0.001904617799589281,269.2063827806238,271.9661396230004,2.7597568423765892,8.0,7.57146652303053,-0.42853347696947,737.5279170174091,741.6881534336238,4.16023641621473,0.5118110963275527,0.5187969481660691,0.00698585183851641,0.5249131836926553,0.5248415112368869,-7.167245576833459e-05,1.0,1.0,0.0,1204.5,1204.217064286917,-0.28293571308290666
1739,True,True,0.3260875263173416,0.29492462883728915,-0.031162897480052465,122.39231595402885,119.91403617897869,-2.4782797750501544,3.5,2.8607780581573037,-0.6392219418426963,932.6440887528285,941.3915008270062,8.74741207417776,0.5175940994901767,0.5551835444994604,0.03758944500928374,0.677045570503683,0.6769611899376236,-8.438056605941657e-05,2.0,2.0,0.0,611.5,611.0646317111596,-0.43536828884043643
1740,True,True,0.1967447359411845,0.18774804814483106,-0.00899668779635343,72.89906285269915,72.89301945488623,-0.006043397812916851,2.0,1.7346661346266052,-0.26533386537339476,906.4788930018728,914.3012099835004,7.822316981627523,0.5012608571827708,0.5219796625445237,0.020718805361752857,0.6668348252249757,0.6667746847814348,-6.0140443540968036e-05,1.0,1.0,0.0,1429.5,1429.205445870643,-0.2945541293570386
1741,True,True,0.1980920574391883,0.19502081976417934,-0.00307123767500897,98.57705737120484,100.25229164514136,1.6752342739365105,5.5,4.648049145692494,-0.8519508543075061,735.279071277717,744.0449574766675,8.765886198950511,0.5685526455501831,0.6023391848432053,0.03378653929302211,0.6330341556630014,0.6328712156325648,-0.000162940030436598,3.0,3.0,0.0,361.5,361.17274017360666,-0.3272598263933446
1742,True,True,0.5545814990081909,0.5463983850231912,-0.008183113984999713,422.8941688106505,425.2040161826872,2.3098473720366997,1.5,1.3369569016562313,-0.16304309834376873,1062.1530149829111,1070.5438769814168,8.39086199850567,0.6270235202925936,0.6420724609939874,0.015048940701393843,0.7260317029237314,0.7259775692463787,-5.4133677352741216e-05,1.0,1.0,0.0,1428.0,1427.7605603171608,-0.23943968283924733
1743,True,True,0.2706853450133698,0.2525101928742857,-0.018175152139084105,150.55572827495618,150.7784260318073,0.2226977568511188,1.0,0.6564640497555958,-0.3435359502444042,625.3162670546749,630.0208138176424,4.704546762967539,0.5174307719376525,0.5639829903738601,0.046552218436207604,0.6774257791599083,0.6773171085618367,-0.00010867059807162516,1.0,1.0,0.0,1128.5,1128.1113566818556,-0.38864331814443176
1744,False,False,0.0779940522486452,0.0779949411911753,8.889425301000786e-07,38.49161430447949,38.479237927575035,-0.01237637690445581,0.0,0.0,0.0,484.3592207400944,484.2033890232873,-0.15583171680708574,0.4373998717559937,0.4373325855397036,-6.728621629009668e-05,0.4373271812151837,0.4373325855397036,5.404324519897585e-06,0.0,0.0,0.0,,,
1745,True,True,0.370594918837546,0.3590535363425052,-0.011541382495040775,179.41266088101685,180.57048634073453,1.1578254597176851,3.5,3.1438451643247407,-0.3561548356752593,667.1756645888449,674.1273614272505,6.95169683840561,0.3872029261071276,0.4122810177958909,0.025078091688763293,0.6252540606389174,0.6252540606389173,-1.1102230246251565e-16,1.0,1.0,0.0,0.0,0.0,0.0
1746,True,True,0.1136139190496741,0.10415540481338059,-0.009458514236293514,60.84284893723607,60.05583395751808,-0.7870149797179877,1.5,1.078721235424746,-0.42127876457525404,780.1608591117207,812.3519712509452,32.191112139224515,0.6169160417388286,0.6515250281695184,0.03460898643068977,0.6884137988364472,0.6883135133876738,-0.00010028544877338508,3.0,6.0,3.0,381.0,380.927512477109,-0.07248752289098093
1747,True,True,0.1553658002842761,0.16778647568575275,0.01242067540147665,46.61259227977848,45.32317220477892,-1.289420074999562,2.0,1.9979516575462193,-0.002048342453780716,668.7855488201224,676.6404832971845,7.854934477062102,0.56482955085286,0.5293155451991302,-0.03551400565372986,0.587683580181738,0.5874989042537726,-0.00018467592796544974,3.0,4.0,1.0,633.0,632.8474677169546,-0.1525322830453888
1748,True,True,0.2502750163651102,0.21130428135113496,-0.038970735013975216,119.57389209760518,118.52924054461074,-1.0446515529944378,0.5,0.2840775024669711,-0.2159224975330289,698.7309245675226,705.1613374130613,6.43041284553874,0.5552480348805977,0.6055987824178023,0.05035074753720459,0.6550628667682895,0.6550444988748383,-1.836789345122103e-05,1.0,1.0,0.0,1376.5,1376.4320850845813,-0.0679149154186689
1749,True,True,0.2879146013510302,0.2878653080527539,-4.929329827629836e-05,105.83136055844165,106.25698458279881,0.4256240243571625,6.5,6.417329317794059,-0.08267068220594087,371.7137153631619,373.1959702246468,1.4822548614849325,0.4716396329497221,0.4735436537549571,0.001904020805234996,0.5714626348494556,0.5714626348494555,-1.1102230246251565e-16,0.0,0.0,0.0,0.0,0.0,0.0
1750,False,False,0.1042576660128743,0.10424915996254887,-8.506050325429726e-06,58.53976920127643,58.52634812537304,-0.013421075903387703,0.0,0.0,0.0,661.7164642856726,661.5501384087191,-0.166325876953465,0.7224606181938084,0.7223864301857795,-7.418800802883041e-05,0.7223491046731418,0.7223864301857795,3.732551263768702e-05,0.0,0.0,0.0,,,
1751,True,True,0.5065149424349336,0.5053545361191546,-0.0011604063157789613,193.8366122615992,194.4699385796046,0.6333263180053734,28.0,27.499437429651277,-0.5005625703487233,598.6815962151817,600.4412121934064,1.7596159782247014,0.5204434289900454,0.5231725943608501,0.002729165370804698,0.5805647004687303,0.5805029101142198,-6.179035451048254e-05,1.0,1.0,0.0,512.0,511.63200199311086,-0.3679980068891382
1752,True,True,0.0672704517918012,0.0677443395548858,0.0004738877630846017,41.74508536374649,42.3479166384874,0.6028312747409075,10.0,9.465645573526837,-0.534354426473163,895.113784820772,898.270021957569,3.1562371367970172,0.5308742495012427,0.5466060170344808,0.015731767533238017,0.5713928545566085,0.5712517293284014,-0.00014112522820708406,5.0,5.0,0.0,460.5,460.19141729290544,-0.3085827070945584
1753,False,False,0.3297734808814241,0.32974392337375075,-2.9557507673361183e-05,141.1537134728044,141.12993077930741,-0.023782693496997354,0.0,0.0,0.0,521.5988101846174,521.4951229488202,-0.10368723579722428,0.6086413335314631,0.608556888032419,-8.444549904407239e-05,0.608499744653539,0.608556888032419,5.71433788800757e-05,0.0,0.0,0.0,,,
1754,False,False,0.031419577087592,0.031417692528204644,-1.884559387356488e-06,14.690218948790344,14.68849962879359,-0.0017193199967540096,0.0,0.0,0.0,542.8157135627703,542.7265110234857,-0.08920253928454258,0.6497882575630701,0.649750756228427,-3.750133464308636e-05,0.6496985007184432,0.649750756228427,5.22555099838895e-05,0.0,0.0,0.0,,,
1755,True,True,0.4848626277545648,0.5321731120001006,0.047310484245535855,304.2171316094107,301.3705471323884,-2.8465844770223043,3.0,3.380937169882238,0.3809371698822379,980.6625577272004,1006.5406190717772,25.87806134457685,0.5921835934219857,0.49757875318747247,-0.09460484023451321,0.5945636251536068,0.5944835262373003,-8.009891630655908e-05,5.0,7.0,2.0,75.5,75.35308281110774,-0.14691718889226024
1756,True,True,0.4697292331872643,0.4489509162509625,-0.020778316936301777,266.18174619876595,265.2951690869276,-0.886577111838335,3.0,2.559131183376304,-0.4408688166236958,820.3267889188893,838.5558525549455,18.229063636056253,0.6115054915603595,0.6337853851752648,0.022279893614905344,0.6934581874043475,0.6934459982955904,-1.2189108757110212e-05,1.0,1.0,0.0,627.0,626.9490327711753,-0.05096722882467475
1757,True,True,0.1767204788613084,0.14649523564907657,-0.030225243212231828,72.6504101933679,70.46764910198883,-2.182761091379078,2.5,2.0832615157036347,-0.4167384842963653,734.3566709696969,793.8632771098793,59.506606140182384,0.4170037868120351,0.4781777303677397,0.0611739435557046,0.5770932367690236,0.5770932367690236,0.0,4.0,8.0,4.0,0.0,0.0,0.0
1758,True,True,0.0592384064203443,0.06823160246999649,0.008993196049652187,25.749645742460245,25.17769202845688,-0.5719537140033637,1.0,1.1645946753385943,0.1645946753385943,590.1629937200233,597.8211664887715,7.658172768748159,0.5081418327343254,0.45569913820734503,-0.052442694526980416,0.5108368999073155,0.510750840089409,-8.605981790654749e-05,2.0,3.0,1.0,109.5,109.06189383793489,-0.438106162065111
1759,False,False,0.1682920597623199,0.16828662865394153,-5.431108378362026e-06,78.35378558107448,78.3598393783219,0.006053797247417947,0.0,0.0,0.0,557.8766535289321,557.8705961745475,-0.006057354384665814,0.7055427644788206,0.7055191650054732,-2.359947334740209e-05,0.7054230870945579,0.7055191650054732,9.607791091525986e-05,0.0,0.0,0.0,,,
1760,True,True,0.1922737111120603,0.19088809745621416,-0.0013856136558461352,121.18627818264716,116.47113265539988,-4.715145527247273,1.0,0.974896901228931,-0.025103098771068977,1053.9328897962732,1095.3924260203066,41.4595362240334,0.6313066877285243,0.6056435566761098,-0.025663131052414467,0.6517341778245507,0.6516825049966656,-5.167282788509642e-05,2.0,4.0,2.0,361.5,361.09622146949306,-0.40377853050694057
1761,True,True,0.5275254087107125,0.46743165355793864,-0.060093755152773876,229.34208901835711,226.92559877030314,-2.416490248053975,8.0,6.4678728458995405,-1.5321271541004595,815.40496468578,822.0936941926886,6.688729506908658,0.4938162820350871,0.5762218434214501,0.08240556138636301,0.6178959742230513,0.6176831240917903,-0.00021285013126104424,5.0,5.0,0.0,361.5,361.3437857019066,-0.1562142980934027
1762,True,True,0.8008708672661887,0.6285654921294207,-0.17230537513676802,368.036708340414,362.12747990379455,-5.909228436619458,6.0,4.106691873405364,-1.8933081265946363,953.0981224597286,983.0485646283817,29.950442168653012,0.4741133959378861,0.5886119368399457,0.11449854090205963,0.6271493087780196,0.6269864317196396,-0.00016287705837991773,4.0,4.0,0.0,101.5,101.13391129561495,-0.36608870438504937
1763,True,True,0.7909528611819153,0.7590072669788871,-0.03194559420302823,353.25713580415874,355.74741739350924,2.490281589350502,6.0,5.1679494264273655,-0.8320505735726345,600.1260627743628,609.2148077700635,9.088744995700722,0.4760215589582323,0.49533976948574754,0.019318210527515256,0.5742311247036093,0.5742311247036093,0.0,1.0,1.0,0.0,0.0,0.0,0.0
1764,True,True,0.3762163213488822,0.33060105825436537,-0.045615263094516856,210.5861855922761,204.6614041710508,-5.924781421225305,1.0,0.7354784155671952,-0.2645215844328048,868.2896239237914,907.0209521198917,38.73132819610032,0.5392068986365168,0.5775182025366269,0.03831130390011006,0.6044701812285047,0.6044314124326441,-3.8768795860621985e-05,1.0,1.0,0.0,808.0,807.7312657110001,-0.2687342889998945
1765,True,True,0.2630866805382229,0.30579704119566237,0.042710360657439495,198.6778453106876,196.29205328661263,-2.3857920240749593,1.0,1.3872549682215325,0.3872549682215325,916.8205902886626,951.1735373307134,34.3529470420508,0.6173568782919941,0.5010731296097715,-0.11628374868222269,0.6411712303079794,0.6411512583218545,-1.9971986124911467e-05,1.0,2.0,1.0,578.5,578.3805695852691,-0.11943041473091398
1766,True,True,0.3360457016948487,0.2662930779305766,-0.0697526237642721,111.22032357607024,107.71159096809636,-3.508732607973883,1.0,0.4624645375239198,-0.5375354624760802,541.9869943673081,556.3734225480666,14.386428180758571,0.417429556152184,0.516405044400219,0.09897548824803493,0.5182010471891156,0.518183476308577,-1.757088053866429e-05,2.0,2.0,0.0,678.0,677.9204013819992,-0.07959861800077306
1767,True,True,0.238575507920167,0.2293947566080206,-0.009180751312146379,106.83805307347028,107.34865840154309,0.5106053280728133,13.5,12.88593593607363,-0.6140640639263708,678.2812043127592,685.8433066462682,7.56210233350896,0.4776935102577669,0.4953379499993848,0.01764443974161789,0.5499949766444352,0.5499949766444351,-1.1102230246251565e-16,2.0,2.0,0.0,0.0,0.0,0.0
1768,True,True,0.6356498923691559,0.639234088849384,0.003584196480228119,355.8141814254297,365.60210260064247,9.787921175212773,7.5,6.76658730907074,-0.73341269092926,896.1754251338175,921.061209777007,24.88578464318948,0.5020187720058569,0.5165468088900754,0.014528036884218554,0.5371066115919135,0.5371066115919135,0.0,4.0,5.0,1.0,0.0,0.0,0.0
1769,True,True,0.3131129144205256,0.3260855616564048,0.012972647235879209,116.60229288310012,117.29206683192172,0.6897739488215962,3.0,3.2800361682253443,0.2800361682253443,465.0914512578837,473.79777771596224,8.706326458078536,0.5891666320747448,0.5418011945061292,-0.047365437568615665,0.6132370201844155,0.6130963516364724,-0.00014066854794314576,2.0,3.0,1.0,311.5,311.49735129563425,-0.002648704365753929
1770,True,True,0.2633748552659843,0.2500778261778437,-0.013297029088140622,135.74253009349198,137.1204595943218,1.377929500829822,2.0,1.6611362818977802,-0.3388637181022198,641.4359903626936,667.2678298828883,25.831839520194762,0.5758205667995087,0.6053855106164068,0.029564943816898115,0.6240367903573752,0.6239488323925441,-8.795796483118679e-05,1.0,1.0,0.0,432.0,431.64916359970573,-0.3508364002942699
1771,True,True,0.1678849275291426,0.1689180124710716,0.0010330849419289967,159.775480630009,161.30091932935403,1.5254386993450169,2.5,2.091082455177094,-0.4089175448229061,836.2520140061747,843.9516039164079,7.699589910233158,0.620400119672568,0.6382800194225956,0.017879899750027572,0.6506430179752211,0.6505566033579528,-8.641461726821564e-05,1.0,1.0,0.0,1302.5,1302.1815645937531,-0.31843540624686284
1772,True,True,0.3179601803090662,0.31408290164641967,-0.0038772786626465328,179.70229785266986,181.3569558793175,1.6546580266476383,2.5,2.0390532694000294,-0.4609467305999706,772.4312603359158,779.0359043886375,6.60464405272171,0.5029361547610888,0.5300741228641228,0.027137968103034038,0.6545259048331142,0.6545040274512197,-2.1877381894519488e-05,1.0,1.0,0.0,1310.0,1309.9027040794667,-0.09729592053326996
1773,True,True,0.0441106462840835,0.043986984660038156,-0.00012366162404534725,20.15195902930038,20.19169973236398,0.039740703063600336,2.0,1.876986470108387,-0.12301352989161307,483.13563792378505,484.2807380438564,1.1451001200713335,0.6291201491148318,0.6368244540468099,0.0077043049319780454,0.7140679875539616,0.7139412796893423,-0.00012670786461932426,1.0,1.0,0.0,644.0,643.6139576839391,-0.38604231606086614
1774,True,True,0.702580694348019,0.7207163015353643,0.018135607187345304,265.609277277034,263.8743584690016,-1.7349188080323756,2.0,2.0092452719341973,0.00924527193419733,643.5889555649209,647.5037409697387,3.9147854048178488,0.6076778298465859,0.5956837128277112,-0.011994117018874761,0.6286281978993563,0.6285232499208582,-0.00010494797849813775,2.0,3.0,1.0,971.0,970.8666945288345,-0.1333054711654995
1775,False,False,0.0468966240557344,0.046895552011823625,-1.0720439107755886e-06,28.01945144385569,28.01697202262149,-0.002479421234198753,0.0,0.0,0.0,642.1441196815202,642.0781526515799,-0.06596702994033876,0.5645934464009716,0.5645607250730696,-3.2721327901996666e-05,0.5645164141098735,0.5645607250730696,4.431096319612582e-05,0.0,0.0,0.0,,,
1776,True,True,0.8032467484273224,0.8489860168890578,0.04573926846173548,430.7746211631329,436.748831354115,5.974210190982092,14.0,15.240045813797007,1.240045813797007,836.297500105486,839.9324392400979,3.634939134611841,0.5703922038680034,0.4833501089986769,-0.08704209486932646,0.5757119550883443,0.5755977200245637,-0.00011423506378060999,3.0,4.0,1.0,291.5,291.41675706766614,-0.08324293233386015
1777,True,True,0.5255882443392718,0.4499894693501835,-0.07559877498908824,197.3306821046989,194.6900271021201,-2.6406550025787965,10.0,8.128282981962535,-1.8717170180374652,721.2816586212841,731.1834188530277,9.901760231743538,0.421140423221243,0.48347952434346364,0.06233910112222063,0.5894665509496657,0.5894665509496656,-1.1102230246251565e-16,3.0,3.0,0.0,0.0,0.0,0.0
1778,True,True,0.999693752387264,0.9988753562075254,-0.0008183961797385564,510.36742993085073,503.24937240027793,-7.118057530572798,33.5,27.58112003566361,-5.918879964336391,946.3912371382108,957.919282550313,11.528045412102188,0.5252524263792103,0.5414159925293354,0.01616356615012504,0.5713438164256324,0.571081122061591,-0.0002626943640413604,8.0,9.0,1.0,372.5,372.43009346380876,-0.06990653619124032
1779,True,True,0.0809285937141262,0.0853450954086888,0.004416501694562605,137.18214503982176,138.6185077666809,1.4363627268591301,15.5,14.723613720585092,-0.7763862794149077,813.5580888054518,816.3957250070326,2.8376362015808354,0.6007449299606734,0.6107612886869082,0.010016358726234742,0.6522952768790701,0.6521532127821579,-0.0001420640969121978,2.0,2.0,0.0,895.5,895.1207986311969,-0.3792013688031375
1780,False,False,0.2830790040454552,0.2830769732810518,-2.0307644034156525e-06,188.8194289160354,188.82358275632194,0.004153840286534205,0.0,0.0,0.0,707.678178478066,707.6812444919026,0.0030660138365874445,0.5929250606781516,0.5929084618033054,-1.6598874846285305e-05,0.5928426475208435,0.5929084618033054,6.581428246188459e-05,0.0,0.0,0.0,,,
1781,True,True,0.74730591990105,0.6254276071838872,-0.12187831271716276,294.54971699113,274.2369690811005,-20.312747910029543,3.5,2.574110165794264,-0.9258898342057358,767.2196314252341,825.4839708087865,58.2643393835524,0.4400837250201354,0.5117193040636757,0.07163557904354034,0.6226860782417515,0.6226860782417514,-1.1102230246251565e-16,4.0,6.0,2.0,0.0,0.0,0.0
1782,True,True,0.4643495900750981,0.4509662268947429,-0.013383363180355157,235.5514037901097,234.7577735970043,-0.7936301931054004,3.5,3.2448651304992397,-0.25513486950076025,1050.6986159290675,1052.0305661636667,1.3319502345991623,0.5371809059667311,0.5496652845429527,0.012484378576221644,0.6953485976798774,0.6952806521894856,-6.794549039179643e-05,2.0,2.0,0.0,823.5,823.173138244007,-0.32686175599303624
1783,False,False,0.0616858605714667,0.061686040022059456,1.7945059275353836e-07,43.65082391923642,43.653558589110254,0.002734669873831308,0.0,0.0,0.0,673.4760478220821,673.5282591930921,0.05221137101000295,0.5645739563605039,0.5645623565377395,-1.1599822764440937e-05,0.5644698515003335,0.5645623565377395,9.25050374059877e-05,0.0,0.0,0.0,,,
1784,True,True,0.1957560178043629,0.19490876599345988,-0.0008472518109030047,112.88053725739736,111.18781205674559,-1.692725200651779,1.0,0.8769842534675263,-0.12301574653247371,943.4020746857044,968.7377889924452,25.335714306740783,0.651947082126988,0.6531102944353242,0.001163212308336159,0.7066981590024355,0.7065743140591325,-0.00012384494330297535,2.0,3.0,1.0,897.5,897.1298451913216,-0.37015480867842143
1785,True,True,0.1510694711487684,0.15964531805349422,0.00857584690472582,104.95258806304376,104.78309689955911,-0.16949116348465054,1.0,1.113725025817985,0.11372502581798494,899.3685756358487,918.7163634572784,19.34778782142962,0.631397858447303,0.5716375814651354,-0.05976027698216757,0.6737315283887809,0.6736390327666479,-9.249562213298201e-05,2.0,3.0,1.0,720.5,720.2008390281516,-0.29916097184843693
1786,True,True,0.1617015196393013,0.19310274638495087,0.031401226745649574,74.65916091528294,68.43802030660007,-6.221140608682873,0.5,0.6216786910197699,0.12167869101976991,675.104746031942,689.1226059533909,14.017859921448917,0.6702776313607288,0.6154687416601929,-0.05480888970053588,0.6750880510760652,0.6749459809651043,-0.00014207011096090127,1.0,3.0,2.0,813.0,812.5556375759913,-0.4443624240086592
1787,True,True,0.166002337115924,0.16947100701737974,0.003468669901455751,58.682150637222335,54.439621687364216,-4.242528949858119,2.0,1.8670419453002982,-0.1329580546997018,795.2325008807358,817.2329590058845,22.000458125148725,0.5411247717149233,0.5231170787868806,-0.018007692928042718,0.5632871012617415,0.5631107038666472,-0.00017639739509434094,4.0,7.0,3.0,616.0,615.8787351196968,-0.12126488030321525
1788,False,False,0.037054919899191,0.03705274938615469,-2.1705130363106062e-06,12.444692058038688,12.439071302661132,-0.005620755377556463,0.0,0.0,0.0,357.8075759823937,357.64510285955225,-0.16247312284144755,0.4596630202122972,0.45959806137552045,-6.495883677676284e-05,0.4595867202556715,0.45959806137552045,1.1341119848962133e-05,0.0,0.0,0.0,,,
1789,True,True,0.0703893973371088,0.07731100772232494,0.0069216103852161315,49.96028214228375,50.85204271392882,0.8917605716450652,5.0,6.497783997940126,1.4977839979401262,731.9861210075449,732.4626377511499,0.4765167436050888,0.6999341871958606,0.5850005294068705,-0.11493365778899012,0.7002120579855109,0.7001137868048566,-9.827118065430795e-05,2.0,3.0,1.0,296.5,296.1707059091091,-0.3292940908909259
1790,True,True,0.2035963041162835,0.1962343206333846,-0.007361983482898876,156.3354224390684,157.24804276668823,0.9126203276198339,1.5,1.1059137643256691,-0.3940862356743309,868.5018975098861,879.7605711972215,11.258673687335317,0.5659418565445088,0.6003275053475431,0.0343856488030343,0.6947187752177957,0.694669677914279,-4.90973035166542e-05,1.0,1.0,0.0,1196.0,1195.7213342440075,-0.2786657559925061
1791,True,True,0.1916113625219691,0.1871005637140852,-0.004510798807883881,129.22452958975734,127.07729449290153,-2.147235096855809,1.5,1.3252098117896822,-0.17479018821031778,824.3906800932798,847.5234676697348,23.13278757645503,0.6637427861147464,0.6670445259241435,0.003301739809397186,0.6809702285850693,0.6807874342679161,-0.00018279431715317873,3.0,6.0,3.0,578.0,577.5091834299981,-0.49081657000192536
1792,True,True,0.1900291288067722,0.16588136769449133,-0.02414776111228087,98.47707439017172,95.40390905920235,-3.073165330969374,1.0,0.819177078123903,-0.18082292187609705,1023.0957354268984,1036.912090728782,13.816355301883618,0.6552118871503547,0.6955405176017814,0.04032863045142665,0.7255650603182869,0.7254432244901279,-0.00012183582815905591,2.0,2.0,0.0,799.5,799.0158470882449,-0.48415291175513175
1793,False,False,0.0365392865991578,0.036540974069554547,1.6874703967495464e-06,24.26455919750753,24.262788081215287,-0.0017711162922431356,0.0,0.0,0.0,538.4988582023477,538.4910281723095,-0.007830030038235236,0.607482917824606,0.607432089053257,-5.0828771348987445e-05,0.6073325062033114,0.607432089053257,9.958284994560085e-05,0.0,0.0,0.0,,,
1794,True,True,0.3808527297493519,0.37395321157897854,-0.0068995181703733754,112.63072940274326,112.40876825076853,-0.22196115197472466,6.5,6.212440576808871,-0.28755942319112915,435.4458007889147,436.47547809429614,1.0296773053814263,0.5093034066139263,0.5180512589247258,0.008747852310799553,0.6676406375760107,0.6676406375760107,0.0,1.0,1.0,0.0,0.0,0.0,0.0
1795,True,True,0.1595463327750069,0.1594844671366814,-6.186563832549785e-05,71.69439207592788,72.55009905755436,0.8557069816264828,10.0,9.546485989351623,-0.4535140106483766,514.7649401613462,515.509774373309,0.7448342119628251,0.3076374416450393,0.3275349595474754,0.0198975179024361,0.6207775403397813,0.6207775403397812,-1.1102230246251565e-16,2.0,2.0,0.0,0.0,0.0,0.0
1796,True,True,0.0354370292213828,0.03731318329323433,0.0018761540718515296,18.170515218341887,18.600920351451514,0.4304051331096268,3.0,2.7160466812376405,-0.2839533187623595,579.8548025171773,595.324576925834,15.46977440865669,0.6139999731643554,0.5894317740026666,-0.024568199161688842,0.6268685393394786,0.6267237661071653,-0.00014477323231332218,3.0,5.0,2.0,163.0,162.5809116232014,-0.4190883767986122
1797,False,False,0.162729830400099,0.1627243968202549,-5.433579844088543e-06,65.85628800409522,65.8652186190594,0.008930614964185679,0.0,0.0,0.0,507.8362027427015,507.8533296594277,0.01712691672616984,0.6114160786508815,0.6113936069926228,-2.2471658258749194e-05,0.6112850935106718,0.6113936069926228,0.00010851348195095589,0.0,0.0,0.0,,,
1798,True,True,0.0419804622330186,0.037835963766537056,-0.004144498466481544,22.05693122086149,22.167945499890234,0.11101427902874406,1.5,1.0185405354888646,-0.4814594645111354,754.4090536385263,780.7093656085643,26.300311970038024,0.4682277282010387,0.5192412059506579,0.05101347774961923,0.6288514773072328,0.628834233215439,-1.7244091793822136e-05,1.0,1.0,0.0,1122.0,1121.9309077664418,-0.0690922335581945
1799,True,True,0.2287037662205309,0.22750568046241842,-0.001198085758112477,91.445367208473,91.35422882727515,-0.091138381197851,0.5,0.49185039901640276,-0.008149600983597238,552.7081004930667,552.9035230957111,0.19542260264438482,0.5755896879999566,0.5770848965255275,0.0014952085255709457,0.6599181425398561,0.6598051000085731,-0.00011304253128308073,1.0,1.0,0.0,705.5,705.0022335366361,-0.49776646336385966
1800,True,True,0.198277448940338,0.1979363238986187,-0.00034112504171929237,147.9174970737176,149.05796634817835,1.1404692744607416,2.5,2.337383742548992,-0.16261625745100794,699.5634819350277,705.6912634419926,6.127781506964993,0.4979397425167272,0.5087886042774741,0.010848861760746897,0.573450683641685,0.5733385087917972,-0.00011217484988790272,1.0,1.0,0.0,1018.5,1018.0691177307598,-0.43088226924021455
1801,True,True,0.1051241348982905,0.09694855437871422,-0.008175580519576287,28.722155382210417,28.749613718823184,0.027458336612767198,1.0,0.7338740732928273,-0.2661259267071727,546.4911215404093,549.9162959533951,3.4251744129858253,0.469293265014515,0.5072092923987281,0.037916027384213125,0.6596297400178401,0.6595349864049347,-9.475361290545159e-05,1.0,1.0,0.0,914.0,913.5810220730166,-0.4189779269834162
1802,True,True,0.3029609089773862,0.3123932329669606,0.009432323989574387,119.96030146484462,119.43324900328702,-0.5270524615576022,2.0,2.2065989802184056,0.20659898021840561,654.4986795539992,678.582924356613,24.084244802613853,0.5742553729682691,0.5439324708260233,-0.030322902142245867,0.5821307304190109,0.5821022789714732,-2.8451447537714003e-05,2.0,4.0,2.0,230.5,230.34093034130632,-0.1590696586936815
1803,True,True,0.2557571792601752,0.22353249830960398,-0.03222468095057124,108.08242178583774,104.32106838466355,-3.7613534011741905,2.0,1.5999933255545336,-0.40000667444546645,963.7866244453488,981.8844093242011,18.09778487885228,0.5153842280358755,0.5550839148249097,0.03969968678903424,0.5854526834281328,0.5853586620790676,-9.402134906522086e-05,4.0,6.0,2.0,969.0,968.730674327238,-0.2693256727619655
1804,True,True,0.1019916941957553,0.0870856961772246,-0.014905998018530695,40.50454121692182,39.28112243583618,-1.2234187810856412,1.5,1.141505362954922,-0.3584946370450779,453.8790070144835,500.62450325968143,46.745496245197955,0.4459763080123392,0.4994748196822053,0.05349851166986613,0.5396764290865856,0.5395874426735124,-8.898641307319988e-05,1.0,1.0,0.0,229.0,228.58298821471985,-0.4170117852801525
1805,True,True,0.0743850594643596,0.07037198115586311,-0.004013078308496482,40.66046341435192,40.98009182474302,0.3196284103910969,5.5,5.147775221962363,-0.35222477803763663,764.9039913011429,769.2351919463096,4.331200645166632,0.4060014744376073,0.4379245321239377,0.031923057686330414,0.5672104004054412,0.5672104004054412,0.0,4.0,4.0,0.0,0.0,0.0,0.0
1806,False,False,0.0268954218680133,0.026894764960131053,-6.569078822467322e-07,25.26571450804421,25.261479084205796,-0.0042354238384128,0.0,0.0,0.0,988.451888689418,988.2860416004664,-0.1658470889515229,0.6883185723515906,0.6882561266000965,-6.244575149405573e-05,0.6882348060190682,0.6882561266000965,2.13205810283279e-05,0.0,0.0,0.0,,,
1807,True,True,0.2070585633963089,0.20473983436266063,-0.00231872903364827,81.88143668123224,78.65024902384854,-3.2311876573836997,1.5,1.3807058445410803,-0.11929415545891975,709.8135591462213,724.4964916986837,14.682932552462375,0.5917037977966151,0.5926457263571655,0.0009419285605504202,0.6445236591832709,0.6443648314650642,-0.00015882771820674435,3.0,4.0,1.0,414.5,414.0871758466115,-0.41282415338849887
1808,True,True,0.1336865323549428,0.117707997426394,-0.015978534928548796,44.43882997158766,43.852307868524996,-0.5865221030626628,6.0,4.926699918351369,-1.0733000816486307,915.25881003716,918.694955085955,3.4361450487950833,0.4990577752391386,0.5325561681752419,0.033498392936103294,0.5702361013465288,0.5701448381876223,-9.126315890650716e-05,3.0,3.0,0.0,888.0,887.5152154253178,-0.4847845746821804
1809,True,True,0.1766508026348271,0.17681949777843498,0.00016869514360787208,130.139792906794,130.72845240199965,0.5886594952056328,4.0,3.872318340057975,-0.12768165994202496,814.7027007165891,817.964939796873,3.262239080283848,0.5858243996885699,0.5922692707523207,0.006444871063750801,0.626505539596571,0.6264801137457028,-2.5425850868177058e-05,2.0,2.0,0.0,109.0,108.81581509875933,-0.18418490124066977
1810,True,True,0.1982756580001583,0.17116923684536764,-0.027106421154790672,56.28901178830915,56.405931847063115,0.11692005875396205,4.5,3.649282349200805,-0.8507176507991949,424.6121718517646,430.07242905519263,5.460257203428057,0.3645199313057763,0.4267447449751775,0.06222481366940119,0.5557761605637732,0.5557761605637731,-1.1102230246251565e-16,2.0,2.0,0.0,0.0,0.0,0.0
1811,True,True,0.5445537883195085,0.5264960268457082,-0.018057761473800338,156.55115934530815,156.277364300882,-0.27379504442615143,6.0,5.461147316318235,-0.5388526836817649,737.1960074418862,738.337687128926,1.1416796870397548,0.2634135531067765,0.2901705910153941,0.02675703790861761,0.5010717655409014,0.5009070747831804,-0.00016469075772096442,3.0,3.0,0.0,503.0,502.89355845667524,-0.10644154332476319
1812,False,False,0.216297238464635,0.21628777205977942,-9.466404855579258e-06,84.93452243634688,84.9482553849434,0.013732948596512529,0.0,0.0,0.0,571.4333198659356,571.4461710509149,0.012851184979354002,0.5458671868239054,0.5458506154085495,-1.657141535593709e-05,0.5457665515581847,0.5458506154085495,8.40638503648572e-05,0.0,0.0,0.0,,,
1813,False,False,0.2409019826059536,0.24089000415876902,-1.1978447184590735e-05,82.86288553377089,82.8662442178653,0.003358684094408204,0.0,0.0,0.0,416.4530753296233,416.42776423487766,-0.02531109474563209,0.5967095330637338,0.5966845545715674,-2.4978492166316535e-05,0.5966001282079811,0.5966845545715674,8.442636358629851e-05,0.0,0.0,0.0,,,
1814,True,True,0.1760130983756614,0.17488912472175766,-0.001123973653903737,53.02726919622611,53.04298933502481,0.015720138798698713,0.5,0.48744062531623067,-0.012559374683769331,344.2856487225085,344.84054142635495,0.5548927038464626,0.4415346730615771,0.44477214406960763,0.0032374710080305125,0.546889288798385,0.5467844535618043,-0.00010483523658078031,1.0,1.0,0.0,557.0,556.6084465267047,-0.3915534732952892
1815,True,True,0.1999901302185527,0.17529192009380745,-0.02469821012474524,72.56569475392071,72.9630164399049,0.3973216859841955,3.0,2.141950550558977,-0.8580494494410229,509.8817409069903,518.8321371987898,8.950396291799564,0.4960142004770683,0.5566822845925175,0.06066808411544916,0.5690316719741624,0.5689028028413292,-0.0001288691328331648,3.0,3.0,0.0,217.5,217.4789237446624,-0.021076255337590055
1816,False,False,0.1919137059874062,0.19190909356809893,-4.612419307270521e-06,192.74663350198145,192.717786012335,-0.028847489646437907,0.0,0.0,0.0,1087.2773072718423,1087.1063505907136,-0.17095668112870044,0.7237697074784042,0.7237280087021543,-4.1698776249932124e-05,0.7237064599618663,0.7237280087021543,2.1548740287924417e-05,0.0,0.0,0.0,,,
1817,True,True,0.2719058324092424,0.27634645917177925,0.00444062676253687,188.2584422460181,193.6055981525406,5.3471559065225165,12.0,10.955306516104589,-1.0446934838954114,971.629564613966,976.813932506493,5.184367892527007,0.5587152904755084,0.5805974669652456,0.021882176489737226,0.6439049977486498,0.6437952079358443,-0.00010978981280551636,4.0,4.0,0.0,55.5,55.153081703381545,-0.34691829661845475
1818,False,False,0.0851673854349932,0.08516597433511734,-1.4110998758642967e-06,51.863879260264895,51.852483622088,-0.01139563817689293,0.0,0.0,0.0,630.6693712149871,630.5262867164894,-0.14308449849772842,0.6901501585482606,0.6900968352644993,-5.3323283761286255e-05,0.690057769552183,0.6900968352644993,3.906571231626632e-05,0.0,0.0,0.0,,,
1819,True,True,0.8876276306846581,0.8090511035334502,-0.07857652715120789,439.4067438930917,429.7324708420575,-9.674273051034163,9.5,6.386738954263268,-3.1132610457367322,1079.4647150998933,1094.417873891497,14.953158791603755,0.517955643664653,0.5701415671444818,0.052185923479828866,0.6804167440701105,0.6803050198114828,-0.00011172425862771007,3.0,3.0,0.0,471.5,471.1745055025801,-0.32549449741992476
1820,True,True,0.2074382870951529,0.2050281611732661,-0.002410125921886802,101.10381338724304,98.15253652309778,-2.9512768641452567,0.5,0.47420131671824506,-0.02579868328175494,585.1249490293998,609.8549216314655,24.729972602065686,0.6754756364021274,0.657912942249546,-0.017562694152581382,0.690424241071438,0.6904083157887639,-1.5925282674023045e-05,1.0,3.0,2.0,527.0,526.9470497121238,-0.052950287876228685
1821,True,True,0.3535850396535644,0.2672717952118525,-0.0863132444417119,127.31854207568244,125.83731749762232,-1.4812245780601216,2.5,1.9085411734587985,-0.5914588265412015,963.6653356172897,969.8683295650625,6.202993947772825,0.3631083571362696,0.48755137032530876,0.12444301318903916,0.6041823072268626,0.604058381082414,-0.00012392614444856065,4.0,4.0,0.0,193.0,192.76025797703977,-0.23974202296022895
1822,False,False,0.0748858726444713,0.07488101923956701,-4.85340490428976e-06,22.329921696080355,22.332810626536826,0.002888930456471428,0.0,0.0,0.0,388.83979720164615,388.8366093815129,-0.003187820133234709,0.5724332791747575,0.5724032214950332,-3.005767972430462e-05,0.572293312917284,0.5724032214950332,0.00010990857774917373,0.0,0.0,0.0,,,
1823,True,True,0.1004682040348355,0.1024824875772247,0.0020142835423891947,139.3283646830395,140.82574209595248,1.4973774129129822,13.5,13.015715952328145,-0.4842840476718546,1034.8366172218575,1038.5932693184832,3.7566520966256576,0.6049414052918949,0.6148021710102111,0.009860765718316178,0.6227938318799257,0.6226680203390681,-0.00012581154085755664,3.0,3.0,0.0,757.0,756.6154411693003,-0.38455883069968877
1824,False,False,0.0908757679181418,0.09087563754901695,-1.303691248427663e-07,46.35063470788398,46.3493911316992,-0.0012435761847768845,0.0,0.0,0.0,514.6965929732909,514.6806426548832,-0.01595031840770389,0.5915663594396634,0.591556736638714,-9.62280094940482e-06,0.591505052753768,0.591556736638714,5.1683884946029934e-05,0.0,0.0,0.0,,,
1825,True,True,0.3418212442162585,0.33646907512497715,-0.0053521690912813336,125.6419933390645,125.71540741476777,0.07341407570326908,4.0,3.5478568003396527,-0.45214319966034733,605.9336106155143,606.3466563385967,0.41304572308240495,0.4919035620507407,0.5055272982058657,0.013623736155125021,0.6829377536661326,0.6828595687976129,-7.818486851973727e-05,1.0,1.0,0.0,1023.0,1022.6432164338107,-0.35678356618927864
1826,False,False,0.0741676461807328,0.07416989703454506,2.250853812266196e-06,39.306595814241554,39.293736851729534,-0.0128589625120199,0.0,0.0,0.0,503.6717481998375,503.51539412773906,-0.15635407209845198,0.7292240262002694,0.7291692594481052,-5.476675216420368e-05,0.7291246502299974,0.7291692594481052,4.4609218107782844e-05,0.0,0.0,0.0,,,
1827,True,True,0.2946211894101806,0.26755005719642605,-0.027071132213754567,101.89762103087044,100.55929729698143,-1.3383237338890126,1.0,0.8412080610753037,-0.15879193892469634,524.2322552854401,535.5448496823419,11.312594396901773,0.4085845045079727,0.43598627221451625,0.027401767706543567,0.5186861404530204,0.5186335229240903,-5.261752893015448e-05,1.0,1.0,0.0,896.5,896.2983264612891,-0.20167353871090654
1828,False,False,0.0716946376064421,0.0716945518071604,-8.579928169327733e-08,71.77062229908488,71.76119166897021,-0.009430630114664496,0.0,0.0,0.0,1005.4596506499508,1005.326760060098,-0.13289058985287738,0.7228111331860413,0.7227855785456769,-2.555464036435584e-05,0.7227597313878422,0.7227855785456769,2.584715783471303e-05,0.0,0.0,0.0,,,
1829,True,True,0.0723385736699841,0.07275383642697421,0.00041526275699010906,53.43111727898302,53.41490396254691,-0.016213316436108016,2.5,2.1740994276050523,-0.32590057239494774,620.872638434418,620.6854039180879,-0.1872345163301361,0.5670480688076155,0.576653610152096,0.00960554134448055,0.650279696969803,0.6502516649366361,-2.803203316692482e-05,1.0,1.0,0.0,1326.5,1326.3926417098116,-0.1073582901883583
1830,False,False,0.2842356393580215,0.28424130375449547,5.664396473981093e-06,148.33417897316093,148.2784464007919,-0.05573257236903828,0.0,0.0,0.0,507.3519508037005,507.1616721173628,-0.19027868633770595,0.6259513015838869,0.6258328800449983,-0.0001184215388886356,0.6258126144373982,0.6258328800449983,2.0265607600045143e-05,0.0,0.0,0.0,,,
1831,True,True,0.0367416140878833,0.03719460983874826,0.00045299575086496513,33.09726664494848,33.47199220967061,0.3747255647221266,14.0,13.518279170326393,-0.4817208296736073,844.3398754983692,847.8169293430212,3.477053844652005,0.5079257724082886,0.5246433381859894,0.016717565777700782,0.604743617745146,0.6045539428805179,-0.00018967486462806438,4.0,4.0,0.0,122.5,122.09518312138414,-0.40481687861586124
1832,False,False,0.2272491704970153,0.22722263662478914,-2.653387222614767e-05,130.57856202026238,130.57076277513272,-0.007799245129660903,0.0,0.0,0.0,902.6883389125298,902.5758161531553,-0.11252275937454215,0.6421919302691261,0.6421531952072097,-3.873506191642839e-05,0.6421218343873557,0.6421531952072097,3.13608198539983e-05,0.0,0.0,0.0,,,
1833,True,True,0.5193178345584462,0.5685500388170072,0.04923220425856101,301.28289222348553,303.8005570717154,2.517664848229856,3.5,3.522329365267071,0.022329365267070855,788.0940291806871,813.6676594893153,25.57363030862814,0.5130031231906689,0.4823749159605263,-0.03062820723014259,0.5720468326881163,0.5720468326881163,0.0,4.0,6.0,2.0,0.0,0.0,0.0
1834,False,False,0.2169011871563155,0.21689333140448305,-7.855751832458457e-06,157.64379172921514,157.6262173996434,-0.017574329571743874,0.0,0.0,0.0,805.3739581994586,805.27505506298,-0.09890313647861149,0.6645829050361536,0.6645278334817054,-5.507155444817169e-05,0.6644844003440583,0.6645278334817054,4.343313764709755e-05,0.0,0.0,0.0,,,
1835,True,True,0.1002595947090226,0.09820645278976392,-0.0020531419192586775,66.26194688952552,66.3503185853524,0.0883716958268792,1.5,1.3703056761412884,-0.1296943238587116,792.1250393947018,796.6866364853516,4.561597090649798,0.5949900491102363,0.6095562977686935,0.014566248658457126,0.7301006049155047,0.7300544611080617,-4.614380744294433e-05,1.0,1.0,0.0,1009.0,1008.7841466949212,-0.21585330507878098
1836,False,False,0.2204027653871733,0.22040013844792178,-2.62693925151547e-06,61.74562092666872,61.70999318450408,-0.035627742164642484,0.0,0.0,0.0,283.0380587159601,282.87483299471353,-0.16322572124659018,0.4094147437905068,0.4093364118605346,-7.83319299721974e-05,0.4093323647413238,0.4093364118605346,4.047119210814909e-06,0.0,0.0,0.0,,,
1837,True,True,0.1984660144652875,0.19552277414923985,-0.002943240316047646,60.70891171110021,60.68732559594159,-0.021586115158619634,8.0,7.555967978353136,-0.44403202164686384,550.6146554308797,550.6203397568523,0.0056843259726520046,0.4582347366920273,0.4660751378434812,0.007840401151453902,0.7008489778668313,0.7007550864609349,-9.389140589644018e-05,1.0,1.0,0.0,885.5,885.0782070547767,-0.4217929452232738
1838,True,True,0.4471078236104461,0.4265941756226351,-0.020513647987811023,205.4540946002264,207.38418435097944,1.9300897507530408,11.5,10.390637729261632,-1.1093622707383677,704.3139894114561,712.7894184007617,8.47542898930567,0.4490588157833828,0.4782749722973093,0.029216156513926506,0.5100917593087011,0.510091759308701,-1.1102230246251565e-16,3.0,3.0,0.0,0.0,0.0,0.0
1839,True,True,0.1983913646572459,0.18293123709274114,-0.015460127564504766,103.46011751531866,103.47107039073093,0.010952875412272078,0.5,0.31839261117274875,-0.18160738882725125,667.3444980159863,671.7847797477458,4.440281731759455,0.5809179097683295,0.630003379882061,0.049085470113731544,0.7198876707065879,0.7198826273425756,-5.0433640123026535e-06,1.0,1.0,0.0,1008.5,1008.4743466260559,-0.025653373944123814
1840,True,True,0.3586151674790101,0.34729628386142497,-0.011318883617585151,114.43989605637007,115.2762200513442,0.8363239949741228,3.0,2.5919756583345603,-0.40802434166543966,472.3047012621642,477.61198877706454,5.307287514900338,0.3301839740638733,0.3489373731855548,0.018753399121681502,0.5052420293238563,0.5051656648426286,-7.636448122771977e-05,1.0,1.0,0.0,899.5,899.1006945592517,-0.3993054407483214
1841,False,False,0.1159928478766461,0.11599108625938628,-1.7616172598156066e-06,35.62926963984419,35.62104813732987,-0.00822150251431708,0.0,0.0,0.0,315.2808127325057,315.2055682672485,-0.07524446525718531,0.4466492722702352,0.44660738728269084,-4.1884987544371644e-05,0.4465635132790396,0.44660738728269084,4.3874003651245275e-05,0.0,0.0,0.0,,,
1842,False,False,0.2301221149346074,0.23012128790539005,-8.270292173595539e-07,100.59248669745492,100.5441535493117,-0.048333148143214544,0.0,0.0,0.0,438.9674512384637,438.75660856705696,-0.21084267140673774,0.6570239087478149,0.6568521147377973,-0.00017179401001765626,0.6568373466952894,0.6568521147377973,1.4768042507884438e-05,0.0,0.0,0.0,,,
1843,True,True,0.9999999999996034,0.9999999999999994,3.9601655288379334e-13,357.8637186585182,349.31262265939455,-8.551095999123675,94.0,114.29450996703596,20.294509967035964,590.9752987730155,592.5760888214818,1.6007900484662514,0.4400478439286963,0.41294440802833765,-0.02710343590035863,0.5706773620648751,0.5705990344290693,-7.832763580573054e-05,3.0,3.0,0.0,302.5,302.32082069610794,-0.17917930389205594
1844,True,True,0.0772880128358559,0.12769716383551902,0.050409150999663116,49.18391093217471,50.00034845438184,0.8164375222071314,7.0,9.176139305107048,2.176139305107048,716.7301363903408,739.8805610526587,23.150424662317846,0.4824176828068071,0.28412544040459353,-0.19829224240221355,0.5141750553529405,0.5140191779552113,-0.00015587739772915388,2.0,3.0,1.0,232.5,232.48089794446696,-0.019102055533039675
1845,True,True,0.4002110584563708,0.39280498454524365,-0.007406073911127131,137.43120000149412,137.400535455851,-0.030664545643105612,0.5,0.4556236822332722,-0.04437631776672779,486.1435185857226,486.9698302034695,0.8263116177469101,0.4825663196532402,0.49152214229214014,0.008955822638899935,0.5796840899704961,0.5796680708267217,-1.6019143774470557e-05,1.0,1.0,0.0,905.5,905.4262126077612,-0.07378739223884168
1846,False,False,0.2642903236805919,0.26426254848540326,-2.777519518865068e-05,93.06864158161328,93.05208094264665,-0.016560638966623742,0.0,0.0,0.0,431.57422796211904,431.4824125013479,-0.09181546077115854,0.5552681072655421,0.5551831191807093,-8.49880848328155e-05,0.5551221342666904,0.5551831191807093,6.098491401884676e-05,0.0,0.0,0.0,,,
1847,True,True,0.5538773271246199,0.42788447478459984,-0.12599285234002006,220.88892167717708,219.1846255801091,-1.7042960970679815,5.0,4.0782599555794175,-0.9217400444205825,693.990259274912,708.7356188018017,14.745359526889729,0.3044257390877545,0.3970796261700179,0.09265388708226341,0.5520278570421927,0.5518703323891663,-0.0001575246530264307,3.0,3.0,0.0,25.0,24.900630724270098,-0.09936927572990228
1848,True,True,0.0627478897406319,0.062396884305405936,-0.00035100543522596783,32.84448734534126,32.825689257382905,-0.018798087958352028,0.5,0.48962673852802263,-0.010373261471977369,840.4143052093461,841.067529071477,0.6532238621308579,0.6099145033097076,0.6117753363925064,0.0018608330827987185,0.6411463975679674,0.641027758606069,-0.00011863896189845402,1.0,1.0,0.0,1356.0,1355.5267851956125,-0.4732148043874531
1849,True,True,0.2138330904753074,0.1879168802057878,-0.025916210269519596,193.91406563254887,196.5687981288886,2.654732496339733,2.0,1.383343282033457,-0.616656717966543,1080.1109416828915,1122.417741738595,42.306800055703434,0.5275394405490825,0.6376256707560369,0.1100862302069544,0.6386223183419402,0.6385115514970928,-0.00011076684484734312,4.0,5.0,1.0,273.5,273.421959884473,-0.07804011552701695
1850,True,True,0.2425210625569822,0.20042362968738817,-0.042097432869594026,91.83644976807518,93.46911482433012,1.632665056254936,1.0,0.5980373289436104,-0.4019626710563896,538.1350303362707,623.1314693862756,84.99643905000494,0.4215992900387629,0.5175782592660101,0.09597896922724719,0.5700806197704854,0.5700686592692992,-1.1960501186236705e-05,1.0,1.0,0.0,392.0,391.92004445086957,-0.07995554913043179
1851,True,True,0.2584707999948942,0.2549299909965451,-0.0035408089983490765,63.43309728294255,63.349384398987,-0.08371288395554899,5.0,4.8432778813788895,-0.15672211862111052,316.8309161521979,320.44876685691827,3.617850704720354,0.4773232612271713,0.4815852341903261,0.004261972963154836,0.5633324755071267,0.5633324755071267,0.0,0.0,0.0,0.0,0.0,0.0,0.0
1852,False,False,0.0713318032961222,0.07131531438241026,-1.6488913711934505e-05,19.6903559971559,19.68318770799081,-0.007168289165090158,0.0,0.0,0.0,371.69431184837526,371.56105325429945,-0.1332585940758122,0.4006372938789799,0.4005759523492211,-6.134152975878493e-05,0.4005648777014339,0.4005759523492211,1.1074647787212566e-05,0.0,0.0,0.0,,,
1853,True,True,0.0588168995712078,0.05689206101579371,-0.0019248385554140948,44.52661148076176,44.33557071493873,-0.19104076582302554,1.0,0.8655299065983855,-0.13447009340161453,1058.8813094992563,1072.6490554171858,13.76774591792946,0.6187247311349675,0.6292430996812466,0.010518368546279078,0.6714986451967926,0.6714669137254826,-3.173147130997034e-05,2.0,3.0,1.0,1267.0,1266.8390050546486,-0.16099494535137637
1854,False,False,0.1667882436542799,0.1667883570164012,1.1336212130119705e-07,105.23016649860796,105.23487421037652,0.00470771176856033,0.0,0.0,0.0,621.0914041839151,621.1225724108122,0.031168226897079876,0.5147095189648776,0.5147049381548158,-4.580810061827201e-06,0.5146417933299594,0.5147049381548158,6.314482485636486e-05,0.0,0.0,0.0,,,
1855,False,False,0.2508798620940489,0.2508565036083652,-2.3358485683688812e-05,122.88964849867858,122.82653777270961,-0.0631107259689685,0.0,0.0,0.0,543.4225591180384,543.1444840648251,-0.27807505321334247,0.698677166904882,0.6985692010182512,-0.00010796588663086748,0.6985648349110074,0.6985692010182512,4.366107243747308e-06,0.0,0.0,0.0,,,
1856,True,True,0.1838315575394449,0.19144214444473626,0.007610586905291344,62.23773387697663,60.60203741360702,-1.6356964633696052,0.5,0.4990091411571485,-0.0009908588428514942,484.3635653068977,494.95116144742985,10.587596140532128,0.518132629028708,0.49926463793243475,-0.018867991096273296,0.5576218695849368,0.5574820363769212,-0.00013983320801558285,1.0,2.0,1.0,884.0,883.5839011219693,-0.4160988780306525
1857,True,True,0.3257027851738524,0.29957113521532447,-0.026131649958527958,93.8671309250024,93.91368767524222,0.04655675023981587,1.5,1.1817333871789744,-0.31826661282102564,549.2169803307551,549.8526224711605,0.63564214040548,0.3958560043606098,0.43507467061722693,0.03921866625661713,0.6763982250512524,0.6763021594449286,-9.606560632380301e-05,1.0,1.0,0.0,1086.5,1086.1818331415357,-0.31816685846433757
1858,True,True,0.143851528388714,0.09672938165608877,-0.04712214673262524,35.11357670188944,34.63164677786591,-0.4819299240235324,1.0,0.5428500573209022,-0.4571499426790978,662.1610147788118,675.3738012579936,13.212786479181773,0.3652527561137075,0.4819910673252843,0.1167383112115768,0.6567897438184092,0.6566986808499048,-9.10629685043629e-05,1.0,1.0,0.0,1245.0,1244.616007703515,-0.3839922964850757
1859,False,False,0.1233020942018661,0.12330375670876878,1.6625069026859896e-06,57.01531519107933,57.00067628309844,-0.014638907980888405,0.0,0.0,0.0,451.1870683400722,451.0742115306976,-0.1128568093745912,0.583337707982768,0.5832893111065197,-4.8396876248246734e-05,0.5832465224984236,0.5832893111065197,4.278860809614482e-05,0.0,0.0,0.0,,,
1860,True,True,0.1691271133555061,0.16945378310796644,0.0003266697524603457,106.88463305908236,108.01852463247631,1.133891573393953,16.0,15.058462911719072,-0.9415370882809277,663.5794972638894,666.61357988723,3.0340826233406233,0.4457336827622238,0.46766488672843687,0.021931203966213064,0.6332369661220578,0.6332369661220578,0.0,2.0,2.0,0.0,0.0,0.0,0.0
1861,True,True,0.2435721066472034,0.21058206564937404,-0.03299004099782937,153.17537808813694,150.1696728375264,-3.005705250610532,1.0,0.7272124256764073,-0.2727875743235927,888.8779981603483,920.5930628611981,31.71506470084978,0.5371865063485222,0.5904564146144909,0.05326990826596878,0.6051524214966186,0.6050885093730656,-6.391212355305598e-05,2.0,3.0,1.0,1051.5,1051.26027150602,-0.23972849398001017
1862,True,True,0.8082517782750883,0.8818487769877239,0.07359699871263559,246.7184781771214,244.5207212828662,-2.197756894255207,6.5,9.05469732995842,2.5546973299584206,606.5890124692047,608.1159263173369,1.5269138481321534,0.6465036730126017,0.5895666960812858,-0.05693697693131594,0.6559142820864421,0.6557368544403026,-0.00017742764613948303,3.0,4.0,1.0,521.5,521.0892590601817,-0.41074093981831084
1863,True,True,0.2687439368933695,0.26643656154466244,-0.0023073753487070636,119.55408607282745,119.84825989059412,0.2941738177666764,2.0,1.9444012867606952,-0.055598713239304764,693.360319172961,695.7308594210114,2.370540248050361,0.441891327699345,0.44730001554893783,0.005408687849592808,0.5895775799800022,0.5895775799800022,0.0,1.0,1.0,0.0,0.0,0.0,0.0
1864,True,True,0.0996989187892956,0.09978738911505051,8.847032575491631e-05,75.37152080039967,75.39407020706548,0.022549406665817173,12.0,11.924268422333965,-0.07573157766603522,718.1114330950822,717.987498031941,-0.12393506314128899,0.3663973781132517,0.36845044309983055,0.0020530649865788675,0.5271184483411492,0.5269366149747253,-0.00018183336642385584,3.0,3.0,0.0,836.5,836.1026825720642,-0.3973174279358318
1865,True,True,0.0580291547375232,0.05657061884978135,-0.0014585358877418492,34.24604100745691,32.481435534958905,-1.7646054724980047,0.5,0.49916771369171337,-0.0008322863082866339,1098.8577187093729,1139.5509021330968,40.693183423723895,0.6085106196681889,0.5790434420319127,-0.029467177636276154,0.6456677596336685,0.6456271985531964,-4.056108047212348e-05,1.0,2.0,1.0,1112.5,1112.2006784917257,-0.29932150827426085
1866,True,True,0.4370562935831557,0.4058952451426461,-0.031161048440509598,252.06141410715907,252.5668352079057,0.5054211007466449,0.5,0.2734102552407422,-0.2265897447592578,884.0829624764023,892.2757839435044,8.192821467102135,0.6462751176653327,0.6978641577418951,0.0515890400765624,0.733034887455531,0.7330178109441545,-1.7076511376501458e-05,1.0,1.0,0.0,1491.0,1490.93187041747,-0.06812958252999124
1867,True,True,0.4286055372559453,0.417575172562127,-0.011030364693818295,103.17054676727184,102.8056230518981,-0.3649237153737488,7.5,7.074521400354562,-0.4254785996454382,385.8231037710932,390.05873001766156,4.2356262465683585,0.5166647767832615,0.527240142720359,0.010575365937097514,0.5580788156568354,0.5578665421825836,-0.00021227347425178955,1.0,1.0,0.0,377.5,377.04677312427935,-0.45322687572064524
1868,False,False,0.2064234757784456,0.20642382745748009,3.516790344770815e-07,86.62950732974438,86.62754310615686,-0.001964223587521019,0.0,0.0,0.0,415.4651551085972,415.4580864941409,-0.007068614456272826,0.5771344473296138,0.5771214965951841,-1.295073442975081e-05,0.5770480099418746,0.5771214965951841,7.348665330952908e-05,0.0,0.0,0.0,,,
1869,True,True,0.0331709832106277,0.03260055105233589,-0.0005704321582918059,19.00155927155701,18.62873173207477,-0.3728275394822411,2.0,1.7061677108635198,-0.2938322891364802,764.005666130478,806.1344862749343,42.12882014445631,0.6006918758112448,0.5976433457090977,-0.003048530102147118,0.7107776840049099,0.7106713169253788,-0.00010636707953115554,2.0,3.0,1.0,510.5,510.23434460904485,-0.26565539095514623
1870,False,False,0.2720513302027694,0.27204827846317403,-3.0517395953610915e-06,96.66675382318816,96.67307958055804,0.00632575736987917,0.0,0.0,0.0,384.8104858729151,384.8173885305385,0.006902657623413688,0.5514263050096244,0.551414015637322,-1.2289372302465296e-05,0.5513256383465022,0.551414015637322,8.837729081978551e-05,0.0,0.0,0.0,,,
1871,False,False,0.0791062362987084,0.0791062772894415,4.099073309948853e-08,19.133119238299894,19.134856906756273,0.0017376684563785716,0.0,0.0,0.0,239.11824329124303,239.14177212307197,0.02352883182894061,0.3654397940759611,0.3654367964787298,-2.9975972313245336e-06,0.3653557080603246,0.3654367964787298,8.108841840520631e-05,0.0,0.0,0.0,,,
1872,True,True,0.3282737339811061,0.295442352927175,-0.032831381053931075,137.7627304496172,133.59570937502264,-4.167021074594572,1.0,0.661280861630803,-0.338719138369197,604.0321261989131,639.0338562928863,35.00173009397315,0.6618132843420963,0.7108633230888692,0.04905003874677294,0.7164695555924773,0.7164069417469524,-6.261384552486149e-05,1.0,1.0,0.0,346.5,346.2816588606584,-0.2183411393415895
1873,True,True,0.3967682854536219,0.38475572166011607,-0.012012563793505848,207.17052978055452,206.93131702865034,-0.23921275190417646,2.0,1.7614825834985828,-0.23851741650141722,698.6116751068683,743.7475867934539,45.13591168658559,0.5104898551278005,0.5098711345260938,-0.000618720601706757,0.572777702826851,0.5726552419703914,-0.00012246085645961635,2.0,3.0,1.0,525.5,525.254252590223,-0.24574740977698184
1874,True,True,0.3221149111562379,0.30984108619315154,-0.012273824963086377,250.95926953067865,250.02738675773793,-0.9318827729407246,2.0,1.7107698136998812,-0.28923018630011876,1118.1443694852294,1162.3993656943587,44.25499620912933,0.616017265852336,0.6204314565119543,0.0044141906596183444,0.6553947623195315,0.655340061515388,-5.4700804143492654e-05,2.0,3.0,1.0,524.5,524.1649839051661,-0.33501609483391803
1875,False,False,0.2228012585466797,0.22280274065800795,1.4821113282492693e-06,190.5664051009495,190.57349392745832,0.007088826508805823,0.0,0.0,0.0,761.1437557963958,761.2016095217633,0.0578537253675222,0.6753286155488505,0.6753167318114114,-1.1883737439100095e-05,0.6752165832466135,0.6753167318114114,0.00010014856479789724,0.0,0.0,0.0,,,
1876,True,True,0.1753382544971865,0.17644819032585313,0.0011099358286666139,102.86880589028355,104.121548891276,1.252743000992453,5.5,5.252459952759089,-0.2475400472409106,581.2888374299822,585.872169767687,4.583332337704746,0.4850825343794746,0.49038963397381297,0.005307099594338394,0.5418381242730069,0.5417706079579454,-6.751631506152211e-05,1.0,1.0,0.0,389.5,389.10299031938735,-0.39700968061265485
1877,True,True,0.4171449334017172,0.3368662081494133,-0.0802787252523039,92.81651563149676,92.1233540142674,-0.6931616172293502,2.5,1.6136081351316538,-0.8863918648683462,400.4737123799764,411.6345514258081,11.160839045831722,0.3937400879816201,0.4905565686709876,0.09681648068936755,0.5219305519856912,0.5217729044373192,-0.00015764754837199746,3.0,3.0,0.0,171.5,171.13888496571784,-0.3611150342821645
1878,True,True,0.2430699161566653,0.2359962434021552,-0.007073672754510096,162.79480191434882,162.83792375933845,0.04312184498962779,1.5,1.3168060524505565,-0.18319394754944351,790.7834684213502,797.2805086757311,6.497040254380863,0.5595675377872937,0.5751580826601722,0.015590544872878476,0.6474338439981905,0.6474252501957936,-8.593802396927863e-06,1.0,1.0,0.0,1201.0,1200.9664284414673,-0.03357155853268523
1879,True,True,0.0907827945350164,0.10310912040567691,0.012326325870660501,34.63351614540547,33.74843025402652,-0.8850858913789494,3.0,3.1136400171439176,0.11364001714391758,666.0968722298558,683.213276692281,17.116404462425294,0.5542705313443905,0.47529367959167373,-0.07897685175271679,0.5912946768437686,0.5911207364259754,-0.00017394041779317249,3.0,4.0,1.0,120.0,119.58944683040066,-0.4105531695993392
1880,False,False,0.1448122210431171,0.1448100149980241,-2.2060450930172504e-06,50.08902402438708,50.06899709248631,-0.020026931900765987,0.0,0.0,0.0,351.71507500117366,351.57446999687204,-0.14060500430161937,0.4724909953931998,0.47238581725839995,-0.00010517813479982152,0.4723648750630635,0.47238581725839995,2.0942195336437486e-05,0.0,0.0,0.0,,,
1881,False,False,0.1549875423481654,0.1549922844331503,4.742084984910022e-06,129.8843339320193,129.861266326482,-0.02306760553730669,0.0,0.0,0.0,767.1466655246927,767.0214511332073,-0.12521439148542868,0.6841378869310628,0.6840853172016055,-5.256972945733018e-05,0.6840464712616481,0.6840853172016055,3.884593995739927e-05,0.0,0.0,0.0,,,
1882,True,True,0.2210475058924003,0.2339804485814119,0.0129329426890116,83.62835517631282,81.22003318207665,-2.408321994236175,4.0,4.678446993578109,0.6784469935781088,554.5930357186427,569.4588841317866,14.865848413143908,0.5428433160352839,0.4879335844297359,-0.05490973160554802,0.5711458528948574,0.5711458528948574,0.0,1.0,2.0,1.0,0.0,0.0,0.0
1883,True,True,0.2583240429781181,0.2395946596402712,-0.018729383337846905,111.17490166040383,110.21652309946559,-0.9583785609382431,1.5,1.2139569293882235,-0.2860430706117765,761.2918314304361,774.8542789233434,13.562447492907268,0.5607779521667193,0.5879719291159393,0.02719397694921999,0.6877053710018626,0.6876948603613309,-1.0510640531702364e-05,1.0,1.0,0.0,859.5,859.4411808361666,-0.05881916383339103
1884,True,True,0.0880184811400156,0.08789304400863135,-0.00012543713138425672,71.84153826896141,72.18493128805679,0.3433930190953731,1.5,1.299480171321193,-0.20051982867880702,838.6695963518346,844.9988857286085,6.329289376773886,0.6793143431102551,0.6894454687171347,0.010131125606879676,0.7370003340909771,0.7368711774925268,-0.00012915659845025296,3.0,4.0,1.0,941.0,940.9309803758426,-0.06901962415736307
1885,True,True,0.5659243608815117,0.5631708306173449,-0.0027535302641668036,219.9647320137004,219.39592429035076,-0.5688077233496358,24.0,23.611557296745083,-0.3884427032549169,997.4869990892504,998.2359032690155,0.7489041797650771,0.4682950725741256,0.4729685413343191,0.004673468760193478,0.6506655875615033,0.6506543587699437,-1.1228791559569906e-05,2.0,2.0,0.0,714.5,714.4258847479804,-0.07411525201962377
1886,True,True,0.1339085907096298,0.13209237364944823,-0.001816217060181563,143.96881767451578,143.78977123048492,-0.17904644403085967,0.5,0.41831146217882637,-0.08168853782117363,1078.6540775532012,1107.6223661814201,28.968288628218943,0.680577131513292,0.6824653635811253,0.0018882320678332842,0.7021147585612729,0.702051440112843,-6.331844842988321e-05,1.0,2.0,1.0,1254.0,1253.6883785683476,-0.31162143165238376
1887,True,True,0.4189361023503806,0.40884363159955894,-0.010092470750821647,167.47409632047362,167.82446596393333,0.35036964345971455,2.5,2.1122444716282196,-0.3877555283717804,602.6563237021919,604.3246937035035,1.6683700013115867,0.5314210737672862,0.5546940774284618,0.023273003661175573,0.7061288335660965,0.70602238519518,-0.00010644837091644543,1.0,1.0,0.0,974.0,973.5786612135751,-0.4213387864249398
1888,True,True,0.0807380499359985,0.08059247649431488,-0.0001455734416836163,54.54753690013288,55.07527031599422,0.5277334158613343,21.0,19.304202826193073,-1.6957971738069268,838.3766767071068,845.3835421255542,7.006865418447433,0.5512451712412898,0.5988232847126942,0.04757811347140439,0.6055052345799263,0.6053703329321566,-0.00013490164776974733,7.0,7.0,0.0,30.5,30.252406187317842,-0.2475938126821582
1889,False,False,0.2399236241019801,0.23993541993270132,1.1795830721222922e-05,88.63102035300862,88.60092627175521,-0.0300940812534094,0.0,0.0,0.0,344.93880266807145,344.8263045326001,-0.11249813547135545,0.4898980638808194,0.4898289772632344,-6.908661758503465e-05,0.4897899190396866,0.4898289772632344,3.905822354777211e-05,0.0,0.0,0.0,,,
1890,True,True,0.8007333555622616,0.7976040624585843,-0.0031292931036772664,542.0701916135804,543.966910823492,1.8967192099115664,17.0,16.69319658516612,-0.30680341483387963,659.4839887877392,664.0981195568812,4.61413076914198,0.5578954058074891,0.5615317854030881,0.0036363795955990375,0.6035947192564742,0.6035947192564742,0.0,0.0,0.0,0.0,0.0,0.0,0.0
1891,False,False,0.0915788831662714,0.09157939775152867,5.145852572663312e-07,62.036662395222535,62.03279103955135,-0.0038713556711869046,0.0,0.0,0.0,658.9039924532183,658.8670904284917,-0.03690202472660076,0.57538883666614,0.5753527231401319,-3.611352600818574e-05,0.5752931506784419,0.5753527231401319,5.957246168997177e-05,0.0,0.0,0.0,,,
1892,True,True,0.6856849887354703,0.667752411330862,-0.017932577404608296,390.7860331871608,397.27179848616805,6.485765299007255,13.5,12.341313773009432,-1.158686226990568,760.5605402954998,766.9200401725348,6.3594998770349775,0.4415083294959595,0.47903862055861546,0.037530291062655985,0.595879074080975,0.5957403185476464,-0.0001387555333285384,3.0,3.0,0.0,96.5,96.18122015903528,-0.3187798409647229
1893,False,False,0.1026391697321713,0.1026477904676977,8.620735526404522e-06,39.96459639689269,39.94861453595427,-0.01598186093841747,0.0,0.0,0.0,350.5884581661702,350.4525479154052,-0.13591025076499363,0.5157461144341771,0.5156433989818777,-0.00010271545229934009,0.515608599758441,0.5156433989818777,3.4799223436743354e-05,0.0,0.0,0.0,,,
1894,True,True,0.2325118231862346,0.21487436673657787,-0.017637456449656724,60.50597963074479,59.3826967649405,-1.123282865804292,2.0,1.6706495105521757,-0.3293504894478243,829.2170696858286,831.0934120542846,1.876342368455994,0.6200439101330121,0.6323689511229587,0.012325040989946578,0.7156296880176276,0.7155777775947598,-5.191042286778469e-05,1.0,1.0,0.0,1162.0,1161.6172386396047,-0.38276136039530684
1895,True,True,0.2404094634875803,0.24152367979490671,0.0011142163073264155,181.39866754706847,181.1232257330062,-0.2754418140622761,1.0,0.9035476814431606,-0.09645231855683944,882.9208837496358,909.6818673268539,26.7609835772181,0.6101518025160122,0.6022663943466497,-0.007885408169362451,0.6373817465325394,0.6372776461904427,-0.00010410034209673569,2.0,4.0,2.0,833.5,833.2147824043657,-0.2852175956343217
1896,True,True,0.515221459353966,0.5143010968021331,-0.0009203625518329206,149.41447000052094,139.2412519135481,-10.173218086972838,2.0,2.0369745144096676,0.03697451440966759,579.2627003235158,599.2176541753645,19.9549538518487,0.4652322286530128,0.44238085079062295,-0.022851377862389832,0.5189778049260718,0.5188715049606757,-0.00010629996539612829,2.0,3.0,1.0,507.5,507.1693003708528,-0.33069962914720463
1897,True,True,0.2407969183682996,0.23157854433633088,-0.009218374031968735,113.07832868625304,116.88382158236315,3.8054928961101098,4.0,3.1475769931130366,-0.8524230068869634,584.5253445563351,600.8831983466907,16.357853790355648,0.4712546176153137,0.5267011659172041,0.055446548301890386,0.6097466206370487,0.6097466206370487,0.0,2.0,2.0,0.0,0.0,0.0,0.0
1898,True,True,0.4610825165797352,0.38814502762969144,-0.07293748895004376,171.29219319614845,170.2967160417699,-0.9954771543785341,4.5,3.2437574547802814,-1.2562425452197186,673.9084231517927,701.2434333461375,27.335010194344818,0.3325550994224163,0.4570808792345509,0.12452577981213458,0.5786007146588389,0.5786007146588389,0.0,2.0,2.0,0.0,0.0,0.0,0.0
1899,True,True,0.9266425213469148,0.9340310476329003,0.007388526285985519,568.8139480788135,575.8911474415903,7.07719936277681,13.0,12.92618986381273,-0.07381013618726939,841.1328890477066,850.9297524219678,9.796863374261193,0.4613244892057078,0.4536687731147727,-0.007655716090935072,0.5499125809465196,0.5499125809465196,0.0,6.0,7.0,1.0,0.0,0.0,0.0
1900,True,True,0.1866990392897749,0.15667213475144415,-0.030026904538330762,110.47613741841543,109.75810811841295,-0.7180293000024847,3.0,2.38853281295742,-0.6114671870425799,918.72846798529,936.199160537817,17.470692552526998,0.40690995467671,0.512321822966269,0.10541186828955906,0.6153281630806198,0.6152612916282287,-6.687145239103742e-05,3.0,3.0,0.0,199.5,199.25897284494883,-0.2410271550511709
1901,True,True,0.3037879783056194,0.28501798728858124,-0.018769991017038135,112.6850207807288,112.55387317285751,-0.13114760787129853,3.0,2.401396534923698,-0.5986034650763021,508.814056505941,514.2546888237817,5.440632317840766,0.521135929992126,0.5490997937936515,0.02796386380152549,0.5724562673796126,0.5723487028304128,-0.00010756454919980118,2.0,2.0,0.0,467.0,466.6322343651087,-0.3677656348913274
1902,True,True,0.0217602821045437,0.021076647059879838,-0.0006836350446638613,7.566587446641464,7.571278637438705,0.004691190797240452,0.5,0.4298770494177007,-0.07012295058229928,452.33669881849374,458.0498843180519,5.713185499558165,0.4974113383157101,0.5125711756441682,0.015159837328458103,0.5671550470591,0.5671302172298245,-2.4829829275541115e-05,1.0,1.0,0.0,507.5,507.31707365801293,-0.18292634198706992
1903,True,True,0.3801936488560918,0.3651349345568777,-0.015058714299214127,237.09567963068335,229.74230957611113,-7.353370054572224,0.5,0.474133333930513,-0.02586666606948701,934.6736178613476,963.2887745731432,28.615156711795635,0.7366566485557757,0.7136649414469857,-0.02299170710879006,0.7486951396655941,0.748596434909003,-9.87047565911281e-05,1.0,2.0,1.0,792.5,792.0008485576817,-0.49915144231829345
1904,True,True,0.2362692489526029,0.21572346090095335,-0.020545788051649555,212.77761715624732,212.76442428477625,-0.013192871471062517,3.5,2.956309118517676,-0.5436908814823238,1163.7022392314452,1179.2785276071586,15.576288375713375,0.580354648371306,0.6337797304063398,0.05342508203503382,0.724562977893237,0.7244246955156124,-0.00013828237762458784,3.0,3.0,0.0,482.0,481.60642484449517,-0.39357515550483413
1905,False,False,0.1483850735968986,0.14838872433470082,3.6507378022299086e-06,77.72579144266388,77.72185605530446,-0.003935387359419451,0.0,0.0,0.0,462.4586742460763,462.45802181920277,-0.0006524268735574879,0.5641383338942453,0.5641094111556872,-2.8922738558034844e-05,0.5640132331755097,0.5641094111556872,9.617798017758084e-05,0.0,0.0,0.0,,,
1906,True,True,0.0695503321607179,0.056766499700433036,-0.012783832460284868,27.33251016966296,27.349332156655493,0.016821986992532345,0.5,0.16521275037084707,-0.33478724962915296,677.2423050746825,682.506438617231,5.264133542548507,0.4677499520574415,0.5782623544140763,0.11051240235663473,0.6340913290010795,0.6340115769740537,-7.97520270257035e-05,1.0,1.0,0.0,1272.0,1271.5601607984981,-0.4398392015018544
1907,True,True,0.4346254776921121,0.4131759893115924,-0.021449488380519743,114.33316357893057,113.81638737360795,-0.5167762053226141,12.0,11.111007872165624,-0.888992127834376,526.3435480126566,528.4798297030907,2.136281690434089,0.4191872019150446,0.4343460565756503,0.01515885466060568,0.5276166623179575,0.5274522384008273,-0.00016442391713011872,2.0,2.0,0.0,608.0,607.58062474328,-0.41937525671994536
1908,True,True,0.2344653327940283,0.23076943892909824,-0.0036958938649300777,104.1024850394642,102.01620289800347,-2.086282141460728,0.5,0.429438434552867,-0.07056156544713299,530.2594949290544,546.9892261109967,16.72973118194227,0.7068838677001729,0.6985322682559243,-0.00835159944424857,0.711128426772813,0.7111026364478484,-2.579032496452527e-05,1.0,2.0,1.0,390.0,389.9176579459277,-0.08234205407228501
1909,False,False,0.1306365379457752,0.13063650042456781,-3.7521207391089106e-08,144.76532398159202,144.77244704852328,0.007123066931256972,0.0,0.0,0.0,1134.0853940282177,1134.133162225196,0.04776819697826795,0.731502104364792,0.7315006963372827,-1.4080275093641959e-06,0.7314485757118555,0.7315006963372827,5.212062542714335e-05,0.0,0.0,0.0,,,
1910,False,False,0.0441589431483357,0.044158107140126815,-8.360082088820775e-07,28.26980725860733,28.268513590569942,-0.0012936680373876186,0.0,0.0,0.0,696.7274305323781,696.6874579258642,-0.03997260651385659,0.511188321827346,0.5111503748149882,-3.794701235781961e-05,0.511103280231226,0.5111503748149882,4.709458376217501e-05,0.0,0.0,0.0,,,
1911,True,True,0.8984487043891303,0.8552187304302727,-0.043229973958857526,251.8635965949175,251.01945332123216,-0.8441432736853471,2.0,1.5410198753466833,-0.4589801246533167,734.6879640296169,735.8158915527604,1.1279275231435122,0.5414545990575831,0.5589974251019527,0.01754282604436963,0.6410979366371627,0.6409785687867504,-0.000119367850412333,2.0,2.0,0.0,907.0,906.7517515129883,-0.24824848701166502
1912,False,False,0.2501472739405916,0.25012515085020354,-2.212309038807092e-05,149.98087405044737,149.95717652698983,-0.023697523457542502,0.0,0.0,0.0,757.4734994616481,757.3364101529713,-0.13708930867676372,0.6303413124656031,0.6302837713092253,-5.754115637779389e-05,0.6302521453072065,0.6302837713092253,3.162600201878085e-05,0.0,0.0,0.0,,,
1913,False,False,0.1862658014325542,0.18625418384383727,-1.1617588716927862e-05,77.22610965446808,77.19350153813564,-0.03260811633244032,0.0,0.0,0.0,444.99325407221374,444.8005573906951,-0.1926966815186688,0.6245831954366574,0.624528931818189,-5.4263618468386454e-05,0.624507475398275,0.624528931818189,2.145641991402325e-05,0.0,0.0,0.0,,,
1914,True,True,0.2113764112133653,0.19979620354366917,-0.011580207669696141,100.24942639602902,99.27978924250631,-0.9696371535227115,1.0,0.7630282302037813,-0.2369717697962187,603.8355182570426,612.2994883759858,8.463970118943166,0.6489054497037942,0.6691113620889617,0.020205912385167557,0.6980427733017746,0.6979982522934965,-4.452100827800898e-05,1.0,1.0,0.0,568.0,567.7660240206803,-0.2339759793196663
1915,True,True,0.2725394924940536,0.2705347874401624,-0.0020047050538912203,107.60305424357828,110.31047329572559,2.7074190521473014,2.0,1.6542388048139407,-0.3457611951860593,473.0085187055498,485.06729587412883,12.058777168579013,0.4749323529545621,0.49420187413341143,0.019269521178849336,0.5918226326985575,0.5918116931200383,-1.0939578519164606e-05,1.0,1.0,0.0,356.0,355.9288334570687,-0.07116654293128022
1916,True,True,0.3985033853214673,0.3760047633067401,-0.022498622014727188,131.8075948850532,133.08053260141068,1.2729377163574895,2.5,2.108737953967648,-0.39126204603235193,528.635423889627,538.1487780682173,9.513354178590362,0.4816845677009921,0.5231605918837628,0.04147602418277074,0.6454725607086923,0.6454252327827419,-4.732792595041335e-05,2.0,2.0,0.0,194.0,193.9059713725719,-0.09402862742808793
1917,False,False,0.0540264018178222,0.05402368812064751,-2.713697174687446e-06,21.26684541367884,21.26393177925776,-0.002913634421080502,0.0,0.0,0.0,437.20358727960365,437.1258012859551,-0.07778599364854699,0.7074406566619488,0.7073655830724269,-7.507358952185683e-05,0.7072694547957612,0.7073655830724269,9.612827666571899e-05,0.0,0.0,0.0,,,
1918,True,True,0.2533344849858253,0.21318916334962315,-0.04014532163620213,133.88018102411377,133.44704017153956,-0.433140852574212,1.0,0.5600132674677298,-0.43998673253227016,790.6064634092495,806.0638000224823,15.45733661323277,0.564785914649619,0.6678238234742555,0.10303790882463648,0.6762157129820148,0.6760553846064637,-0.00016032837555102208,2.0,2.0,0.0,1143.0,1142.5477692449301,-0.452230755069877
1919,True,True,0.3255625125345698,0.31988222289602075,-0.005680289638549052,182.34823780909304,181.91698536464006,-0.43125244445297994,3.0,2.5611276318493776,-0.43887236815062236,1004.8134826792756,1009.5236901397935,4.71020746051795,0.3908444148115467,0.4279446726420886,0.03710025783054188,0.6407335481375919,0.6406616243598761,-7.192377771580993e-05,2.0,2.0,0.0,809.5,809.4025492036677,-0.09745079633228215
1920,True,True,0.1085956836451528,0.11065217504146099,0.0020564913963081882,43.46253384370697,43.27429893736956,-0.18823490633741358,0.5,0.4785687445953955,-0.0214312554046045,406.1318725723456,422.678493739585,16.54662116723938,0.55847448973615,0.5478858181808846,-0.010588671555265439,0.6103282171611211,0.6102465649688542,-8.165219226685672e-05,1.0,2.0,1.0,535.0,534.8020151902899,-0.19798480971007848
1921,True,True,0.0320902700199651,0.026561380275249798,-0.005528889744715305,15.203933880041433,15.206075728629477,0.002141848588044226,0.5,0.20730949231074192,-0.2926905076892581,562.8211080362788,593.7387612477984,30.917653211519564,0.5331196337056038,0.6370261823734784,0.10390654866787463,0.6497333464680415,0.6496856417744937,-4.770469354775653e-05,1.0,1.0,0.0,772.5,772.3191532551305,-0.180846744869541
1922,True,True,0.3133323059208135,0.3057152745007013,-0.007617031420112219,205.17168718517703,202.8736830817202,-2.298004103456833,1.0,0.900060265994398,-0.09993973400560197,1019.943030058918,1045.48942090757,25.546390848652095,0.6418072533032693,0.6328616381135264,-0.008945615189742906,0.6477164208125054,0.6476517922954368,-6.462851706856565e-05,2.0,4.0,2.0,741.0,740.6177281325488,-0.3822718674512089
1923,False,False,0.092301362291971,0.09229916330147936,-2.198990491641961e-06,48.93973799695318,48.925550317066744,-0.014187679886433102,0.0,0.0,0.0,551.7654539189706,551.6056212104254,-0.1598327085451956,0.46729209496221,0.46723147598559334,-6.061897661668869e-05,0.4672236766540383,0.46723147598559334,7.799331555036204e-06,0.0,0.0,0.0,,,
1924,False,False,0.1378566862741554,0.13785654456289795,-1.4171125745088275e-07,80.69865190746688,80.6739241842913,-0.024727723175587357,0.0,0.0,0.0,586.3866545566472,586.2070136296718,-0.1796409269753667,0.4840788481164746,0.4840056820952273,-7.31660212472951e-05,0.4840033458357025,0.4840056820952273,2.336259524837736e-06,0.0,0.0,0.0,,,
1925,True,True,0.3556811384181774,0.35014156449826905,-0.005539573919908336,109.58585373344788,109.55472312548424,-0.03113060796363243,1.0,0.9087931400805247,-0.0912068599194753,441.2043160426488,441.31067285315015,0.10635681050132462,0.509540598053313,0.5182072674382703,0.008666669384957304,0.6343480428305855,0.6342553988328536,-9.264399773190046e-05,1.0,1.0,0.0,758.5,758.0542621987601,-0.4457378012399431
1926,True,True,0.2061161203939281,0.1827604082703809,-0.0233557121235472,145.05820736174692,140.39197859707113,-4.666228764675793,1.5,1.2119120239280166,-0.28808797607198344,1165.5667860273863,1208.3494809571562,42.78269492976983,0.6617647697716903,0.6924875285718464,0.03072275880015607,0.737776406369054,0.7377029731500419,-7.343321901209787e-05,3.0,5.0,2.0,597.5,597.2045528849765,-0.29544711502353493
1927,True,True,0.5132108553456123,0.47944258856638405,-0.03376826677922823,104.71536854138742,103.8831819499265,-0.8321865914609248,1.5,1.2709371462464334,-0.2290628537535666,451.7081652925417,458.83772268746355,7.1295573949218465,0.4778823574364977,0.5032044191755816,0.025322061739083856,0.6085130377125669,0.6083900390911822,-0.00012299862138476225,1.0,1.0,0.0,718.0,717.6965730942829,-0.30342690571706044
1928,True,True,0.7018634551948312,0.7131209522508164,0.011257497055985222,317.796496094089,320.944691102609,3.1481950085200197,27.0,25.696118551155184,-1.303881448844816,868.8894391671785,870.1691801221815,1.2797409550030352,0.4242852481781038,0.44701201112023775,0.022726762942133938,0.5594581356466388,0.5592632881797617,-0.00019484746687714605,4.0,4.0,0.0,731.0,730.7874476790735,-0.21255232092653387
1929,False,False,0.144570424888077,0.14456448260319343,-5.942284883569959e-06,60.815498462491576,60.810277200121895,-0.005221262369680346,0.0,0.0,0.0,473.6837839785845,473.6322303338231,-0.05155364476138402,0.480736479912388,0.48068925238331495,-4.722752907304617e-05,0.4806350940033186,0.48068925238331495,5.4158379996338546e-05,0.0,0.0,0.0,,,
1930,True,True,0.0849365200126572,0.08531070469711947,0.00037418468446227815,42.18512408111224,42.17417170716743,-0.010952373944810745,2.0,1.8650611226970801,-0.13493887730291987,512.4833617169023,555.6097432456337,43.12638152873137,0.4919291902562166,0.48082281435010976,-0.011106375906106858,0.5354967492401445,0.5353127985578388,-0.00018395068230570022,2.0,3.0,1.0,73.5,73.00150814653911,-0.49849185346089087
1931,False,False,0.1787885077800637,0.17878518775099472,-3.3200290689705536e-06,131.1659129463988,131.15126238100075,-0.01465056539805687,0.0,0.0,0.0,778.3662406347977,778.2676225124163,-0.09861812238136736,0.7123247916790467,0.712303084345267,-2.1707333779708016e-05,0.712268385326703,0.712303084345267,3.4699018564010586e-05,0.0,0.0,0.0,,,
1932,True,True,0.1135751661918828,0.13960927110704752,0.02603410491516471,41.37840987396567,40.927174204528995,-0.45123566943667726,3.5,4.598726620228263,1.0987266202282626,528.2936273867156,536.1763007172455,7.882673330529883,0.4942683737471222,0.3974863188694342,-0.09678205487768798,0.5034617166878775,0.503339886006546,-0.00012183068133153618,2.0,3.0,1.0,116.0,115.53607255391606,-0.4639274460839431
1933,True,True,0.2357453055101021,0.21858271151270126,-0.017162593997400832,17.89322915018228,17.739585457350906,-0.15364369283137336,1.0,0.9032008877780755,-0.0967991122219245,343.11333325979047,343.3751232424626,0.2617899826721555,0.4331036642163494,0.4445612383506108,0.011457574134261406,0.5721392795781974,0.5720643008750148,-7.497870318262656e-05,1.0,1.0,0.0,800.0,799.8198031093807,-0.18019689061929967
1934,True,True,0.3861937928019275,0.3893566305937975,0.003162837791869988,213.0083684615998,207.15550923067642,-5.852859230923372,0.5,0.49543249426060365,-0.004567505739396349,784.2704334270327,810.1581624650855,25.88772903805284,0.7182720140631177,0.6890623910969389,-0.029209622966178794,0.7227634971948602,0.7227239366031313,-3.9560591728937666e-05,1.0,3.0,2.0,615.0,614.7933972561484,-0.20660274385159028
1935,False,False,0.1949202966751921,0.19493280799196758,1.2511316775487558e-05,111.1335818510142,111.10900087773656,-0.02458097327763653,0.0,0.0,0.0,494.86867916161714,494.7759431155009,-0.09273604611621522,0.6318761276469892,0.631800906248691,-7.522139829818641e-05,0.6317339913708896,0.631800906248691,6.691487780141614e-05,0.0,0.0,0.0,,,
1936,True,True,0.1464688319448932,0.13086446234008736,-0.015604369604805851,37.75297876790641,37.660138367257304,-0.09284040064910926,2.0,1.5112676862103405,-0.48873231378965953,383.09481556024656,392.10942483258765,9.01460927234109,0.4611490006472084,0.5205058217243611,0.05935682107715273,0.5688886798453875,0.568765437963653,-0.0001232418817345149,2.0,2.0,0.0,262.0,261.68293719926703,-0.31706280073296966
1937,True,True,0.3927749057884165,0.3740444215113013,-0.01873048427711521,304.8670605501966,305.7697992924618,0.9027387422652282,0.5,0.2663296020298731,-0.2336703979701269,973.3647130101496,981.0625130144899,7.697800004340365,0.6270510790444621,0.6697798985919372,0.042728819547475094,0.7002067517805151,0.7001387096143816,-6.804216613343073e-05,1.0,1.0,0.0,1601.5,1601.12699592569,-0.37300407431007443
1938,True,True,0.1127068575678555,0.10054157924558502,-0.01216527832227049,92.4550354463758,92.55394877551282,0.09891332913701945,2.0,1.652506151219132,-0.3474938487808681,1096.171833708377,1134.5454235150435,38.37358980666636,0.567243628835565,0.6378556788283607,0.07061204999279569,0.6958966500145851,0.6957756878343526,-0.00012096218023249783,2.0,2.0,0.0,569.0,568.5491809432333,-0.4508190567667043
1939,False,False,0.1844673171825995,0.1844611680395728,-6.149143026712434e-06,65.02833474952342,65.02538382204649,-0.0029509274769310423,0.0,0.0,0.0,392.6594757972084,392.61864654414177,-0.0408292530666472,0.5829947487475947,0.5829752025286832,-1.954621891153696e-05,0.5829144084778182,0.5829752025286832,6.079405086500955e-05,0.0,0.0,0.0,,,
1940,True,True,0.1472666373224197,0.12411569117547888,-0.023150946146940826,65.85608999898675,62.99335292815286,-2.8627370708338873,1.0,0.7292815138818697,-0.2707184861181303,538.8023593715459,584.8859289479734,46.08356957642752,0.4861933190438114,0.5396981399233323,0.053504820879520854,0.590552197230668,0.5905287892228155,-2.340800785249897e-05,1.0,1.0,0.0,300.5,300.3485540967345,-0.15144590326548268
1941,True,True,0.2205864001433648,0.20094870485335523,-0.019637695290009582,137.60428822432405,136.44850221917275,-1.155786005151299,0.5,0.32430022875196307,-0.17569977124803693,801.0672009346092,823.6143261409796,22.547125206370424,0.6468595363379754,0.6896865427864751,0.04282700644849968,0.7328900552327182,0.7328422219997731,-4.7833232945104776e-05,1.0,1.0,0.0,727.5,727.1330224579149,-0.3669775420851238
1942,True,True,0.4232149500838615,0.36460998873265,-0.058604961351211515,156.28682018173365,154.96111027920603,-1.3257099025276204,7.5,5.707882764411621,-1.7921172355883792,641.3106959477111,649.9238384841093,8.613142536398186,0.5176609563981295,0.5898264139093797,0.07216545751125025,0.6071222687499351,0.6069474065635893,-0.00017486218634588102,5.0,5.0,0.0,113.5,113.44665289442129,-0.05334710557870892
1943,True,True,0.2740234177902862,0.28090943693894005,0.0068860191486538325,203.65290453411123,204.09907960501056,0.4461750708993293,1.0,1.0864097359066365,0.08640973590663648,910.7599735598698,921.5969068631841,10.836933303314368,0.6016278118105018,0.5722782747391448,-0.029349537071357013,0.6448416629505235,0.6447512229912061,-9.04399593173455e-05,2.0,3.0,1.0,1145.5,1145.1346171932398,-0.36538280676018076
1944,False,False,0.0200585062688245,0.020059156164117034,6.498952925329537e-07,11.678289063921806,11.675111195046481,-0.003177868875324563,0.0,0.0,0.0,547.8660326176524,547.7170888774309,-0.1489437402215117,0.5266291699344038,0.5265349296239602,-9.424031044358294e-05,0.5265181057337016,0.5265349296239602,1.6823890258588214e-05,0.0,0.0,0.0,,,
1945,True,True,0.2270710759984233,0.20900588527489922,-0.018065190723524083,59.52727199394434,59.80178989986495,0.27451790592061087,0.5,0.28753560492186814,-0.21246439507813186,352.6563955404697,359.2973400504047,6.640944509935025,0.4167184633783319,0.4599200580495788,0.0432015946712469,0.5122412113694476,0.5121682526950199,-7.295867442769222e-05,1.0,1.0,0.0,624.0,623.5408319230196,-0.4591680769804043
1946,True,True,0.1643470761407924,0.16089422284702318,-0.003452853293769209,78.2063769397952,78.63625314608237,0.4298762062871617,9.0,8.282144324743411,-0.7178556752565886,977.0004757616796,979.9151805727221,2.9147048110424976,0.5432534203544995,0.5757020808275201,0.03244866047302053,0.5859858640266762,0.5858098906712542,-0.00017597335542196557,9.0,9.0,0.0,289.5,289.3462944899047,-0.15370551009527844
1947,True,True,0.0318447921459406,0.029040710449540305,-0.0028040816964002915,13.940125049348216,13.972387303883872,0.0322622545356559,0.5,0.28635257867863406,-0.21364742132136594,483.0093072283504,493.5048324551359,10.495525226785503,0.5808865512046787,0.6396561462139386,0.058769595009259934,0.6802701154021136,0.6802494231534858,-2.0692248627773857e-05,1.0,1.0,0.0,668.5,668.4286495436962,-0.0713504563037759
1948,True,True,0.2020429482088998,0.17299337959312083,-0.029049568615778953,127.59842575026072,125.0415552671208,-2.5568704831399174,2.5,2.0671441961661916,-0.4328558038338084,1083.8348582480269,1104.0658364175877,20.230978169560785,0.6037099145933231,0.6692327676492237,0.06552285305590055,0.6767447614878982,0.676625114967843,-0.00011964652005513887,5.0,6.0,1.0,669.5,669.4025578923108,-0.09744210768917583
1949,True,True,0.4072778154030381,0.3751815372879067,-0.03209627811513138,101.4859366555223,100.7164668379016,-0.7694698176206884,5.0,4.3561631453165335,-0.6438368546834665,551.1629485645633,555.0069673494074,3.8440187848441383,0.4025020289953019,0.4402905369792695,0.0377885079839676,0.5625342819033091,0.5623457398821042,-0.00018854202120488495,3.0,3.0,0.0,292.0,291.61122044056026,-0.3887795594397403
1950,True,True,0.6130878441609635,0.5718468642771363,-0.041240979883827245,225.2531867175861,220.65678114919942,-4.596405568386672,7.0,6.030354325028015,-0.9696456749719848,744.0161487622203,752.0476236102443,8.031474848024004,0.3920691875645365,0.439898643287554,0.0478294557230175,0.6210795595923148,0.6210795595923146,-1.1102230246251565e-16,2.0,2.0,0.0,0.0,0.0,0.0
1951,True,True,0.9419968931116924,0.9039769295705842,-0.03801996354110826,343.2442376407509,341.8545115767489,-1.3897260640019908,10.0,7.612694679779804,-2.3873053202201957,625.428683039424,637.1771463457095,11.748463306285544,0.4038750482929303,0.4556154059214959,0.0517403576285656,0.618161136331245,0.618161136331245,0.0,2.0,2.0,0.0,0.0,0.0,0.0
1952,True,True,0.0575738398789842,0.055653015737877246,-0.001920824141106954,18.45442166545657,18.558574303915787,0.1041526384592153,6.0,5.367728744342456,-0.6322712556575443,547.0171584634899,552.2215033415874,5.204344878097572,0.4328653361588971,0.4646364171566288,0.03177108099773168,0.6063856934139914,0.6062072617399895,-0.00017843167400188875,2.0,2.0,0.0,398.0,397.5637721617197,-0.4362278382802742
1953,False,False,0.0862989733210406,0.08629866328645705,-3.1003458354772473e-07,34.87084868137436,34.875435051006036,0.0045863696316743585,0.0,0.0,0.0,432.3267728082593,432.37037251762473,0.04359970936542368,0.4863026243313382,0.4862955358726231,-7.08845871510988e-06,0.4861927991277695,0.4862955358726231,0.00010273674485355988,0.0,0.0,0.0,,,
1954,True,True,0.1435442821157206,0.12594969300660785,-0.01759458910911274,43.71612748728768,42.6932919550798,-1.0228355322078784,1.5,1.26117141910072,-0.23882858089928005,514.0622124474919,543.4396691916779,29.37745674418602,0.4626300579687653,0.5076720297479029,0.04504197177913766,0.5864409838722404,0.5864409838722404,0.0,2.0,3.0,1.0,0.0,0.0,0.0
1955,True,True,0.0919348370488142,0.08902812096883571,-0.002906716079978486,37.01395116746477,36.99260593060633,-0.021345236858437033,2.0,1.7821934944367974,-0.21780650556320258,819.3804303917266,825.3058579245546,5.925427532828053,0.5067979983516511,0.5194607111928614,0.012662712841210344,0.6091224471268143,0.609110420871814,-1.202625500029697e-05,1.0,1.0,0.0,1131.0,1130.9130256711098,-0.08697432889016454
1956,False,False,0.0866712357992468,0.08666890002305137,-2.335776195433459e-06,53.41414548798833,53.414712293207074,0.0005668052187459693,0.0,0.0,0.0,723.2672622977738,723.2375374885378,-0.029724809235972316,0.6432403387680252,0.6432243094441447,-1.6029323880561996e-05,0.643172724125064,0.6432243094441447,5.158531908067143e-05,0.0,0.0,0.0,,,
1957,False,False,0.2429363724193689,0.2429362508452564,-1.2157411249935635e-07,96.43170131337364,96.44125594016424,0.009554626790603038,0.0,0.0,0.0,401.660186910528,401.69708785845546,0.03690094792744958,0.5529836958903978,0.5529793612636347,-4.334626763080607e-06,0.5528740474466337,0.5529793612636347,0.00010531381700096265,0.0,0.0,0.0,,,
1958,True,True,0.4778275708019168,0.44054721558394605,-0.03728035521797074,119.76592814286836,119.82572185500068,0.05979371213231843,2.5,2.012517526105513,-0.4874824738944872,364.8312655402368,371.76403312774653,6.932767587509716,0.4461281402197883,0.48590284465486466,0.03977470443507636,0.5769614984949877,0.5768614502857421,-0.00010004820924558455,2.0,2.0,0.0,22.5,22.294785432002435,-0.2052145679975652
1959,True,True,0.0795788155573473,0.07794379212110461,-0.001635023436242694,27.161936125665115,27.149191778239082,-0.012744347426032476,0.5,0.424317884608172,-0.07568211539182801,428.616669016116,428.42089097608346,-0.1957780400325646,0.4554133520382163,0.4699017689618133,0.01448841692359698,0.5809183066246056,0.5808034152294211,-0.00011489139518450209,1.0,1.0,0.0,981.5,981.1105432871208,-0.38945671287922323
1960,False,False,0.2045795859443533,0.20456496949219224,-1.4616452161053672e-05,135.65841056758984,135.63152206683236,-0.026888500757479505,0.0,0.0,0.0,787.2326885761737,787.0663639219435,-0.1663246542301522,0.6724241341149862,0.672358950701521,-6.518341346528622e-05,0.6723324672193687,0.672358950701521,2.6483482152284132e-05,0.0,0.0,0.0,,,
1961,True,True,0.2616097944510253,0.26084994967519415,-0.0007598447758311311,131.79970943378478,135.36634530004724,3.566635866262459,5.5,4.816737325984286,-0.6832626740157144,805.2621067793477,813.6520081893661,8.38990141001841,0.3806659343853982,0.41397147651280014,0.033305542127401944,0.5477852836650018,0.5476710756417613,-0.00011420802324046964,3.0,3.0,0.0,256.5,256.2013646427294,-0.298635357270598
1962,True,True,0.2297062298893523,0.22351169128907497,-0.006194538600277327,173.72351773442324,172.00947343423118,-1.7140443001920573,2.0,1.9136791361961518,-0.08632086380384818,1119.4120943845269,1148.4116961280886,28.999601743561698,0.555235033757207,0.5564826619589915,0.0012476282017845897,0.6535665723216733,0.6534450016722834,-0.00012157064938989048,4.0,5.0,1.0,301.5,301.37759164196615,-0.12240835803385153
1963,True,True,0.1512304572424117,0.14182084907603304,-0.009409608166378647,55.81252178715792,55.487455746581325,-0.32506604057659416,1.0,0.7922624813159928,-0.20773751868400725,532.4008468117034,535.871107089146,3.4702602774425486,0.3936178147495276,0.4387112904826421,0.04509347573311451,0.5242604194604858,0.524225176357757,-3.524310272884357e-05,2.0,2.0,0.0,472.5,472.34034601442505,-0.15965398557494836
1964,True,True,0.5415457540431339,0.5325673135405571,-0.00897844050257679,233.86518206683863,233.79482715406223,-0.07035491277639494,3.5,3.376776310801508,-0.12322368919849191,743.3927577404131,745.3382971972479,1.9455394568348083,0.4590520880596493,0.46710816339797523,0.008056075338325919,0.5998994960138813,0.5998357383528902,-6.375766099109281e-05,2.0,2.0,0.0,334.5,334.3732633161405,-0.12673668385951942
1965,True,True,0.7171656226016728,0.7167689503843049,-0.0003966722173679438,108.35598458519443,108.38493142158559,0.028946836391156694,15.5,15.476062471879375,-0.023937528120624663,695.2019391841196,695.1086143907575,-0.09332479336217148,0.473938026218665,0.47406797475475926,0.00012994853609427093,0.6884263106685864,0.68841972204295,-6.5886256364056095e-06,1.0,1.0,0.0,1100.0,1099.9502528342118,-0.04974716578817606
1966,True,True,0.0593395797224256,0.047810562129456016,-0.011529017592969586,23.70522226081083,23.56241679026472,-0.14280547054611148,1.5,0.9138603603234513,-0.5861396396765487,565.0498423699457,599.5126418497913,34.46279947984556,0.4790882215794094,0.5995934120117647,0.12050519043235536,0.6156980533796775,0.615525388655143,-0.00017266472453458803,3.0,6.0,3.0,282.0,281.54186110572033,-0.4581388942796707
1967,True,True,0.3159344038743368,0.31529011408546415,-0.000644289788872654,167.65486150380335,167.66673994819678,0.011878444393431664,19.5,19.44123514136882,-0.05876485863117864,711.4415771789189,711.7302478393339,0.2886706604149367,0.4036012979364272,0.40469678063306747,0.001095482696640282,0.5112852846344339,0.5111778174794367,-0.00010746715499720949,2.0,2.0,0.0,182.5,182.17771946329424,-0.32228053670576173
1968,True,True,0.3720407455214738,0.36062854298052927,-0.01141220254094455,192.82653431933736,194.8935165612154,2.066982241878037,13.5,12.526653950047304,-0.9733460499526956,768.6087762188367,776.4592982727605,7.8505220539237826,0.3697806597323285,0.3955228173750124,0.025742157642683894,0.6083096696280557,0.6083096696280557,0.0,2.0,2.0,0.0,0.0,0.0,0.0
1969,True,True,0.3204308944451979,0.31276748550302735,-0.0076634089421705465,202.84408161078548,203.0789716514556,0.2348900406701091,1.0,0.8210933243099136,-0.17890667569008645,799.6104115956465,803.9529548690322,4.342543273385672,0.5422995394545292,0.5574179692636191,0.01511842980908984,0.6222474249869752,0.6221862360442991,-6.118894267603814e-05,1.0,1.0,0.0,1278.0,1277.6479481574386,-0.35205184256142275
1970,True,True,0.4119785746506218,0.38977365899392796,-0.022204915656693858,136.10702138442457,136.16421829934484,0.05719691492026868,1.5,1.2091144219506533,-0.29088557804934667,462.8431301583074,463.19623397547525,0.3531038171678347,0.3639155566535536,0.3966419879789066,0.03272643132535302,0.5888111304417234,0.5887254410124141,-8.568942930931023e-05,1.0,1.0,0.0,1006.5,1006.1742961824116,-0.32570381758841904
1971,True,True,0.4770590270482155,0.56513423714781,0.08807521009959446,262.17043972591165,261.61225660682055,-0.5581831190910975,2.5,3.4889080295397457,0.9889080295397457,861.7877050788704,870.8108740037709,9.02316892490046,0.5118807054267166,0.40990560033772827,-0.10197510508898833,0.5240465584339388,0.5239930634903323,-5.349494360651352e-05,2.0,3.0,1.0,703.0,702.7469338119738,-0.25306618802619596
1972,False,False,0.1545693740617468,0.15452789682246107,-4.1477239285742096e-05,43.51143954768386,43.48851866567059,-0.02292088201326692,0.0,0.0,0.0,367.40613050678974,367.2094275240196,-0.19670298277014808,0.522294005964858,0.5222248868014752,-6.911916338281365e-05,0.5222145254621725,0.5222248868014752,1.0361339302655814e-05,0.0,0.0,0.0,,,
1973,True,True,0.614053220588649,0.5590877959177073,-0.054965424670941676,299.5478156406319,300.07456602474485,0.5267503841129724,3.0,2.4021639918326407,-0.5978360081673593,768.1742910804115,793.8459988382859,25.6717077578744,0.4065653804241194,0.4580768281244228,0.051511447700303414,0.5245082487408774,0.5244312696615896,-7.69790792878311e-05,2.0,2.0,0.0,548.5,548.1935654274429,-0.3064345725571229
1974,False,False,0.1141134800303391,0.1141134814371165,1.4067774029014046e-09,75.9310911400548,75.93740063503074,0.0063094949759374686,0.0,0.0,0.0,665.0740451035804,665.1294228648345,0.055377761254135294,0.5488483462943441,0.5488441207519451,-4.2255423989834284e-06,0.5487600039817929,0.5488441207519451,8.411677015218721e-05,0.0,0.0,0.0,,,
1975,True,True,0.0419298369261951,0.04251180266256972,0.0005819657363746247,27.44225088989962,27.626252337892428,0.18400144799280937,13.0,12.760840767336747,-0.239159232663253,551.6554669368718,552.418785942094,0.763319005222229,0.5038983277633323,0.5069827612183597,0.003084433455027402,0.5570873232389291,0.5569778165757772,-0.00010950666315190372,2.0,2.0,0.0,369.0,368.6595124923748,-0.3404875076251983
1976,True,True,0.296827851024512,0.2849194971464172,-0.011908353878094802,189.0548279107672,187.4147108799392,-1.6401170308279802,3.0,2.6601695801306064,-0.33983041986939355,769.4001173594842,785.889526385426,16.48940902594188,0.5944135987821443,0.6094202245107995,0.015006625728655187,0.6686537186300607,0.6685932329772374,-6.0485652823349945e-05,1.0,1.0,0.0,348.0,347.53709755779306,-0.4629024422069392
1977,True,True,0.2982875080547025,0.25222194523179203,-0.046065562822910466,124.45005434306908,123.09565697181391,-1.3543973712551747,1.0,0.5759309187822511,-0.4240690812177489,555.8655766250522,585.2115191999868,29.34594257493461,0.5342708105300829,0.6300953170929029,0.09582450656282004,0.6388974618029136,0.6388625043310252,-3.4957471888419356e-05,2.0,2.0,0.0,70.0,69.78296365927994,-0.21703634072005684
1978,True,True,0.0393835401874458,0.037479039447922614,-0.0019045007395231822,21.962381959818725,21.94912446321697,-0.013257496601752905,2.0,1.8339225001866004,-0.1660774998133996,786.4392029069674,787.266125807396,0.826922900428599,0.4617010002804949,0.48032000501122396,0.018619004730729083,0.5236272717092272,0.5234861777808826,-0.00014109392834460444,4.0,4.0,0.0,1170.5,1170.0433834941005,-0.4566165058995466
1979,True,True,0.22694945173032,0.22700819399920166,5.874226888166745e-05,168.29007267662314,168.2981370364036,0.008064359780462382,2.5,2.4096582194557423,-0.09034178054425768,791.1670120182713,791.1595738755788,-0.007438142692535621,0.5596206043288156,0.5633023975370112,0.003681793208195616,0.7157119223240632,0.7156394969995853,-7.24253244779316e-05,1.0,1.0,0.0,1297.0,1296.6180739572685,-0.381926042731493
1980,True,True,0.5539568117674734,0.6658760209746472,0.1119192092071738,223.26967265877204,225.86502993602255,2.595357277250514,4.5,6.511929680861061,2.011929680861061,573.6251979224388,599.3890298447162,25.763831922277404,0.4670646939027227,0.2830033533353653,-0.1840613405673574,0.5029625367126418,0.5028877976688806,-7.473904376120721e-05,2.0,3.0,1.0,1.5,1.2313754643924766,-0.2686245356075234
1981,True,True,0.1341427481220669,0.15141355786752103,0.01727080974545414,40.36109194399177,40.14309798967122,-0.2179939543205478,1.0,1.1674558321392396,0.16745583213923965,332.9196211705035,344.90377049935023,11.98414932884674,0.4931787542794363,0.4269669018667866,-0.06621185241264971,0.5471505352229,0.5471505352229,0.0,0.0,1.0,1.0,0.0,0.0,0.0
1982,True,True,0.6795499364389569,0.7275615541921883,0.04801161775323137,356.8102554485275,351.6979135590422,-5.112341889485322,2.0,2.44833767154487,0.4483376715448699,849.5201284544729,861.4736594231653,11.953530968692348,0.6225753044415483,0.5425510134506217,-0.08002429099092656,0.6253416328547592,0.6253210954691443,-2.0537385614916026e-05,2.0,3.0,1.0,664.0,663.9206364895547,-0.07936351044531875
1983,False,False,0.1113533106326283,0.11134379393666317,-9.516695965119948e-06,37.143097642935615,37.13030723304735,-0.012790409888268073,0.0,0.0,0.0,372.19751290124447,372.0622791031873,-0.13523379805718605,0.5798648964039247,0.5797675704749884,-9.732592893629821e-05,0.5797192021891018,0.5797675704749884,4.8368285886613016e-05,0.0,0.0,0.0,,,
1984,True,True,0.1607072791095776,0.16454507908344254,0.003837799973864936,184.23267358912327,188.333671096211,4.100997507087726,9.0,8.028025061293727,-0.971974938706273,1075.9036284935078,1093.0733060760872,17.169677582579425,0.5816093126358013,0.6311943620035358,0.04958504936773456,0.6767222096698808,0.6766009730665081,-0.0001212366033727097,3.0,3.0,0.0,386.0,385.8033431135805,-0.19665688641947554
1985,True,True,0.2413913763540676,0.3100440175975664,0.06865264124349879,97.1240178614662,98.05757211324412,0.9335542517779203,2.0,3.3306319503171853,1.3306319503171853,446.3821972430636,457.2743400841503,10.892142841086695,0.6003641921415002,0.408721936780036,-0.19164225536146418,0.6201048406086666,0.6200497266006918,-5.511400797475474e-05,1.0,2.0,1.0,342.5,342.36672497348104,-0.13327502651895884
1986,True,True,0.1286691674898037,0.12845651010375908,-0.00021265738604461792,71.0761757132995,71.12043354531015,0.04425783201064348,3.5,3.4161599839804717,-0.08384001601952829,595.423547417729,596.1968274656888,0.7732800479598154,0.6834515717346274,0.685019201172711,0.0015676294380835287,0.7271736457432224,0.7270303388760319,-0.0001433068671905513,1.0,1.0,0.0,411.0,410.5008080115179,-0.4991919884820959
1987,False,False,0.2098923587332564,0.2098742001631572,-1.8158570099208182e-05,93.71648856589252,93.6956373005336,-0.020851265358913906,0.0,0.0,0.0,528.9964248737183,528.8718463725867,-0.12457850113162294,0.5172509089833348,0.5171852474934284,-6.566148990638787e-05,0.5171572769079812,0.5171852474934284,2.797058544723452e-05,0.0,0.0,0.0,,,
1988,True,True,0.0788675732368269,0.06763808862059167,-0.011229484616235227,34.65824038980961,32.44079063791686,-2.217449751892751,2.0,1.7554550599161305,-0.2445449400838695,876.6513129011039,930.7082810455528,54.05696814444889,0.5151303700919186,0.5426502471454594,0.027519877053540753,0.5831531620075258,0.5831531620075256,-1.1102230246251565e-16,3.0,5.0,2.0,0.0,0.0,0.0
1989,False,False,0.3381997031859347,0.3381930029298323,-6.7002561023876694e-06,265.75917510723855,265.76052598991834,0.0013508826797874462,0.0,0.0,0.0,890.6940494417961,890.6770195519514,-0.017029889844707213,0.6993862939566773,0.6993473944512381,-3.8899505439227156e-05,0.6992783126543756,0.6993473944512381,6.908179686249127e-05,0.0,0.0,0.0,,,
1990,True,True,0.3246216423814026,0.2695296262846185,-0.0550920160967841,175.2360887509181,163.58841576048934,-11.64767299042876,1.5,1.1505383005482146,-0.3494616994517854,808.0878086464538,858.2669418467416,50.179133200287765,0.4854348691276787,0.5288084361725433,0.04337356704486456,0.5495589661262599,0.5495475574427703,-1.1408683489588789e-05,1.0,1.0,0.0,703.5,703.431472212543,-0.06852778745701471
1991,True,True,0.1882278434944265,0.18293399502990884,-0.005293848464517664,99.39560545962615,99.50456470757769,0.10895924795153178,2.5,2.145002312073485,-0.35499768792651487,724.1520486980345,726.4338197083249,2.281771010290413,0.4162899186666207,0.43259988810632016,0.01630996943969948,0.6046715679890436,0.6046406475475365,-3.0920441507098495e-05,1.0,1.0,0.0,1347.5,1347.3108681106369,-0.18913188936312508
1992,True,True,0.3074672353237867,0.29370846161206327,-0.01375877371172346,187.9006809664383,187.55095743343486,-0.3497235330034414,4.0,3.1397473436489256,-0.8602526563510744,1159.1257620843808,1166.3197620086228,7.193999924242007,0.5556840408016169,0.6051336842016984,0.04944964340008151,0.7400386175241666,0.7399893900109497,-4.9227513216898444e-05,2.0,2.0,0.0,896.5,896.4711835042675,-0.028816495732485237
1993,False,False,0.1676799478531013,0.16764750437625636,-3.244347684494553e-05,32.30856580427171,32.298790627867994,-0.00977517640371417,0.0,0.0,0.0,244.6552863498228,244.56865063133574,-0.08663571848705942,0.3811388768135839,0.38108488524083384,-5.399157275004507e-05,0.3810501311179677,0.38108488524083384,3.475412286613189e-05,0.0,0.0,0.0,,,
1994,False,False,0.2142880001009811,0.2142878972023361,-1.0289864499357648e-07,184.5178706491832,184.50440531665996,-0.013465332523253437,0.0,0.0,0.0,862.9756149754409,862.9123554867595,-0.0632594886814104,0.5696608592056878,0.5696330586016329,-2.7800604054828426e-05,0.569597108531448,0.5696330586016329,3.595007018497576e-05,0.0,0.0,0.0,,,
1995,True,True,0.7992941938647059,0.789457627058857,-0.009836566805848879,387.2670001395044,388.73422009554815,1.4672199560437775,6.0,5.676072406372984,-0.3239275936270163,745.4986973553566,749.8576570998977,4.358959744541039,0.4360956361077796,0.4486285500330136,0.01253291392523398,0.518496220567741,0.5183904994965158,-0.00010572107122519547,2.0,2.0,0.0,861.5,861.337276516042,-0.16272348395796143
1996,True,True,0.2787957765628741,0.2686071658493626,-0.010188610713511459,187.8234385306412,187.6727417315216,-0.15069679911960066,11.0,10.349905765056592,-0.650094234943408,952.441228107743,959.422229197897,6.981001090153995,0.5426684249173949,0.5612467204793303,0.018578295561935465,0.5653640090030481,0.5652341729322015,-0.00012983607084660065,4.0,4.0,0.0,300.5,300.39393839835225,-0.10606160164775247
1997,True,True,0.999205592835218,0.9997510939563933,0.0005455011211752403,599.2094014967172,599.5200272370344,0.31062574031716395,78.5,95.39868515394035,16.89868515394035,988.1867332487432,989.5318939233125,1.3451606745693425,0.5626817047904366,0.49456211569964736,-0.06811958909078919,0.5653802247579887,0.5652810283887512,-9.919636923749753e-05,6.0,7.0,1.0,563.0,562.7629157405329,-0.23708425946711031
1998,False,False,0.0535950522380323,0.05359584567706232,7.934390300196048e-07,45.631525928498505,45.63260254459572,0.0010766160972153216,0.0,0.0,0.0,723.4880183500801,723.5399854579987,0.0519671079185855,0.6816709479445503,0.6816462068077388,-2.4741136811501363e-05,0.6815365460366875,0.6816462068077388,0.00010966077105134531,0.0,0.0,0.0,,,
1999,True,True,0.0920239614986098,0.07828417244634474,-0.013739789052265056,57.99326831471718,57.80470654301356,-0.18856177170361832,2.0,1.2803333935386036,-0.7196666064613964,883.5896468265245,895.1482721862666,11.55862535974211,0.5701495899535415,0.6564942703930472,0.08634468043950572,0.709983819123116,0.709910051550882,-7.376757223398478e-05,2.0,2.0,0.0,959.5,959.3834013306838,-0.116598669316204
